t_us,pin,raw
1000000,15,34982
1000000,16,62083
1002021,15,34987
1002021,16,62081
1004018,15,34988
1004018,16,62071
1006016,15,35007
1006016,16,62069
1008016,15,35014
1008016,16,62080
1010012,15,34996
1010012,16,62070
1012008,15,34999
1012008,16,62068
1014008,15,34978
1014008,16,62072
1016004,15,34970
1016004,16,62086
1018003,15,34988
1018003,16,62085
1020000,15,35005
1020000,16,62042
1022041,15,34988
1022041,16,62091
1024039,15,35025
1024039,16,62082
1026038,15,34999
1026038,16,62088
1028036,15,35016
1028036,16,62059
1030031,15,34993
1030031,16,62086
1032026,15,34983
1032026,16,62073
1034022,15,35000
1034022,16,62050
1036021,15,34986
1036021,16,62077
1038021,15,34972
1038021,16,62080
1040018,15,34997
1040018,16,62066
1042016,15,35004
1042016,16,62046
1044012,15,34981
1044012,16,62080
1046010,15,35004
1046010,16,62065
1048011,15,35011
1048011,16,62064
1050008,15,34991
1050008,16,62068
1052004,15,34999
1052004,16,62078
1053998,15,34995
1053998,16,62086
1056039,15,34983
1056039,16,62079
1058037,15,35004
1058037,16,62078
1060038,15,34995
1060038,16,62073
1062034,15,34992
1062034,16,62062
1064030,15,34992
1064030,16,62084
1066028,15,34995
1066028,16,62064
1068024,15,34997
1068024,16,62084
1070022,15,35002
1070022,16,62070
1072022,15,35008
1072022,16,62084
1074019,15,34987
1074019,16,62064
1076015,15,35029
1076015,16,62081
1078009,15,35006
1078009,16,62072
1080007,15,35015
1080007,16,62078
1082007,15,35000
1082007,16,62064
1084006,15,35004
1084006,16,62059
1086002,15,35005
1086002,16,62062
1088002,15,34992
1088002,16,62068
1090042,15,35001
1090042,16,62078
1092038,15,35009
1092038,16,62055
1094035,15,35012
1094035,16,62077
1096032,15,34986
1096032,16,62069
1098031,15,34994
1098031,16,62072
1100028,15,35001
1100028,16,62078
1102025,15,35001
1102025,16,62061
1104021,15,34999
1104021,16,62080
1106019,15,34998
1106019,16,62062
1108018,15,35006
1108018,16,62059
1110017,15,35021
1110017,16,62069
1112014,15,35006
1112014,16,62048
1114010,15,34991
1114010,16,62064
1116008,15,34997
1116008,16,62068
1118004,15,35010
1118004,16,62069
1120001,15,35000
1120001,16,62064
1121999,15,34983
1121999,16,62077
1124039,15,34995
1124039,16,62060
1126040,15,34981
1126040,16,62060
1128035,15,35006
1128035,16,62073
1130031,15,35011
1130031,16,62059
1132032,15,34989
1132032,16,62052
1134031,15,34996
1134031,16,62073
1136026,15,35003
1136026,16,62061
1138020,15,35019
1138020,16,62059
1140020,15,35007
1140020,16,62063
1142018,15,34986
1142018,16,62062
1144013,15,34985
1144013,16,62058
1146011,15,35007
1146011,16,62074
1148010,15,34993
1148010,16,62077
1150008,15,34996
1150008,16,62067
1152005,15,35018
1152005,16,62079
1154002,15,35003
1154002,16,62053
1156000,15,34982
1156000,16,62055
1158039,15,34987
1158039,16,62055
1160038,15,34985
1160038,16,62059
1162036,15,34977
1162036,16,62043
1164031,15,34989
1164031,16,62062
1166032,15,34998
1166032,16,62060
1168027,15,35001
1168027,16,62089
1170027,15,34994
1170027,16,62069
1172022,15,35008
1172022,16,62066
1174022,15,34983
1174022,16,62064
1176018,15,34993
1176018,16,62066
1178017,15,35002
1178017,16,62063
1180013,15,34981
1180013,16,62067
1182011,15,34992
1182011,16,62086
1184008,15,35009
1184008,16,62068
1186004,15,35010
1186004,16,62066
1188004,15,35027
1188004,16,62058
1189998,15,34987
1189998,16,62075
1192038,15,34995
1192038,16,62055
1194038,15,35000
1194038,16,62061
1196037,15,34977
1196037,16,62076
1198032,15,34976
1198032,16,62085
1200030,15,34995
1200030,16,62089
1202028,15,34992
1202028,16,62045
1204024,15,34983
1204024,16,62079
1206024,15,35009
1206024,16,62056
1208020,15,35007
1208020,16,62056
1210018,15,34992
1210018,16,62071
1212016,15,35008
1212016,16,62058
1214012,15,34985
1214012,16,62076
1216005,15,34997
1216005,16,62072
1218008,15,35010
1218008,16,62067
1220004,15,34995
1220004,16,62095
1222000,15,34994
1222000,16,62066
1224003,15,34993
1224003,16,62055
1226041,15,35007
1226041,16,62040
1228038,15,35003
1228038,16,62054
1230037,15,34994
1230037,16,62066
1232032,15,34979
1232032,16,62044
1234030,15,34983
1234030,16,62056
1236029,15,34985
1236029,16,62068
1238025,15,34989
1238025,16,62063
1240021,15,34981
1240021,16,62054
1242019,15,34997
1242019,16,62054
1244017,15,34997
1244017,16,62043
1246017,15,34980
1246017,16,62051
1248010,15,34977
1248010,16,62052
1250010,15,34977
1250010,16,62057
1252007,15,35000
1252007,16,62061
1254004,15,34981
1254004,16,62054
1256004,15,34993
1256004,16,62083
1257998,15,34979
1257998,16,62070
1260041,15,34989
1260041,16,62076
1262038,15,34985
1262038,16,62075
1264036,15,34995
1264036,16,62048
1266034,15,35012
1266034,16,62069
1268029,15,35001
1268029,16,62060
1270025,15,34995
1270025,16,62055
1272026,15,34992
1272026,16,62059
1274021,15,35005
1274021,16,62070
1276021,15,34980
1276021,16,62079
1278015,15,34980
1278015,16,62038
1280014,15,35009
1280014,16,62045
1282011,15,34996
1282011,16,62046
1284011,15,34969
1284011,16,62064
1286009,15,34995
1286009,16,62040
1288005,15,35000
1288005,16,62070
1290003,15,35015
1290003,16,62059
1291999,15,34994
1291999,16,62053
1294042,15,34991
1294042,16,62075
1296040,15,34999
1296040,16,62056
1298035,15,34978
1298035,16,62082
1300033,15,34995
1300033,16,62069
1302030,15,34984
1302030,16,62062
1304027,15,34980
1304027,16,62050
1306024,15,34994
1306024,16,62084
1308021,15,34974
1308021,16,62042
1310020,15,35018
1310020,16,62051
1312018,15,34985
1312018,16,62053
1314013,15,34998
1314013,16,62083
1316013,15,34993
1316013,16,62047
1318013,15,34986
1318013,16,62034
1320008,15,34983
1320008,16,62061
1322007,15,35006
1322007,16,62052
1324000,15,34985
1324000,16,62062
1326000,15,35013
1326000,16,62061
1328042,15,35013
1328042,16,62062
1330038,15,34988
1330038,16,62058
1332035,15,34987
1332035,16,62057
1334030,15,34984
1334030,16,62060
1336032,15,35006
1336032,16,62045
1338027,15,35016
1338027,16,62049
1340023,15,34994
1340023,16,62055
1342022,15,34984
1342022,16,62031
1344019,15,35002
1344019,16,62051
1346020,15,34993
1346020,16,62068
1348016,15,34980
1348016,16,62056
1350013,15,34977
1350013,16,62054
1352011,15,35001
1352011,16,62025
1354008,15,35004
1354008,16,62075
1356007,15,34995
1356007,16,62043
1358000,15,34990
1358000,16,62059
1360001,15,34980
1360001,16,62046
1362040,15,34981
1362040,16,62048
1364037,15,34985
1364037,16,62047
1366037,15,34969
1366037,16,62035
1368034,15,34991
1368034,16,62059
1370033,15,34983
1370033,16,62043
1372026,15,34985
1372026,16,62046
1374027,15,34978
1374027,16,62059
1376024,15,35002
1376024,16,62048
1378020,15,34983
1378020,16,62056
1380015,15,34996
1380015,16,62065
1382014,15,34990
1382014,16,62044
1384015,15,34981
1384015,16,62064
1386008,15,34987
1386008,16,62056
1388009,15,34977
1388009,16,62046
1390005,15,34985
1390005,16,62045
1392002,15,34976
1392002,16,62069
1394001,15,34988
1394001,16,62058
1396038,15,34989
1396038,16,62059
1398036,15,34997
1398036,16,62051
1400035,15,34990
1400035,16,62050
1402029,15,34993
1402029,16,62050
1404028,15,35002
1404028,16,62057
1406028,15,35003
1406028,16,62060
1408023,15,34966
1408023,16,62045
1410022,15,35005
1410022,16,62052
1412019,15,34981
1412019,16,62029
1414018,15,34976
1414018,16,62039
1416016,15,34980
1416016,16,62067
1418014,15,34994
1418014,16,62052
1420012,15,34994
1420012,16,62047
1422006,15,35008
1422006,16,62048
1424004,15,34984
1424004,16,62046
1426001,15,34981
1426001,16,62068
1427998,15,34999
1427998,16,62056
1430039,15,34985
1430039,16,62055
1432038,15,34975
1432038,16,62051
1434035,15,34998
1434035,16,62051
1436030,15,34993
1436030,16,62047
1438031,15,34988
1438031,16,62047
1440025,15,34980
1440025,16,62045
1442025,15,34978
1442025,16,62075
1444023,15,34985
1444023,16,62045
1446019,15,34992
1446019,16,62031
1448017,15,34990
1448017,16,62059
1450016,15,34998
1450016,16,62071
1452014,15,34984
1452014,16,62056
1454009,15,34996
1454009,16,62048
1456008,15,34980
1456008,16,62049
1458005,15,34986
1458005,16,62039
1460003,15,34994
1460003,16,62058
1462000,15,34986
1462000,16,62054
1464041,15,34989
1464041,16,62056
1466038,15,34997
1466038,16,62043
1468032,15,34988
1468032,16,62041
1470034,15,34995
1470034,16,62062
1472028,15,34990
1472028,16,62032
1474029,15,34989
1474029,16,62051
1476027,15,34984
1476027,16,62042
1478024,15,34986
1478024,16,62041
1480020,15,34982
1480020,16,62052
1482015,15,34975
1482015,16,62039
1484017,15,34995
1484017,16,62055
1486015,15,34982
1486015,16,62049
1488009,15,34987
1488009,16,62035
1490007,15,34994
1490007,16,62039
1492005,15,34997
1492005,16,62047
1494002,15,34997
1494002,16,62055
1496002,15,34977
1496002,16,62065
1498042,15,34980
1498042,16,62041
1500037,15,34988
1500037,16,62062
1502036,15,34970
1502036,16,62033
1504031,15,34978
1504031,16,62049
1506032,15,34976
1506032,16,62040
1508030,15,34982
1508030,16,62040
1510026,15,34966
1510026,16,62030
1512020,15,34995
1512020,16,62056
1514021,15,35009
1514021,16,62024
1516018,15,34991
1516018,16,62043
1518017,15,35000
1518017,16,62025
1520010,15,34965
1520010,16,62033
1522011,15,34977
1522011,16,62032
1524007,15,35002
1524007,16,62032
1526005,15,34967
1526005,16,62030
1528003,15,34967
1528003,16,62040
1530000,15,34978
1530000,16,62043
1532041,15,34986
1532041,16,62050
1534038,15,34987
1534038,16,62048
1536035,15,34994
1536035,16,62028
1538032,15,34970
1538032,16,62044
1540028,15,34980
1540028,16,62035
1542028,15,34976
1542028,16,62046
1544025,15,34994
1544025,16,62057
1546022,15,34983
1546022,16,62032
1548019,15,34992
1548019,16,62048
1550017,15,34966
1550017,16,62034
1552016,15,34982
1552016,16,62049
1554013,15,34972
1554013,16,62033
1556010,15,34981
1556010,16,62031
1558007,15,35005
1558007,16,62036
1560007,15,34997
1560007,16,62047
1562002,15,34970
1562002,16,62044
1564001,15,34981
1564001,16,62050
1566039,15,34962
1566039,16,62043
1568036,15,35002
1568036,16,62028
1570033,15,34976
1570033,16,62025
1572032,15,35004
1572032,16,62057
1574029,15,34993
1574029,16,62042
1576026,15,34977
1576026,16,62055
1578025,15,34998
1578025,16,62054
1580024,15,34972
1580024,16,62028
1582020,15,34997
1582020,16,62053
1584014,15,34979
1584014,16,62044
1586013,15,34994
1586013,16,62039
1588013,15,34967
1588013,16,62028
1590010,15,34992
1590010,16,62021
1592009,15,34991
1592009,16,62017
1594005,15,34981
1594005,16,62017
1596004,15,34984
1596004,16,62051
1598001,15,34991
1598001,16,62058
1600038,15,34971
1600038,16,62050
1602038,15,34969
1602038,16,62034
1604034,15,34983
1604034,16,62041
1606032,15,34991
1606032,16,62038
1608030,15,34983
1608030,16,62046
1610028,15,34991
1610028,16,62019
1612026,15,34986
1612026,16,62022
1614023,15,35003
1614023,16,62023
1616023,15,34979
1616023,16,62043
1618019,15,34990
1618019,16,62034
1620016,15,34993
1620016,16,62031
1622012,15,34988
1622012,16,62035
1624010,15,34982
1624010,16,62034
1626009,15,34980
1626009,16,62037
1628009,15,34999
1628009,16,62018
1630002,15,34999
1630002,16,62049
1631999,15,34990
1631999,16,62036
1634040,15,34969
1634040,16,62044
1636037,15,34996
1636037,16,62030
1638035,15,34980
1638035,16,62028
1640031,15,34980
1640031,16,62049
1642031,15,34974
1642031,16,62033
1644026,15,35000
1644026,16,62048
1646023,15,34973
1646023,16,62037
1648018,15,34973
1648018,16,62023
1650019,15,35005
1650019,16,62035
1652018,15,34972
1652018,16,62058
1654016,15,34963
1654016,16,62044
1656012,15,34982
1656012,16,62049
1658009,15,34989
1658009,16,62039
1660006,15,34989
1660006,16,62047
1662004,15,34967
1662004,16,62023
1664002,15,35004
1664002,16,62046
1665997,15,34986
1665997,16,62029
1668042,15,34984
1668042,16,62055
1670040,15,34966
1670040,16,62030
1672034,15,34976
1672034,16,62011
1674036,15,34968
1674036,16,62055
1676032,15,34984
1676032,16,62040
1678029,15,34986
1678029,16,62035
1680025,15,34952
1680025,16,62037
1682024,15,34988
1682024,16,62041
1684019,15,34976
1684019,16,62050
1686017,15,34993
1686017,16,62016
1688015,15,34983
1688015,16,62019
1690012,15,34988
1690012,16,62034
1692012,15,34971
1692012,16,62060
1694006,15,34981
1694006,16,62025
1696004,15,34966
1696004,16,62032
1698003,15,34972
1698003,16,62045
1699999,15,34986
1699999,16,62039
1702040,15,34972
1702040,16,62034
1704037,15,34975
1704037,16,62044
1706032,15,34993
1706032,16,62023
1708032,15,34973
1708032,16,62016
1710030,15,34969
1710030,16,62009
1712029,15,34983
1712029,16,62042
1714027,15,34992
1714027,16,62034
1716023,15,34977
1716023,16,62019
1718018,15,34973
1718018,16,62040
1720019,15,34988
1720019,16,62059
1722013,15,34968
1722013,16,62039
1724012,15,34977
1724012,16,62047
1726011,15,34958
1726011,16,62036
1728007,15,35003
1728007,16,62024
1730004,15,34972
1730004,16,62032
1732002,15,34975
1732002,16,62017
1733999,15,34977
1733999,16,62029
1736040,15,34980
1736040,16,62063
1738040,15,34975
1738040,16,62052
1740037,15,34990
1740037,16,62031
1742031,15,34982
1742031,16,62034
1744028,15,34973
1744028,16,62013
1746028,15,34991
1746028,16,62017
1748026,15,34975
1748026,16,62031
1750022,15,34980
1750022,16,62022
1752019,15,34976
1752019,16,62044
1754015,15,34978
1754015,16,62022
1756017,15,34961
1756017,16,62032
1758014,15,34967
1758014,16,62041
1760008,15,34951
1760008,16,62047
1762007,15,34960
1762007,16,62044
1764006,15,34962
1764006,16,62038
1766004,15,34970
1766004,16,62039
1767999,15,35000
1767999,16,62027
1770039,15,34979
1770039,16,62017
1772037,15,34979
1772037,16,62032
1774036,15,34986
1774036,16,62019
1776034,15,34982
1776034,16,62043
1778031,15,34983
1778031,16,62025
1780027,15,34985
1780027,16,61998
1782023,15,34970
1782023,16,62037
1784023,15,34976
1784023,16,62020
1786019,15,34982
1786019,16,62031
1788018,15,34957
1788018,16,62020
1790012,15,34969
1790012,16,62015
1792014,15,34984
1792014,16,62042
1794010,15,34999
1794010,16,62031
1796009,15,34970
1796009,16,62048
1798005,15,34980
1798005,16,62032
1800001,15,34984
1800001,16,62034
1802001,15,34994
1802001,16,62024
1804041,15,34973
1804041,16,62023
1806038,15,34977
1806038,16,62040
1808036,15,34992
1808036,16,62028
1810031,15,34986
1810031,16,62031
1812029,15,34962
1812029,16,62030
1814027,15,34979
1814027,16,62043
1816024,15,34968
1816024,16,62018
1818024,15,34971
1818024,16,62039
1820020,15,34983
1820020,16,62013
1822019,15,34959
1822019,16,62017
1824013,15,34965
1824013,16,62029
1826012,15,34982
1826012,16,62034
1828008,15,34963
1828008,16,62027
1830008,15,34976
1830008,16,62033
1832007,15,34966
1832007,16,62029
1834001,15,34976
1834001,16,62031
1835999,15,34982
1835999,16,62029
1838041,15,34986
1838041,16,62013
1840038,15,34976
1840038,16,62004
1842032,15,34975
1842032,16,62028
1844033,15,34982
1844033,16,62018
1846032,15,34971
1846032,16,62025
1848028,15,34972
1848028,16,62017
1850029,15,34960
1850029,16,62040
1852021,15,34980
1852021,16,62054
1854019,15,34984
1854019,16,62024
1856019,15,34982
1856019,16,62023
1858016,15,34974
1858016,16,62028
1860014,15,34974
1860014,16,62039
1862010,15,34985
1862010,16,62018
1864007,15,34976
1864007,16,61996
1866005,15,34983
1866005,16,62040
1868000,15,34994
1868000,16,62033
1870003,15,34949
1870003,16,62047
1872039,15,34964
1872039,16,62044
1874036,15,34963
1874036,16,62019
1876038,15,34977
1876038,16,62020
1878033,15,34950
1878033,16,62026
1880028,15,34963
1880028,16,62036
1882026,15,34971
1882026,16,62031
1884023,15,34989
1884023,16,62027
1886022,15,34971
1886022,16,62039
1888019,15,34958
1888019,16,62021
1890018,15,34965
1890018,16,62031
1892015,15,34965
1892015,16,62036
1894012,15,34964
1894012,16,62010
1896011,15,34986
1896011,16,62016
1898006,15,34956
1898006,16,62042
1900006,15,34970
1900006,16,62009
1902002,15,34966
1902002,16,62024
1904002,15,34983
1904002,16,62039
1906038,15,34984
1906038,16,62013
1908040,15,34972
1908040,16,62019
1910035,15,34990
1910035,16,62011
1912034,15,34964
1912034,16,62043
1914031,15,34992
1914031,16,62032
1916027,15,34968
1916027,16,62025
1918023,15,34957
1918023,16,62026
1920024,15,34966
1920024,16,62018
1922021,15,34968
1922021,16,62023
1924016,15,34944
1924016,16,62036
1926015,15,34964
1926015,16,62034
1928014,15,34968
1928014,16,62025
1930010,15,34943
1930010,16,62007
1932008,15,34948
1932008,16,62037
1934002,15,34967
1934002,16,62037
1936002,15,34974
1936002,16,62009
1938000,15,34950
1938000,16,62018
1940041,15,34966
1940041,16,62019
1942037,15,34980
1942037,16,62021
1944036,15,34964
1944036,16,62026
1946030,15,34972
1946030,16,62020
1948033,15,34961
1948033,16,62018
1950028,15,34965
1950028,16,62028
1952024,15,34961
1952024,16,62028
1954021,15,34951
1954021,16,62028
1956020,15,34977
1956020,16,62026
1958015,15,34971
1958015,16,62006
1960016,15,34971
1960016,16,62020
1962013,15,34961
1962013,16,62012
1964010,15,34976
1964010,16,62011
1966007,15,34976
1966007,16,62014
1968002,15,34952
1968002,16,62033
1970003,15,34983
1970003,16,62014
1972001,15,34965
1972001,16,62002
1974038,15,34970
1974038,16,62015
1976037,15,34959
1976037,16,62017
1978034,15,34978
1978034,16,62003
1980031,15,34960
1980031,16,62028
1982030,15,34979
1982030,16,62014
1984027,15,34979
1984027,16,62013
1986027,15,34974
1986027,16,62026
1988023,15,34977
1988023,16,62026
1990020,15,34983
1990020,16,62012
1992018,15,34974
1992018,16,62026
1994015,15,34960
1994015,16,62030
1996016,15,34949
1996016,16,61994
1998012,15,34980
1998012,16,62016
2000008,15,34982
2000008,16,62012
2002004,15,34958
2002004,16,62003
2004005,15,34984
2004005,16,62017
2005999,15,34972
2005999,16,62021
2008038,15,34973
2008038,16,62039
2010039,15,34989
2010039,16,62005
2012034,15,34970
2012034,16,62020
2014032,15,34965
2014032,16,62016
2016030,15,34984
2016030,16,62011
2018028,15,34958
2018028,16,62021
2020028,15,34965
2020028,16,62018
2022022,15,34956
2022022,16,62009
2024018,15,34958
2024018,16,62007
2026018,15,34977
2026018,16,62007
2028014,15,34990
2028014,16,62015
2030011,15,34957
2030011,16,62014
2032013,15,34975
2032013,16,62000
2034008,15,34972
2034008,16,62018
2036002,15,34970
2036002,16,62028
2038001,15,34963
2038001,16,62015
2040001,15,34970
2040001,16,62022
2042039,15,34958
2042039,16,61994
2044036,15,34965
2044036,16,61995
2046038,15,34977
2046038,16,62003
2048033,15,34961
2048033,16,62028
2050031,15,34964
2050031,16,62003
2052026,15,34958
2052026,16,61996
2054023,15,34963
2054023,16,62016
2056022,15,34976
2056022,16,62018
2058020,15,34956
2058020,16,62023
2060015,15,34965
2060015,16,62002
2062017,15,34971
2062017,16,62022
2064012,15,34968
2064012,16,62010
2066010,15,34971
2066010,16,62003
2068007,15,34981
2068007,16,62013
2070006,15,34970
2070006,16,62018
2072001,15,34956
2072001,16,61996
2074002,15,34948
2074002,16,62020
2076039,15,34957
2076039,16,62021
2078037,15,34973
2078037,16,62022
2080034,15,34961
2080034,16,62031
2082033,15,34961
2082033,16,61998
2084032,15,34972
2084032,16,62016
2086026,15,34952
2086026,16,62030
2088028,15,34985
2088028,16,62006
2090021,15,34975
2090021,16,62007
2092021,15,34967
2092021,16,62025
2094018,15,34963
2094018,16,62003
2096015,15,34951
2096015,16,62005
2098010,15,34961
2098010,16,62016
2100009,15,34972
2100009,16,62008
2102010,15,34963
2102010,16,62034
2104006,15,34977
2104006,16,61995
2106001,15,34966
2106001,16,62009
2107998,15,34968
2107998,16,62020
2110041,15,34960
2110041,16,62011
2112036,15,34971
2112036,16,62024
2114033,15,34977
2114033,16,62001
2116031,15,34975
2116031,16,62020
2118029,15,34948
2118029,16,62010
2120029,15,34945
2120029,16,62006
2122024,15,34976
2122024,16,62017
2124020,15,34958
2124020,16,62000
2126019,15,34969
2126019,16,62005
2128017,15,34964
2128017,16,62011
2130015,15,34950
2130015,16,62004
2132012,15,34955
2132012,16,62003
2134011,15,34973
2134011,16,62004
2136010,15,34968
2136010,16,62013
2138004,15,34970
2138004,16,62030
2140004,15,34970
2140004,16,62002
2141999,15,34969
2141999,16,62014
2144041,15,34975
2144041,16,62010
2146038,15,34962
2146038,16,62001
2148037,15,34951
2148037,16,62000
2150033,15,34970
2150033,16,62010
2152030,15,34954
2152030,16,61999
2154027,15,34994
2154027,16,61981
2156026,15,34966
2156026,16,62009
2158024,15,34960
2158024,16,62017
2160021,15,34967
2160021,16,62017
2162018,15,34949
2162018,16,62003
2164017,15,34972
2164017,16,62007
2166014,15,34985
2166014,16,62010
2168007,15,34970
2168007,16,62019
2170007,15,34983
2170007,16,62011
2172006,15,34953
2172006,16,62019
2174003,15,34987
2174003,16,62004
2176000,15,34943
2176000,16,61998
2178041,15,34955
2178041,16,62020
2180037,15,34957
2180037,16,62019
2182036,15,34976
2182036,16,62014
2184035,15,34967
2184035,16,62002
2186029,15,34977
2186029,16,62008
2188026,15,34974
2188026,16,62008
2190026,15,34964
2190026,16,62014
2192024,15,34946
2192024,16,62018
2194021,15,34974
2194021,16,62015
2196017,15,34955
2196017,16,62002
2198014,15,34944
2198014,16,62021
2200012,15,34977
2200012,16,62003
2202011,15,34962
2202011,16,62020
2204008,15,34968
2204008,16,62014
2206003,15,34969
2206003,16,62029
2208003,15,34949
2208003,16,62024
2210001,15,34940
2210001,16,62004
2212035,15,34962
2212035,16,62021
2214038,15,34980
2214038,16,62000
2216033,15,34969
2216033,16,61998
2218032,15,34990
2218032,16,62009
2220030,15,34966
2220030,16,61998
2222025,15,34956
2222025,16,62005
2224024,15,34964
2224024,16,62009
2226023,15,34978
2226023,16,61988
2228018,15,34963
2228018,16,62015
2230017,15,34959
2230017,16,62016
2232014,15,34963
2232014,16,62023
2234013,15,34959
2234013,16,62016
2236011,15,34951
2236011,16,62003
2238008,15,34961
2238008,16,61995
2240004,15,34979
2240004,16,61999
2242002,15,34958
2242002,16,62021
2243998,15,34966
2243998,16,62004
2246041,15,34953
2246041,16,62006
2248037,15,34957
2248037,16,62007
2250038,15,34960
2250038,16,62002
2252034,15,34947
2252034,16,62008
2254033,15,34959
2254033,16,61989
2256027,15,34962
2256027,16,62010
2258024,15,34961
2258024,16,62007
2260019,15,34950
2260019,16,62017
2262021,15,34972
2262021,16,62009
2264019,15,34970
2264019,16,62013
2266016,15,34986
2266016,16,62010
2268012,15,34963
2268012,16,62032
2270009,15,34951
2270009,16,62001
2272009,15,34943
2272009,16,62009
2274003,15,34964
2274003,16,61978
2276001,15,34969
2276001,16,61996
2278001,15,34952
2278001,16,62012
2280042,15,34968
2280042,16,61996
2282035,15,34969
2282035,16,61982
2284036,15,34950
2284036,16,61993
2286032,15,34953
2286032,16,62000
2288027,15,34947
2288027,16,62014
2290027,15,34940
2290027,16,62005
2292026,15,34936
2292026,16,62019
2294022,15,34952
2294022,16,62003
2296021,15,34965
2296021,16,62008
2298018,15,34982
2298018,16,61998
2300016,15,34938
2300016,16,61990
2302012,15,34946
2302012,16,61996
2304009,15,34968
2304009,16,61991
2306007,15,34959
2306007,16,62001
2308004,15,34983
2308004,16,62002
2310004,15,34982
2310004,16,62000
2312000,15,34968
2312000,16,62010
2314038,15,34976
2314038,16,62002
2316039,15,34957
2316039,16,61989
2318035,15,34954
2318035,16,61987
2320035,15,34976
2320035,16,62007
2322029,15,34959
2322029,16,61980
2324027,15,34948
2324027,16,61997
2326023,15,34941
2326023,16,61995
2328025,15,34953
2328025,16,62002
2330020,15,34975
2330020,16,62001
2332019,15,34949
2332019,16,62014
2334013,15,34975
2334013,16,62008
2336013,15,34976
2336013,16,61990
2338008,15,34947
2338008,16,61998
2340007,15,34972
2340007,16,61990
2342004,15,34949
2342004,16,62002
2344002,15,34960
2344002,16,61995
2345999,15,34947
2345999,16,62004
2348039,15,34954
2348039,16,62006
2350040,15,34954
2350040,16,61994
2352034,15,34949
2352034,16,61984
2354032,15,34962
2354032,16,62000
2356031,15,34962
2356031,16,61992
2358028,15,34959
2358028,16,62005
2360021,15,34963
2360021,16,61992
2362022,15,34959
2362022,16,61989
2364020,15,34950
2364020,16,61987
2366017,15,34963
2366017,16,62011
2368016,15,34961
2368016,16,61984
2370013,15,34968
2370013,16,61992
2372010,15,34966
2372010,16,62008
2374009,15,34946
2374009,16,62009
2376008,15,34959
2376008,16,61996
2378001,15,34953
2378001,16,61994
2380003,15,34948
2380003,16,61997
2382040,15,34948
2382040,16,61986
2384035,15,34940
2384035,16,61999
2386031,15,34973
2386031,16,62008
2388032,15,34948
2388032,16,62003
2390030,15,34957
2390030,16,61989
2392026,15,34943
2392026,16,61992
2394025,15,34975
2394025,16,61998
2396023,15,34935
2396023,16,61989
2398018,15,34971
2398018,16,61997
2400019,15,34966
2400019,16,61970
2402016,15,34966
2402016,16,62020
2404012,15,34962
2404012,16,61986
2406009,15,34978
2406009,16,61998
2408009,15,34945
2408009,16,61983
2410005,15,34955
2410005,16,61996
2412002,15,34949
2412002,16,62010
2413999,15,34950
2413999,16,61988
2416039,15,34955
2416039,16,61984
2418037,15,34962
2418037,16,62008
2420035,15,34949
2420035,16,61976
2422031,15,34958
2422031,16,61986
2424032,15,34954
2424032,16,61994
2426027,15,34963
2426027,16,61996
2428026,15,34957
2428026,16,62009
2430020,15,34979
2430020,16,61990
2432022,15,34941
2432022,16,61987
2434019,15,34941
2434019,16,61992
2436016,15,34956
2436016,16,61999
2438014,15,34971
2438014,16,61957
2440012,15,34963
2440012,16,61997
2442007,15,34970
2442007,16,61991
2444007,15,34957
2444007,16,61997
2446003,15,34957
2446003,16,61992
2447998,15,34978
2447998,16,62004
2450038,15,34950
2450038,16,61985
2452037,15,34964
2452037,16,62001
2454034,15,34955
2454034,16,61982
2456033,15,34982
2456033,16,61988
2458027,15,34956
2458027,16,61988
2460027,15,34940
2460027,16,61995
2462022,15,34961
2462022,16,61984
2464024,15,34950
2464024,16,61985
2466020,15,34936
2466020,16,62027
2468016,15,34966
2468016,16,62009
2470015,15,34961
2470015,16,61989
2472013,15,34949
2472013,16,61981
2474012,15,34945
2474012,16,62000
2476009,15,34947
2476009,16,61968
2478007,15,34958
2478007,16,61996
2480001,15,34956
2480001,16,61990
2481999,15,34961
2481999,16,61980
2484039,15,34957
2484039,16,62011
2486038,15,34959
2486038,16,62001
2488036,15,34946
2488036,16,61981
2490035,15,34954
2490035,16,61983
2492030,15,34953
2492030,16,62009
2494028,15,34956
2494028,16,62015
2496025,15,34952
2496025,16,61972
2498023,15,34957
2498023,16,61998
2500020,15,34942
2500020,16,62015
2502017,15,34943
2502017,16,61993
2504014,15,34955
2504014,16,61982
2506013,15,34973
2506013,16,61994
2508010,15,34959
2508010,16,62002
2510009,15,34953
2510009,16,61983
2512004,15,34948
2512004,16,61990
2514002,15,34959
2514002,16,62000
2516002,15,34950
2516002,16,62008
2518041,15,34954
2518041,16,61990
2520036,15,34974
2520036,16,61974
2522033,15,34938
2522033,16,61977
2524035,15,34979
2524035,16,61994
2526030,15,34942
2526030,16,61988
2528026,15,34960
2528026,16,61976
2530026,15,34967
2530026,16,61983
2532025,15,34961
2532025,16,61984
2534019,15,34948
2534019,16,61988
2536022,15,34937
2536022,16,61975
2538013,15,34951
2538013,16,61967
2540012,15,34950
2540012,16,61985
2542009,15,34944
2542009,16,61982
2544008,15,34957
2544008,16,62013
2546005,15,34954
2546005,16,61984
2548004,15,34962
2548004,16,61979
2550000,15,34957
2550000,16,61984
2552041,15,34924
2552041,16,61985
2554036,15,34953
2554036,16,62001
2556035,15,34939
2556035,16,61978
2558031,15,34951
2558031,16,61987
2560031,15,34953
2560031,16,61987
2562028,15,34964
2562028,16,61981
2564024,15,34944
2564024,16,61991
2566023,15,34963
2566023,16,61991
2568019,15,34945
2568019,16,61996
2570018,15,34950
2570018,16,61982
2572015,15,34942
2572015,16,62001
2574011,15,34950
2574011,16,61981
2576010,15,34931
2576010,16,61993
2578007,15,34958
2578007,16,61975
2580005,15,34943
2580005,16,61992
2582004,15,34946
2582004,16,61959
2584001,15,34950
2584001,16,61976
2586039,15,34966
2586039,16,61987
2588036,15,34935
2588036,16,61980
2590035,15,34936
2590035,16,61993
2592032,15,34965
2592032,16,61987
2594031,15,34976
2594031,16,61984
2596027,15,34956
2596027,16,61965
2598024,15,34947
2598024,16,61984
2600023,15,34959
2600023,16,61996
2602021,15,34951
2602021,16,61975
2604017,15,34957
2604017,16,61990
2606014,15,34958
2606014,16,61971
2608012,15,34954
2608012,16,62005
2610011,15,34959
2610011,16,62009
2612009,15,34941
2612009,16,61987
2614003,15,34941
2614003,16,61978
2616003,15,34964
2616003,16,61991
2617998,15,34957
2617998,16,61981
2620041,15,34970
2620041,16,61985
2622037,15,34946
2622037,16,61972
2624031,15,34941
2624031,16,61986
2626032,15,34966
2626032,16,61983
2628029,15,34941
2628029,16,61986
2630027,15,34939
2630027,16,61975
2632024,15,34939
2632024,16,61961
2634022,15,34967
2634022,16,62000
2636019,15,34974
2636019,16,61996
2638017,15,34936
2638017,16,61968
2640015,15,34955
2640015,16,61985
2642011,15,34923
2642011,16,61984
2644011,15,34968
2644011,16,61980
2646009,15,34942
2646009,16,61979
2648006,15,34952
2648006,16,61984
2650003,15,34951
2650003,16,61983
2652000,15,34949
2652000,16,61983
2654039,15,34958
2654039,16,62000
2656036,15,34955
2656036,16,61999
2658033,15,34945
2658033,16,61992
2660035,15,34948
2660035,16,61991
2662031,15,34952
2662031,16,61983
2664027,15,34962
2664027,16,61957
2666025,15,34970
2666025,16,61997
2668022,15,34927
2668022,16,61972
2670018,15,34954
2670018,16,61987
2672018,15,34955
2672018,16,61990
2674013,15,34932
2674013,16,62004
2676012,15,34965
2676012,16,61991
2678010,15,34932
2678010,16,62010
2680007,15,34945
2680007,16,61969
2682003,15,34967
2682003,16,61984
2684003,15,34951
2684003,16,61985
2686000,15,34939
2686000,16,61960
2688041,15,34936
2688041,16,61988
2690039,15,34941
2690039,16,61979
2692036,15,34945
2692036,16,61971
2694032,15,34938
2694032,16,61973
2696029,15,34934
2696029,16,61993
2698026,15,34952
2698026,16,61984
2700026,15,34944
2700026,16,61997
2702024,15,34949
2702024,16,61983
2704021,15,34966
2704021,16,61990
2706018,15,34954
2706018,16,61978
2708015,15,34937
2708015,16,61985
2710011,15,34961
2710011,16,61961
2712008,15,34958
2712008,16,61982
2714006,15,34943
2714006,16,61979
2716007,15,34940
2716007,16,61971
2718005,15,34952
2718005,16,61987
2719999,15,34941
2719999,16,61978
2722038,15,34962
2722038,16,61967
2724038,15,34951
2724038,16,61965
2726036,15,34960
2726036,16,61987
2728032,15,34940
2728032,16,61993
2730031,15,34942
2730031,16,61985
2732028,15,34940
2732028,16,61970
2734024,15,34957
2734024,16,61984
2736022,15,34956
2736022,16,61993
2738018,15,34948
2738018,16,61977
2740016,15,34941
2740016,16,61979
2742015,15,34963
2742015,16,61991
2744013,15,34959
2744013,16,61987
2746010,15,34953
2746010,16,61977
2748005,15,34933
2748005,16,61970
2750005,15,34940
2750005,16,61971
2752002,15,34958
2752002,16,61969
2753997,15,34955
2753997,16,61978
2756039,15,34946
2756039,16,61974
2758036,15,34975
2758036,16,61973
2760034,15,34947
2760034,16,61984
2762030,15,34944
2762030,16,61981
2764030,15,34952
2764030,16,61986
2766027,15,34932
2766027,16,61969
2768027,15,34926
2768027,16,61980
2770023,15,34953
2770023,16,61965
2772021,15,34953
2772021,16,61971
2774015,15,34952
2774015,16,61983
2776015,15,34948
2776015,16,61990
2778012,15,34946
2778012,16,61970
2780010,15,34939
2780010,16,61974
2782008,15,34976
2782008,16,61983
2784007,15,34944
2784007,16,61982
2786003,15,34939
2786003,16,61953
2787997,15,34941
2787997,16,61994
2790038,15,34943
2790038,16,61974
2792039,15,34952
2792039,16,61971
2794036,15,34939
2794036,16,61959
2796033,15,34934
2796033,16,61934
2798030,15,34931
2798030,16,61962
2800026,15,34936
2800026,16,61972
2802023,15,34949
2802023,16,61969
2804023,15,34949
2804023,16,61964
2806020,15,34933
2806020,16,61971
2808018,15,34923
2808018,16,61983
2810015,15,34946
2810015,16,61987
2812011,15,34944
2812011,16,61967
2814012,15,34952
2814012,16,61977
2816007,15,34948
2816007,16,61984
2818004,15,34935
2818004,16,61976
2820003,15,34971
2820003,16,61977
2821999,15,34953
2821999,16,61971
2824040,15,34936
2824040,16,61992
2826039,15,34934
2826039,16,61971
2828032,15,34917
2828032,16,61963
2830033,15,34943
2830033,16,61961
2832029,15,34955
2832029,16,61978
2834026,15,34937
2834026,16,61957
2836025,15,34946
2836025,16,61977
2838023,15,34931
2838023,16,61975
2840017,15,34944
2840017,16,61966
2842018,15,34936
2842018,16,61967
2844013,15,34934
2844013,16,61971
2846011,15,34958
2846011,16,61973
2848010,15,34938
2848010,16,61980
2850007,15,34929
2850007,16,61986
2852003,15,34949
2852003,16,61955
2854003,15,34954
2854003,16,61978
2856002,15,34944
2856002,16,61963
2858039,15,34946
2858039,16,61983
2860037,15,34945
2860037,16,61960
2862035,15,34938
2862035,16,61975
2864033,15,34953
2864033,16,61971
2866034,15,34915
2866034,16,61960
2868028,15,34947
2868028,16,61959
2870026,15,34948
2870026,16,61980
2872020,15,34920
2872020,16,61989
2874021,15,34950
2874021,16,61961
2876017,15,34959
2876017,16,61981
2878016,15,34952
2878016,16,61968
2880013,15,34929
2880013,16,61975
2882006,15,34946
2882006,16,61965
2884006,15,34945
2884006,16,61972
2886004,15,34941
2886004,16,61979
2888003,15,34940
2888003,16,61982
2889999,15,34957
2889999,16,61978
2892044,15,34933
2892044,16,61967
2894038,15,34923
2894038,16,61962
2896035,15,34935
2896035,16,61974
2898034,15,34949
2898034,16,61959
2900028,15,34929
2900028,16,61961
2902025,15,34948
2902025,16,61967
2904024,15,34929
2904024,16,61959
2906025,15,34945
2906025,16,61966
2908021,15,34942
2908021,16,61966
2910020,15,34943
2910020,16,61961
2912017,15,34944
2912017,16,61955
2914014,15,34943
2914014,16,61968
2916006,15,34941
2916006,16,61961
2918009,15,34952
2918009,16,61974
2920004,15,34951
2920004,16,61970
2922005,15,34936
2922005,16,61933
2924003,15,34936
2924003,16,61976
2926040,15,34918
2926040,16,61982
2928038,15,34944
2928038,16,61971
2930033,15,34921
2930033,16,61974
2932035,15,34944
2932035,16,61971
2934030,15,34977
2934030,16,61973
2936031,15,34956
2936031,16,61973
2938024,15,34955
2938024,16,61979
2940022,15,34934
2940022,16,61971
2942019,15,34962
2942019,16,61973
2944018,15,34923
2944018,16,61982
2946016,15,34914
2946016,16,61969
2948012,15,34944
2948012,16,61983
2950010,15,34926
2950010,16,61956
2952009,15,34942
2952009,16,61962
2954006,15,34935
2954006,16,61965
2956003,15,34951
2956003,16,61950
2958000,15,34927
2958000,16,61970
2960040,15,34934
2960040,16,61958
2962035,15,34939
2962035,16,61972
2964033,15,34940
2964033,16,61970
2966033,15,34938
2966033,16,61961
2968030,15,34925
2968030,16,61970
2970029,15,34924
2970029,16,61962
2972025,15,34940
2972025,16,61967
2974024,15,34945
2974024,16,61972
2976018,15,34947
2976018,16,61945
2978018,15,34931
2978018,16,61975
2980014,15,34933
2980014,16,61957
2982013,15,34941
2982013,16,61975
2984009,15,34948
2984009,16,61963
2986007,15,34935
2986007,16,61978
2988002,15,34925
2988002,16,61965
2990005,15,34947
2990005,16,61967
2992001,15,34925
2992001,16,61969
2994039,15,34921
2994039,16,61977
2996038,15,34937
2996038,16,61948
2998036,15,34940
2998036,16,61971
3000033,15,34941
3000033,16,61963
3002029,15,34925
3002029,16,61956
3004027,15,34927
3004027,16,61985
3006027,15,34933
3006027,16,61950
3008024,15,34934
3008024,16,61954
3010017,15,34933
3010017,16,61941
3012015,15,34937
3012015,16,61962
3014013,15,34952
3014013,16,61956
3016013,15,34928
3016013,16,61961
3018007,15,34924
3018007,16,61936
3020006,15,34931
3020006,16,61967
3022004,15,34930
3022004,16,61949
3024003,15,34955
3024003,16,61968
3025999,15,34944
3025999,16,61961
3028040,15,34915
3028040,16,61968
3030037,15,34918
3030037,16,61955
3032035,15,34927
3032035,16,61940
3034032,15,34949
3034032,16,61984
3036031,15,34929
3036031,16,61967
3038024,15,34927
3038024,16,61947
3040026,15,34942
3040026,16,61955
3042022,15,34945
3042022,16,61960
3044019,15,34927
3044019,16,61956
3046018,15,34938
3046018,16,61966
3048015,15,34956
3048015,16,61943
3050013,15,34956
3050013,16,61965
3052009,15,34929
3052009,16,61958
3054006,15,34941
3054006,16,61943
3056004,15,34932
3056004,16,61961
3058004,15,34935
3058004,16,61939
3060000,15,34932
3060000,16,61974
3062040,15,34934
3062040,16,61973
3064039,15,34930
3064039,16,61961
3066036,15,34944
3066036,16,61952
3068033,15,34934
3068033,16,61944
3070028,15,34927
3070028,16,61978
3072028,15,34967
3072028,16,61956
3074024,15,34938
3074024,16,61965
3076023,15,34940
3076023,16,61951
3078021,15,34918
3078021,16,61944
3080018,15,34938
3080018,16,61950
3082016,15,34929
3082016,16,61984
3084012,15,34936
3084012,16,61946
3086012,15,34924
3086012,16,61968
3088007,15,34920
3088007,16,61942
3090004,15,34939
3090004,16,61971
3092006,15,34937
3092006,16,61969
3094000,15,34939
3094000,16,61959
3096039,15,34947
3096039,16,61946
3098039,15,34929
3098039,16,61957
3100033,15,34940
3100033,16,61957
3102034,15,34943
3102034,16,61969
3104030,15,34950
3104030,16,61968
3106029,15,34921
3106029,16,61945
3108026,15,34943
3108026,16,61960
3110022,15,34925
3110022,16,61956
3112020,15,34931
3112020,16,61950
3114015,15,34934
3114015,16,61945
3116015,15,34948
3116015,16,61957
3118013,15,34942
3118013,16,61963
3120009,15,34915
3120009,16,61976
3122008,15,34935
3122008,16,61939
3124005,15,34924
3124005,16,61935
3126002,15,34935
3126002,16,61957
3128001,15,34927
3128001,16,61944
3130041,15,34930
3130041,16,61946
3132036,15,34947
3132036,16,61970
3134036,15,34939
3134036,16,61963
3136031,15,34940
3136031,16,61960
3138031,15,34943
3138031,16,61969
3140029,15,34954
3140029,16,61950
3142025,15,34949
3142025,16,61958
3144023,15,34924
3144023,16,61955
3146020,15,34926
3146020,16,61957
3148015,15,34917
3148015,16,61950
3150013,15,34936
3150013,16,61946
3152013,15,34926
3152013,16,61967
3154010,15,34939
3154010,16,61951
3156006,15,34928
3156006,16,61930
3158005,15,34922
3158005,16,61953
3160003,15,34906
3160003,16,61947
3162000,15,34933
3162000,16,61960
3164040,15,34913
3164040,16,61930
3166036,15,34935
3166036,16,61950
3168035,15,34930
3168035,16,61976
3170032,15,34937
3170032,16,61947
3172030,15,34921
3172030,16,61942
3174030,15,34935
3174030,16,61926
3176026,15,34933
3176026,16,61942
3178022,15,34936
3178022,16,61933
3180021,15,34920
3180021,16,61935
3182017,15,34943
3182017,16,61966
3184017,15,34931
3184017,16,61954
3186013,15,34927
3186013,16,61957
3188011,15,34924
3188011,16,61947
3190007,15,34921
3190007,16,61954
3192007,15,34932
3192007,16,61970
3194002,15,34932
3194002,16,61936
3196000,15,34898
3196000,16,61945
3198039,15,34905
3198039,16,61942
3200039,15,34941
3200039,16,61957
3202035,15,34930
3202035,16,61956
3204033,15,34936
3204033,16,61948
3206031,15,34933
3206031,16,61940
3208026,15,34927
3208026,16,61952
3210023,15,34922
3210023,16,61948
3212020,15,34937
3212020,16,61944
3214020,15,34932
3214020,16,61938
3216021,15,34936
3216021,16,61958
3218015,15,34921
3218015,16,61932
3220014,15,34933
3220014,16,61966
3222009,15,34948
3222009,16,61971
3224007,15,34926
3224007,16,61949
3226005,15,34909
3226005,16,61954
3228001,15,34931
3228001,16,61947
3229999,15,34938
3229999,16,61968
3232040,15,34923
3232040,16,61940
3234036,15,34942
3234036,16,61960
3236035,15,34937
3236035,16,61958
3238033,15,34923
3238033,16,61946
3240033,15,34928
3240033,16,61947
3242027,15,34945
3242027,16,61962
3244025,15,34937
3244025,16,61947
3246022,15,34911
3246022,16,61934
3248022,15,34938
3248022,16,61953
3250018,15,34927
3250018,16,61950
3252015,15,34912
3252015,16,61951
3254013,15,34925
3254013,16,61960
3256011,15,34933
3256011,16,61963
3258007,15,34925
3258007,16,61946
3260003,15,34938
3260003,16,61954
3262002,15,34927
3262002,16,61944
3263998,15,34919
3263998,16,61945
3266041,15,34927
3266041,16,61940
3268040,15,34919
3268040,16,61957
3270033,15,34920
3270033,16,61936
3272034,15,34942
3272034,16,61934
3274030,15,34951
3274030,16,61928
3276027,15,34920
3276027,16,61939
3278025,15,34908
3278025,16,61929
3280024,15,34950
3280024,16,61944
3282020,15,34925
3282020,16,61966
3284018,15,34920
3284018,16,61937
3286014,15,34931
3286014,16,61943
3288013,15,34943
3288013,16,61945
3290012,15,34911
3290012,16,61939
3292005,15,34935
3292005,16,61952
3294006,15,34935
3294006,16,61933
3296003,15,34948
3296003,16,61952
3297999,15,34933
3297999,16,61944
3300039,15,34925
3300039,16,61938
3302037,15,34926
3302037,16,61912
3304033,15,34933
3304033,16,61931
3306032,15,34943
3306032,16,61958
3308029,15,34924
3308029,16,61955
3310026,15,34933
3310026,16,61949
3312026,15,34927
3312026,16,61942
3314026,15,34935
3314026,16,61926
3316020,15,34936
3316020,16,61979
3318017,15,34943
3318017,16,61933
3320015,15,34930
3320015,16,61946
3322014,15,34929
3322014,16,61946
3324011,15,34912
3324011,16,61972
3326007,15,34920
3326007,16,61943
3328006,15,34932
3328006,16,61963
3330002,15,34921
3330002,16,61948
3332000,15,34923
3332000,16,61942
3334037,15,34912
3334037,16,61968
3336039,15,34923
3336039,16,61940
3338037,15,34938
3338037,16,61924
3340034,15,34921
3340034,16,61948
3342030,15,34908
3342030,16,61926
3344028,15,34935
3344028,16,61947
3346026,15,34935
3346026,16,61948
3348022,15,34924
3348022,16,61927
3350022,15,34929
3350022,16,61943
3352019,15,34925
3352019,16,61956
3354016,15,34931
3354016,16,61938
3356013,15,34921
3356013,16,61948
3358012,15,34945
3358012,16,61950
3360010,15,34924
3360010,16,61943
3362004,15,34933
3362004,16,61926
3364003,15,34922
3364003,16,61927
3366004,15,34927
3366004,16,61939
3368041,15,34921
3368041,16,61933
3370038,15,34926
3370038,16,61924
3372033,15,34922
3372033,16,61932
3374032,15,34927
3374032,16,61941
3376029,15,34906
3376029,16,61958
3378027,15,34921
3378027,16,61955
3380026,15,34922
3380026,16,61934
3382024,15,34932
3382024,16,61957
3384019,15,34946
3384019,16,61915
3386017,15,34948
3386017,16,61928
3388014,15,34909
3388014,16,61932
3390013,15,34925
3390013,16,61941
3392011,15,34926
3392011,16,61945
3394008,15,34927
3394008,16,61923
3396006,15,34916
3396006,16,61948
3398004,15,34926
3398004,16,61925
3400001,15,34902
3400001,16,61944
3402038,15,34933
3402038,16,61959
3404040,15,34922
3404040,16,61928
3406035,15,34914
3406035,16,61945
3408033,15,34949
3408033,16,61940
3410029,15,34944
3410029,16,61930
3412025,15,34922
3412025,16,61932
3414027,15,34927
3414027,16,61923
3416023,15,34913
3416023,16,61932
3418018,15,34929
3418018,16,61947
3420019,15,34934
3420019,16,61948
3422017,15,34914
3422017,16,61942
3424012,15,34921
3424012,16,61935
3426011,15,34914
3426011,16,61934
3428005,15,34917
3428005,16,61941
3430004,15,34940
3430004,16,61945
3432003,15,34914
3432003,16,61947
3433999,15,34923
3433999,16,61941
3436042,15,34919
3436042,16,61948
3438039,15,34924
3438039,16,61952
3440035,15,34919
3440035,16,61958
3442034,15,34934
3442034,16,61941
3444029,15,34918
3444029,16,61956
3446027,15,34937
3446027,16,61940
3448021,15,34921
3448021,16,61928
3450025,15,34922
3450025,16,61935
3452021,15,34905
3452021,16,61932
3454017,15,34933
3454017,16,61952
3456016,15,34917
3456016,16,61936
3458011,15,34929
3458011,16,61950
3460010,15,34917
3460010,16,61937
3462008,15,34932
3462008,16,61927
3464008,15,34922
3464008,16,61933
3466005,15,34918
3466005,16,61938
3467998,15,34919
3467998,16,61928
3470040,15,34925
3470040,16,61954
3472037,15,34924
3472037,16,61910
3474035,15,34918
3474035,16,61926
3476033,15,34940
3476033,16,61947
3478030,15,34922
3478030,16,61935
3480029,15,34917
3480029,16,61933
3482025,15,34929
3482025,16,61935
3484023,15,34916
3484023,16,61951
3486021,15,34928
3486021,16,61927
3488019,15,34925
3488019,16,61942
3490015,15,34926
3490015,16,61921
3492011,15,34928
3492011,16,61945
3494011,15,34926
3494011,16,61925
3496008,15,34930
3496008,16,61921
3498006,15,34906
3498006,16,61933
3500005,15,34915
3500005,16,61924
3501998,15,34925
3501998,16,61928
3504036,15,34953
3504036,16,61939
3506036,15,34942
3506036,16,61938
3508032,15,34944
3508032,16,61939
3510031,15,34906
3510031,16,61939
3512030,15,34918
3512030,16,61947
3514027,15,34933
3514027,16,61914
3516024,15,34931
3516024,16,61933
3518023,15,34916
3518023,16,61938
3520021,15,34919
3520021,16,61949
3522015,15,34901
3522015,16,61930
3524015,15,34927
3524015,16,61923
3526016,15,34917
3526016,16,61944
3528013,15,34926
3528013,16,61925
3530007,15,34914
3530007,16,61932
3532007,15,34932
3532007,16,61935
3534002,15,34928
3534002,16,61927
3536001,15,34923
3536001,16,61949
3538042,15,34917
3538042,16,61905
3540039,15,34926
3540039,16,61938
3542034,15,34920
3542034,16,61919
3544031,15,34924
3544031,16,61940
3546028,15,34927
3546028,16,61915
3548029,15,34930
3548029,16,61944
3550027,15,34909
3550027,16,61935
3552024,15,34926
3552024,16,61942
3554017,15,34915
3554017,16,61926
3556014,15,34926
3556014,16,61922
3558015,15,34904
3558015,16,61915
3560012,15,34920
3560012,16,61915
3562009,15,34923
3562009,16,61921
3564007,15,34940
3564007,16,61924
3566004,15,34920
3566004,16,61915
3568002,15,34932
3568002,16,61944
3569996,15,34921
3569996,16,61934
3572040,15,34903
3572040,16,61946
3574035,15,34926
3574035,16,61938
3576036,15,34887
3576036,16,61934
3578033,15,34939
3578033,16,61936
3580030,15,34912
3580030,16,61936
3582027,15,34920
3582027,16,61935
3584026,15,34895
3584026,16,61932
3586021,15,34903
3586021,16,61932
3588024,15,34910
3588024,16,61947
3590020,15,34923
3590020,16,61934
3592015,15,34916
3592015,16,61907
3594014,15,34909
3594014,16,61925
3596009,15,34927
3596009,16,61924
3598007,15,34911
3598007,16,61920
3600007,15,34911
3600007,16,61925
3602003,15,34917
3602003,16,61932
3604000,15,34904
3604000,16,61917
3606042,15,34922
3606042,16,61931
3608039,15,34930
3608039,16,61936
3610036,15,34919
3610036,16,61936
3612030,15,34927
3612030,16,61930
3614030,15,34927
3614030,16,61928
3616031,15,34919
3616031,16,61922
3618023,15,34933
3618023,16,61930
3620024,15,34907
3620024,16,61910
3622020,15,34919
3622020,16,61927
3624015,15,34926
3624015,16,61923
3626016,15,34914
3626016,16,61932
3628012,15,34925
3628012,16,61935
3630011,15,34916
3630011,16,61914
3632006,15,34911
3632006,16,61913
3634005,15,34915
3634005,16,61928
3636002,15,34944
3636002,16,61921
3637999,15,34916
3637999,16,61919
3640037,15,34932
3640037,16,61929
3642040,15,34925
3642040,16,61944
3644037,15,34928
3644037,16,61943
3646032,15,34925
3646032,16,61904
3648026,15,34912
3648026,16,61943
3650030,15,34922
3650030,16,61909
3652025,15,34928
3652025,16,61920
3654021,15,34913
3654021,16,61912
3656019,15,34917
3656019,16,61940
3658018,15,34889
3658018,16,61917
3660014,15,34910
3660014,16,61920
3662011,15,34913
3662011,16,61912
3664008,15,34920
3664008,16,61922
3666008,15,34944
3666008,16,61909
3668006,15,34910
3668006,16,61945
3670002,15,34931
3670002,16,61928
3672001,15,34929
3672001,16,61927
3674040,15,34913
3674040,16,61922
3676036,15,34920
3676036,16,61927
3678033,15,34889
3678033,16,61923
3680035,15,34895
3680035,16,61932
3682031,15,34887
3682031,16,61924
3684025,15,34914
3684025,16,61905
3686022,15,34913
3686022,16,61924
3688024,15,34914
3688024,16,61907
3690021,15,34926
3690021,16,61903
3692016,15,34939
3692016,16,61905
3694014,15,34893
3694014,16,61912
3696009,15,34933
3696009,16,61930
3698010,15,34922
3698010,16,61930
3700006,15,34918
3700006,16,61915
3702004,15,34916
3702004,16,61918
3704002,15,34913
3704002,16,61900
3706002,15,34910
3706002,16,61929
3708040,15,34900
3708040,16,61922
3710038,15,34916
3710038,16,61903
3712036,15,34924
3712036,16,61903
3714032,15,34922
3714032,16,61923
3716029,15,34921
3716029,16,61916
3718025,15,34893
3718025,16,61933
3720025,15,34893
3720025,16,61918
3722023,15,34921
3722023,16,61927
3724019,15,34921
3724019,16,61925
3726019,15,34909
3726019,16,61894
3728016,15,34920
3728016,16,61920
3730012,15,34933
3730012,16,61927
3732011,15,34908
3732011,16,61930
3734006,15,34904
3734006,16,61904
3736004,15,34901
3736004,16,61917
3738004,15,34916
3738004,16,61910
3739998,15,34905
3739998,16,61900
3742040,15,34920
3742040,16,61929
3744038,15,34906
3744038,16,61910
3746037,15,34924
3746037,16,61914
3748033,15,34917
3748033,16,61918
3750029,15,34901
3750029,16,61929
3752026,15,34921
3752026,16,61916
3754027,15,34905
3754027,16,61927
3756021,15,34908
3756021,16,61910
3758019,15,34900
3758019,16,61920
3760017,15,34930
3760017,16,61923
3762014,15,34921
3762014,16,61901
3764011,15,34904
3764011,16,61920
3766013,15,34917
3766013,16,61891
3768011,15,34912
3768011,16,61932
3770005,15,34891
3770005,16,61922
3772001,15,34912
3772001,16,61926
3773999,15,34935
3773999,16,61906
3776043,15,34905
3776043,16,61904
3778038,15,34917
3778038,16,61917
3780037,15,34904
3780037,16,61928
3782034,15,34908
3782034,16,61943
3784031,15,34940
3784031,16,61912
3786029,15,34939
3786029,16,61911
3788027,15,34926
3788027,16,61903
3790023,15,34912
3790023,16,61922
3792019,15,34919
3792019,16,61931
3794018,15,34904
3794018,16,61915
3796014,15,34897
3796014,16,61937
3798014,15,34900
3798014,16,61921
3800009,15,34923
3800009,16,61905
3802007,15,34914
3802007,16,61915
3804004,15,34915
3804004,16,61920
3806003,15,34910
3806003,16,61933
3808002,15,34900
3808002,16,61904
3810041,15,34919
3810041,16,61926
3812036,15,34924
3812036,16,61920
3814033,15,34925
3814033,16,61905
3816034,15,34904
3816034,16,61927
3818032,15,34918
3818032,16,61903
3820030,15,34909
3820030,16,61913
3822025,15,34921
3822025,16,61907
3824021,15,34931
3824021,16,61916
3826018,15,34902
3826018,16,61908
3828019,15,34929
3828019,16,61929
3830014,15,34920
3830014,16,61921
3832013,15,34933
3832013,16,61924
3834014,15,34923
3834014,16,61913
3836005,15,34896
3836005,16,61909
3838003,15,34916
3838003,16,61916
3840003,15,34914
3840003,16,61918
3842000,15,34900
3842000,16,61928
3844040,15,34924
3844040,16,61909
3846038,15,34906
3846038,16,61897
3848035,15,34918
3848035,16,61899
3850034,15,34905
3850034,16,61901
3852031,15,34921
3852031,16,61906
3854026,15,34902
3854026,16,61919
3856026,15,34905
3856026,16,61904
3858024,15,34902
3858024,16,61898
3860023,15,34921
3860023,16,61926
3862016,15,34919
3862016,16,61932
3864016,15,34902
3864016,16,61921
3866014,15,34885
3866014,16,61906
3868011,15,34910
3868011,16,61895
3870006,15,34906
3870006,16,61909
3872005,15,34925
3872005,16,61922
3874003,15,34917
3874003,16,61906
3875996,15,34917
3875996,16,61902
3878043,15,34912
3878043,16,61922
3880038,15,34924
3880038,16,61919
3882034,15,34904
3882034,16,61919
3884032,15,34927
3884032,16,61941
3886028,15,34938
3886028,16,61917
3888028,15,34906
3888028,16,61899
3890025,15,34904
3890025,16,61929
3892020,15,34918
3892020,16,61911
3894020,15,34915
3894020,16,61905
3896018,15,34905
3896018,16,61910
3898014,15,34915
3898014,16,61910
3900012,15,34923
3900012,16,61903
3902010,15,34914
3902010,16,61913
3904004,15,34913
3904004,16,61889
3906004,15,34897
3906004,16,61929
3907999,15,34907
3907999,16,61911
3909999,15,34913
3909999,16,61911
3912041,15,34902
3912041,16,61900
3914038,15,34922
3914038,16,61908
3916036,15,34895
3916036,16,61893
3918034,15,34898
3918034,16,61897
3920028,15,34932
3920028,16,61898
3922027,15,34888
3922027,16,61907
3924026,15,34909
3924026,16,61907
3926023,15,34885
3926023,16,61906
3928019,15,34917
3928019,16,61913
3930020,15,34905
3930020,16,61913
3932015,15,34934
3932015,16,61911
3934013,15,34925
3934013,16,61910
3936009,15,34923
3936009,16,61918
3938007,15,34895
3938007,16,61936
3940007,15,34905
3940007,16,61892
3942001,15,34911
3942001,16,61914
3944000,15,34908
3944000,16,61906
3946040,15,34912
3946040,16,61901
3948037,15,34902
3948037,16,61910
3950037,15,34906
3950037,16,61904
3952032,15,34906
3952032,16,61882
3954031,15,34900
3954031,16,61893
3956029,15,34913
3956029,16,61907
3958025,15,34909
3958025,16,61910
3960024,15,34908
3960024,16,61903
3962016,15,34891
3962016,16,61907
3964016,15,34914
3964016,16,61891
3966015,15,34894
3966015,16,61891
3968013,15,34886
3968013,16,61914
3970011,15,34929
3970011,16,61907
3972005,15,34901
3972005,16,61899
3974004,15,34907
3974004,16,61895
3976002,15,34904
3976002,16,61905
3978000,15,34908
3978000,16,61890
3980039,15,34900
3980039,16,61922
3982039,15,34905
3982039,16,61904
3984034,15,34895
3984034,16,61916
3986033,15,34897
3986033,16,61898
3988029,15,34926
3988029,16,61896
3990028,15,34889
3990028,16,61906
3992023,15,34896
3992023,16,61903
3994022,15,34910
3994022,16,61911
3996022,15,34931
3996022,16,61921
3998017,15,34894
3998017,16,61921
4000015,15,34897
4000015,16,61906
4002014,15,34934
4002014,16,61929
4004011,15,34900
4004011,16,61915
4006007,15,34899
4006007,16,61929
4008005,15,34899
4008005,16,61907
4010001,15,34905
4010001,16,61896
4012000,15,34903
4012000,16,61912
4014039,15,34915
4014039,16,61903
4016036,15,34902
4016036,16,61919
4018038,15,34902
4018038,16,61919
4020031,15,34917
4020031,16,61886
4022030,15,34915
4022030,16,61918
4024027,15,34906
4024027,16,61922
4026026,15,34919
4026026,16,61899
4028021,15,34900
4028021,16,61904
4030021,15,34893
4030021,16,61893
4032016,15,34913
4032016,16,61892
4034015,15,34914
4034015,16,61904
4036012,15,34902
4036012,16,61924
4038011,15,34908
4038011,16,61893
4040009,15,34903
4040009,16,61912
4042005,15,34902
4042005,16,61899
4044003,15,34906
4044003,16,61903
4046003,15,34917
4046003,16,61917
4048038,15,34920
4048038,16,61905
4050037,15,34896
4050037,16,61911
4052038,15,34918
4052038,16,61892
4054034,15,34904
4054034,16,61908
4056028,15,34905
4056028,16,61908
4058029,15,34904
4058029,16,61910
4060023,15,34906
4060023,16,61908
4062025,15,34899
4062025,16,61917
4064021,15,34909
4064021,16,61886
4066019,15,34933
4066019,16,61921
4068013,15,34914
4068013,16,61907
4070014,15,34901
4070014,16,61885
4072010,15,34905
4072010,16,61899
4074008,15,34902
4074008,16,61891
4076004,15,34894
4076004,16,61894
4078004,15,34899
4078004,16,61908
4079998,15,34915
4079998,16,61895
4082042,15,34911
4082042,16,61899
4084037,15,34896
4084037,16,61897
4086035,15,34895
4086035,16,61921
4088032,15,34895
4088032,16,61902
4090030,15,34916
4090030,16,61899
4092026,15,34904
4092026,16,61899
4094027,15,34906
4094027,16,61909
4096022,15,34900
4096022,16,61890
4098020,15,34885
4098020,16,61903
4100017,15,34897
4100017,16,61920
4102015,15,34910
4102015,16,61919
4104013,15,34892
4104013,16,61906
4106010,15,34909
4106010,16,61897
4108007,15,34904
4108007,16,61902
4110003,15,34907
4110003,16,61884
4112005,15,34907
4112005,16,61912
4114000,15,34895
4114000,16,61881
4116041,15,34901
4116041,16,61890
4118039,15,34898
4118039,16,61917
4120033,15,34901
4120033,16,61902
4122034,15,34873
4122034,16,61897
4124027,15,34885
4124027,16,61899
4126028,15,34919
4126028,16,61898
4128024,15,34911
4128024,16,61880
4130025,15,34905
4130025,16,61879
4132020,15,34913
4132020,16,61908
4134018,15,34908
4134018,16,61903
4136015,15,34909
4136015,16,61902
4138013,15,34903
4138013,16,61905
4140013,15,34882
4140013,16,61896
4142005,15,34923
4142005,16,61906
4144007,15,34884
4144007,16,61889
4146003,15,34910
4146003,16,61914
4147999,15,34894
4147999,16,61889
4150041,15,34894
4150041,16,61914
4152041,15,34910
4152041,16,61888
4154034,15,34910
4154034,16,61904
4156033,15,34909
4156033,16,61899
4158032,15,34883
4158032,16,61903
4160026,15,34923
4160026,16,61896
4162027,15,34892
4162027,16,61885
4164022,15,34905
4164022,16,61887
4166022,15,34906
4166022,16,61892
4168017,15,34909
4168017,16,61893
4170015,15,34877
4170015,16,61893
4172012,15,34907
4172012,16,61902
4174011,15,34901
4174011,16,61893
4176007,15,34906
4176007,16,61891
4178005,15,34905
4178005,16,61899
4180002,15,34904
4180002,16,61916
4182000,15,34900
4182000,16,61880
4184040,15,34904
4184040,16,61886
4186036,15,34915
4186036,16,61902
4188034,15,34886
4188034,16,61896
4190031,15,34890
4190031,16,61889
4192030,15,34898
4192030,16,61910
4194027,15,34895
4194027,16,61885
4196027,15,34906
4196027,16,61883
4198025,15,34895
4198025,16,61906
4200018,15,34885
4200018,16,61881
4202016,15,34900
4202016,16,61876
4204014,15,34899
4204014,16,61890
4206012,15,34920
4206012,16,61888
4208010,15,34910
4208010,16,61907
4210012,15,34910
4210012,16,61921
4212006,15,34900
4212006,16,61883
4214002,15,34897
4214002,16,61884
4216000,15,34876
4216000,16,61881
4218036,15,34912
4218036,16,61879
4220036,15,34892
4220036,16,61914
4222036,15,34904
4222036,16,61875
4224033,15,34895
4224033,16,61886
4226026,15,34883
4226026,16,61889
4228028,15,34891
4228028,16,61909
4230027,15,34887
4230027,16,61890
4232024,15,34890
4232024,16,61886
4234018,15,34918
4234018,16,61892
4236016,15,34899
4236016,16,61883
4238013,15,34896
4238013,16,61899
4240012,15,34920
4240012,16,61893
4242011,15,34918
4242011,16,61880
4244006,15,34909
4244006,16,61892
4246005,15,34899
4246005,16,61880
4248003,15,34887
4248003,16,61879
4249998,15,34893
4249998,16,61901
4252040,15,34897
4252040,16,61884
4254036,15,34892
4254036,16,61891
4256035,15,34907
4256035,16,61896
4258033,15,34888
4258033,16,61896
4260031,15,34887
4260031,16,61882
4262028,15,34893
4262028,16,61892
4264027,15,34877
4264027,16,61907
4266021,15,34900
4266021,16,61904
4268017,15,34889
4268017,16,61881
4270020,15,34901
4270020,16,61879
4272017,15,34883
4272017,16,61887
4274012,15,34887
4274012,16,61883
4276009,15,34898
4276009,16,61879
4278007,15,34895
4278007,16,61877
4280002,15,34916
4280002,16,61888
4282004,15,34904
4282004,16,61900
4284000,15,34880
4284000,16,61905
4286041,15,34894
4286041,16,61928
4288037,15,34901
4288037,16,61893
4290035,15,34911
4290035,16,61898
4292033,15,34896
4292033,16,61878
4294033,15,34888
4294033,16,61867
4296028,15,34895
4296028,16,61907
4298025,15,34883
4298025,16,61896
4300022,15,34899
4300022,16,61883
4302018,15,34909
4302018,16,61894
4304018,15,34889
4304018,16,61888
4306014,15,34897
4306014,16,61874
4308012,15,34878
4308012,16,61891
4310010,15,34890
4310010,16,61887
4312008,15,34900
4312008,16,61890
4314002,15,34911
4314002,16,61863
4316002,15,34904
4316002,16,61886
4317999,15,34903
4317999,16,61878
4320037,15,34906
4320037,16,61906
4322041,15,34882
4322041,16,61886
4324035,15,34883
4324035,16,61895
4326033,15,34905
4326033,16,61889
4328028,15,34889
4328028,16,61911
4330028,15,34905
4330028,16,61902
4332026,15,34898
4332026,16,61875
4334023,15,34907
4334023,16,61895
4336021,15,34900
4336021,16,61883
4338018,15,34916
4338018,16,61883
4340017,15,34888
4340017,16,61885
4342010,15,34896
4342010,16,61882
4344012,15,34907
4344012,16,61888
4346008,15,34883
4346008,16,61887
4348006,15,34895
4348006,16,61895
4350002,15,34896
4350002,16,61884
4352000,15,34900
4352000,16,61904
4354039,15,34893
4354039,16,61894
4356035,15,34889
4356035,16,61877
4358034,15,34888
4358034,16,61877
4360032,15,34885
4360032,16,61889
4362030,15,34888
4362030,16,61891
4364029,15,34894
4364029,16,61890
4366025,15,34882
4366025,16,61889
4368021,15,34906
4368021,16,61885
4370021,15,34906
4370021,16,61891
4372018,15,34897
4372018,16,61888
4374013,15,34880
4374013,16,61897
4376010,15,34902
4376010,16,61896
4378010,15,34903
4378010,16,61898
4380009,15,34886
4380009,16,61892
4382006,15,34875
4382006,16,61887
4384004,15,34905
4384004,16,61892
4386000,15,34885
4386000,16,61896
4388038,15,34892
4388038,16,61880
4390038,15,34884
4390038,16,61876
4392035,15,34884
4392035,16,61892
4394034,15,34889
4394034,16,61862
4396030,15,34889
4396030,16,61897
4398030,15,34882
4398030,16,61869
4400025,15,34877
4400025,16,61879
4402022,15,34899
4402022,16,61906
4404018,15,34881
4404018,16,61886
4406020,15,34896
4406020,16,61888
4408016,15,34875
4408016,16,61896
4410012,15,34892
4410012,16,61874
4412011,15,34901
4412011,16,61873
4414009,15,34883
4414009,16,61885
4416004,15,34897
4416004,16,61890
4418002,15,34883
4418002,16,61904
4420000,15,34887
4420000,16,61875
4422038,15,34894
4422038,16,61885
4424040,15,34895
4424040,16,61899
4426035,15,34898
4426035,16,61890
4428033,15,34891
4428033,16,61886
4430031,15,34899
4430031,16,61879
4432027,15,34904
4432027,16,61866
4434024,15,34882
4434024,16,61883
4436019,15,34890
4436019,16,61880
4438021,15,34883
4438021,16,61877
4440018,15,34882
4440018,16,61904
4442014,15,34879
4442014,16,61878
4444014,15,34903
4444014,16,61864
4446010,15,34883
4446010,16,61872
4448009,15,34892
4448009,16,61902
4450006,15,34890
4450006,16,61886
4452002,15,34888
4452002,16,61893
4454003,15,34875
4454003,16,61857
4456039,15,34881
4456039,16,61888
4458038,15,34900
4458038,16,61869
4460038,15,34879
4460038,16,61884
4462031,15,34896
4462031,16,61880
4464029,15,34890
4464029,16,61865
4466029,15,34891
4466029,16,61862
4468027,15,34881
4468027,16,61886
4470022,15,34899
4470022,16,61869
4472021,15,34894
4472021,16,61895
4474016,15,34898
4474016,16,61888
4476015,15,34911
4476015,16,61887
4478014,15,34873
4478014,16,61885
4480011,15,34890
4480011,16,61883
4482009,15,34883
4482009,16,61865
4484008,15,34896
4484008,16,61895
4486005,15,34888
4486005,16,61855
4488000,15,34878
4488000,16,61889
4490041,15,34889
4490041,16,61872
4492037,15,34894
4492037,16,61875
4494034,15,34895
4494034,16,61881
4496034,15,34895
4496034,16,61878
4498031,15,34873
4498031,16,61882
4500027,15,34897
4500027,16,61876
4502022,15,34896
4502022,16,61887
4504022,15,34887
4504022,16,61879
4506020,15,34889
4506020,16,61862
4508018,15,34891
4508018,16,61886
4510014,15,34902
4510014,16,61862
4512014,15,34891
4512014,16,61892
4514010,15,34868
4514010,16,61881
4516008,15,34888
4516008,16,61880
4518004,15,34889
4518004,16,61865
4520006,15,34894
4520006,16,61889
4521999,15,34869
4521999,16,61867
4524039,15,34895
4524039,16,61867
4526036,15,34888
4526036,16,61883
4528036,15,34885
4528036,16,61877
4530029,15,34874
4530029,16,61887
4532031,15,34885
4532031,16,61881
4534027,15,34875
4534027,16,61900
4536026,15,34876
4536026,16,61888
4538020,15,34900
4538020,16,61886
4540019,15,34881
4540019,16,61867
4542017,15,34887
4542017,16,61872
4544013,15,34891
4544013,16,61877
4546014,15,34897
4546014,16,61847
4548010,15,34886
4548010,16,61863
4550009,15,34890
4550009,16,61871
4552005,15,34880
4552005,16,61869
4554003,15,34884
4554003,16,61879
4555999,15,34898
4555999,16,61881
4558038,15,34882
4558038,16,61873
4560037,15,34882
4560037,16,61861
4562033,15,34881
4562033,16,61888
4564031,15,34894
4564031,16,61874
4566028,15,34908
4566028,16,61864
4568030,15,34903
4568030,16,61864
4570025,15,34899
4570025,16,61869
4572021,15,34864
4572021,16,61887
4574021,15,34880
4574021,16,61847
4576018,15,34888
4576018,16,61887
4578018,15,34881
4578018,16,61863
4580013,15,34887
4580013,16,61884
4582010,15,34881
4582010,16,61856
4584006,15,34881
4584006,16,61889
4586006,15,34895
4586006,16,61868
4588003,15,34903
4588003,16,61867
4590001,15,34887
4590001,16,61840
4592042,15,34875
4592042,16,61881
4594036,15,34893
4594036,16,61870
4596035,15,34903
4596035,16,61861
4598032,15,34894
4598032,16,61879
4600030,15,34878
4600030,16,61874
4602026,15,34882
4602026,16,61856
4604026,15,34883
4604026,16,61868
4606025,15,34886
4606025,16,61881
4608018,15,34892
4608018,16,61887
4610019,15,34892
4610019,16,61865
4612014,15,34876
4612014,16,61865
4614012,15,34862
4614012,16,61877
4616010,15,34887
4616010,16,61868
4618005,15,34892
4618005,16,61890
4620003,15,34873
4620003,16,61863
4622004,15,34890
4622004,16,61857
4623998,15,34881
4623998,16,61879
4626041,15,34878
4626041,16,61859
4628036,15,34854
4628036,16,61876
4630036,15,34898
4630036,16,61855
4632032,15,34899
4632032,16,61869
4634028,15,34871
4634028,16,61880
4636028,15,34891
4636028,16,61859
4638024,15,34893
4638024,16,61874
4640023,15,34877
4640023,16,61855
4642022,15,34881
4642022,16,61888
4644019,15,34883
4644019,16,61865
4646015,15,34855
4646015,16,61872
4648012,15,34867
4648012,16,61865
4650010,15,34888
4650010,16,61854
4652008,15,34863
4652008,16,61865
4654007,15,34887
4654007,16,61886
4656004,15,34895
4656004,16,61856
4657998,15,34885
4657998,16,61874
4660043,15,34875
4660043,16,61866
4662038,15,34873
4662038,16,61888
4664035,15,34873
4664035,16,61859
4666032,15,34885
4666032,16,61885
4668030,15,34898
4668030,16,61896
4670024,15,34869
4670024,16,61871
4672022,15,34882
4672022,16,61876
4674021,15,34901
4674021,16,61871
4676019,15,34893
4676019,16,61873
4678018,15,34873
4678018,16,61874
4680018,15,34904
4680018,16,61870
4682012,15,34886
4682012,16,61860
4684010,15,34896
4684010,16,61869
4686008,15,34887
4686008,16,61876
4688004,15,34896
4688004,16,61881
4690002,15,34850
4690002,16,61870
4692000,15,34876
4692000,16,61856
4694039,15,34885
4694039,16,61867
4696037,15,34887
4696037,16,61852
4698039,15,34846
4698039,16,61849
4700035,15,34895
4700035,16,61881
4702029,15,34867
4702029,16,61857
4704029,15,34858
4704029,16,61857
4706024,15,34883
4706024,16,61862
4708022,15,34887
4708022,16,61869
4710020,15,34878
4710020,16,61867
4712017,15,34895
4712017,16,61856
4714017,15,34867
4714017,16,61872
4716012,15,34894
4716012,16,61848
4718013,15,34874
4718013,16,61860
4720006,15,34880
4720006,16,61872
4722001,15,34882
4722001,16,61885
4724004,15,34860
4724004,16,61863
4726001,15,34877
4726001,16,61868
4728042,15,34867
4728042,16,61855
4730037,15,34882
4730037,16,61845
4732032,15,34882
4732032,16,61869
4734029,15,34856
4734029,16,61843
4736027,15,34891
4736027,16,61875
4738026,15,34880
4738026,16,61859
4740025,15,34886
4740025,16,61864
4742022,15,34879
4742022,16,61881
4744018,15,34892
4744018,16,61863
4746017,15,34878
4746017,16,61826
4748015,15,34906
4748015,16,61871
4750014,15,34885
4750014,16,61866
4752011,15,34887
4752011,16,61889
4754005,15,34882
4754005,16,61873
4756007,15,34875
4756007,16,61850
4758004,15,34884
4758004,16,61871
4760000,15,34892
4760000,16,61863
4762040,15,34879
4762040,16,61864
4764037,15,34875
4764037,16,61861
4766034,15,34868
4766034,16,61846
4768035,15,34889
4768035,16,61864
4770033,15,34883
4770033,16,61874
4772025,15,34870
4772025,16,61869
4774024,15,34873
4774024,16,61862
4776021,15,34904
4776021,16,61865
4778019,15,34888
4778019,16,61866
4780018,15,34889
4780018,16,61849
4782014,15,34882
4782014,16,61872
4784014,15,34878
4784014,16,61845
4786009,15,34867
4786009,16,61859
4788010,15,34862
4788010,16,61877
4790008,15,34865
4790008,16,61863
4792000,15,34898
4792000,16,61872
4794000,15,34875
4794000,16,61861
4796042,15,34880
4796042,16,61873
4798036,15,34877
4798036,16,61872
4800033,15,34881
4800033,16,61868
4802032,15,34893
4802032,16,61849
4804029,15,34881
4804029,16,61868
4806026,15,34874
4806026,16,61856
4808024,15,34875
4808024,16,61854
4810021,15,34891
4810021,16,61862
4812018,15,34863
4812018,16,61866
4814020,15,34864
4814020,16,61856
4816016,15,34874
4816016,16,61877
4818013,15,34887
4818013,16,61855
4820011,15,34880
4820011,16,61854
4822008,15,34881
4822008,16,61878
4824010,15,34884
4824010,16,61841
4826003,15,34891
4826003,16,61864
4828004,15,34902
4828004,16,61853
4830037,15,34891
4830037,16,61867
4832036,15,34886
4832036,16,61867
4834034,15,34878
4834034,16,61842
4836033,15,34889
4836033,16,61844
4838029,15,34885
4838029,16,61864
4840029,15,34873
4840029,16,61840
4842026,15,34860
4842026,16,61860
4844022,15,34891
4844022,16,61862
4846021,15,34872
4846021,16,61883
4848016,15,34873
4848016,16,61868
4850017,15,34862
4850017,16,61851
4852012,15,34900
4852012,16,61848
4854009,15,34889
4854009,16,61860
4856008,15,34885
4856008,16,61856
4858008,15,34889
4858008,16,61848
4860002,15,34888
4860002,16,61867
4862000,15,34877
4862000,16,61859
4864040,15,34897
4864040,16,61869
4866040,15,34877
4866040,16,61861
4868036,15,34878
4868036,16,61862
4870034,15,34863
4870034,16,61841
4872031,15,34871
4872031,16,61855
4874029,15,34889
4874029,16,61858
4876026,15,34860
4876026,16,61861
4878024,15,34851
4878024,16,61843
4880020,15,34887
4880020,16,61849
4882016,15,34889
4882016,16,61846
4884017,15,34872
4884017,16,61869
4886011,15,34889
4886011,16,61838
4888008,15,34891
4888008,16,61866
4890008,15,34865
4890008,16,61872
4892007,15,34861
4892007,16,61832
4894003,15,34863
4894003,16,61857
4896002,15,34871
4896002,16,61861
4898041,15,34857
4898041,16,61859
4900037,15,34855
4900037,16,61860
4902033,15,34870
4902033,16,61864
4904033,15,34864
4904033,16,61836
4906027,15,34884
4906027,16,61857
4908029,15,34859
4908029,16,61854
4910026,15,34868
4910026,16,61861
4912020,15,34867
4912020,16,61847
4914020,15,34877
4914020,16,61859
4916017,15,34881
4916017,16,61840
4918014,15,34873
4918014,16,61850
4920014,15,34880
4920014,16,61861
4922010,15,34880
4922010,16,61847
4924005,15,34864
4924005,16,61856
4926005,15,34866
4926005,16,61845
4928004,15,34874
4928004,16,61848
4929998,15,34856
4929998,16,61863
4932038,15,34871
4932038,16,61845
4934038,15,34893
4934038,16,61844
4936035,15,34886
4936035,16,61866
4938032,15,34866
4938032,16,61860
4940029,15,34868
4940029,16,61859
4942027,15,34852
4942027,16,61849
4944024,15,34885
4944024,16,61860
4946022,15,34866
4946022,16,61849
4948020,15,34885
4948020,16,61838
4950019,15,34881
4950019,16,61859
4952014,15,34886
4952014,16,61873
4954011,15,34872
4954011,16,61849
4956009,15,34879
4956009,16,61856
4958009,15,34862
4958009,16,61845
4960006,15,34870
4960006,16,61836
4962003,15,34858
4962003,16,61846
4964002,15,34879
4964002,16,61848
4966039,15,34875
4966039,16,61855
4968039,15,34897
4968039,16,61859
4970038,15,34893
4970038,16,61843
4972032,15,34877
4972032,16,61845
4974031,15,34858
4974031,16,61852
4976027,15,34846
4976027,16,61851
4978027,15,34874
4978027,16,61837
4980021,15,34883
4980021,16,61844
4982021,15,34883
4982021,16,61853
4984020,15,34856
4984020,16,61849
4986016,15,34864
4986016,16,61840
4988015,15,34884
4988015,16,61844
4990012,15,34870
4990012,16,61826
4992007,15,34875
4992007,16,61875
4994005,15,34863
4994005,16,61842
4996003,15,34858
4996003,16,61834
4998001,15,34874
4998001,16,61848
5000038,15,34856
5000038,16,61843
5002039,15,34877
5002039,16,61862
5004037,15,34874
5004037,16,61823
5006032,15,34868
5006032,16,61830
5008032,15,34870
5008032,16,61845
5010024,15,34879
5010024,16,61852
5012026,15,34888
5012026,16,61846
5014021,15,34883
5014021,16,61841
5016017,15,34871
5016017,16,61860
5018015,15,34889
5018015,16,61856
5020014,15,34870
5020014,16,61856
5022015,15,34883
5022015,16,61854
5024010,15,34867
5024010,16,61840
5026007,15,34860
5026007,16,61847
5028004,15,34868
5028004,16,61838
5030003,15,34850
5030003,16,61835
5031998,15,34872
5031998,16,61833
5034039,15,34871
5034039,16,61854
5036039,15,34880
5036039,16,61832
5038037,15,34865
5038037,16,61862
5040031,15,34899
5040031,16,61851
5042029,15,34868
5042029,16,61848
5044028,15,34871
5044028,16,61857
5046024,15,34887
5046024,16,61848
5048024,15,34858
5048024,16,61857
5050019,15,34887
5050019,16,61820
5052018,15,34876
5052018,16,61849
5054016,15,34861
5054016,16,61855
5056011,15,34878
5056011,16,61829
5058009,15,34873
5058009,16,61843
5060008,15,34880
5060008,16,61861
5062003,15,34874
5062003,16,61849
5064003,15,34854
5064003,16,61843
5066000,15,34876
5066000,16,61849
5068040,15,34874
5068040,16,61859
5070038,15,34882
5070038,16,61841
5072032,15,34893
5072032,16,61864
5074031,15,34864
5074031,16,61847
5076029,15,34874
5076029,16,61847
5078029,15,34847
5078029,16,61839
5080026,15,34861
5080026,16,61858
5082023,15,34883
5082023,16,61833
5084020,15,34873
5084020,16,61839
5086017,15,34860
5086017,16,61860
5088015,15,34857
5088015,16,61848
5090014,15,34886
5090014,16,61832
5092010,15,34852
5092010,16,61813
5094008,15,34861
5094008,16,61825
5096004,15,34874
5096004,16,61829
5098005,15,34881
5098005,16,61848
5099999,15,34870
5099999,16,61820
5102039,15,34848
5102039,16,61868
5104038,15,34887
5104038,16,61841
5106034,15,34872
5106034,16,61827
5108033,15,34875
5108033,16,61840
5110031,15,34874
5110031,16,61855
5112029,15,34880
5112029,16,61841
5114026,15,34876
5114026,16,61842
5116025,15,34877
5116025,16,61839
5118023,15,34878
5118023,16,61844
5120018,15,34878
5120018,16,61836
5122017,15,34869
5122017,16,61845
5124014,15,34864
5124014,16,61844
5126009,15,34869
5126009,16,61848
5128006,15,34868
5128006,16,61825
5130007,15,34875
5130007,16,61848
5132004,15,34858
5132004,16,61839
5134000,15,34873
5134000,16,61852
5136041,15,34872
5136041,16,61854
5138040,15,34872
5138040,16,61838
5140032,15,34863
5140032,16,61855
5142033,15,34855
5142033,16,61824
5144032,15,34852
5144032,16,61826
5146025,15,34849
5146025,16,61851
5148025,15,34855
5148025,16,61828
5150023,15,34858
5150023,16,61822
5152020,15,34884
5152020,16,61853
5154018,15,34849
5154018,16,61845
5156016,15,34853
5156016,16,61834
5158013,15,34867
5158013,16,61822
5160008,15,34880
5160008,16,61823
5162007,15,34874
5162007,16,61830
5164006,15,34880
5164006,16,61846
5166004,15,34860
5166004,16,61849
5167999,15,34861
5167999,16,61828
5170039,15,34898
5170039,16,61848
5172038,15,34868
5172038,16,61828
5174037,15,34880
5174037,16,61852
5176033,15,34862
5176033,16,61836
5178031,15,34864
5178031,16,61854
5180025,15,34871
5180025,16,61852
5182023,15,34891
5182023,16,61850
5184022,15,34865
5184022,16,61847
5186020,15,34874
5186020,16,61850
5188020,15,34864
5188020,16,61843
5190012,15,34863
5190012,16,61852
5192014,15,34852
5192014,16,61842
5194011,15,34854
5194011,16,61844
5196007,15,34853
5196007,16,61836
5198003,15,34855
5198003,16,61850
5200002,15,34868
5200002,16,61821
5201997,15,34868
5201997,16,61847
5204040,15,34868
5204040,16,61838
5206039,15,34871
5206039,16,61799
5208037,15,34841
5208037,16,61836
5210032,15,34886
5210032,16,61829
5212027,15,34883
5212027,16,61854
5214027,15,34868
5214027,16,61828
5216027,15,34877
5216027,16,61853
5218023,15,34858
5218023,16,61814
5220022,15,34841
5220022,16,61840
5222018,15,34879
5222018,16,61848
5224014,15,34877
5224014,16,61821
5226011,15,34854
5226011,16,61835
5228011,15,34853
5228011,16,61849
5230007,15,34857
5230007,16,61824
5232006,15,34869
5232006,16,61826
5234005,15,34879
5234005,16,61870
5235999,15,34868
5235999,16,61838
5238041,15,34864
5238041,16,61852
5240040,15,34865
5240040,16,61835
5242033,15,34860
5242033,16,61844
5244032,15,34884
5244032,16,61825
5246031,15,34853
5246031,16,61843
5248028,15,34856
5248028,16,61825
5250026,15,34854
5250026,16,61827
5252022,15,34867
5252022,16,61838
5254023,15,34873
5254023,16,61847
5256017,15,34864
5256017,16,61830
5258015,15,34854
5258015,16,61837
5260013,15,34864
5260013,16,61815
5262011,15,34869
5262011,16,61834
5264009,15,34876
5264009,16,61833
5266008,15,34866
5266008,16,61821
5268001,15,34861
5268001,16,61829
5269998,15,34874
5269998,16,61836
5272039,15,34862
5272039,16,61834
5274038,15,34855
5274038,16,61836
5276036,15,34864
5276036,16,61841
5278034,15,34868
5278034,16,61840
5280030,15,34868
5280030,16,61822
5282031,15,34843
5282031,16,61834
5284025,15,34867
5284025,16,61846
5286023,15,34845
5286023,16,61824
5288021,15,34861
5288021,16,61825
5290019,15,34871
5290019,16,61836
5292017,15,34874
5292017,16,61836
5294013,15,34863
5294013,16,61832
5296009,15,34835
5296009,16,61835
5298011,15,34853
5298011,16,61837
5300007,15,34861
5300007,16,61840
5302000,15,34855
5302000,16,61839
5303997,15,34886
5303997,16,61862
5306039,15,34872
5306039,16,61842
5308038,15,34865
5308038,16,61854
5310035,15,34843
5310035,16,61842
5312031,15,34877
5312031,16,61830
5314031,15,34881
5314031,16,61814
5316027,15,34846
5316027,16,61836
5318027,15,34870
5318027,16,61852
5320022,15,34842
5320022,16,61835
5322022,15,34852
5322022,16,61824
5324014,15,34864
5324014,16,61822
5326015,15,34860
5326015,16,61831
5328013,15,34852
5328013,16,61809
5330009,15,34844
5330009,16,61821
5332007,15,34853
5332007,16,61832
5334006,15,34856
5334006,16,61817
5335999,15,34856
5335999,16,61846
5338000,15,34868
5338000,16,61845
5340039,15,34854
5340039,16,61843
5342038,15,34849
5342038,16,61855
5344037,15,34866
5344037,16,61850
5346031,15,34856
5346031,16,61828
5348028,15,34866
5348028,16,61812
5350027,15,34855
5350027,16,61844
5352026,15,34873
5352026,16,61821
5354023,15,34863
5354023,16,61818
5356022,15,34867
5356022,16,61830
5358018,15,34874
5358018,16,61835
5360015,15,34872
5360015,16,61823
5362011,15,34873
5362011,16,61832
5364010,15,34873
5364010,16,61826
5366007,15,34860
5366007,16,61813
5368004,15,34878
5368004,16,61839
5370003,15,34851
5370003,16,61824
5372000,15,34867
5372000,16,61822
5374038,15,34845
5374038,16,61814
5376036,15,34867
5376036,16,61818
5378035,15,34867
5378035,16,61814
5380034,15,34861
5380034,16,61819
5382031,15,34860
5382031,16,61839
5384029,15,34852
5384029,16,61818
5386024,15,34839
5386024,16,61829
5388024,15,34869
5388024,16,61828
5390020,15,34859
5390020,16,61797
5392018,15,34862
5392018,16,61845
5394014,15,34848
5394014,16,61838
5396013,15,34838
5396013,16,61848
5398011,15,34853
5398011,16,61828
5400007,15,34871
5400007,16,61813
5402006,15,34865
5402006,16,61831
5404002,15,34867
5404002,16,61820
5406000,15,34860
5406000,16,61840
5408042,15,34889
5408042,16,61816
5410035,15,34855
5410035,16,61823
5412036,15,34856
5412036,16,61799
5414032,15,34857
5414032,16,61833
5416029,15,34867
5416029,16,61805
5418026,15,34864
5418026,16,61827
5420025,15,34856
5420025,16,61816
5422023,15,34844
5422023,16,61836
5424017,15,34862
5424017,16,61809
5426019,15,34862
5426019,16,61852
5428015,15,34857
5428015,16,61830
5430015,15,34850
5430015,16,61827
5432008,15,34851
5432008,16,61819
5434006,15,34869
5434006,16,61802
5436007,15,34861
5436007,16,61826
5438004,15,34853
5438004,16,61813
5440000,15,34858
5440000,16,61829
5442039,15,34887
5442039,16,61828
5444037,15,34859
5444037,16,61802
5446034,15,34888
5446034,16,61812
5448031,15,34840
5448031,16,61817
5450028,15,34878
5450028,16,61820
5452027,15,34841
5452027,16,61822
5454025,15,34851
5454025,16,61833
5456020,15,34859
5456020,16,61815
5458021,15,34857
5458021,16,61818
5460016,15,34864
5460016,16,61825
5462015,15,34861
5462015,16,61840
5464015,15,34872
5464015,16,61824
5466012,15,34849
5466012,16,61840
5468006,15,34868
5468006,16,61793
5470001,15,34860
5470001,16,61812
5472004,15,34864
5472004,16,61851
5474001,15,34849
5474001,16,61828
5476040,15,34871
5476040,16,61826
5478040,15,34852
5478040,16,61821
5480032,15,34861
5480032,16,61826
5482033,15,34877
5482033,16,61813
5484032,15,34872
5484032,16,61824
5486027,15,34857
5486027,16,61826
5488026,15,34868
5488026,16,61818
5490024,15,34859
5490024,16,61809
5492018,15,34854
5492018,16,61821
5494016,15,34851
5494016,16,61843
5496013,15,34838
5496013,16,61827
5498011,15,34875
5498011,16,61821
5500010,15,34871
5500010,16,61818
5502007,15,34843
5502007,16,61827
5504004,15,34869
5504004,16,61830
5506000,15,34858
5506000,16,61805
5507998,15,34869
5507998,16,61831
5510039,15,34857
5510039,16,61814
5512039,15,34839
5512039,16,61814
5514035,15,34872
5514035,16,61818
5516034,15,34861
5516034,16,61823
5518031,15,34871
5518031,16,61830
5520029,15,34841
5520029,16,61815
5522025,15,34856
5522025,16,61832
5524022,15,34842
5524022,16,61821
5526017,15,34864
5526017,16,61817
5528017,15,34841
5528017,16,61812
5530015,15,34856
5530015,16,61822
5532012,15,34848
5532012,16,61835
5534011,15,34871
5534011,16,61818
5536010,15,34861
5536010,16,61816
5538006,15,34843
5538006,16,61814
5540002,15,34838
5540002,16,61817
5542001,15,34866
5542001,16,61817
5544040,15,34843
5544040,16,61803
5546036,15,34858
5546036,16,61809
5548037,15,34855
5548037,16,61799
5550034,15,34870
5550034,16,61831
5552030,15,34849
5552030,16,61826
5554029,15,34850
5554029,16,61803
5556025,15,34862
5556025,16,61831
5558022,15,34855
5558022,16,61805
5560018,15,34851
5560018,16,61825
5562020,15,34862
5562020,16,61809
5564014,15,34856
5564014,16,61823
5566012,15,34855
5566012,16,61789
5568011,15,34847
5568011,16,61811
5570009,15,34853
5570009,16,61804
5572004,15,34846
5572004,16,61823
5574001,15,34852
5574001,16,61814
5576003,15,34858
5576003,16,61853
5578040,15,34852
5578040,16,61803
5580036,15,34855
5580036,16,61813
5582039,15,34855
5582039,16,61812
5584036,15,34868
5584036,16,61820
5586030,15,34869
5586030,16,61817
5588027,15,34842
5588027,16,61816
5590026,15,34869
5590026,16,61818
5592024,15,34857
5592024,16,61812
5594023,15,34849
5594023,16,61828
5596014,15,34857
5596014,16,61822
5598017,15,34860
5598017,16,61829
5600014,15,34844
5600014,16,61825
5602009,15,34855
5602009,16,61807
5604008,15,34862
5604008,16,61807
5606005,15,34852
5606005,16,61837
5608002,15,34875
5608002,16,61792
5609998,15,34847
5609998,16,61829
5612037,15,34831
5612037,16,61815
5614036,15,34856
5614036,16,61820
5616036,15,34834
5616036,16,61830
5618033,15,34855
5618033,16,61817
5620031,15,34846
5620031,16,61816
5622026,15,34835
5622026,16,61830
5624025,15,34853
5624025,16,61835
5626022,15,34874
5626022,16,61807
5628021,15,34858
5628021,16,61798
5630016,15,34856
5630016,16,61800
5632017,15,34850
5632017,16,61820
5634014,15,34862
5634014,16,61818
5636007,15,34866
5636007,16,61797
5638005,15,34848
5638005,16,61815
5640004,15,34874
5640004,16,61821
5642002,15,34847
5642002,16,61820
5643999,15,34855
5643999,16,61813
5646041,15,34852
5646041,16,61805
5648040,15,34859
5648040,16,61802
5650035,15,34855
5650035,16,61804
5652034,15,34863
5652034,16,61820
5654031,15,34826
5654031,16,61811
5656028,15,34839
5656028,16,61808
5658025,15,34860
5658025,16,61797
5660022,15,34860
5660022,16,61802
5662023,15,34868
5662023,16,61807
5664018,15,34863
5664018,16,61811
5666016,15,34847
5666016,16,61803
5668012,15,34841
5668012,16,61786
5670008,15,34851
5670008,16,61825
5672010,15,34837
5672010,16,61807
5674005,15,34852
5674005,16,61802
5675999,15,34846
5675999,16,61818
5677999,15,34846
5677999,16,61788
5680041,15,34848
5680041,16,61807
5682037,15,34849
5682037,16,61811
5684032,15,34855
5684032,16,61825
5686033,15,34841
5686033,16,61801
5688029,15,34844
5688029,16,61830
5690027,15,34867
5690027,16,61794
5692026,15,34845
5692026,16,61810
5694023,15,34847
5694023,16,61787
5696023,15,34839
5696023,16,61817
5698015,15,34855
5698015,16,61813
5700015,15,34843
5700015,16,61796
5702011,15,34859
5702011,16,61795
5704009,15,34858
5704009,16,61797
5706006,15,34873
5706006,16,61806
5708007,15,34867
5708007,16,61803
5710003,15,34853
5710003,16,61802
5711998,15,34859
5711998,16,61811
5714037,15,34855
5714037,16,61819
5716039,15,34857
5716039,16,61821
5718034,15,34854
5718034,16,61799
5720031,15,34840
5720031,16,61808
5722027,15,34866
5722027,16,61822
5724028,15,34850
5724028,16,61790
5726022,15,34860
5726022,16,61821
5728024,15,34851
5728024,16,61812
5730021,15,34852
5730021,16,61791
5732016,15,34855
5732016,16,61815
5734015,15,34833
5734015,16,61793
5736010,15,34849
5736010,16,61815
5738010,15,34846
5738010,16,61821
5740006,15,34862
5740006,16,61799
5742005,15,34834
5742005,16,61800
5744000,15,34851
5744000,16,61804
5746003,15,34853
5746003,16,61802
5748040,15,34860
5748040,16,61798
5750037,15,34867
5750037,16,61802
5752036,15,34844
5752036,16,61809
5754031,15,34854
5754031,16,61797
5756030,15,34851
5756030,16,61791
5758024,15,34852
5758024,16,61795
5760024,15,34842
5760024,16,61821
5762023,15,34840
5762023,16,61814
5764021,15,34862
5764021,16,61801
5766019,15,34859
5766019,16,61797
5768016,15,34845
5768016,16,61799
5770013,15,34869
5770013,16,61797
5772008,15,34841
5772008,16,61789
5774008,15,34839
5774008,16,61826
5776006,15,34847
5776006,16,61800
5778004,15,34854
5778004,16,61820
5779998,15,34859
5779998,16,61813
5782039,15,34849
5782039,16,61785
5784035,15,34848
5784035,16,61809
5786035,15,34839
5786035,16,61802
5788032,15,34852
5788032,16,61807
5790031,15,34849
5790031,16,61807
5792026,15,34847
5792026,16,61822
5794025,15,34855
5794025,16,61823
5796023,15,34842
5796023,16,61801
5798020,15,34839
5798020,16,61804
5800017,15,34842
5800017,16,61793
5802017,15,34855
5802017,16,61814
5804010,15,34878
5804010,16,61798
5806012,15,34838
5806012,16,61802
5808006,15,34847
5808006,16,61820
5810006,15,34858
5810006,16,61794
5812004,15,34852
5812004,16,61784
5814001,15,34870
5814001,16,61798
5816042,15,34844
5816042,16,61797
5818039,15,34848
5818039,16,61789
5820038,15,34848
5820038,16,61812
5822035,15,34847
5822035,16,61808
5824031,15,34842
5824031,16,61802
5826025,15,34846
5826025,16,61794
5828025,15,34844
5828025,16,61804
5830024,15,34858
5830024,16,61807
5832023,15,34832
5832023,16,61791
5834016,15,34841
5834016,16,61825
5836015,15,34861
5836015,16,61796
5838012,15,34867
5838012,16,61809
5840009,15,34867
5840009,16,61797
5842006,15,34863
5842006,16,61810
5844005,15,34866
5844005,16,61820
5846004,15,34870
5846004,16,61786
5848000,15,34839
5848000,16,61805
5850037,15,34866
5850037,16,61793
5852037,15,34845
5852037,16,61800
5854036,15,34845
5854036,16,61800
5856034,15,34829
5856034,16,61810
5858033,15,34844
5858033,16,61811
5860027,15,34840
5860027,16,61792
5862025,15,34845
5862025,16,61825
5864023,15,34846
5864023,16,61810
5866018,15,34843
5866018,16,61818
5868018,15,34845
5868018,16,61787
5870016,15,34840
5870016,16,61805
5872013,15,34844
5872013,16,61789
5874010,15,34849
5874010,16,61803
5876008,15,34851
5876008,16,61803
5878007,15,34844
5878007,16,61799
5880001,15,34836
5880001,16,61826
5882000,15,34844
5882000,16,61826
5884039,15,34851
5884039,16,61785
5886038,15,34856
5886038,16,61792
5888036,15,34858
5888036,16,61805
5890034,15,34836
5890034,16,61806
5892029,15,34846
5892029,16,61806
5894028,15,34839
5894028,16,61772
5896026,15,34851
5896026,16,61805
5898022,15,34839
5898022,16,61807
5900017,15,34844
5900017,16,61790
5902016,15,34839
5902016,16,61802
5904015,15,34857
5904015,16,61795
5906014,15,34838
5906014,16,61790
5908012,15,34851
5908012,16,61793
5910007,15,34849
5910007,16,61787
5912003,15,34847
5912003,16,61799
5914004,15,34859
5914004,16,61782
5916000,15,34832
5916000,16,61793
5918038,15,34837
5918038,16,61805
5920037,15,34858
5920037,16,61784
5922034,15,34862
5922034,16,61804
5924030,15,34835
5924030,16,61794
5926028,15,34837
5926028,16,61816
5928028,15,34851
5928028,16,61784
5930025,15,34837
5930025,16,61810
5932022,15,34839
5932022,16,61790
5934020,15,34839
5934020,16,61810
5936016,15,34839
5936016,16,61795
5938017,15,34849
5938017,16,61813
5940010,15,34859
5940010,16,61816
5942011,15,34846
5942011,16,61788
5944010,15,34855
5944010,16,61781
5946004,15,34855
5946004,16,61806
5948002,15,34864
5948002,16,61772
5949999,15,34843
5949999,16,61810
5952039,15,34845
5952039,16,61779
5954037,15,34836
5954037,16,61811
5956036,15,34843
5956036,16,61785
5958033,15,34847
5958033,16,61808
5960029,15,34843
5960029,16,61789
5962029,15,34857
5962029,16,61783
5964023,15,34837
5964023,16,61809
5966023,15,34859
5966023,16,61789
5968021,15,34841
5968021,16,61807
5970019,15,34833
5970019,16,61791
5972014,15,34839
5972014,16,61797
5974010,15,34866
5974010,16,61786
5976012,15,34830
5976012,16,61780
5978008,15,34818
5978008,16,61806
5980003,15,34851
5980003,16,61783
5982004,15,34827
5982004,16,61766
5984002,15,34831
5984002,16,61801
5986039,15,34832
5986039,16,61787
5988037,15,34846
5988037,16,61795
5990036,15,34844
5990036,16,61787
5992032,15,34857
5992032,16,61794
5994033,15,34841
5994033,16,61777
5996028,15,34841
5996028,16,61788
5998023,15,34833
5998023,16,61781
6000024,15,34840
6000024,16,61805
6002020,15,34837
6002020,16,61804
6004019,15,34843
6004019,16,61767
6006017,15,34838
6006017,16,61790
6008013,15,34834
6008013,16,61782
6010013,15,34870
6010013,16,61791
6012009,15,34839
6012009,16,61786
6014009,15,34832
6014009,16,61784
6016002,15,34830
6016002,16,61783
6018001,15,34841
6018001,16,61797
6020042,15,34815
6020042,16,61788
6022038,15,34834
6022038,16,61768
6024034,15,34837
6024034,16,61769
6026034,15,34844
6026034,16,61790
6028032,15,34836
6028032,16,61804
6030027,15,34841
6030027,16,61798
6032027,15,34822
6032027,16,61761
6034020,15,34844
6034020,16,61787
6036021,15,34860
6036021,16,61793
6038020,15,34828
6038020,16,61781
6040015,15,34835
6040015,16,61782
6042015,15,34818
6042015,16,61796
6044009,15,34815
6044009,16,61783
6046006,15,34828
6046006,16,61794
6048007,15,34806
6048007,16,61797
6050001,15,34843
6050001,16,61778
6051997,15,34866
6051997,16,61794
6054043,15,34852
6054043,16,61774
6056041,15,34856
6056041,16,61801
6058034,15,34830
6058034,16,61779
6060032,15,34835
6060032,16,61778
6062029,15,34830
6062029,16,61785
6064027,15,34861
6064027,16,61779
6066026,15,34825
6066026,16,61801
6068023,15,34848
6068023,16,61788
6070021,15,34842
6070021,16,61786
6072015,15,34850
6072015,16,61800
6074016,15,34832
6074016,16,61777
6076012,15,34839
6076012,16,61804
6078009,15,34843
6078009,16,61805
6080007,15,34864
6080007,16,61781
6082004,15,34852
6082004,16,61799
6084003,15,34836
6084003,16,61780
6086003,15,34846
6086003,16,61790
6088039,15,34847
6088039,16,61792
6090035,15,34844
6090035,16,61779
6092037,15,34863
6092037,16,61795
6094034,15,34835
6094034,16,61778
6096031,15,34829
6096031,16,61777
6098030,15,34819
6098030,16,61779
6100024,15,34831
6100024,16,61771
6102022,15,34852
6102022,16,61789
6104023,15,34833
6104023,16,61778
6106015,15,34839
6106015,16,61798
6108016,15,34853
6108016,16,61781
6110012,15,34839
6110012,16,61793
6112013,15,34833
6112013,16,61787
6114008,15,34832
6114008,16,61775
6116003,15,34828
6116003,16,61793
6118002,15,34856
6118002,16,61776
6120001,15,34828
6120001,16,61790
6122038,15,34834
6122038,16,61770
6124037,15,34841
6124037,16,61780
6126033,15,34862
6126033,16,61796
6128033,15,34844
6128033,16,61785
6130030,15,34819
6130030,16,61786
6132027,15,34843
6132027,16,61806
6134025,15,34820
6134025,16,61782
6136022,15,34841
6136022,16,61786
6138020,15,34859
6138020,16,61793
6140017,15,34854
6140017,16,61768
6142014,15,34832
6142014,16,61780
6144014,15,34837
6144014,16,61781
6146009,15,34856
6146009,16,61784
6148008,15,34821
6148008,16,61790
6150005,15,34841
6150005,16,61800
6152002,15,34820
6152002,16,61805
6153998,15,34827
6153998,16,61776
6156039,15,34844
6156039,16,61777
6158039,15,34839
6158039,16,61780
6160036,15,34829
6160036,16,61792
6162032,15,34848
6162032,16,61765
6164034,15,34826
6164034,16,61762
6166027,15,34849
6166027,16,61802
6168028,15,34827
6168028,16,61772
6170024,15,34828
6170024,16,61773
6172019,15,34835
6172019,16,61792
6174017,15,34841
6174017,16,61777
6176013,15,34854
6176013,16,61747
6178013,15,34817
6178013,16,61786
6180009,15,34836
6180009,16,61791
6182007,15,34831
6182007,16,61798
6184004,15,34840
6184004,16,61787
6186002,15,34844
6186002,16,61782
6188001,15,34839
6188001,16,61781
6190038,15,34851
6190038,16,61782
6192038,15,34859
6192038,16,61781
6194033,15,34843
6194033,16,61764
6196030,15,34834
6196030,16,61795
6198030,15,34850
6198030,16,61781
6200027,15,34847
6200027,16,61779
6202025,15,34848
6202025,16,61759
6204022,15,34818
6204022,16,61790
6206020,15,34853
6206020,16,61784
6208016,15,34825
6208016,16,61780
6210016,15,34841
6210016,16,61763
6212012,15,34837
6212012,16,61766
6214011,15,34822
6214011,16,61784
6216008,15,34831
6216008,16,61780
6218006,15,34838
6218006,16,61796
6220002,15,34833
6220002,16,61796
6222001,15,34835
6222001,16,61770
6224040,15,34844
6224040,16,61770
6226035,15,34821
6226035,16,61792
6228034,15,34838
6228034,16,61775
6230032,15,34845
6230032,16,61793
6232029,15,34823
6232029,16,61785
6234026,15,34807
6234026,16,61772
6236023,15,34828
6236023,16,61788
6238021,15,34848
6238021,16,61793
6240022,15,34849
6240022,16,61762
6242017,15,34828
6242017,16,61786
6244012,15,34844
6244012,16,61776
6246014,15,34834
6246014,16,61781
6248010,15,34827
6248010,16,61777
6250006,15,34829
6250006,16,61786
6252005,15,34842
6252005,16,61768
6254002,15,34854
6254002,16,61784
6256002,15,34838
6256002,16,61787
6258038,15,34834
6258038,16,61781
6260037,15,34838
6260037,16,61777
6262035,15,34812
6262035,16,61768
6264031,15,34824
6264031,16,61789
6266030,15,34837
6266030,16,61775
6268026,15,34843
6268026,16,61766
6270025,15,34822
6270025,16,61796
6272024,15,34849
6272024,16,61768
6274018,15,34829
6274018,16,61781
6276017,15,34831
6276017,16,61792
6278015,15,34846
6278015,16,61776
6280014,15,34858
6280014,16,61776
6282011,15,34843
6282011,16,61760
6284008,15,34810
6284008,16,61779
6286006,15,34829
6286006,16,61772
6288001,15,34838
6288001,16,61782
6290000,15,34834
6290000,16,61787
6292042,15,34819
6292042,16,61766
6294038,15,34844
6294038,16,61775
6296033,15,34839
6296033,16,61784
6298033,15,34845
6298033,16,61774
6300028,15,34843
6300028,16,61774
6302026,15,34848
6302026,16,61778
6304025,15,34825
6304025,16,61776
6306022,15,34814
6306022,16,61783
6308017,15,34824
6308017,16,61777
6310015,15,34834
6310015,16,61770
6312014,15,34829
6312014,16,61760
6314013,15,34807
6314013,16,61764
6316009,15,34834
6316009,16,61746
6318008,15,34815
6318008,16,61779
6320004,15,34831
6320004,16,61780
6322004,15,34829
6322004,16,61780
6324000,15,34820
6324000,16,61767
6326039,15,34821
6326039,16,61766
6328038,15,34834
6328038,16,61800
6330035,15,34830
6330035,16,61776
6332033,15,34831
6332033,16,61770
6334029,15,34842
6334029,16,61782
6336029,15,34847
6336029,16,61765
6338025,15,34849
6338025,16,61766
6340020,15,34830
6340020,16,61760
6342023,15,34823
6342023,16,61752
6344015,15,34834
6344015,16,61773
6346013,15,34833
6346013,16,61774
6348009,15,34833
6348009,16,61754
6350008,15,34822
6350008,16,61769
6352008,15,34838
6352008,16,61768
6354003,15,34826
6354003,16,61748
6356001,15,34820
6356001,16,61774
6358001,15,34854
6358001,16,61780
6360038,15,34831
6360038,16,61779
6362041,15,34813
6362041,16,61757
6364034,15,34822
6364034,16,61783
6366035,15,34817
6366035,16,61766
6368030,15,34821
6368030,16,61776
6370027,15,34818
6370027,16,61763
6372026,15,34833
6372026,16,61755
6374021,15,34825
6374021,16,61755
6376020,15,34833
6376020,16,61747
6378019,15,34832
6378019,16,61756
6380014,15,34833
6380014,16,61765
6382012,15,34819
6382012,16,61761
6384009,15,34823
6384009,16,61760
6386007,15,34845
6386007,16,61792
6388005,15,34833
6388005,16,61786
6390003,15,34846
6390003,16,61786
6392003,15,34813
6392003,16,61780
6394038,15,34827
6394038,16,61779
6396038,15,34834
6396038,16,61773
6398036,15,34832
6398036,16,61786
6400033,15,34829
6400033,16,61775
6402031,15,34819
6402031,16,61777
6404028,15,34840
6404028,16,61766
6406026,15,34816
6406026,16,61768
6408022,15,34841
6408022,16,61781
6410023,15,34811
6410023,16,61756
6412019,15,34848
6412019,16,61761
6414016,15,34809
6414016,16,61774
6416014,15,34830
6416014,16,61766
6418009,15,34816
6418009,16,61786
6420005,15,34830
6420005,16,61771
6422003,15,34829
6422003,16,61748
6424002,15,34818
6424002,16,61778
6425998,15,34839
6425998,16,61775
6428039,15,34823
6428039,16,61777
6430037,15,34819
6430037,16,61778
6432036,15,34809
6432036,16,61760
6434031,15,34825
6434031,16,61750
6436031,15,34821
6436031,16,61753
6438028,15,34822
6438028,16,61778
6440024,15,34821
6440024,16,61772
6442021,15,34837
6442021,16,61771
6444021,15,34842
6444021,16,61762
6446021,15,34843
6446021,16,61769
6448015,15,34810
6448015,16,61761
6450013,15,34809
6450013,16,61749
6452010,15,34826
6452010,16,61764
6454005,15,34848
6454005,16,61756
6456006,15,34829
6456006,16,61784
6458004,15,34805
6458004,16,61765
6459997,15,34830
6459997,16,61765
6462040,15,34836
6462040,16,61762
6464038,15,34848
6464038,16,61775
6466033,15,34841
6466033,16,61774
6468033,15,34836
6468033,16,61772
6470032,15,34799
6470032,16,61760
6472028,15,34829
6472028,16,61743
6474023,15,34831
6474023,16,61760
6476022,15,34816
6476022,16,61774
6478019,15,34816
6478019,16,61769
6480020,15,34831
6480020,16,61761
6482015,15,34814
6482015,16,61755
6484013,15,34838
6484013,16,61756
6486008,15,34824
6486008,16,61750
6488008,15,34829
6488008,16,61752
6490005,15,34816
6490005,16,61760
6492003,15,34848
6492003,16,61772
6494001,15,34822
6494001,16,61762
6496040,15,34838
6496040,16,61766
6498036,15,34851
6498036,16,61774
6500035,15,34832
6500035,16,61761
6502032,15,34832
6502032,16,61751
6504027,15,34823
6504027,16,61773
6506028,15,34836
6506028,16,61739
6508026,15,34832
6508026,16,61740
6510022,15,34813
6510022,16,61762
6512020,15,34837
6512020,16,61766
6514018,15,34805
6514018,16,61754
6516015,15,34827
6516015,16,61767
6518014,15,34822
6518014,16,61756
6520011,15,34819
6520011,16,61770
6522007,15,34842
6522007,16,61766
6524006,15,34833
6524006,16,61769
6526004,15,34820
6526004,16,61764
6528001,15,34814
6528001,16,61732
6530039,15,34818
6530039,16,61761
6532037,15,34817
6532037,16,61762
6534037,15,34822
6534037,16,61749
6536032,15,34836
6536032,16,61755
6538029,15,34813
6538029,16,61780
6540028,15,34815
6540028,16,61772
6542028,15,34815
6542028,16,61765
6544021,15,34832
6544021,16,61763
6546021,15,34834
6546021,16,61746
6548021,15,34828
6548021,16,61740
6550016,15,34814
6550016,16,61756
6552012,15,34825
6552012,16,61754
6554009,15,34815
6554009,16,61755
6556007,15,34807
6556007,16,61765
6558007,15,34816
6558007,16,61754
6560002,15,34828
6560002,16,61756
6561996,15,34823
6561996,16,61780
6564041,15,34812
6564041,16,61746
6566038,15,34808
6566038,16,61748
6568035,15,34802
6568035,16,61761
6570033,15,34816
6570033,16,61760
6572030,15,34808
6572030,16,61784
6574027,15,34824
6574027,16,61769
6576024,15,34825
6576024,16,61773
6578023,15,34806
6578023,16,61733
6580021,15,34839
6580021,16,61759
6582016,15,34823
6582016,16,61750
6584012,15,34823
6584012,16,61761
6586011,15,34824
6586011,16,61762
6588012,15,34824
6588012,16,61769
6590008,15,34842
6590008,16,61747
6592008,15,34823
6592008,16,61755
6594004,15,34827
6594004,16,61766
6595997,15,34810
6595997,16,61744
6598040,15,34833
6598040,16,61764
6600034,15,34826
6600034,16,61744
6602033,15,34801
6602033,16,61768
6604030,15,34822
6604030,16,61754
6606031,15,34794
6606031,16,61772
6608028,15,34839
6608028,16,61754
6610028,15,34835
6610028,16,61776
6612025,15,34809
6612025,16,61773
6614019,15,34826
6614019,16,61768
6616017,15,34821
6616017,16,61749
6618014,15,34813
6618014,16,61755
6620017,15,34825
6620017,16,61749
6622012,15,34808
6622012,16,61770
6624007,15,34820
6624007,16,61770
6626006,15,34815
6626006,16,61741
6628004,15,34817
6628004,16,61778
6630001,15,34827
6630001,16,61753
6632039,15,34809
6632039,16,61769
6634039,15,34811
6634039,16,61737
6636037,15,34819
6636037,16,61776
6638033,15,34818
6638033,16,61748
6640030,15,34819
6640030,16,61775
6642027,15,34826
6642027,16,61742
6644026,15,34834
6644026,16,61768
6646021,15,34818
6646021,16,61751
6648024,15,34836
6648024,16,61753
6650014,15,34832
6650014,16,61774
6652015,15,34818
6652015,16,61761
6654013,15,34818
6654013,16,61749
6656008,15,34800
6656008,16,61762
6658007,15,34822
6658007,16,61735
6660006,15,34819
6660006,16,61723
6662002,15,34798
6662002,16,61757
6663998,15,34825
6663998,16,61738
6666038,15,34807
6666038,16,61762
6668037,15,34819
6668037,16,61752
6670036,15,34814
6670036,16,61774
6672033,15,34849
6672033,16,61762
6674029,15,34826
6674029,16,61753
6676029,15,34810
6676029,16,61758
6678025,15,34814
6678025,16,61756
6680024,15,34833
6680024,16,61757
6682023,15,34814
6682023,16,61765
6684019,15,34802
6684019,16,61740
6686013,15,34826
6686013,16,61765
6688012,15,34819
6688012,16,61743
6690008,15,34815
6690008,16,61763
6692006,15,34826
6692006,16,61747
6694007,15,34826
6694007,16,61746
6696002,15,34825
6696002,16,61730
6697999,15,34805
6697999,16,61755
6700041,15,34825
6700041,16,61749
6702035,15,34826
6702035,16,61761
6704036,15,34832
6704036,16,61743
6706035,15,34821
6706035,16,61746
6708030,15,34816
6708030,16,61765
6710029,15,34837
6710029,16,61757
6712025,15,34832
6712025,16,61766
6714023,15,34823
6714023,16,61758
6716022,15,34810
6716022,16,61760
6718015,15,34824
6718015,16,61760
6720014,15,34820
6720014,16,61748
6722012,15,34826
6722012,16,61741
6724008,15,34823
6724008,16,61750
6726005,15,34822
6726005,16,61736
6728003,15,34821
6728003,16,61743
6730002,15,34819
6730002,16,61769
6732001,15,34835
6732001,16,61756
6734037,15,34805
6734037,16,61755
6736037,15,34834
6736037,16,61758
6738033,15,34818
6738033,16,61766
6740034,15,34791
6740034,16,61739
6742029,15,34834
6742029,16,61772
6744029,15,34819
6744029,16,61749
6746027,15,34826
6746027,16,61747
6748022,15,34815
6748022,16,61756
6750019,15,34824
6750019,16,61745
6752014,15,34816
6752014,16,61751
6754015,15,34813
6754015,16,61753
6756012,15,34810
6756012,16,61745
6758011,15,34822
6758011,16,61746
6760008,15,34829
6760008,16,61746
6762004,15,34828
6762004,16,61734
6764001,15,34818
6764001,16,61730
6766000,15,34811
6766000,16,61747
6768040,15,34815
6768040,16,61731
6770040,15,34825
6770040,16,61744
6772037,15,34806
6772037,16,61751
6774032,15,34815
6774032,16,61734
6776032,15,34820
6776032,16,61740
6778030,15,34822
6778030,16,61733
6780025,15,34835
6780025,16,61748
6782024,15,34803
6782024,16,61742
6784021,15,34821
6784021,16,61743
6786017,15,34800
6786017,16,61760
6788017,15,34823
6788017,16,61735
6790010,15,34808
6790010,16,61766
6792009,15,34830
6792009,16,61749
6794007,15,34818
6794007,16,61744
6796003,15,34828
6796003,16,61764
6798005,15,34812
6798005,16,61756
6799999,15,34799
6799999,16,61734
6802040,15,34813
6802040,16,61754
6804038,15,34803
6804038,16,61739
6806034,15,34799
6806034,16,61735
6808032,15,34821
6808032,16,61730
6810029,15,34812
6810029,16,61743
6812026,15,34805
6812026,16,61726
6814026,15,34818
6814026,16,61740
6816021,15,34809
6816021,16,61746
6818023,15,34834
6818023,16,61727
6820015,15,34797
6820015,16,61737
6822015,15,34818
6822015,16,61758
6824013,15,34821
6824013,16,61748
6826011,15,34819
6826011,16,61765
6828008,15,34812
6828008,16,61737
6830004,15,34802
6830004,16,61746
6832003,15,34808
6832003,16,61763
6833999,15,34833
6833999,16,61768
6836037,15,34833
6836037,16,61765
6838037,15,34812
6838037,16,61737
6840033,15,34810
6840033,16,61755
6842034,15,34811
6842034,16,61742
6844029,15,34811
6844029,16,61745
6846026,15,34823
6846026,16,61747
6848025,15,34825
6848025,16,61736
6850023,15,34819
6850023,16,61745
6852020,15,34815
6852020,16,61731
6854017,15,34813
6854017,16,61750
6856016,15,34834
6856016,16,61748
6858013,15,34815
6858013,16,61757
6860010,15,34818
6860010,16,61746
6862008,15,34804
6862008,16,61747
6864006,15,34841
6864006,16,61732
6866001,15,34834
6866001,16,61729
6868001,15,34834
6868001,16,61750
6870040,15,34805
6870040,16,61750
6872040,15,34807
6872040,16,61746
6874035,15,34808
6874035,16,61729
6876032,15,34810
6876032,16,61727
6878029,15,34815
6878029,16,61731
6880027,15,34832
6880027,16,61731
6882027,15,34812
6882027,16,61721
6884022,15,34824
6884022,16,61756
6886021,15,34825
6886021,16,61753
6888017,15,34824
6888017,16,61735
6890015,15,34802
6890015,16,61735
6892012,15,34817
6892012,16,61731
6894010,15,34805
6894010,16,61745
6896005,15,34792
6896005,16,61753
6898008,15,34811
6898008,16,61737
6900004,15,34822
6900004,16,61731
6902002,15,34802
6902002,16,61757
6904039,15,34814
6904039,16,61754
6906037,15,34803
6906037,16,61731
6908035,15,34806
6908035,16,61756
6910033,15,34802
6910033,16,61742
6912031,15,34799
6912031,16,61750
6914030,15,34807
6914030,16,61735
6916028,15,34817
6916028,16,61742
6918022,15,34809
6918022,16,61733
6920020,15,34808
6920020,16,61735
6922015,15,34806
6922015,16,61742
6924014,15,34809
6924014,16,61731
6926014,15,34826
6926014,16,61740
6928008,15,34833
6928008,16,61721
6930008,15,34822
6930008,16,61744
6932005,15,34811
6932005,16,61723
6934003,15,34820
6934003,16,61732
6936001,15,34809
6936001,16,61725
6938041,15,34813
6938041,16,61744
6940037,15,34805
6940037,16,61731
6942036,15,34817
6942036,16,61757
6944032,15,34835
6944032,16,61747
6946030,15,34805
6946030,16,61724
6948030,15,34800
6948030,16,61747
6950026,15,34816
6950026,16,61742
6952022,15,34823
6952022,16,61738
6954020,15,34815
6954020,16,61733
6956019,15,34814
6956019,16,61732
6958016,15,34812
6958016,16,61739
6960015,15,34822
6960015,16,61719
6962008,15,34812
6962008,16,61748
6964006,15,34823
6964006,16,61744
6966003,15,34812
6966003,16,61758
6968003,15,34811
6968003,16,61742
6969998,15,34819
6969998,16,61744
6972043,15,34833
6972043,16,61737
6974038,15,34806
6974038,16,61715
6976036,15,34808
6976036,16,61747
6978033,15,34808
6978033,16,61737
6980030,15,34819
6980030,16,61716
6982029,15,34817
6982029,16,61744
6984026,15,34810
6984026,16,61757
6986023,15,34818
6986023,16,61760
6988020,15,34798
6988020,16,61744
6990014,15,34802
6990014,16,61725
6992012,15,34795
6992012,16,61722
6994012,15,34819
6994012,16,61724
6996009,15,34825
6996009,16,61737
6998009,15,34816
6998009,16,61732
7000005,15,34827
7000005,16,61742
7002004,15,34809
7002004,16,61745
7003999,15,34817
7003999,16,61733
7006040,15,34794
7006040,16,61736
7008037,15,34818
7008037,16,61726
7010036,15,34810
7010036,16,61737
7012034,15,34827
7012034,16,61729
7014030,15,34831
7014030,16,61751
7016026,15,34801
7016026,16,61729
7018026,15,34797
7018026,16,61748
7020021,15,34825
7020021,16,61746
7022019,15,34779
7022019,16,61740
7024016,15,34815
7024016,16,61705
7026014,15,34806
7026014,16,61752
7028012,15,34813
7028012,16,61736
7030009,15,34801
7030009,16,61759
7032009,15,34801
7032009,16,61738
7034004,15,34798
7034004,16,61737
7036003,15,34796
7036003,16,61732
7038000,15,34801
7038000,16,61735
7040041,15,34813
7040041,16,61730
7042040,15,34805
7042040,16,61735
7044034,15,34811
7044034,16,61755
7046032,15,34811
7046032,16,61714
7048030,15,34810
7048030,16,61723
7050026,15,34822
7050026,16,61739
7052024,15,34775
7052024,16,61720
7054023,15,34811
7054023,16,61720
7056023,15,34810
7056023,16,61737
7058017,15,34805
7058017,16,61712
7060015,15,34818
7060015,16,61729
7062013,15,34814
7062013,16,61747
7064010,15,34808
7064010,16,61719
7066008,15,34812
7066008,16,61735
7068007,15,34812
7068007,16,61719
7070004,15,34802
7070004,16,61733
7072003,15,34809
7072003,16,61734
7074041,15,34812
7074041,16,61725
7076038,15,34805
7076038,16,61742
7078035,15,34795
7078035,16,61750
7080032,15,34825
7080032,16,61726
7082030,15,34784
7082030,16,61712
7084028,15,34795
7084028,16,61746
7086027,15,34794
7086027,16,61733
7088024,15,34811
7088024,16,61724
7090020,15,34798
7090020,16,61702
7092018,15,34795
7092018,16,61731
7094016,15,34790
7094016,16,61739
7096012,15,34799
7096012,16,61742
7098009,15,34790
7098009,16,61734
7100005,15,34790
7100005,16,61729
7102004,15,34810
7102004,16,61733
7104001,15,34793
7104001,16,61718
7105999,15,34820
7105999,16,61726
7108043,15,34814
7108043,16,61721
7110036,15,34812
7110036,16,61711
7112034,15,34829
7112034,16,61740
7114032,15,34826
7114032,16,61743
7116033,15,34796
7116033,16,61736
7118029,15,34786
7118029,16,61727
7120026,15,34810
7120026,16,61738
7122023,15,34791
7122023,16,61735
7124019,15,34812
7124019,16,61726
7126016,15,34808
7126016,16,61722
7128016,15,34804
7128016,16,61724
7130011,15,34799
7130011,16,61744
7132009,15,34815
7132009,16,61731
7134008,15,34806
7134008,16,61747
7136007,15,34793
7136007,16,61706
7138003,15,34811
7138003,16,61706
7140000,15,34789
7140000,16,61721
7142041,15,34807
7142041,16,61716
7144039,15,34804
7144039,16,61709
7146033,15,34818
7146033,16,61750
7148034,15,34808
7148034,16,61713
7150030,15,34792
7150030,16,61728
7152026,15,34791
7152026,16,61732
7154024,15,34807
7154024,16,61748
7156023,15,34804
7156023,16,61721
7158018,15,34813
7158018,16,61746
7160019,15,34819
7160019,16,61728
7162014,15,34813
7162014,16,61722
7164013,15,34807
7164013,16,61731
7166011,15,34817
7166011,16,61748
7168007,15,34823
7168007,16,61727
7170007,15,34808
7170007,16,61721
7172003,15,34806
7172003,16,61741
7174001,15,34813
7174001,16,61718
7176038,15,34791
7176038,16,61738
7178037,15,34802
7178037,16,61723
7180035,15,34813
7180035,16,61726
7182033,15,34811
7182033,16,61719
7184030,15,34794
7184030,16,61733
7186027,15,34788
7186027,16,61731
7188024,15,34786
7188024,16,61748
7190022,15,34794
7190022,16,61710
7192020,15,34793
7192020,16,61733
7194020,15,34815
7194020,16,61728
7196015,15,34812
7196015,16,61713
7198014,15,34815
7198014,16,61741
7200008,15,34806
7200008,16,61716
7202004,15,34804
7202004,16,61728
7204004,15,34805
7204004,16,61738
7206004,15,34780
7206004,16,61731
7208002,15,34806
7208002,16,61731
7210042,15,34800
7210042,16,61720
7212039,15,34795
7212039,16,61727
7214034,15,34807
7214034,16,61741
7216032,15,34798
7216032,16,61710
7218029,15,34829
7218029,16,61725
7220025,15,34793
7220025,16,61731
7222025,15,34779
7222025,16,61717
7224023,15,34796
7224023,16,61722
7226021,15,34788
7226021,16,61728
7228018,15,34784
7228018,16,61720
7230015,15,34813
7230015,16,61710
7232014,15,34797
7232014,16,61726
7234011,15,34811
7234011,16,61721
7236007,15,34791
7236007,16,61732
7238005,15,34772
7238005,16,61724
7240004,15,34791
7240004,16,61727
7241999,15,34793
7241999,16,61728
7244041,15,34785
7244041,16,61723
7246038,15,34828
7246038,16,61746
7248033,15,34796
7248033,16,61722
7250033,15,34802
7250033,16,61731
7252030,15,34793
7252030,16,61730
7254026,15,34801
7254026,16,61716
7256025,15,34795
7256025,16,61719
7258017,15,34813
7258017,16,61713
7260022,15,34776
7260022,16,61731
7262019,15,34816
7262019,16,61718
7264014,15,34797
7264014,16,61730
7266013,15,34783
7266013,16,61744
7268011,15,34817
7268011,16,61714
7270011,15,34798
7270011,16,61714
7272003,15,34806
7272003,16,61713
7274001,15,34820
7274001,16,61739
7276000,15,34814
7276000,16,61729
7278040,15,34791
7278040,16,61738
7280038,15,34793
7280038,16,61722
7282034,15,34803
7282034,16,61732
7284034,15,34793
7284034,16,61705
7286028,15,34810
7286028,16,61719
7288026,15,34797
7288026,16,61708
7290026,15,34801
7290026,16,61718
7292020,15,34802
7292020,16,61724
7294018,15,34796
7294018,16,61727
7296019,15,34804
7296019,16,61723
7298016,15,34809
7298016,16,61714
7300009,15,34797
7300009,16,61714
7302013,15,34796
7302013,16,61681
7304007,15,34790
7304007,16,61713
7306003,15,34810
7306003,16,61721
7308001,15,34794
7308001,16,61732
7310000,15,34802
7310000,16,61697
7312041,15,34795
7312041,16,61713
7314039,15,34804
7314039,16,61727
7316034,15,34794
7316034,16,61717
7318031,15,34812
7318031,16,61720
7320029,15,34801
7320029,16,61727
7322029,15,34798
7322029,16,61718
7324024,15,34822
7324024,16,61706
7326020,15,34814
7326020,16,61711
7328019,15,34812
7328019,16,61697
7330019,15,34790
7330019,16,61718
7332013,15,34794
7332013,16,61702
7334014,15,34819
7334014,16,61716
7336012,15,34798
7336012,16,61739
7338010,15,34802
7338010,16,61708
7340004,15,34800
7340004,16,61735
7342003,15,34777
7342003,16,61714
7344000,15,34805
7344000,16,61720
7346045,15,34800
7346045,16,61716
7348037,15,34788
7348037,16,61705
7350035,15,34803
7350035,16,61712
7352033,15,34805
7352033,16,61717
7354033,15,34798
7354033,16,61712
7356027,15,34780
7356027,16,61715
7358023,15,34797
7358023,16,61719
7360020,15,34797
7360020,16,61737
7362017,15,34798
7362017,16,61734
7364017,15,34801
7364017,16,61705
7366014,15,34804
7366014,16,61701
7368015,15,34796
7368015,16,61718
7370009,15,34804
7370009,16,61703
7372007,15,34799
7372007,16,61715
7374004,15,34801
7374004,16,61723
7376003,15,34800
7376003,16,61736
7378003,15,34781
7378003,16,61713
7380040,15,34810
7380040,16,61716
7382037,15,34810
7382037,16,61719
7384034,15,34809
7384034,16,61707
7386030,15,34803
7386030,16,61709
7388033,15,34790
7388033,16,61706
7390027,15,34795
7390027,16,61699
7392024,15,34771
7392024,16,61719
7394019,15,34783
7394019,16,61719
7396019,15,34788
7396019,16,61705
7398017,15,34809
7398017,16,61708
7400013,15,34781
7400013,16,61704
7402015,15,34805
7402015,16,61717
7404006,15,34786
7404006,16,61724
7406005,15,34806
7406005,16,61708
7408005,15,34786
7408005,16,61719
7410004,15,34801
7410004,16,61695
7411997,15,34782
7411997,16,61701
7414040,15,34787
7414040,16,61719
7416034,15,34801
7416034,16,61729
7418036,15,34796
7418036,16,61704
7420032,15,34795
7420032,16,61709
7422034,15,34773
7422034,16,61713
7424028,15,34788
7424028,16,61710
7426023,15,34788
7426023,16,61725
7428021,15,34807
7428021,16,61714
7430019,15,34773
7430019,16,61740
7432017,15,34806
7432017,16,61704
7434018,15,34791
7434018,16,61718
7436012,15,34786
7436012,16,61721
7438009,15,34774
7438009,16,61720
7440009,15,34755
7440009,16,61715
7442004,15,34778
7442004,16,61705
7444002,15,34819
7444002,16,61700
7446001,15,34787
7446001,16,61728
7448038,15,34800
7448038,16,61728
7450037,15,34802
7450037,16,61701
7452035,15,34799
7452035,16,61705
7454033,15,34801
7454033,16,61719
7456031,15,34795
7456031,16,61731
7458027,15,34789
7458027,16,61707
7460025,15,34797
7460025,16,61714
7462023,15,34806
7462023,16,61703
7464020,15,34792
7464020,16,61721
7466020,15,34784
7466020,16,61707
7468015,15,34799
7468015,16,61723
7470013,15,34782
7470013,16,61707
7472011,15,34806
7472011,16,61712
7474008,15,34797
7474008,16,61727
7476007,15,34791
7476007,16,61699
7478004,15,34802
7478004,16,61709
7480000,15,34801
7480000,16,61726
7482041,15,34775
7482041,16,61705
7484036,15,34806
7484036,16,61710
7486036,15,34816
7486036,16,61707
7488035,15,34797
7488035,16,61717
7490031,15,34778
7490031,16,61683
7492028,15,34805
7492028,16,61699
7494024,15,34790
7494024,16,61728
7496021,15,34793
7496021,16,61715
7498022,15,34807
7498022,16,61700
7500016,15,34800
7500016,16,61707
7502018,15,34797
7502018,16,61698
7504012,15,34797
7504012,16,61684
7506011,15,34786
7506011,16,61685
7508010,15,34792
7508010,16,61714
7510005,15,34784
7510005,16,61695
7512003,15,34776
7512003,16,61699
7514000,15,34793
7514000,16,61696
7516042,15,34802
7516042,16,61705
7518037,15,34784
7518037,16,61725
7520037,15,34805
7520037,16,61693
7522031,15,34809
7522031,16,61707
7524030,15,34805
7524030,16,61713
7526028,15,34805
7526028,16,61712
7528024,15,34801
7528024,16,61708
7530022,15,34785
7530022,16,61701
7532020,15,34806
7532020,16,61712
7534017,15,34804
7534017,16,61703
7536014,15,34797
7536014,16,61713
7538010,15,34793
7538010,16,61710
7540009,15,34811
7540009,16,61707
7542011,15,34771
7542011,16,61710
7544006,15,34791
7544006,16,61723
7546002,15,34813
7546002,16,61713
7548000,15,34789
7548000,16,61701
7550040,15,34814
7550040,16,61709
7552038,15,34816
7552038,16,61702
7554034,15,34809
7554034,16,61708
7556032,15,34800
7556032,16,61692
7558029,15,34781
7558029,16,61717
7560029,15,34778
7560029,16,61687
7562022,15,34805
7562022,16,61708
7564024,15,34795
7564024,16,61723
7566019,15,34794
7566019,16,61718
7568019,15,34788
7568019,16,61720
7570018,15,34785
7570018,16,61704
7572013,15,34784
7572013,16,61702
7574010,15,34812
7574010,16,61712
7576006,15,34792
7576006,16,61707
7578007,15,34788
7578007,16,61704
7580001,15,34788
7580001,16,61679
7582001,15,34813
7582001,16,61702
7584040,15,34776
7584040,16,61699
7586037,15,34800
7586037,16,61696
7588035,15,34804
7588035,16,61717
7590034,15,34788
7590034,16,61703
7592031,15,34788
7592031,16,61710
7594027,15,34799
7594027,16,61696
7596024,15,34789
7596024,16,61712
7598024,15,34799
7598024,16,61714
7600021,15,34789
7600021,16,61701
7602019,15,34788
7602019,16,61706
7604015,15,34776
7604015,16,61691
7606012,15,34797
7606012,16,61719
7608010,15,34796
7608010,16,61706
7610008,15,34782
7610008,16,61688
7612004,15,34790
7612004,16,61729
7614002,15,34784
7614002,16,61729
7615998,15,34803
7615998,16,61710
7618039,15,34784
7618039,16,61691
7620038,15,34787
7620038,16,61701
7622036,15,34807
7622036,16,61712
7624032,15,34792
7624032,16,61715
7626030,15,34799
7626030,16,61693
7628025,15,34794
7628025,16,61695
7630027,15,34802
7630027,16,61705
7632020,15,34798
7632020,16,61683
7634018,15,34794
7634018,16,61693
7636015,15,34788
7636015,16,61701
7638016,15,34789
7638016,16,61711
7640014,15,34800
7640014,16,61697
7642010,15,34771
7642010,16,61722
7644008,15,34789
7644008,16,61696
7646005,15,34770
7646005,16,61702
7648000,15,34803
7648000,16,61679
7650000,15,34793
7650000,16,61695
7652040,15,34802
7652040,16,61697
7654038,15,34803
7654038,16,61697
7656032,15,34793
7656032,16,61709
7658030,15,34777
7658030,16,61722
7660030,15,34774
7660030,16,61697
7662029,15,34783
7662029,16,61718
7664024,15,34789
7664024,16,61692
7666026,15,34792
7666026,16,61705
7668020,15,34787
7668020,16,61707
7670017,15,34792
7670017,16,61712
7672015,15,34801
7672015,16,61690
7674014,15,34767
7674014,16,61698
7676012,15,34797
7676012,16,61687
7678006,15,34780
7678006,16,61727
7680005,15,34790
7680005,16,61705
7682003,15,34791
7682003,16,61697
7683999,15,34777
7683999,16,61693
7686038,15,34798
7686038,16,61702
7688040,15,34773
7688040,16,61710
7690034,15,34787
7690034,16,61688
7692033,15,34777
7692033,16,61695
7694030,15,34785
7694030,16,61688
7696028,15,34793
7696028,16,61699
7698026,15,34781
7698026,16,61685
7700024,15,34781
7700024,16,61698
7702020,15,34797
7702020,16,61704
7704020,15,34790
7704020,16,61693
7706015,15,34790
7706015,16,61704
7708011,15,34806
7708011,16,61689
7710011,15,34765
7710011,16,61691
7712010,15,34768
7712010,16,61691
7714004,15,34779
7714004,16,61677
7716000,15,34789
7716000,16,61681
7717999,15,34786
7717999,16,61694
7720041,15,34786
7720041,16,61694
7722037,15,34801
7722037,16,61694
7724036,15,34791
7724036,16,61697
7726031,15,34783
7726031,16,61690
7728033,15,34780
7728033,16,61696
7730028,15,34785
7730028,16,61686
7732025,15,34781
7732025,16,61691
7734022,15,34783
7734022,16,61691
7736021,15,34802
7736021,16,61687
7738017,15,34810
7738017,16,61684
7740018,15,34782
7740018,16,61674
7742012,15,34786
7742012,16,61702
7744012,15,34784
7744012,16,61690
7746005,15,34783
7746005,16,61675
7748003,15,34791
7748003,16,61720
7750005,15,34778
7750005,16,61698
7752000,15,34794
7752000,16,61703
7754040,15,34800
7754040,16,61695
7756038,15,34779
7756038,16,61687
7758036,15,34784
7758036,16,61696
7760031,15,34783
7760031,16,61689
7762029,15,34788
7762029,16,61699
7764028,15,34764
7764028,16,61702
7766029,15,34811
7766029,16,61690
7768021,15,34805
7768021,16,61702
7770019,15,34782
7770019,16,61700
7772018,15,34798
7772018,16,61698
7774016,15,34794
7774016,16,61677
7776011,15,34787
7776011,16,61687
7778009,15,34785
7778009,16,61676
7780006,15,34788
7780006,16,61679
7782004,15,34762
7782004,16,61699
7784001,15,34791
7784001,16,61692
7785999,15,34780
7785999,16,61688
7788040,15,34778
7788040,16,61682
7790040,15,34797
7790040,16,61695
7792034,15,34796
7792034,16,61687
7794031,15,34792
7794031,16,61682
7796033,15,34800
7796033,16,61704
7798031,15,34787
7798031,16,61691
7800026,15,34790
7800026,16,61679
7802024,15,34795
7802024,16,61705
7804018,15,34780
7804018,16,61675
7806020,15,34795
7806020,16,61698
7808015,15,34782
7808015,16,61703
7810013,15,34755
7810013,16,61697
7812006,15,34785
7812006,16,61664
7814009,15,34814
7814009,16,61699
7816003,15,34786
7816003,16,61726
7818002,15,34799
7818002,16,61688
7819999,15,34792
7819999,16,61672
7822040,15,34802
7822040,16,61700
7824037,15,34770
7824037,16,61670
7826037,15,34778
7826037,16,61682
7828035,15,34785
7828035,16,61682
7830029,15,34784
7830029,16,61701
7832028,15,34774
7832028,16,61688
7834028,15,34771
7834028,16,61680
7836023,15,34774
7836023,16,61699
7838019,15,34802
7838019,16,61690
7840017,15,34779
7840017,16,61699
7842015,15,34772
7842015,16,61677
7844011,15,34765
7844011,16,61700
7846008,15,34785
7846008,16,61688
7848010,15,34787
7848010,16,61697
7850004,15,34779
7850004,16,61687
7852004,15,34774
7852004,16,61691
7853998,15,34778
7853998,16,61673
7856039,15,34787
7856039,16,61676
7858036,15,34783
7858036,16,61690
7860037,15,34785
7860037,16,61692
7862033,15,34781
7862033,16,61668
7864028,15,34792
7864028,16,61693
7866026,15,34769
7866026,16,61683
7868023,15,34775
7868023,16,61681
7870022,15,34793
7870022,16,61680
7872020,15,34751
7872020,16,61693
7874018,15,34774
7874018,16,61670
7876012,15,34779
7876012,16,61669
7878014,15,34788
7878014,16,61678
7880010,15,34783
7880010,16,61680
7882006,15,34750
7882006,16,61666
7884005,15,34791
7884005,16,61701
7886001,15,34777
7886001,16,61691
7888001,15,34782
7888001,16,61690
7890040,15,34779
7890040,16,61670
7892037,15,34793
7892037,16,61678
7894035,15,34797
7894035,16,61678
7896031,15,34795
7896031,16,61666
7898030,15,34797
7898030,16,61679
7900028,15,34754
7900028,16,61690
7902024,15,34765
7902024,16,61696
7904023,15,34793
7904023,16,61708
7906022,15,34775
7906022,16,61683
7908017,15,34779
7908017,16,61681
7910014,15,34783
7910014,16,61698
7912012,15,34771
7912012,16,61670
7914012,15,34777
7914012,16,61693
7916007,15,34785
7916007,16,61695
7918004,15,34779
7918004,16,61669
7920004,15,34772
7920004,16,61690
7921997,15,34778
7921997,16,61674
7924043,15,34777
7924043,16,61686
7926038,15,34763
7926038,16,61677
7928035,15,34779
7928035,16,61696
7930031,15,34788
7930031,16,61700
7932032,15,34782
7932032,16,61690
7934031,15,34781
7934031,16,61695
7936025,15,34789
7936025,16,61667
7938020,15,34792
7938020,16,61690
7940021,15,34780
7940021,16,61690
7942018,15,34757
7942018,16,61674
7944012,15,34775
7944012,16,61669
7946011,15,34805
7946011,16,61663
7948011,15,34785
7948011,16,61690
7950009,15,34777
7950009,16,61685
7952006,15,34755
7952006,16,61665
7954001,15,34769
7954001,16,61656
7956000,15,34759
7956000,16,61673
7958042,15,34791
7958042,16,61674
7960034,15,34775
7960034,16,61692
7962037,15,34760
7962037,16,61678
7964031,15,34803
7964031,16,61674
7966030,15,34780
7966030,16,61662
7968027,15,34786
7968027,16,61678
7970025,15,34768
7970025,16,61699
7972023,15,34774
7972023,16,61669
7974018,15,34787
7974018,16,61668
7976018,15,34763
7976018,16,61651
7978017,15,34771
7978017,16,61678
7980013,15,34773
7980013,16,61686
7982013,15,34775
7982013,16,61698
7984007,15,34780
7984007,16,61666
7986003,15,34774
7986003,16,61662
7988004,15,34778
7988004,16,61682
7990000,15,34763
7990000,16,61671
7992042,15,34798
7992042,16,61692
7994039,15,34800
7994039,16,61677
7996033,15,34777
7996033,16,61670
7998034,15,34775
7998034,16,61684
8000031,15,34784
8000031,16,61677
8002027,15,34780
8002027,16,61666
8004026,15,34788
8004026,16,61685
8006023,15,34791
8006023,16,61686
8008018,15,34789
8008018,16,61674
8010016,15,34787
8010016,16,61683
8012018,15,34792
8012018,16,61671
8014013,15,34771
8014013,16,61666
8016007,15,34779
8016007,16,61697
8018005,15,34788
8018005,16,61682
8020004,15,34776
8020004,16,61670
8022002,15,34777
8022002,16,61674
8024001,15,34798
8024001,16,61694
8026041,15,34794
8026041,16,61682
8028038,15,34781
8028038,16,61704
8030036,15,34765
8030036,16,61670
8032034,15,34774
8032034,16,61671
8034029,15,34803
8034029,16,61670
8036029,15,34777
8036029,16,61685
8038025,15,34777
8038025,16,61682
8040021,15,34766
8040021,16,61671
8042022,15,34762
8042022,16,61678
8044017,15,34776
8044017,16,61673
8046016,15,34776
8046016,16,61675
8048012,15,34805
8048012,16,61692
8050006,15,34783
8050006,16,61679
8052008,15,34777
8052008,16,61685
8054005,15,34763
8054005,16,61680
8056002,15,34777
8056002,16,61662
8058001,15,34765
8058001,16,61675
8060039,15,34775
8060039,16,61692
8062038,15,34806
8062038,16,61676
8064034,15,34769
8064034,16,61676
8066033,15,34753
8066033,16,61666
8068032,15,34789
8068032,16,61662
8070028,15,34783
8070028,16,61671
8072024,15,34785
8072024,16,61672
8074021,15,34795
8074021,16,61673
8076020,15,34752
8076020,16,61688
8078016,15,34798
8078016,16,61669
8080016,15,34773
8080016,16,61676
8082013,15,34775
8082013,16,61670
8084012,15,34773
8084012,16,61670
8086008,15,34774
8086008,16,61685
8088005,15,34781
8088005,16,61660
8090002,15,34767
8090002,16,61670
8091995,15,34778
8091995,16,61672
8094040,15,34785
8094040,16,61672
8096039,15,34776
8096039,16,61694
8098038,15,34769
8098038,16,61673
8100033,15,34787
8100033,16,61673
8102029,15,34804
8102029,16,61668
8104026,15,34777
8104026,16,61672
8106025,15,34782
8106025,16,61671
8108021,15,34774
8108021,16,61659
8110019,15,34772
8110019,16,61652
8112020,15,34761
8112020,16,61676
8114015,15,34766
8114015,16,61658
8116012,15,34760
8116012,16,61675
8118009,15,34777
8118009,16,61682
8120007,15,34782
8120007,16,61694
8122005,15,34760
8122005,16,61676
8124002,15,34766
8124002,16,61669
8126000,15,34782
8126000,16,61667
8128040,15,34769
8128040,16,61668
8130035,15,34775
8130035,16,61664
8132035,15,34781
8132035,16,61672
8134034,15,34774
8134034,16,61664
8136028,15,34794
8136028,16,61666
8138027,15,34774
8138027,16,61673
8140026,15,34763
8140026,16,61659
8142026,15,34754
8142026,16,61693
8144023,15,34771
8144023,16,61682
8146017,15,34756
8146017,16,61670
8148015,15,34767
8148015,16,61668
8150014,15,34756
8150014,16,61679
8152011,15,34774
8152011,16,61660
8154007,15,34797
8154007,16,61664
8156004,15,34752
8156004,16,61672
8158002,15,34783
8158002,16,61680
8160000,15,34803
8160000,16,61686
8162041,15,34770
8162041,16,61656
8164038,15,34758
8164038,16,61682
8166035,15,34769
8166035,16,61668
8168032,15,34771
8168032,16,61654
8170028,15,34771
8170028,16,61677
8172029,15,34783
8172029,16,61671
8174027,15,34763
8174027,16,61679
8176021,15,34776
8176021,16,61673
8178018,15,34773
8178018,16,61675
8180019,15,34771
8180019,16,61657
8182014,15,34793
8182014,16,61678
8184012,15,34759
8184012,16,61659
8186011,15,34773
8186011,16,61655
8188007,15,34764
8188007,16,61676
8190006,15,34772
8190006,16,61660
8192004,15,34802
8192004,16,61673
8194000,15,34778
8194000,16,61686
8196040,15,34766
8196040,16,61676
8198037,15,34786
8198037,16,61652
8200037,15,34792
8200037,16,61682
8202034,15,34767
8202034,16,61670
8204033,15,34771
8204033,16,61661
8206030,15,34784
8206030,16,61662
8208026,15,34759
8208026,16,61685
8210023,15,34768
8210023,16,61667
8212021,15,34774
8212021,16,61661
8214018,15,34775
8214018,16,61659
8216016,15,34758
8216016,16,61654
8218015,15,34772
8218015,16,61684
8220013,15,34767
8220013,16,61656
8222007,15,34767
8222007,16,61668
8224007,15,34779
8224007,16,61660
8226004,15,34793
8226004,16,61667
8227998,15,34787
8227998,16,61656
8230039,15,34795
8230039,16,61658
8232036,15,34779
8232036,16,61676
8234036,15,34777
8234036,16,61690
8236033,15,34759
8236033,16,61671
8238030,15,34791
8238030,16,61653
8240029,15,34791
8240029,16,61699
8242026,15,34785
8242026,16,61673
8244023,15,34764
8244023,16,61656
8246021,15,34771
8246021,16,61650
8248018,15,34765
8248018,16,61663
8250014,15,34770
8250014,16,61664
8252012,15,34776
8252012,16,61663
8254008,15,34796
8254008,16,61654
8256010,15,34769
8256010,16,61671
8258005,15,34790
8258005,16,61685
8260002,15,34769
8260002,16,61666
8262005,15,34774
8262005,16,61684
8264042,15,34757
8264042,16,61658
8266038,15,34765
8266038,16,61655
8268034,15,34785
8268034,16,61678
8270032,15,34769
8270032,16,61663
8272030,15,34762
8272030,16,61670
8274027,15,34783
8274027,16,61677
8276023,15,34791
8276023,16,61651
8278022,15,34762
8278022,16,61671
8280021,15,34765
8280021,16,61678
8282018,15,34773
8282018,16,61663
8284013,15,34768
8284013,16,61653
8286012,15,34770
8286012,16,61659
8288010,15,34757
8288010,16,61667
8290008,15,34787
8290008,16,61666
8292003,15,34766
8292003,16,61654
8294005,15,34795
8294005,16,61660
8296000,15,34781
8296000,16,61676
8298038,15,34802
8298038,16,61679
8300041,15,34742
8300041,16,61653
8302034,15,34785
8302034,16,61662
8304033,15,34772
8304033,16,61666
8306031,15,34768
8306031,16,61661
8308029,15,34764
8308029,16,61662
8310025,15,34757
8310025,16,61649
8312022,15,34773
8312022,16,61652
8314020,15,34759
8314020,16,61643
8316018,15,34773
8316018,16,61656
8318015,15,34763
8318015,16,61677
8320016,15,34775
8320016,16,61670
8322011,15,34777
8322011,16,61656
8324008,15,34778
8324008,16,61652
8326005,15,34776
8326005,16,61667
8328002,15,34768
8328002,16,61659
8330000,15,34764
8330000,16,61656
8332040,15,34789
8332040,16,61659
8334038,15,34774
8334038,16,61679
8336035,15,34772
8336035,16,61648
8338032,15,34781
8338032,16,61669
8340027,15,34774
8340027,16,61679
8342025,15,34765
8342025,16,61651
8344027,15,34787
8344027,16,61651
8346023,15,34777
8346023,16,61685
8348017,15,34768
8348017,16,61645
8350017,15,34770
8350017,16,61648
8352017,15,34765
8352017,16,61673
8354011,15,34757
8354011,16,61643
8356012,15,34775
8356012,16,61648
8358007,15,34755
8358007,16,61650
8360005,15,34775
8360005,16,61658
8362003,15,34750
8362003,16,61666
8363999,15,34763
8363999,16,61652
8366040,15,34775
8366040,16,61675
8368037,15,34760
8368037,16,61673
8370033,15,34757
8370033,16,61674
8372032,15,34766
8372032,16,61664
8374031,15,34766
8374031,16,61646
8376027,15,34769
8376027,16,61656
8378027,15,34761
8378027,16,61681
8380021,15,34763
8380021,16,61651
8382019,15,34774
8382019,16,61660
8384017,15,34757
8384017,16,61649
8386017,15,34770
8386017,16,61659
8388013,15,34774
8388013,16,61654
8390010,15,34773
8390010,16,61660
8392005,15,34749
8392005,16,61677
8394003,15,34777
8394003,16,61653
8396003,15,34774
8396003,16,61652
8398001,15,34767
8398001,16,61656
8400039,15,34772
8400039,16,61648
8402038,15,34770
8402038,16,61653
8404035,15,34770
8404035,16,61668
8406032,15,34777
8406032,16,61659
8408030,15,34774
8408030,16,61648
8410029,15,34753
8410029,16,61639
8412023,15,34739
8412023,16,61658
8414020,15,34777
8414020,16,61659
8416021,15,34745
8416021,16,61636
8418018,15,34760
8418018,16,61672
8420016,15,34754
8420016,16,61674
8422011,15,34767
8422011,16,61657
8424009,15,34740
8424009,16,61664
8426006,15,34782
8426006,16,61654
8428004,15,34780
8428004,16,61662
8430004,15,34763
8430004,16,61688
8431998,15,34779
8431998,16,61671
8434041,15,34778
8434041,16,61668
8436038,15,34758
8436038,16,61653
8438036,15,34754
8438036,16,61651
8440031,15,34769
8440031,16,61663
8442030,15,34752
8442030,16,61657
8444027,15,34762
8444027,16,61656
8446023,15,34756
8446023,16,61650
8448024,15,34764
8448024,16,61651
8450020,15,34774
8450020,16,61624
8452018,15,34761
8452018,16,61655
8454016,15,34768
8454016,16,61655
8456012,15,34769
8456012,16,61652
8458011,15,34746
8458011,16,61652
8460005,15,34767
8460005,16,61650
8462003,15,34754
8462003,16,61666
8464003,15,34774
8464003,16,61647
8466000,15,34756
8466000,16,61664
8468041,15,34774
8468041,16,61656
8470037,15,34748
8470037,16,61665
8472033,15,34742
8472033,16,61645
8474033,15,34761
8474033,16,61669
8476032,15,34747
8476032,16,61656
8478029,15,34754
8478029,16,61640
8480027,15,34769
8480027,16,61655
8482023,15,34768
8482023,16,61663
8484021,15,34776
8484021,16,61647
8486018,15,34752
8486018,16,61633
8488016,15,34770
8488016,16,61641
8490012,15,34763
8490012,16,61649
8492008,15,34765
8492008,16,61659
8494007,15,34743
8494007,16,61642
8496005,15,34755
8496005,16,61651
8498003,15,34766
8498003,16,61651
8500000,15,34749
8500000,16,61664
8502040,15,34752
8502040,16,61641
8504035,15,34776
8504035,16,61651
8506032,15,34771
8506032,16,61634
8508032,15,34775
8508032,16,61667
8510032,15,34767
8510032,16,61650
8512026,15,34765
8512026,16,61656
8514027,15,34756
8514027,16,61629
8516024,15,34754
8516024,16,61653
8518020,15,34762
8518020,16,61639
8520021,15,34772
8520021,16,61654
8522015,15,34737
8522015,16,61633
8524012,15,34774
8524012,16,61638
8526009,15,34765
8526009,16,61638
8528008,15,34761
8528008,16,61653
8530007,15,34750
8530007,16,61641
8532002,15,34771
8532002,16,61657
8534000,15,34765
8534000,16,61651
8536039,15,34764
8536039,16,61645
8538039,15,34751
8538039,16,61644
8540035,15,34772
8540035,16,61647
8542032,15,34759
8542032,16,61647
8544033,15,34767
8544033,16,61661
8546030,15,34776
8546030,16,61637
8548021,15,34754
8548021,16,61662
8550023,15,34768
8550023,16,61662
8552021,15,34772
8552021,16,61651
8554017,15,34757
8554017,16,61648
8556014,15,34780
8556014,16,61648
8558012,15,34775
8558012,16,61666
8560010,15,34762
8560010,16,61649
8562008,15,34743
8562008,16,61645
8564006,15,34775
8564006,16,61653
8566005,15,34767
8566005,16,61647
8567999,15,34777
8567999,16,61640
8570039,15,34758
8570039,16,61650
8572039,15,34744
8572039,16,61629
8574034,15,34760
8574034,16,61653
8576032,15,34763
8576032,16,61638
8578029,15,34763
8578029,16,61640
8580028,15,34770
8580028,16,61638
8582024,15,34764
8582024,16,61636
8584023,15,34748
8584023,16,61633
8586022,15,34774
8586022,16,61643
8588019,15,34770
8588019,16,61645
8590013,15,34757
8590013,16,61647
8592012,15,34762
8592012,16,61630
8594012,15,34765
8594012,16,61655
8596007,15,34755
8596007,16,61654
8598006,15,34761
8598006,16,61638
8600004,15,34766
8600004,16,61646
8602000,15,34758
8602000,16,61650
8604043,15,34746
8604043,16,61667
8606038,15,34751
8606038,16,61660
8608035,15,34760
8608035,16,61657
8610032,15,34755
8610032,16,61662
8612030,15,34750
8612030,16,61649
8614029,15,34766
8614029,16,61667
8616026,15,34765
8616026,16,61658
8618022,15,34748
8618022,16,61666
8620020,15,34756
8620020,16,61661
8622016,15,34764
8622016,16,61652
8624012,15,34780
8624012,16,61636
8626010,15,34769
8626010,16,61640
8628009,15,34734
8628009,16,61653
8630008,15,34760
8630008,16,61629
8632004,15,34769
8632004,16,61640
8634000,15,34775
8634000,16,61631
8636002,15,34774
8636002,16,61650
8638041,15,34755
8638041,16,61627
8640037,15,34743
8640037,16,61644
8642035,15,34757
8642035,16,61639
8644030,15,34762
8644030,16,61630
8646030,15,34755
8646030,16,61647
8648030,15,34776
8648030,16,61659
8650028,15,34769
8650028,16,61623
8652024,15,34754
8652024,16,61630
8654020,15,34766
8654020,16,61645
8656017,15,34737
8656017,16,61632
8658015,15,34758
8658015,16,61617
8660012,15,34771
8660012,16,61653
8662008,15,34765
8662008,16,61635
8664007,15,34781
8664007,16,61640
8666005,15,34755
8666005,16,61645
8668002,15,34755
8668002,16,61644
8670001,15,34748
8670001,16,61629
8672037,15,34748
8672037,16,61639
8674040,15,34756
8674040,16,61632
8676035,15,34747
8676035,16,61634
8678033,15,34756
8678033,16,61632
8680029,15,34759
8680029,16,61652
8682026,15,34765
8682026,16,61638
8684026,15,34772
8684026,16,61639
8686023,15,34746
8686023,16,61634
8688020,15,34761
8688020,16,61652
8690019,15,34760
8690019,16,61634
8692016,15,34750
8692016,16,61643
8694014,15,34753
8694014,16,61625
8696008,15,34747
8696008,16,61637
8698006,15,34749
8698006,16,61621
8700005,15,34768
8700005,16,61651
8702001,15,34762
8702001,16,61638
8703999,15,34770
8703999,16,61651
8706040,15,34766
8706040,16,61654
8708039,15,34767
8708039,16,61643
8710034,15,34749
8710034,16,61640
8712032,15,34761
8712032,16,61618
8714029,15,34748
8714029,16,61644
8716027,15,34774
8716027,16,61622
8718025,15,34760
8718025,16,61661
8720022,15,34740
8720022,16,61650
8722022,15,34751
8722022,16,61644
8724017,15,34751
8724017,16,61627
8726015,15,34743
8726015,16,61642
8728012,15,34757
8728012,16,61628
8730008,15,34750
8730008,16,61635
8732008,15,34737
8732008,16,61621
8734005,15,34751
8734005,16,61638
8736001,15,34779
8736001,16,61634
8738000,15,34761
8738000,16,61632
8740042,15,34776
8740042,16,61653
8742039,15,34761
8742039,16,61649
8744039,15,34743
8744039,16,61639
8746032,15,34743
8746032,16,61634
8748027,15,34757
8748027,16,61618
8750028,15,34766
8750028,16,61645
8752029,15,34730
8752029,16,61652
8754024,15,34753
8754024,16,61627
8756020,15,34747
8756020,16,61637
8758018,15,34760
8758018,16,61635
8760014,15,34745
8760014,16,61624
8762015,15,34746
8762015,16,61627
8764009,15,34727
8764009,16,61646
8766009,15,34769
8766009,16,61648
8768007,15,34755
8768007,16,61627
8770002,15,34735
8770002,16,61646
8772001,15,34751
8772001,16,61637
8774042,15,34760
8774042,16,61639
8776039,15,34750
8776039,16,61625
8778032,15,34757
8778032,16,61637
8780030,15,34759
8780030,16,61629
8782029,15,34761
8782029,16,61626
8784027,15,34775
8784027,16,61648
8786026,15,34757
8786026,16,61633
8788024,15,34756
8788024,16,61630
8790017,15,34760
8790017,16,61611
8792018,15,34749
8792018,16,61623
8794013,15,34743
8794013,16,61653
8796011,15,34749
8796011,16,61621
8798009,15,34752
8798009,16,61629
8800006,15,34744
8800006,16,61603
8802005,15,34753
8802005,16,61625
8804006,15,34756
8804006,16,61630
8805998,15,34748
8805998,16,61618
8808039,15,34750
8808039,16,61648
8810037,15,34736
8810037,16,61622
8812038,15,34741
8812038,16,61632
8814030,15,34768
8814030,16,61639
8816027,15,34767
8816027,16,61624
8818029,15,34740
8818029,16,61634
8820027,15,34767
8820027,16,61646
8822024,15,34764
8822024,16,61621
8824019,15,34753
8824019,16,61630
8826015,15,34755
8826015,16,61644
8828014,15,34766
8828014,16,61637
8830012,15,34749
8830012,16,61642
8832009,15,34753
8832009,16,61635
8834007,15,34741
8834007,16,61628
8836005,15,34756
8836005,16,61634
8838001,15,34731
8838001,16,61626
8840000,15,34743
8840000,16,61625
8842040,15,34761
8842040,16,61630
8844038,15,34769
8844038,16,61626
8846035,15,34751
8846035,16,61631
8848033,15,34748
8848033,16,61621
8850031,15,34750
8850031,16,61624
8852029,15,34772
8852029,16,61653
8854026,15,34743
8854026,16,61642
8856024,15,34745
8856024,16,61639
8858020,15,34750
8858020,16,61634
8860018,15,34763
8860018,16,61646
8862017,15,34756
8862017,16,61615
8864009,15,34745
8864009,16,61620
8866008,15,34759
8866008,16,61644
8868009,15,34754
8868009,16,61633
8870005,15,34735
8870005,16,61622
8872006,15,34767
8872006,16,61627
8874002,15,34742
8874002,16,61625
8876038,15,34751
8876038,16,61632
8878035,15,34755
8878035,16,61631
8880036,15,34758
8880036,16,61628
8882030,15,34755
8882030,16,61627
8884030,15,34747
8884030,16,61645
8886028,15,34762
8886028,16,61638
8888027,15,34762
8888027,16,61625
8890021,15,34757
8890021,16,61632
8892021,15,34773
8892021,16,61623
8894017,15,34745
8894017,16,61643
8896017,15,34752
8896017,16,61629
8898012,15,34736
8898012,16,61627
8900011,15,34761
8900011,16,61610
8902007,15,34754
8902007,16,61644
8904007,15,34750
8904007,16,61619
8906001,15,34754
8906001,16,61622
8907999,15,34735
8907999,16,61610
8910040,15,34753
8910040,16,61612
8912039,15,34750
8912039,16,61621
8914035,15,34753
8914035,16,61625
8916030,15,34752
8916030,16,61628
8918028,15,34760
8918028,16,61631
8920028,15,34752
8920028,16,61638
8922026,15,34746
8922026,16,61626
8924020,15,34755
8924020,16,61631
8926022,15,34740
8926022,16,61609
8928018,15,34764
8928018,16,61631
8930019,15,34740
8930019,16,61645
8932014,15,34755
8932014,16,61607
8934008,15,34742
8934008,16,61649
8936005,15,34752
8936005,16,61637
8938005,15,34735
8938005,16,61634
8940002,15,34740
8940002,16,61627
8942003,15,34747
8942003,16,61603
8944041,15,34750
8944041,16,61622
8946036,15,34736
8946036,16,61628
8948036,15,34751
8948036,16,61643
8950035,15,34746
8950035,16,61618
8952029,15,34743
8952029,16,61635
8954027,15,34753
8954027,16,61609
8956026,15,34741
8956026,16,61624
8958024,15,34767
8958024,16,61629
8960019,15,34750
8960019,16,61633
8962020,15,34733
8962020,16,61637
8964018,15,34761
8964018,16,61622
8966013,15,34758
8966013,16,61626
8968010,15,34757
8968010,16,61612
8970008,15,34731
8970008,16,61610
8972006,15,34740
8972006,16,61616
8974002,15,34748
8974002,16,61621
8976001,15,34755
8976001,16,61623
8978039,15,34750
8978039,16,61623
8980038,15,34742
8980038,16,61605
8982035,15,34754
8982035,16,61604
8984033,15,34746
8984033,16,61644
8986030,15,34751
8986030,16,61635
8988028,15,34760
8988028,16,61623
8990025,15,34751
8990025,16,61607
8992024,15,34764
8992024,16,61602
8994020,15,34734
8994020,16,61630
8996014,15,34753
8996014,16,61642
8998015,15,34745
8998015,16,61632
9000013,15,34758
9000013,16,61624
9002007,15,34746
9002007,16,61619
9004009,15,34740
9004009,16,61612
9006006,15,34774
9006006,16,61618
9008005,15,34743
9008005,16,61615
9009998,15,34749
9009998,16,61636
9012037,15,34756
9012037,16,61619
9014038,15,34740
9014038,16,61629
9016035,15,34735
9016035,16,61615
9018031,15,34742
9018031,16,61629
9020028,15,34733
9020028,16,61612
9022028,15,34760
9022028,16,61649
9024024,15,34740
9024024,16,61623
9026024,15,34741
9026024,16,61619
9028018,15,34755
9028018,16,61605
9030018,15,34732
9030018,16,61629
9032018,15,34740
9032018,16,61632
9034012,15,34750
9034012,16,61606
9036012,15,34740
9036012,16,61625
9038006,15,34749
9038006,16,61617
9040008,15,34750
9040008,16,61603
9042003,15,34749
9042003,16,61638
9044001,15,34763
9044001,16,61619
9046042,15,34774
9046042,16,61627
9048039,15,34733
9048039,16,61635
9050034,15,34736
9050034,16,61606
9052030,15,34730
9052030,16,61618
9054032,15,34743
9054032,16,61612
9056027,15,34740
9056027,16,61611
9058025,15,34726
9058025,16,61634
9060022,15,34754
9060022,16,61619
9062022,15,34758
9062022,16,61644
9064019,15,34755
9064019,16,61641
9066014,15,34738
9066014,16,61629
9068013,15,34726
9068013,16,61624
9070013,15,34748
9070013,16,61608
9072006,15,34754
9072006,16,61616
9074006,15,34753
9074006,16,61615
9076001,15,34732
9076001,16,61629
9077999,15,34753
9077999,16,61624
9080042,15,34755
9080042,16,61619
9082041,15,34737
9082041,16,61632
9084035,15,34748
9084035,16,61628
9086033,15,34746
9086033,16,61615
9088031,15,34748
9088031,16,61633
9090028,15,34728
9090028,16,61609
9092026,15,34749
9092026,16,61613
9094020,15,34731
9094020,16,61628
9096025,15,34727
9096025,16,61623
9098016,15,34733
9098016,16,61596
9100016,15,34738
9100016,16,61617
9102011,15,34745
9102011,16,61618
9104011,15,34741
9104011,16,61618
9106009,15,34747
9106009,16,61633
9108006,15,34731
9108006,16,61621
9110004,15,34736
9110004,16,61599
9111996,15,34742
9111996,16,61613
9114037,15,34750
9114037,16,61603
9116037,15,34724
9116037,16,61624
9118033,15,34763
9118033,16,61611
9120032,15,34727
9120032,16,61628
9122031,15,34750
9122031,16,61635
9124027,15,34735
9124027,16,61615
9126026,15,34742
9126026,16,61619
9128022,15,34736
9128022,16,61624
9130018,15,34752
9130018,16,61633
9132018,15,34736
9132018,16,61605
9134014,15,34752
9134014,16,61604
9136012,15,34734
9136012,16,61620
9138008,15,34726
9138008,16,61612
9140006,15,34750
9140006,16,61622
9142008,15,34730
9142008,16,61628
9144004,15,34750
9144004,16,61614
9146003,15,34737
9146003,16,61637
9148040,15,34750
9148040,16,61632
9150041,15,34743
9150041,16,61626
9152034,15,34744
9152034,16,61608
9154034,15,34722
9154034,16,61611
9156029,15,34744
9156029,16,61621
9158029,15,34735
9158029,16,61611
9160024,15,34745
9160024,16,61618
9162022,15,34728
9162022,16,61610
9164020,15,34749
9164020,16,61617
9166019,15,34749
9166019,16,61623
9168017,15,34773
9168017,16,61602
9170011,15,34725
9170011,16,61616
9172012,15,34731
9172012,16,61596
9174006,15,34728
9174006,16,61607
9176004,15,34748
9176004,16,61624
9178005,15,34745
9178005,16,61613
9179999,15,34746
9179999,16,61627
9182042,15,34731
9182042,16,61593
9184037,15,34745
9184037,16,61613
9186035,15,34745
9186035,16,61625
9188032,15,34747
9188032,16,61628
9190028,15,34742
9190028,16,61597
9192029,15,34723
9192029,16,61606
9194025,15,34741
9194025,16,61609
9196025,15,34735
9196025,16,61637
9198021,15,34736
9198021,16,61605
9200018,15,34739
9200018,16,61622
9202015,15,34748
9202015,16,61622
9204013,15,34746
9204013,16,61603
9206009,15,34737
9206009,16,61614
9208009,15,34742
9208009,16,61616
9210004,15,34747
9210004,16,61619
9212001,15,34756
9212001,16,61607
9214001,15,34737
9214001,16,61617
9216038,15,34727
9216038,16,61615
9218037,15,34738
9218037,16,61612
9220031,15,34736
9220031,16,61612
9222034,15,34740
9222034,16,61633
9224030,15,34750
9224030,16,61609
9226027,15,34746
9226027,16,61599
9228024,15,34756
9228024,16,61608
9230021,15,34731
9230021,16,61608
9232020,15,34722
9232020,16,61624
9234019,15,34741
9234019,16,61585
9236015,15,34763
9236015,16,61617
9238012,15,34739
9238012,16,61618
9240008,15,34739
9240008,16,61612
9242006,15,34736
9242006,16,61589
9244004,15,34738
9244004,16,61609
9246004,15,34753
9246004,16,61629
9248000,15,34741
9248000,16,61602
9250037,15,34740
9250037,16,61601
9252036,15,34723
9252036,16,61593
9254037,15,34722
9254037,16,61600
9256031,15,34754
9256031,16,61614
9258030,15,34721
9258030,16,61611
9260026,15,34745
9260026,16,61613
9262026,15,34748
9262026,16,61619
9264023,15,34724
9264023,16,61603
9266020,15,34730
9266020,16,61608
9268016,15,34730
9268016,16,61591
9270017,15,34743
9270017,16,61608
9272013,15,34749
9272013,16,61614
9274009,15,34779
9274009,16,61589
9276009,15,34741
9276009,16,61616
9278005,15,34734
9278005,16,61618
9280003,15,34733
9280003,16,61616
9282000,15,34759
9282000,16,61610
9284041,15,34744
9284041,16,61612
9286039,15,34747
9286039,16,61606
9288035,15,34722
9288035,16,61603
9290030,15,34732
9290030,16,61595
9292030,15,34733
9292030,16,61605
9294027,15,34741
9294027,16,61619
9296024,15,34714
9296024,16,61606
9298024,15,34751
9298024,16,61608
9300019,15,34731
9300019,16,61589
9302016,15,34729
9302016,16,61600
9304015,15,34733
9304015,16,61601
9306013,15,34761
9306013,16,61598
9308010,15,34741
9308010,16,61613
9310006,15,34736
9310006,16,61605
9312004,15,34715
9312004,16,61600
9314003,15,34723
9314003,16,61601
9316001,15,34720
9316001,16,61606
9318042,15,34721
9318042,16,61608
9320038,15,34733
9320038,16,61630
9322035,15,34738
9322035,16,61587
9324034,15,34741
9324034,16,61591
9326029,15,34730
9326029,16,61599
9328026,15,34740
9328026,16,61621
9330027,15,34727
9330027,16,61608
9332021,15,34743
9332021,16,61609
9334022,15,34744
9334022,16,61595
9336016,15,34742
9336016,16,61587
9338017,15,34736
9338017,16,61606
9340013,15,34730
9340013,16,61607
9342012,15,34744
9342012,16,61593
9344006,15,34734
9344006,16,61612
9346006,15,34734
9346006,16,61599
9348002,15,34743
9348002,16,61592
9350001,15,34724
9350001,16,61601
9352037,15,34743
9352037,16,61616
9354036,15,34746
9354036,16,61596
9356033,15,34736
9356033,16,61594
9358035,15,34729
9358035,16,61582
9360032,15,34741
9360032,16,61598
9362027,15,34725
9362027,16,61601
9364024,15,34737
9364024,16,61590
9366021,15,34747
9366021,16,61587
9368019,15,34755
9368019,16,61594
9370019,15,34717
9370019,16,61609
9372015,15,34726
9372015,16,61616
9374011,15,34727
9374011,16,61604
9376010,15,34733
9376010,16,61603
9378007,15,34737
9378007,16,61581
9380007,15,34736
9380007,16,61598
9382002,15,34738
9382002,16,61607
9384001,15,34732
9384001,16,61605
9386039,15,34758
9386039,16,61602
9388038,15,34744
9388038,16,61597
9390037,15,34723
9390037,16,61609
9392034,15,34734
9392034,16,61613
9394030,15,34739
9394030,16,61608
9396029,15,34733
9396029,16,61591
9398023,15,34738
9398023,16,61580
9400022,15,34728
9400022,16,61588
9402020,15,34752
9402020,16,61586
9404016,15,34719
9404016,16,61622
9406015,15,34720
9406015,16,61607
9408011,15,34749
9408011,16,61596
9410010,15,34746
9410010,16,61596
9412005,15,34730
9412005,16,61599
9414006,15,34732
9414006,16,61585
9416002,15,34721
9416002,16,61598
9418002,15,34735
9418002,16,61598
9420039,15,34746
9420039,16,61615
9422037,15,34732
9422037,16,61594
9424036,15,34739
9424036,16,61610
9426031,15,34732
9426031,16,61594
9428029,15,34735
9428029,16,61605
9430027,15,34727
9430027,16,61593
9432026,15,34740
9432026,16,61590
9434023,15,34730
9434023,16,61585
9436017,15,34738
9436017,16,61600
9438019,15,34722
9438019,16,61614
9440015,15,34724
9440015,16,61585
9442014,15,34721
9442014,16,61606
9444012,15,34730
9444012,16,61578
9446009,15,34742
9446009,16,61595
9448004,15,34737
9448004,16,61584
9450002,15,34742
9450002,16,61594
9451999,15,34727
9451999,16,61589
9454039,15,34734
9454039,16,61605
9456038,15,34735
9456038,16,61589
9458036,15,34737
9458036,16,61598
9460030,15,34711
9460030,16,61600
9462030,15,34737
9462030,16,61606
9464027,15,34709
9464027,16,61609
9466027,15,34709
9466027,16,61581
9468024,15,34713
9468024,16,61600
9470019,15,34726
9470019,16,61598
9472017,15,34725
9472017,16,61597
9474015,15,34716
9474015,16,61587
9476013,15,34737
9476013,16,61614
9478008,15,34728
9478008,16,61593
9480006,15,34743
9480006,16,61584
9482006,15,34717
9482006,16,61605
9484004,15,34730
9484004,16,61616
9485998,15,34742
9485998,16,61576
9488038,15,34730
9488038,16,61598
9490038,15,34748
9490038,16,61618
9492034,15,34725
9492034,16,61612
9494032,15,34730
9494032,16,61593
9496030,15,34728
9496030,16,61593
9498030,15,34728
9498030,16,61584
9500024,15,34730
9500024,16,61580
9502024,15,34751
9502024,16,61599
9504020,15,34753
9504020,16,61598
9506015,15,34734
9506015,16,61587
9508017,15,34732
9508017,16,61609
9510011,15,34713
9510011,16,61598
9512009,15,34736
9512009,16,61616
9514009,15,34734
9514009,16,61587
9516004,15,34729
9516004,16,61604
9518001,15,34725
9518001,16,61597
9520003,15,34738
9520003,16,61605
9522041,15,34722
9522041,16,61588
9524039,15,34727
9524039,16,61611
9526035,15,34740
9526035,16,61594
9528031,15,34723
9528031,16,61604
9530030,15,34737
9530030,16,61597
9532029,15,34722
9532029,16,61599
9534025,15,34742
9534025,16,61597
9536022,15,34726
9536022,16,61595
9538025,15,34744
9538025,16,61596
9540018,15,34731
9540018,16,61587
9542015,15,34736
9542015,16,61590
9544012,15,34733
9544012,16,61579
9546011,15,34736
9546011,16,61580
9548006,15,34742
9548006,16,61605
9550006,15,34742
9550006,16,61598
9552003,15,34740
9552003,16,61597
9554003,15,34722
9554003,16,61589
9556039,15,34734
9556039,16,61595
9558039,15,34738
9558039,16,61593
9560036,15,34725
9560036,16,61591
9562029,15,34734
9562029,16,61619
9564030,15,34716
9564030,16,61607
9566027,15,34726
9566027,16,61584
9568025,15,34735
9568025,16,61585
9570021,15,34719
9570021,16,61599
9572020,15,34729
9572020,16,61585
9574015,15,34727
9574015,16,61590
9576014,15,34732
9576014,16,61596
9578010,15,34727
9578010,16,61594
9580012,15,34744
9580012,16,61603
9582010,15,34729
9582010,16,61577
9584004,15,34730
9584004,16,61603
9586001,15,34763
9586001,16,61591
9588002,15,34728
9588002,16,61575
9590043,15,34724
9590043,16,61587
9592037,15,34740
9592037,16,61582
9594037,15,34735
9594037,16,61582
9596031,15,34740
9596031,16,61610
9598031,15,34715
9598031,16,61594
9600027,15,34727
9600027,16,61595
9602027,15,34722
9602027,16,61589
9604023,15,34733
9604023,16,61573
9606020,15,34735
9606020,16,61583
9608017,15,34743
9608017,16,61587
9610017,15,34739
9610017,16,61599
9612010,15,34750
9612010,16,61594
9614009,15,34740
9614009,16,61592
9616006,15,34735
9616006,16,61576
9618006,15,34708
9618006,16,61592
9620001,15,34726
9620001,16,61573
9622000,15,34735
9622000,16,61604
9624040,15,34742
9624040,16,61598
9626036,15,34715
9626036,16,61594
9628035,15,34723
9628035,16,61603
9630033,15,34717
9630033,16,61595
9632029,15,34714
9632029,16,61591
9634028,15,34727
9634028,16,61582
9636026,15,34707
9636026,16,61595
9638020,15,34728
9638020,16,61599
9640022,15,34744
9640022,16,61569
9642016,15,34726
9642016,16,61576
9644016,15,34730
9644016,16,61601
9646010,15,34731
9646010,16,61572
9648010,15,34705
9648010,16,61589
9650006,15,34711
9650006,16,61573
9652004,15,34729
9652004,16,61592
9654000,15,34725
9654000,16,61576
9656000,15,34721
9656000,16,61576
9658036,15,34720
9658036,16,61584
9660037,15,34739
9660037,16,61592
9662035,15,34726
9662035,16,61594
9664032,15,34716
9664032,16,61577
9666029,15,34723
9666029,16,61570
9668025,15,34717
9668025,16,61576
9670025,15,34735
9670025,16,61582
9672024,15,34723
9672024,16,61580
9674019,15,34703
9674019,16,61567
9676017,15,34709
9676017,16,61606
9678015,15,34721
9678015,16,61580
9680014,15,34732
9680014,16,61601
9682010,15,34712
9682010,16,61600
9684008,15,34744
9684008,16,61587
9686007,15,34724
9686007,16,61603
9688002,15,34719
9688002,16,61583
9689999,15,34703
9689999,16,61592
9692040,15,34725
9692040,16,61562
9694035,15,34724
9694035,16,61600
9696035,15,34728
9696035,16,61591
9698032,15,34751
9698032,16,61589
9700028,15,34714
9700028,16,61565
9702027,15,34720
9702027,16,61568
9704025,15,34730
9704025,16,61598
9706025,15,34713
9706025,16,61568
9708021,15,34722
9708021,16,61600
9710014,15,34727
9710014,16,61587
9712014,15,34727
9712014,16,61580
9714016,15,34725
9714016,16,61585
9716008,15,34700
9716008,16,61585
9718005,15,34722
9718005,16,61594
9720007,15,34707
9720007,16,61567
9722004,15,34736
9722004,16,61573
9724001,15,34715
9724001,16,61579
9726041,15,34733
9726041,16,61555
9728038,15,34723
9728038,16,61555
9730036,15,34714
9730036,16,61568
9732031,15,34738
9732031,16,61589
9734032,15,34731
9734032,16,61589
9736026,15,34738
9736026,16,61588
9738022,15,34715
9738022,16,61590
9740024,15,34715
9740024,16,61590
9742020,15,34737
9742020,16,61588
9744018,15,34705
9744018,16,61567
9746014,15,34721
9746014,16,61582
9748013,15,34722
9748013,16,61593
9750009,15,34743
9750009,16,61596
9752007,15,34731
9752007,16,61581
9754004,15,34705
9754004,16,61600
9756001,15,34698
9756001,16,61573
9757999,15,34736
9757999,16,61581
9760042,15,34720
9760042,16,61575
9762037,15,34715
9762037,16,61581
9764035,15,34737
9764035,16,61585
9766033,15,34714
9766033,16,61586
9768029,15,34728
9768029,16,61559
9770026,15,34715
9770026,16,61575
9772023,15,34717
9772023,16,61578
9774020,15,34740
9774020,16,61584
9776022,15,34730
9776022,16,61568
9778014,15,34723
9778014,16,61574
9780015,15,34707
9780015,16,61595
9782012,15,34729
9782012,16,61563
9784009,15,34715
9784009,16,61576
9786007,15,34701
9786007,16,61575
9788004,15,34724
9788004,16,61572
9790001,15,34718
9790001,16,61567
9792001,15,34717
9792001,16,61580
9794044,15,34742
9794044,16,61588
9796039,15,34722
9796039,16,61576
9798033,15,34703
9798033,16,61572
9800035,15,34720
9800035,16,61580
9802030,15,34728
9802030,16,61588
9804025,15,34729
9804025,16,61575
9806026,15,34733
9806026,16,61571
9808023,15,34729
9808023,16,61576
9810021,15,34733
9810021,16,61584
9812020,15,34726
9812020,16,61627
9814014,15,34712
9814014,16,61572
9816013,15,34712
9816013,16,61577
9818008,15,34708
9818008,16,61577
9820007,15,34722
9820007,16,61601
9822005,15,34739
9822005,16,61572
9824004,15,34722
9824004,16,61583
9826000,15,34715
9826000,16,61583
9828041,15,34733
9828041,16,61576
9830038,15,34679
9830038,16,61581
9832037,15,34739
9832037,16,61604
9834035,15,34714
9834035,16,61566
9836027,15,34723
9836027,16,61546
9838027,15,34730
9838027,16,61569
9840025,15,34717
9840025,16,61578
9842021,15,34725
9842021,16,61576
9844021,15,34714
9844021,16,61578
9846017,15,34716
9846017,16,61594
9848015,15,34737
9848015,16,61579
9850012,15,34730
9850012,16,61582
9852009,15,34711
9852009,16,61576
9854006,15,34708
9854006,16,61575
9856007,15,34704
9856007,16,61576
9858003,15,34705
9858003,16,61580
9860000,15,34720
9860000,16,61581
9862040,15,34715
9862040,16,61578
9864038,15,34730
9864038,16,61580
9866035,15,34734
9866035,16,61584
9868032,15,34724
9868032,16,61569
9870030,15,34720
9870030,16,61558
9872031,15,34696
9872031,16,61582
9874024,15,34726
9874024,16,61570
9876020,15,34710
9876020,16,61553
9878021,15,34696
9878021,16,61587
9880018,15,34738
9880018,16,61588
9882017,15,34689
9882017,16,61581
9884015,15,34718
9884015,16,61583
9886009,15,34693
9886009,16,61562
9888007,15,34721
9888007,16,61567
9890008,15,34738
9890008,16,61551
9892001,15,34712
9892001,16,61581
9894000,15,34708
9894000,16,61570
9896039,15,34717
9896039,16,61571
9898038,15,34724
9898038,16,61561
9900034,15,34732
9900034,16,61572
9902032,15,34720
9902032,16,61565
9904031,15,34730
9904031,16,61545
9906027,15,34728
9906027,16,61576
9908026,15,34711
9908026,16,61573
9910022,15,34727
9910022,16,61575
9912018,15,34707
9912018,16,61591
9914019,15,34716
9914019,16,61556
9916014,15,34712
9916014,16,61572
9918012,15,34712
9918012,16,61568
9920012,15,34730
9920012,16,61582
9922006,15,34730
9922006,16,61561
9924002,15,34727
9924002,16,61560
9926007,15,34720
9926007,16,61552
9928004,15,34734
9928004,16,61572
9930039,15,34730
9930039,16,61560
9932037,15,34721
9932037,16,61567
9934035,15,34691
9934035,16,61569
9936033,15,34707
9936033,16,61564
9938033,15,34704
9938033,16,61567
9940028,15,34729
9940028,16,61579
9942028,15,34743
9942028,16,61569
9944024,15,34712
9944024,16,61551
9946022,15,34713
9946022,16,61569
9948017,15,34724
9948017,16,61576
9950016,15,34729
9950016,16,61559
9952013,15,34715
9952013,16,61575
9954007,15,34735
9954007,16,61568
9956007,15,34713
9956007,16,61568
9958008,15,34719
9958008,16,61578
9959999,15,34712
9959999,16,61572
9961999,15,34705
9961999,16,61575
9964040,15,34723
9964040,16,61558
9966036,15,34712
9966036,16,61582
9968034,15,34712
9968034,16,61574
9970035,15,34723
9970035,16,61562
9972028,15,34713
9972028,16,61555
9974029,15,34715
9974029,16,61573
9976024,15,34723
9976024,16,61565
9978020,15,34727
9978020,16,61565
9980019,15,34725
9980019,16,61561
9982018,15,34724
9982018,16,61573
9984015,15,34722
9984015,16,61562
9986011,15,34726
9986011,16,61566
9988010,15,34721
9988010,16,61579
9990006,15,34707
9990006,16,61561
9992004,15,34716
9992004,16,61573
9994002,15,34717
9994002,16,61569
9996006,15,34700
9996006,16,61567
9998038,15,34711
9998038,16,61572
10000038,15,34732
10000038,16,61572
10002035,15,34732
10002035,16,61575
10004033,15,34719
10004033,16,61571
10006031,15,34720
10006031,16,61578
10008027,15,34725
10008027,16,61561
10010028,15,34695
10010028,16,61559
10012022,15,34711
10012022,16,61573
10014018,15,34713
10014018,16,61559
10016018,15,34725
10016018,16,61558
10018013,15,34708
10018013,16,61578
10020013,15,34708
10020013,16,61566
10022008,15,34707
10022008,16,61569
10024008,15,34712
10024008,16,61562
10026005,15,34717
10026005,16,61555
10028001,15,34737
10028001,16,61551
10030001,15,34724
10030001,16,61567
10032038,15,34703
10032038,16,61563
10034037,15,34710
10034037,16,61569
10036036,15,34714
10036036,16,61610
10038032,15,34720
10038032,16,61565
10040029,15,34714
10040029,16,61552
10042028,15,34722
10042028,16,61587
10044026,15,34711
10044026,16,61564
10046021,15,34701
10046021,16,61553
10048018,15,34722
10048018,16,61564
10050017,15,34704
10050017,16,61551
10052015,15,34705
10052015,16,61566
10054013,15,34726
10054013,16,61582
10056012,15,34712
10056012,16,61571
10058008,15,34721
10058008,16,61546
10060007,15,34722
10060007,16,61552
10062003,15,34724
10062003,16,61575
10063997,15,34720
10063997,16,61564
10066041,15,34699
10066041,16,61542
10068039,15,34729
10068039,16,61571
10070033,15,34714
10070033,16,61556
10072032,15,34701
10072032,16,61567
10074029,15,34709
10074029,16,61568
10076027,15,34723
10076027,16,61544
10078027,15,34712
10078027,16,61556
10080023,15,34707
10080023,16,61551
10082022,15,34721
10082022,16,61564
10084019,15,34702
10084019,16,61565
10086014,15,34709
10086014,16,61560
10088016,15,34703
10088016,16,61556
10090011,15,34707
10090011,16,61556
10092006,15,34722
10092006,16,61553
10094005,15,34708
10094005,16,61569
10096004,15,34728
10096004,16,61559
10098000,15,34720
10098000,16,61559
10100041,15,34724
10100041,16,61551
10102036,15,34705
10102036,16,61558
10104036,15,34728
10104036,16,61553
10106033,15,34735
10106033,16,61542
10108030,15,34724
10108030,16,61550
10110027,15,34731
10110027,16,61569
10112028,15,34682
10112028,16,61565
10114021,15,34712
10114021,16,61550
10116019,15,34702
10116019,16,61566
10118018,15,34707
10118018,16,61560
10120017,15,34736
10120017,16,61561
10122013,15,34693
10122013,16,61561
10124011,15,34710
10124011,16,61574
10126006,15,34727
10126006,16,61582
10128003,15,34693
10128003,16,61563
10130002,15,34718
10130002,16,61553
10132001,15,34713
10132001,16,61565
10134039,15,34717
10134039,16,61570
10136037,15,34706
10136037,16,61553
10138036,15,34710
10138036,16,61569
10140033,15,34710
10140033,16,61567
10142031,15,34705
10142031,16,61564
10144028,15,34709
10144028,16,61546
10146025,15,34724
10146025,16,61566
10148024,15,34706
10148024,16,61554
10150016,15,34710
10150016,16,61564
10152017,15,34701
10152017,16,61548
10154017,15,34700
10154017,16,61531
10156014,15,34703
10156014,16,61551
10158009,15,34732
10158009,16,61551
10160008,15,34700
10160008,16,61547
10162004,15,34714
10162004,16,61556
10164007,15,34711
10164007,16,61556
10165999,15,34715
10165999,16,61557
10168042,15,34730
10168042,16,61559
10170036,15,34703
10170036,16,61581
10172034,15,34697
10172034,16,61561
10174032,15,34731
10174032,16,61565
10176029,15,34714
10176029,16,61536
10178028,15,34704
10178028,16,61542
10180026,15,34701
10180026,16,61532
10182022,15,34720
10182022,16,61555
10184021,15,34722
10184021,16,61550
10186019,15,34690
10186019,16,61545
10188013,15,34707
10188013,16,61564
10190012,15,34705
10190012,16,61556
10192011,15,34705
10192011,16,61559
10194009,15,34725
10194009,16,61538
10196005,15,34705
10196005,16,61582
10198001,15,34707
10198001,16,61548
10200002,15,34717
10200002,16,61558
10202041,15,34707
10202041,16,61548
10204034,15,34702
10204034,16,61568
10206034,15,34706
10206034,16,61558
10208031,15,34712
10208031,16,61559
10210031,15,34707
10210031,16,61556
10212028,15,34701
10212028,16,61551
10214023,15,34702
10214023,16,61539
10216022,15,34698
10216022,16,61561
10218022,15,34706
10218022,16,61547
10220018,15,34708
10220018,16,61556
10222016,15,34686
10222016,16,61553
10224010,15,34705
10224010,16,61544
10226008,15,34713
10226008,16,61579
10228007,15,34698
10228007,16,61540
10230003,15,34702
10230003,16,61578
10231999,15,34706
10231999,16,61545
10234000,15,34705
10234000,16,61557
10236042,15,34719
10236042,16,61549
10238036,15,34711
10238036,16,61568
10240035,15,34718
10240035,16,61567
10242031,15,34740
10242031,16,61549
10244029,15,34711
10244029,16,61553
10246027,15,34705
10246027,16,61549
10248025,15,34714
10248025,16,61539
10250022,15,34715
10250022,16,61552
10252018,15,34690
10252018,16,61545
10254017,15,34688
10254017,16,61533
10256016,15,34704
10256016,16,61544
10258014,15,34713
10258014,16,61569
10260011,15,34708
10260011,16,61555
10262007,15,34721
10262007,16,61555
10264005,15,34711
10264005,16,61561
10266003,15,34712
10266003,16,61561
10267999,15,34706
10267999,16,61565
10270039,15,34707
10270039,16,61537
10272039,15,34704
10272039,16,61562
10274036,15,34711
10274036,16,61574
10276033,15,34714
10276033,16,61547
10278032,15,34706
10278032,16,61545
10280026,15,34716
10280026,16,61551
10282024,15,34705
10282024,16,61542
10284024,15,34705
10284024,16,61556
10286021,15,34713
10286021,16,61540
10288017,15,34698
10288017,16,61560
10290016,15,34686
10290016,16,61557
10292011,15,34701
10292011,16,61529
10294011,15,34711
10294011,16,61534
10296007,15,34721
10296007,16,61547
10298006,15,34689
10298006,16,61546
10300006,15,34692
10300006,16,61569
10302000,15,34708
10302000,16,61550
10304039,15,34714
10304039,16,61543
10306037,15,34678
10306037,16,61540
10308035,15,34698
10308035,16,61528
10310031,15,34736
10310031,16,61564
10312033,15,34714
10312033,16,61565
10314029,15,34704
10314029,16,61546
10316025,15,34695
10316025,16,61553
10318024,15,34698
10318024,16,61551
10320019,15,34715
10320019,16,61552
10322017,15,34692
10322017,16,61545
10324015,15,34696
10324015,16,61532
10326014,15,34704
10326014,16,61558
10328011,15,34688
10328011,16,61545
10330007,15,34688
10330007,16,61558
10332005,15,34694
10332005,16,61549
10334002,15,34691
10334002,16,61561
10336001,15,34705
10336001,16,61542
10338039,15,34697
10338039,16,61548
10340037,15,34710
10340037,16,61553
10342036,15,34702
10342036,16,61548
10344032,15,34697
10344032,16,61538
10346028,15,34714
10346028,16,61562
10348027,15,34713
10348027,16,61551
10350026,15,34717
10350026,16,61553
10352021,15,34704
10352021,16,61538
10354019,15,34701
10354019,16,61566
10356019,15,34729
10356019,16,61552
10358011,15,34682
10358011,16,61547
10360011,15,34695
10360011,16,61547
10362011,15,34701
10362011,16,61552
10364009,15,34693
10364009,16,61553
10366005,15,34711
10366005,16,61534
10368002,15,34726
10368002,16,61557
10370000,15,34700
10370000,16,61544
10372040,15,34708
10372040,16,61553
10374036,15,34706
10374036,16,61539
10376034,15,34726
10376034,16,61549
10378034,15,34691
10378034,16,61565
10380029,15,34692
10380029,16,61545
10382028,15,34720
10382028,16,61550
10384023,15,34705
10384023,16,61549
10386023,15,34705
10386023,16,61534
10388022,15,34704
10388022,16,61544
10390019,15,34694
10390019,16,61535
10392017,15,34705
10392017,16,61534
10394013,15,34728
10394013,16,61562
10396012,15,34709
10396012,16,61535
10398008,15,34709
10398008,16,61552
10400006,15,34699
10400006,16,61557
10402002,15,34708
10402002,16,61527
10403999,15,34694
10403999,16,61556
10406043,15,34692
10406043,16,61556
10408037,15,34696
10408037,16,61523
10410036,15,34721
10410036,16,61561
10412032,15,34705
10412032,16,61547
10414029,15,34709
10414029,16,61543
10416029,15,34692
10416029,16,61548
10418026,15,34704
10418026,16,61526
10420021,15,34695
10420021,16,61527
10422020,15,34713
10422020,16,61545
10424017,15,34703
10424017,16,61551
10426015,15,34724
10426015,16,61532
10428010,15,34697
10428010,16,61546
10430011,15,34710
10430011,16,61548
10432008,15,34712
10432008,16,61550
10434006,15,34713
10434006,16,61541
10436002,15,34690
10436002,16,61539
10438000,15,34718
10438000,16,61549
10440040,15,34708
10440040,16,61542
10442039,15,34689
10442039,16,61517
10444032,15,34706
10444032,16,61546
10446032,15,34700
10446032,16,61540
10448029,15,34698
10448029,16,61552
10450027,15,34715
10450027,16,61540
10452024,15,34704
10452024,16,61541
10454023,15,34695
10454023,16,61536
10456020,15,34695
10456020,16,61552
10458019,15,34715
10458019,16,61547
10460017,15,34706
10460017,16,61534
10462015,15,34676
10462015,16,61536
10464011,15,34710
10464011,16,61526
10466010,15,34703
10466010,16,61536
10468006,15,34707
10468006,16,61529
10470006,15,34677
10470006,16,61556
10472001,15,34696
10472001,16,61542
10474038,15,34698
10474038,16,61555
10476040,15,34708
10476040,16,61547
10478035,15,34703
10478035,16,61548
10480034,15,34712
10480034,16,61536
10482028,15,34700
10482028,16,61543
10484028,15,34679
10484028,16,61542
10486028,15,34687
10486028,16,61557
10488024,15,34711
10488024,16,61520
10490021,15,34673
10490021,16,61524
10492018,15,34706
10492018,16,61547
10494014,15,34685
10494014,16,61537
10496011,15,34703
10496011,16,61530
10498007,15,34689
10498007,16,61533
10500006,15,34690
10500006,16,61546
10502004,15,34694
10502004,16,61534
10504002,15,34697
10504002,16,61557
10505999,15,34691
10505999,16,61546
10508041,15,34727
10508041,16,61534
10510038,15,34713
10510038,16,61543
10512036,15,34699
10512036,16,61539
10514033,15,34707
10514033,16,61538
10516032,15,34704
10516032,16,61527
10518025,15,34679
10518025,16,61528
10520024,15,34692
10520024,16,61540
10522024,15,34700
10522024,16,61526
10524019,15,34699
10524019,16,61544
10526018,15,34688
10526018,16,61527
10528016,15,34686
10528016,16,61548
10530013,15,34682
10530013,16,61519
10532008,15,34690
10532008,16,61543
10534010,15,34694
10534010,16,61533
10536003,15,34680
10536003,16,61528
10538004,15,34697
10538004,16,61528
10540000,15,34704
10540000,16,61531
10542041,15,34693
10542041,16,61550
10544037,15,34691
10544037,16,61531
10546037,15,34713
10546037,16,61515
10548036,15,34712
10548036,16,61545
10550029,15,34675
10550029,16,61530
10552026,15,34695
10552026,16,61506
10554023,15,34698
10554023,16,61540
10556022,15,34709
10556022,16,61545
10558019,15,34704
10558019,16,61508
10560012,15,34704
10560012,16,61529
10562017,15,34688
10562017,16,61541
10564010,15,34696
10564010,16,61538
10566010,15,34693
10566010,16,61532
10568009,15,34701
10568009,16,61541
10570005,15,34685
10570005,16,61543
10572001,15,34699
10572001,16,61544
10574001,15,34701
10574001,16,61537
10576039,15,34697
10576039,16,61532
10578040,15,34690
10578040,16,61526
10580035,15,34694
10580035,16,61555
10582032,15,34703
10582032,16,61527
10584032,15,34688
10584032,16,61540
10586027,15,34681
10586027,16,61539
10588025,15,34700
10588025,16,61535
10590024,15,34683
10590024,16,61522
10592021,15,34699
10592021,16,61530
10594018,15,34686
10594018,16,61519
10596015,15,34690
10596015,16,61514
10598013,15,34716
10598013,16,61524
10600012,15,34705
10600012,16,61537
10602009,15,34697
10602009,16,61545
10604006,15,34709
10604006,16,61543
10606002,15,34702
10606002,16,61541
10608001,15,34680
10608001,16,61508
10610040,15,34697
10610040,16,61534
10612038,15,34700
10612038,16,61534
10614031,15,34692
10614031,16,61530
10616029,15,34684
10616029,16,61511
10618031,15,34702
10618031,16,61530
10620028,15,34676
10620028,16,61536
10622025,15,34702
10622025,16,61534
10624024,15,34693
10624024,16,61528
10626022,15,34720
10626022,16,61515
10628017,15,34694
10628017,16,61558
10630014,15,34706
10630014,16,61526
10632015,15,34693
10632015,16,61534
10634009,15,34690
10634009,16,61541
10636003,15,34699
10636003,16,61531
10638005,15,34696
10638005,16,61515
10640002,15,34703
10640002,16,61515
10642003,15,34697
10642003,16,61530
10644042,15,34703
10644042,16,61516
10646037,15,34676
10646037,16,61535
10648037,15,34703
10648037,16,61534
10650031,15,34686
10650031,16,61535
10652030,15,34688
10652030,16,61535
10654028,15,34704
10654028,16,61524
10656024,15,34676
10656024,16,61519
10658025,15,34703
10658025,16,61511
10660020,15,34677
10660020,16,61538
10662017,15,34686
10662017,16,61530
10664015,15,34672
10664015,16,61524
10666014,15,34709
10666014,16,61524
10668012,15,34694
10668012,16,61532
10670011,15,34684
10670011,16,61523
10672005,15,34688
10672005,16,61545
10674001,15,34690
10674001,16,61540
10675999,15,34678
10675999,16,61535
10678039,15,34682
10678039,16,61518
10680039,15,34689
10680039,16,61544
10682038,15,34687
10682038,16,61532
10684032,15,34703
10684032,16,61538
10686028,15,34686
10686028,16,61525
10688026,15,34681
10688026,16,61523
10690025,15,34714
10690025,16,61521
10692024,15,34688
10692024,16,61543
10694022,15,34696
10694022,16,61533
10696015,15,34701
10696015,16,61522
10698014,15,34681
10698014,16,61542
10700015,15,34689
10700015,16,61531
10702010,15,34695
10702010,16,61529
10704007,15,34687
10704007,16,61538
10706005,15,34697
10706005,16,61517
10708001,15,34673
10708001,16,61536
10709999,15,34699
10709999,16,61532
10712041,15,34691
10712041,16,61528
10714038,15,34683
10714038,16,61512
10716035,15,34690
10716035,16,61533
10718034,15,34721
10718034,16,61515
10720030,15,34661
10720030,16,61531
10722026,15,34674
10722026,16,61528
10724026,15,34696
10724026,16,61522
10726023,15,34710
10726023,16,61539
10728019,15,34683
10728019,16,61525
10730018,15,34664
10730018,16,61513
10732018,15,34665
10732018,16,61527
10734013,15,34690
10734013,16,61525
10736010,15,34692
10736010,16,61517
10738006,15,34679
10738006,16,61536
10740007,15,34692
10740007,16,61554
10742002,15,34701
10742002,16,61524
10744001,15,34695
10744001,16,61524
10746041,15,34720
10746041,16,61537
10748037,15,34694
10748037,16,61513
10750034,15,34676
10750034,16,61516
10752032,15,34698
10752032,16,61543
10754028,15,34684
10754028,16,61530
10756026,15,34696
10756026,16,61516
10758023,15,34689
10758023,16,61526
10760022,15,34678
10760022,16,61513
10762021,15,34690
10762021,16,61513
10764016,15,34684
10764016,16,61530
10766018,15,34698
10766018,16,61531
10768011,15,34709
10768011,16,61529
10770011,15,34693
10770011,16,61534
10772007,15,34710
10772007,16,61550
10774006,15,34693
10774006,16,61530
10776002,15,34669
10776002,16,61510
10778000,15,34672
10778000,16,61512
10780044,15,34714
10780044,16,61533
10782039,15,34670
10782039,16,61526
10784035,15,34701
10784035,16,61519
10786033,15,34692
10786033,16,61526
10788030,15,34688
10788030,16,61504
10790028,15,34689
10790028,16,61534
10792025,15,34694
10792025,16,61505
10794023,15,34673
10794023,16,61521
10796018,15,34692
10796018,16,61516
10798018,15,34681
10798018,16,61505
10800015,15,34693
10800015,16,61519
10802015,15,34696
10802015,16,61515
10804012,15,34690
10804012,16,61510
10806007,15,34673
10806007,16,61507
10808004,15,34673
10808004,16,61522
10810005,15,34691
10810005,16,61525
10812002,15,34688
10812002,16,61529
10814039,15,34707
10814039,16,61533
10816036,15,34669
10816036,16,61516
10818035,15,34705
10818035,16,61529
10820032,15,34680
10820032,16,61521
10822029,15,34693
10822029,16,61497
10824027,15,34698
10824027,16,61515
10826025,15,34709
10826025,16,61524
10828022,15,34675
10828022,16,61526
10830022,15,34673
10830022,16,61507
10832017,15,34697
10832017,16,61517
10834017,15,34680
10834017,16,61513
10836010,15,34697
10836010,16,61505
10838010,15,34687
10838010,16,61522
10840008,15,34687
10840008,16,61537
10842005,15,34699
10842005,16,61516
10844003,15,34683
10844003,16,61520
10845999,15,34676
10845999,16,61511
10848041,15,34683
10848041,16,61525
10850039,15,34679
10850039,16,61532
10852035,15,34677
10852035,16,61538
10854034,15,34694
10854034,16,61541
10856030,15,34688
10856030,16,61522
10858027,15,34662
10858027,16,61508
10860023,15,34705
10860023,16,61516
10862021,15,34669
10862021,16,61507
10864020,15,34684
10864020,16,61511
10866022,15,34676
10866022,16,61515
10868015,15,34680
10868015,16,61503
10870016,15,34685
10870016,16,61510
10872011,15,34702
10872011,16,61533
10874006,15,34679
10874006,16,61512
10876004,15,34673
10876004,16,61513
10878003,15,34717
10878003,16,61518
10880001,15,34698
10880001,16,61520
10882041,15,34678
10882041,16,61508
10884041,15,34676
10884041,16,61521
10886033,15,34680
10886033,16,61525
10888033,15,34660
10888033,16,61526
10890030,15,34679
10890030,16,61499
10892026,15,34662
10892026,16,61535
10894026,15,34691
10894026,16,61511
10896023,15,34685
10896023,16,61508
10898020,15,34685
10898020,16,61514
10900018,15,34688
10900018,16,61521
10902016,15,34674
10902016,16,61500
10904013,15,34691
10904013,16,61514
10906010,15,34673
10906010,16,61508
10908010,15,34716
10908010,16,61531
10910007,15,34683
10910007,16,61519
10912002,15,34676
10912002,16,61517
10914001,15,34689
10914001,16,61527
10916040,15,34680
10916040,16,61509
10918038,15,34681
10918038,16,61520
10920037,15,34685
10920037,16,61531
10922035,15,34698
10922035,16,61514
10924031,15,34689
10924031,16,61513
10926029,15,34697
10926029,16,61496
10928024,15,34692
10928024,16,61517
10930022,15,34695
10930022,16,61508
10932018,15,34693
10932018,16,61514
10934017,15,34681
10934017,16,61511
10936014,15,34670
10936014,16,61514
10938014,15,34671
10938014,16,61507
10940008,15,34711
10940008,16,61511
10942008,15,34667
10942008,16,61519
10944004,15,34694
10944004,16,61527
10946003,15,34691
10946003,16,61521
10948003,15,34688
10948003,16,61511
10950040,15,34679
10950040,16,61508
10952038,15,34685
10952038,16,61516
10954035,15,34674
10954035,16,61531
10956032,15,34684
10956032,16,61501
10958030,15,34676
10958030,16,61509
10960030,15,34682
10960030,16,61523
10962030,15,34685
10962030,16,61518
10964023,15,34692
10964023,16,61511
10966019,15,34679
10966019,16,61504
10968019,15,34689
10968019,16,61533
10970014,15,34706
10970014,16,61521
10972015,15,34687
10972015,16,61522
10974011,15,34696
10974011,16,61493
10976007,15,34677
10976007,16,61519
10978001,15,34681
10978001,16,61518
10980003,15,34683
10980003,16,61526
10982000,15,34672
10982000,16,61507
10984040,15,34697
10984040,16,61515
10986037,15,34685
10986037,16,61511
10988035,15,34674
10988035,16,61522
10990033,15,34693
10990033,16,61514
10992030,15,34681
10992030,16,61504
10994028,15,34671
10994028,16,61515
10996028,15,34688
10996028,16,61521
10998021,15,34700
10998021,16,61509
11000020,15,34678
11000020,16,61525
11002018,15,34674
11002018,16,61515
11004016,15,34670
11004016,16,61506
11006011,15,34695
11006011,16,61511
11008010,15,34678
11008010,16,61504
11010009,15,34690
11010009,16,61484
11012007,15,34694
11012007,16,61501
11014000,15,34710
11014000,16,61515
11016000,15,34673
11016000,16,61483
11018042,15,34688
11018042,16,61518
11020036,15,34695
11020036,16,61499
11022034,15,34663
11022034,16,61500
11024036,15,34682
11024036,16,61509
11026033,15,34689
11026033,16,61505
11028027,15,34666
11028027,16,61493
11030022,15,34680
11030022,16,61526
11032021,15,34681
11032021,16,61505
11034019,15,34674
11034019,16,61521
11036020,15,34671
11036020,16,61507
11038017,15,34690
11038017,16,61492
11040013,15,34709
11040013,16,61511
11042009,15,34684
11042009,16,61495
11044009,15,34661
11044009,16,61495
11046007,15,34699
11046007,16,61514
11048003,15,34669
11048003,16,61501
11049999,15,34692
11049999,16,61509
11052041,15,34698
11052041,16,61503
11054037,15,34675
11054037,16,61506
11056039,15,34679
11056039,16,61526
11058034,15,34683
11058034,16,61502
11060031,15,34663
11060031,16,61504
11062027,15,34666
11062027,16,61495
11064024,15,34669
11064024,16,61506
11066021,15,34673
11066021,16,61514
11068022,15,34663
11068022,16,61495
11070016,15,34674
11070016,16,61506
11072014,15,34659
11072014,16,61505
11074013,15,34690
11074013,16,61513
11076012,15,34679
11076012,16,61498
11078012,15,34680
11078012,16,61504
11080003,15,34691
11080003,16,61491
11082006,15,34677
11082006,16,61511
11084001,15,34688
11084001,16,61508
11086038,15,34673
11086038,16,61508
11088038,15,34692
11088038,16,61500
11090033,15,34687
11090033,16,61500
11092029,15,34664
11092029,16,61498
11094029,15,34678
11094029,16,61497
11096027,15,34673
11096027,16,61493
11098025,15,34682
11098025,16,61512
11100021,15,34679
11100021,16,61507
11102020,15,34678
11102020,16,61478
11104020,15,34682
11104020,16,61509
11106016,15,34688
11106016,16,61497
11108011,15,34684
11108011,16,61482
11110011,15,34684
11110011,16,61510
11112005,15,34671
11112005,16,61505
11114006,15,34695
11114006,16,61494
11116002,15,34672
11116002,16,61521
11118001,15,34689
11118001,16,61517
11120038,15,34698
11120038,16,61510
11122038,15,34660
11122038,16,61517
11124036,15,34680
11124036,16,61498
11126030,15,34659
11126030,16,61497
11128031,15,34685
11128031,16,61504
11130029,15,34676
11130029,16,61488
11132024,15,34657
11132024,16,61503
11134021,15,34676
11134021,16,61529
11136021,15,34688
11136021,16,61507
11138019,15,34691
11138019,16,61504
11140017,15,34657
11140017,16,61483
11142013,15,34680
11142013,16,61526
11144010,15,34678
11144010,16,61496
11146005,15,34674
11146005,16,61486
11148006,15,34677
11148006,16,61509
11150002,15,34673
11150002,16,61507
11152000,15,34679
11152000,16,61518
11154041,15,34681
11154041,16,61505
11156038,15,34690
11156038,16,61519
11158035,15,34697
11158035,16,61499
11160034,15,34686
11160034,16,61486
11162030,15,34693
11162030,16,61492
11164028,15,34678
11164028,16,61514
11166025,15,34676
11166025,16,61500
11168023,15,34674
11168023,16,61495
11170020,15,34659
11170020,16,61492
11172017,15,34689
11172017,16,61516
11174014,15,34669
11174014,16,61477
11176014,15,34673
11176014,16,61511
11178009,15,34664
11178009,16,61504
11180007,15,34676
11180007,16,61499
11182005,15,34688
11182005,16,61491
11184002,15,34671
11184002,16,61506
11185999,15,34703
11185999,16,61506
11188040,15,34683
11188040,16,61498
11190038,15,34679
11190038,16,61498
11192037,15,34671
11192037,16,61487
11194036,15,34695
11194036,16,61481
11196030,15,34701
11196030,16,61492
11198027,15,34669
11198027,16,61498
11200024,15,34666
11200024,16,61492
11202022,15,34662
11202022,16,61481
11204023,15,34689
11204023,16,61475
11206020,15,34687
11206020,16,61505
11208017,15,34689
11208017,16,61503
11210012,15,34675
11210012,16,61482
11212009,15,34668
11212009,16,61479
11214008,15,34683
11214008,16,61490
11216003,15,34690
11216003,16,61506
11218004,15,34679
11218004,16,61502
11220001,15,34672
11220001,16,61507
11222039,15,34675
11222039,16,61516
11224037,15,34662
11224037,16,61489
11226036,15,34680
11226036,16,61522
11228033,15,34686
11228033,16,61493
11230030,15,34663
11230030,16,61476
11232026,15,34666
11232026,16,61492
11234028,15,34681
11234028,16,61500
11236023,15,34688
11236023,16,61475
11238022,15,34673
11238022,16,61479
11240018,15,34679
11240018,16,61493
11242015,15,34685
11242015,16,61504
11244012,15,34704
11244012,16,61491
11246012,15,34669
11246012,16,61493
11248008,15,34671
11248008,16,61507
11250005,15,34673
11250005,16,61497
11252003,15,34676
11252003,16,61502
11254002,15,34676
11254002,16,61477
11256043,15,34673
11256043,16,61506
11258037,15,34666
11258037,16,61508
11260034,15,34678
11260034,16,61480
11262030,15,34679
11262030,16,61495
11264032,15,34677
11264032,16,61488
11266026,15,34676
11266026,16,61509
11268024,15,34685
11268024,16,61503
11270027,15,34668
11270027,16,61479
11272019,15,34674
11272019,16,61502
11274016,15,34681
11274016,16,61493
11276015,15,34676
11276015,16,61491
11278013,15,34663
11278013,16,61500
11280006,15,34672
11280006,16,61492
11282008,15,34682
11282008,16,61506
11284004,15,34683
11284004,16,61511
11286004,15,34682
11286004,16,61490
11288000,15,34684
11288000,16,61486
11290038,15,34678
11290038,16,61469
11292040,15,34663
11292040,16,61488
11294037,15,34659
11294037,16,61501
11296032,15,34680
11296032,16,61479
11298029,15,34659
11298029,16,61470
11300028,15,34660
11300028,16,61502
11302025,15,34665
11302025,16,61499
11304023,15,34677
11304023,16,61501
11306019,15,34668
11306019,16,61489
11308017,15,34667
11308017,16,61488
11310014,15,34669
11310014,16,61492
11312015,15,34664
11312015,16,61479
11314013,15,34678
11314013,16,61490
11316008,15,34665
11316008,16,61493
11318007,15,34687
11318007,16,61491
11320001,15,34664
11320001,16,61487
11322000,15,34673
11322000,16,61495
11324042,15,34680
11324042,16,61508
11326037,15,34658
11326037,16,61506
11328034,15,34676
11328034,16,61495
11330031,15,34676
11330031,16,61493
11332027,15,34665
11332027,16,61519
11334029,15,34688
11334029,16,61491
11336027,15,34674
11336027,16,61505
11338021,15,34668
11338021,16,61477
11340020,15,34679
11340020,16,61500
11342019,15,34695
11342019,16,61500
11344013,15,34662
11344013,16,61491
11346015,15,34655
11346015,16,61462
11348012,15,34676
11348012,16,61497
11350010,15,34681
11350010,16,61478
11352005,15,34664
11352005,16,61510
11354001,15,34670
11354001,16,61505
11356001,15,34683
11356001,16,61485
11358041,15,34665
11358041,16,61488
11360039,15,34684
11360039,16,61487
11362037,15,34652
11362037,16,61492
11364030,15,34670
11364030,16,61489
11366030,15,34679
11366030,16,61493
11368028,15,34667
11368028,16,61481
11370025,15,34676
11370025,16,61457
11372022,15,34664
11372022,16,61492
11374021,15,34659
11374021,16,61501
11376019,15,34676
11376019,16,61485
11378014,15,34692
11378014,16,61492
11380013,15,34681
11380013,16,61493
11382010,15,34696
11382010,16,61484
11384010,15,34653
11384010,16,61490
11386005,15,34672
11386005,16,61488
11388004,15,34689
11388004,16,61492
11390000,15,34669
11390000,16,61484
11392041,15,34676
11392041,16,61494
11394038,15,34665
11394038,16,61504
11396035,15,34653
11396035,16,61477
11398034,15,34660
11398034,16,61509
11400030,15,34666
11400030,16,61507
11402029,15,34683
11402029,16,61494
11404024,15,34669
11404024,16,61489
11406022,15,34679
11406022,16,61484
11408020,15,34653
11408020,16,61500
11410022,15,34661
11410022,16,61494
11412017,15,34666
11412017,16,61480
11414015,15,34679
11414015,16,61477
11416011,15,34677
11416011,16,61486
11418009,15,34663
11418009,16,61480
11420009,15,34686
11420009,16,61505
11422003,15,34680
11422003,16,61483
11423998,15,34689
11423998,16,61480
11426040,15,34668
11426040,16,61479
11428037,15,34663
11428037,16,61474
11430034,15,34666
11430034,16,61497
11432031,15,34651
11432031,16,61492
11434028,15,34665
11434028,16,61487
11436027,15,34668
11436027,16,61487
11438025,15,34666
11438025,16,61482
11440023,15,34678
11440023,16,61488
11442020,15,34674
11442020,16,61472
11444014,15,34667
11444014,16,61493
11446010,15,34659
11446010,16,61483
11448015,15,34698
11448015,16,61491
11450009,15,34664
11450009,16,61499
11452007,15,34682
11452007,16,61498
11454007,15,34679
11454007,16,61479
11456003,15,34656
11456003,16,61480
11457999,15,34656
11457999,16,61473
11460040,15,34668
11460040,16,61491
11462040,15,34663
11462040,16,61478
11464036,15,34677
11464036,16,61484
11466033,15,34649
11466033,16,61477
11468029,15,34662
11468029,16,61488
11470028,15,34660
11470028,16,61487
11472024,15,34680
11472024,16,61485
11474019,15,34673
11474019,16,61495
11476020,15,34673
11476020,16,61490
11478019,15,34666
11478019,16,61496
11480013,15,34658
11480013,16,61514
11482013,15,34658
11482013,16,61476
11484011,15,34658
11484011,16,61466
11486005,15,34659
11486005,16,61477
11488004,15,34671
11488004,16,61488
11490002,15,34669
11490002,16,61490
11492000,15,34667
11492000,16,61495
11494041,15,34651
11494041,16,61482
11496039,15,34685
11496039,16,61481
11498037,15,34670
11498037,16,61467
11500033,15,34652
11500033,16,61483
11502032,15,34661
11502032,16,61486
11504027,15,34659
11504027,16,61480
11506026,15,34664
11506026,16,61494
11508022,15,34679
11508022,16,61459
11510021,15,34661
11510021,16,61490
11512020,15,34668
11512020,16,61476
11514019,15,34674
11514019,16,61468
11516013,15,34663
11516013,16,61487
11518010,15,34664
11518010,16,61474
11520009,15,34667
11520009,16,61487
11522005,15,34677
11522005,16,61469
11524000,15,34670
11524000,16,61475
11526000,15,34670
11526000,16,61486
11528042,15,34672
11528042,16,61481
11530039,15,34655
11530039,16,61473
11532035,15,34667
11532035,16,61467
11534032,15,34667
11534032,16,61481
11536030,15,34654
11536030,16,61488
11538028,15,34659
11538028,16,61462
11540023,15,34666
11540023,16,61466
11542020,15,34657
11542020,16,61480
11544020,15,34659
11544020,16,61467
11546019,15,34681
11546019,16,61484
11548019,15,34681
11548019,16,61483
11550014,15,34658
11550014,16,61486
11552012,15,34672
11552012,16,61470
11554007,15,34663
11554007,16,61476
11556007,15,34654
11556007,16,61463
11558000,15,34656
11558000,16,61501
11560000,15,34675
11560000,16,61475
11562042,15,34653
11562042,16,61468
11564038,15,34638
11564038,16,61473
11566031,15,34658
11566031,16,61486
11568035,15,34674
11568035,16,61481
11570032,15,34687
11570032,16,61474
11572027,15,34676
11572027,16,61487
11574023,15,34665
11574023,16,61482
11576025,15,34681
11576025,16,61483
11578021,15,34657
11578021,16,61481
11580019,15,34676
11580019,16,61484
11582016,15,34686
11582016,16,61503
11584014,15,34653
11584014,16,61477
11586011,15,34660
11586011,16,61474
11588007,15,34657
11588007,16,61466
11590005,15,34671
11590005,16,61481
11592001,15,34672
11592001,16,61464
11594001,15,34642
11594001,16,61481
11596040,15,34657
11596040,16,61491
11598036,15,34663
11598036,16,61479
11600034,15,34654
11600034,16,61488
11602033,15,34655
11602033,16,61487
11604031,15,34666
11604031,16,61495
11606028,15,34648
11606028,16,61466
11608025,15,34679
11608025,16,61467
11610021,15,34652
11610021,16,61481
11612021,15,34656
11612021,16,61485
11614019,15,34664
11614019,16,61468
11616014,15,34674
11616014,16,61481
11618012,15,34688
11618012,16,61478
11620012,15,34653
11620012,16,61474
11622011,15,34656
11622011,16,61492
11624008,15,34659
11624008,16,61466
11626002,15,34658
11626002,16,61451
11628002,15,34655
11628002,16,61476
11630039,15,34644
11630039,16,61468
11632036,15,34654
11632036,16,61475
11634035,15,34676
11634035,16,61487
11636032,15,34681
11636032,16,61475
11638031,15,34648
11638031,16,61481
11640027,15,34662
11640027,16,61483
11642023,15,34669
11642023,16,61477
11644021,15,34676
11644021,16,61461
11646019,15,34650
11646019,16,61478
11648017,15,34673
11648017,16,61471
11650016,15,34653
11650016,16,61492
11652010,15,34663
11652010,16,61474
11654011,15,34675
11654011,16,61468
11656007,15,34674
11656007,16,61486
11658005,15,34673
11658005,16,61476
11660004,15,34659
11660004,16,61458
11662004,15,34649
11662004,16,61479
11664039,15,34655
11664039,16,61469
11666037,15,34666
11666037,16,61480
11668035,15,34667
11668035,16,61484
11670031,15,34679
11670031,16,61475
11672031,15,34644
11672031,16,61447
11674029,15,34671
11674029,16,61483
11676027,15,34663
11676027,16,61460
11678023,15,34644
11678023,16,61475
11680019,15,34668
11680019,16,61491
11682013,15,34687
11682013,16,61467
11684015,15,34667
11684015,16,61462
11686013,15,34659
11686013,16,61482
11688010,15,34667
11688010,16,61474
11690008,15,34658
11690008,16,61475
11692005,15,34669
11692005,16,61474
11694000,15,34658
11694000,16,61482
11696001,15,34667
11696001,16,61472
11698040,15,34667
11698040,16,61497
11700040,15,34674
11700040,16,61467
11702037,15,34669
11702037,16,61483
11704031,15,34672
11704031,16,61461
11706028,15,34661
11706028,16,61479
11708027,15,34665
11708027,16,61446
11710026,15,34657
11710026,16,61453
11712019,15,34668
11712019,16,61463
11714020,15,34647
11714020,16,61473
11716018,15,34645
11716018,16,61468
11718013,15,34664
11718013,16,61470
11720014,15,34666
11720014,16,61459
11722011,15,34650
11722011,16,61482
11724009,15,34657
11724009,16,61470
11726004,15,34643
11726004,16,61492
11728001,15,34659
11728001,16,61453
11729999,15,34645
11729999,16,61474
11732038,15,34654
11732038,16,61473
11734035,15,34662
11734035,16,61445
11736034,15,34642
11736034,16,61457
11738031,15,34672
11738031,16,61471
11740030,15,34647
11740030,16,61480
11742028,15,34676
11742028,16,61459
11744024,15,34660
11744024,16,61467
11746021,15,34654
11746021,16,61453
11748021,15,34655
11748021,16,61452
11750020,15,34688
11750020,16,61454
11752014,15,34651
11752014,16,61469
11754010,15,34669
11754010,16,61487
11756010,15,34665
11756010,16,61470
11758007,15,34652
11758007,16,61458
11760007,15,34648
11760007,16,61483
11762002,15,34658
11762002,16,61465
11764000,15,34670
11764000,16,61472
11766039,15,34672
11766039,16,61475
11768037,15,34665
11768037,16,61460
11770034,15,34645
11770034,16,61459
11772032,15,34656
11772032,16,61473
11774031,15,34657
11774031,16,61453
11776024,15,34653
11776024,16,61445
11778024,15,34655
11778024,16,61471
11780023,15,34663
11780023,16,61477
11782019,15,34672
11782019,16,61477
11784016,15,34674
11784016,16,61461
11786015,15,34643
11786015,16,61453
11788013,15,34660
11788013,16,61474
11790010,15,34630
11790010,16,61464
11792009,15,34642
11792009,16,61458
11794007,15,34636
11794007,16,61457
11796006,15,34656
11796006,16,61464
11797999,15,34657
11797999,16,61451
11800039,15,34648
11800039,16,61465
11802036,15,34661
11802036,16,61463
11804032,15,34660
11804032,16,61484
11806032,15,34647
11806032,16,61444
11808030,15,34658
11808030,16,61459
11810030,15,34634
11810030,16,61469
11812024,15,34667
11812024,16,61453
11814024,15,34659
11814024,16,61449
11816022,15,34656
11816022,16,61466
11818019,15,34650
11818019,16,61462
11820014,15,34641
11820014,16,61452
11822013,15,34669
11822013,16,61486
11824010,15,34671
11824010,16,61464
11826007,15,34627
11826007,16,61463
11828007,15,34651
11828007,16,61458
11830001,15,34659
11830001,16,61477
11831998,15,34656
11831998,16,61462
11834039,15,34646
11834039,16,61481
11836036,15,34665
11836036,16,61468
11838033,15,34648
11838033,16,61472
11840031,15,34635
11840031,16,61482
11842032,15,34655
11842032,16,61470
11844030,15,34675
11844030,16,61455
11846026,15,34643
11846026,16,61470
11848023,15,34644
11848023,16,61484
11850019,15,34666
11850019,16,61468
11852017,15,34657
11852017,16,61491
11854014,15,34663
11854014,16,61491
11856015,15,34664
11856015,16,61486
11858011,15,34660
11858011,16,61445
11860008,15,34644
11860008,16,61456
11862006,15,34638
11862006,16,61470
11864002,15,34661
11864002,16,61472
11866001,15,34662
11866001,16,61479
11868040,15,34651
11868040,16,61472
11870040,15,34659
11870040,16,61471
11872036,15,34639
11872036,16,61477
11874033,15,34630
11874033,16,61456
11876029,15,34681
11876029,16,61438
11878028,15,34652
11878028,16,61465
11880027,15,34670
11880027,16,61469
11882022,15,34660
11882022,16,61461
11884019,15,34660
11884019,16,61451
11886019,15,34670
11886019,16,61480
11888013,15,34669
11888013,16,61445
11890013,15,34648
11890013,16,61460
11892009,15,34656
11892009,16,61441
11894007,15,34665
11894007,16,61457
11896003,15,34686
11896003,16,61453
11898007,15,34659
11898007,16,61467
11900001,15,34643
11900001,16,61452
11902040,15,34654
11902040,16,61475
11904038,15,34641
11904038,16,61438
11906034,15,34645
11906034,16,61474
11908031,15,34650
11908031,16,61452
11910028,15,34646
11910028,16,61487
11912028,15,34641
11912028,16,61447
11914026,15,34660
11914026,16,61464
11916023,15,34655
11916023,16,61454
11918023,15,34660
11918023,16,61425
11920015,15,34652
11920015,16,61439
11922014,15,34633
11922014,16,61455
11924013,15,34657
11924013,16,61458
11926013,15,34663
11926013,16,61488
11928007,15,34637
11928007,16,61466
11930005,15,34637
11930005,16,61450
11932001,15,34668
11932001,16,61440
11933999,15,34657
11933999,16,61456
11936040,15,34653
11936040,16,61456
11938038,15,34674
11938038,16,61454
11940034,15,34641
11940034,16,61465
11942032,15,34656
11942032,16,61441
11944031,15,34665
11944031,16,61476
11946029,15,34651
11946029,16,61461
11948022,15,34648
11948022,16,61458
11950023,15,34636
11950023,16,61447
11952021,15,34639
11952021,16,61449
11954015,15,34650
11954015,16,61437
11956016,15,34658
11956016,16,61459
11958013,15,34662
11958013,16,61448
11960010,15,34660
11960010,16,61456
11962004,15,34648
11962004,16,61444
11964005,15,34655
11964005,16,61434
11966002,15,34642
11966002,16,61447
11968003,15,34650
11968003,16,61436
11970041,15,34644
11970041,16,61462
11972037,15,34661
11972037,16,61454
11974035,15,34662
11974035,16,61458
11976034,15,34657
11976034,16,61469
11978031,15,34647
11978031,16,61451
11980028,15,34625
11980028,16,61453
11982026,15,34658
11982026,16,61469
11984023,15,34658
11984023,16,61464
11986018,15,34660
11986018,16,61464
11988021,15,34659
11988021,16,61443
11990013,15,34656
11990013,16,61426
11992013,15,34650
11992013,16,61458
11994011,15,34641
11994011,16,61442
11996006,15,34651
11996006,16,61445
11998006,15,34653
11998006,16,61457
12000003,15,34661
12000003,16,61444
12002002,15,34650
12002002,16,61463
12004041,15,34657
12004041,16,61446
12006038,15,34652
12006038,16,61464
12008035,15,34655
12008035,16,61447
12010030,15,34636
12010030,16,61468
12012031,15,34652
12012031,16,61464
12014027,15,34663
12014027,16,61450
12016024,15,34637
12016024,16,61454
12018020,15,34670
12018020,16,61448
12020021,15,34632
12020021,16,61462
12022016,15,34655
12022016,16,61443
12024015,15,34639
12024015,16,61470
12026011,15,34645
12026011,16,61448
12028009,15,34651
12028009,16,61450
12030008,15,34642
12030008,16,61457
12032006,15,34636
12032006,16,61468
12034001,15,34651
12034001,16,61458
12036002,15,34657
12036002,16,61467
12038041,15,34647
12038041,16,61455
12040037,15,34644
12040037,16,61444
12042035,15,34642
12042035,16,61457
12044034,15,34637
12044034,16,61442
12046031,15,34651
12046031,16,61468
12048028,15,34643
12048028,16,61467
12050028,15,34641
12050028,16,61444
12052022,15,34650
12052022,16,61453
12054023,15,34645
12054023,16,61461
12056018,15,34651
12056018,16,61459
12058018,15,34644
12058018,16,61453
12060012,15,34647
12060012,16,61447
12062010,15,34635
12062010,16,61447
12064009,15,34665
12064009,16,61436
12066005,15,34653
12066005,16,61469
12068000,15,34658
12068000,16,61445
12069999,15,34650
12069999,16,61428
12072038,15,34641
12072038,16,61452
12074035,15,34640
12074035,16,61464
12076035,15,34630
12076035,16,61475
12078033,15,34651
12078033,16,61446
12080030,15,34643
12080030,16,61458
12082027,15,34648
12082027,16,61453
12084028,15,34635
12084028,16,61439
12086023,15,34644
12086023,16,61445
12088021,15,34665
12088021,16,61452
12090018,15,34645
12090018,16,61458
12092017,15,34648
12092017,16,61455
12094013,15,34666
12094013,16,61451
12096013,15,34646
12096013,16,61435
12098008,15,34631
12098008,16,61444
12100007,15,34652
12100007,16,61444
12102006,15,34661
12102006,16,61471
12104001,15,34637
12104001,16,61448
12106042,15,34659
12106042,16,61462
12108037,15,34636
12108037,16,61455
12110032,15,34644
12110032,16,61431
12112029,15,34645
12112029,16,61461
12114030,15,34650
12114030,16,61454
12116029,15,34647
12116029,16,61440
12118025,15,34645
12118025,16,61415
12120024,15,34645
12120024,16,61475
12122018,15,34651
12122018,16,61463
12124017,15,34651
12124017,16,61431
12126013,15,34653
12126013,16,61437
12128013,15,34635
12128013,16,61436
12130008,15,34659
12130008,16,61429
12132007,15,34634
12132007,16,61434
12134004,15,34671
12134004,16,61428
12136001,15,34632
12136001,16,61436
12137999,15,34668
12137999,16,61461
12140040,15,34640
12140040,16,61462
12142041,15,34648
12142041,16,61446
12144035,15,34665
12144035,16,61447
12146033,15,34656
12146033,16,61442
12148030,15,34654
12148030,16,61443
12150029,15,34643
12150029,16,61452
12152024,15,34622
12152024,16,61446
12154020,15,34647
12154020,16,61432
12156019,15,34651
12156019,16,61454
12158015,15,34638
12158015,16,61430
12160015,15,34649
12160015,16,61447
12162012,15,34628
12162012,16,61453
12164011,15,34645
12164011,16,61454
12166006,15,34656
12166006,16,61446
12168005,15,34675
12168005,16,61440
12170001,15,34654
12170001,16,61467
12172003,15,34647
12172003,16,61436
12174039,15,34651
12174039,16,61442
12176036,15,34635
12176036,16,61456
12178035,15,34657
12178035,16,61453
12180032,15,34652
12180032,16,61442
12182029,15,34641
12182029,16,61424
12184027,15,34637
12184027,16,61430
12186026,15,34638
12186026,16,61443
12188023,15,34650
12188023,16,61447
12190021,15,34654
12190021,16,61431
12192020,15,34624
12192020,16,61465
12194012,15,34651
12194012,16,61446
12196012,15,34643
12196012,16,61440
12198011,15,34636
12198011,16,61447
12200008,15,34663
12200008,16,61457
12202005,15,34653
12202005,16,61437
12204003,15,34655
12204003,16,61432
12205999,15,34642
12205999,16,61445
12208039,15,34631
12208039,16,61430
12210037,15,34645
12210037,16,61439
12212035,15,34643
12212035,16,61434
12214032,15,34650
12214032,16,61450
12216029,15,34634
12216029,16,61439
12218028,15,34642
12218028,16,61432
12220025,15,34638
12220025,16,61450
12222023,15,34640
12222023,16,61435
12224022,15,34640
12224022,16,61450
12226018,15,34639
12226018,16,61459
12228014,15,34656
12228014,16,61447
12230014,15,34663
12230014,16,61413
12232009,15,34636
12232009,16,61454
12234006,15,34648
12234006,16,61418
12236006,15,34636
12236006,16,61451
12238004,15,34654
12238004,16,61435
12240001,15,34654
12240001,16,61438
12242042,15,34652
12242042,16,61443
12244036,15,34636
12244036,16,61439
12246034,15,34645
12246034,16,61449
12248030,15,34635
12248030,16,61435
12250029,15,34661
12250029,16,61456
12252030,15,34644
12252030,16,61435
12254022,15,34625
12254022,16,61459
12256019,15,34644
12256019,16,61427
12258020,15,34646
12258020,16,61432
12260018,15,34652
12260018,16,61454
12262013,15,34635
12262013,16,61427
12264013,15,34659
12264013,16,61428
12266009,15,34633
12266009,16,61418
12268007,15,34657
12268007,16,61428
12270004,15,34634
12270004,16,61431
12272002,15,34650
12272002,16,61429
12274002,15,34651
12274002,16,61453
12276040,15,34627
12276040,16,61451
12278036,15,34657
12278036,16,61427
12280034,15,34629
12280034,16,61417
12282034,15,34649
12282034,16,61429
12284029,15,34648
12284029,16,61425
12286029,15,34651
12286029,16,61428
12288025,15,34629
12288025,16,61411
12290020,15,34648
12290020,16,61443
12292020,15,34635
12292020,16,61432
12294014,15,34647
12294014,16,61453
12296015,15,34634
12296015,16,61442
12298010,15,34647
12298010,16,61421
12300011,15,34642
12300011,16,61422
12302008,15,34642
12302008,16,61414
12304006,15,34648
12304006,16,61409
12306003,15,34646
12306003,16,61432
12308000,15,34636
12308000,16,61441
12310039,15,34638
12310039,16,61440
12312038,15,34627
12312038,16,61424
12314032,15,34625
12314032,16,61435
12316031,15,34642
12316031,16,61426
12318029,15,34649
12318029,16,61434
12320028,15,34632
12320028,16,61415
12322024,15,34640
12322024,16,61434
12324022,15,34646
12324022,16,61446
12326021,15,34627
12326021,16,61419
12328017,15,34638
12328017,16,61424
12330015,15,34653
12330015,16,61454
12332014,15,34630
12332014,16,61450
12334008,15,34644
12334008,16,61431
12336009,15,34651
12336009,16,61421
12338005,15,34638
12338005,16,61429
12340002,15,34642
12340002,16,61449
12342000,15,34638
12342000,16,61418
12344038,15,34646
12344038,16,61421
12346039,15,34626
12346039,16,61444
12348035,15,34639
12348035,16,61407
12350033,15,34639
12350033,16,61460
12352029,15,34653
12352029,16,61439
12354027,15,34642
12354027,16,61440
12356027,15,34625
12356027,16,61436
12358020,15,34635
12358020,16,61429
12360022,15,34640
12360022,16,61451
12362017,15,34643
12362017,16,61441
12364014,15,34634
12364014,16,61428
12366012,15,34632
12366012,16,61426
12368008,15,34639
12368008,16,61427
12370008,15,34649
12370008,16,61420
12372005,15,34646
12372005,16,61436
12374001,15,34662
12374001,16,61442
12375998,15,34664
12375998,16,61450
12378042,15,34643
12378042,16,61453
12380036,15,34647
12380036,16,61426
12382037,15,34632
12382037,16,61419
12384031,15,34634
12384031,16,61455
12386029,15,34644
12386029,16,61423
12388029,15,34638
12388029,16,61448
12390026,15,34625
12390026,16,61445
12392022,15,34639
12392022,16,61423
12394021,15,34630
12394021,16,61419
12396019,15,34652
12396019,16,61408
12398016,15,34647
12398016,16,61415
12400010,15,34644
12400010,16,61433
12402012,15,34647
12402012,16,61429
12404008,15,34650
12404008,16,61427
12406004,15,34644
12406004,16,61417
12407999,15,34646
12407999,16,61440
12410000,15,34641
12410000,16,61446
12412043,15,34628
12412043,16,61434
12414039,15,34643
12414039,16,61418
12416035,15,34631
12416035,16,61443
12418033,15,34657
12418033,16,61416
12420030,15,34639
12420030,16,61417
12422028,15,34623
12422028,16,61430
12424028,15,34625
12424028,16,61429
12426024,15,34638
12426024,16,61416
12428021,15,34644
12428021,16,61423
12430018,15,34639
12430018,16,61417
12432016,15,34634
12432016,16,61421
12434013,15,34623
12434013,16,61408
12436010,15,34633
12436010,16,61457
12438011,15,34642
12438011,16,61404
12440005,15,34642
12440005,16,61425
12442002,15,34637
12442002,16,61430
12444001,15,34618
12444001,16,61448
12446041,15,34643
12446041,16,61440
12448036,15,34633
12448036,16,61434
12450033,15,34629
12450033,16,61429
12452033,15,34637
12452033,16,61425
12454029,15,34631
12454029,16,61417
12456026,15,34629
12456026,16,61425
12458026,15,34614
12458026,16,61430
12460022,15,34618
12460022,16,61421
12462023,15,34628
12462023,16,61443
12464019,15,34641
12464019,16,61419
12466015,15,34650
12466015,16,61423
12468011,15,34632
12468011,16,61438
12470011,15,34631
12470011,16,61424
12472007,15,34639
12472007,16,61448
12474003,15,34645
12474003,16,61427
12476001,15,34636
12476001,16,61428
12478000,15,34653
12478000,16,61432
12480040,15,34617
12480040,16,61430
12482040,15,34635
12482040,16,61415
12484038,15,34642
12484038,16,61426
12486030,15,34634
12486030,16,61422
12488032,15,34636
12488032,16,61429
12490026,15,34639
12490026,16,61430
12492023,15,34619
12492023,16,61427
12494022,15,34629
12494022,16,61456
12496022,15,34652
12496022,16,61445
12498020,15,34630
12498020,16,61432
12500018,15,34635
12500018,16,61428
12502011,15,34619
12502011,16,61429
12504006,15,34637
12504006,16,61441
12506010,15,34641
12506010,16,61435
12508006,15,34636
12508006,16,61418
12510004,15,34623
12510004,16,61421
12512000,15,34655
12512000,16,61420
12514038,15,34637
12514038,16,61441
12516036,15,34637
12516036,16,61433
12518032,15,34654
12518032,16,61426
12520034,15,34651
12520034,16,61438
12522030,15,34657
12522030,16,61426
12524027,15,34651
12524027,16,61435
12526026,15,34627
12526026,16,61431
12528025,15,34627
12528025,16,61398
12530017,15,34651
12530017,16,61409
12532019,15,34626
12532019,16,61436
12534013,15,34625
12534013,16,61434
12536012,15,34639
12536012,16,61431
12538012,15,34629
12538012,16,61398
12540007,15,34641
12540007,16,61424
12542006,15,34634
12542006,16,61400
12544001,15,34624
12544001,16,61412
12546000,15,34647
12546000,16,61441
12548042,15,34617
12548042,16,61398
12550036,15,34649
12550036,16,61443
12552034,15,34659
12552034,16,61420
12554031,15,34618
12554031,16,61427
12556030,15,34637
12556030,16,61451
12558027,15,34638
12558027,16,61413
12560025,15,34633
12560025,16,61412
12562021,15,34635
12562021,16,61428
12564020,15,34629
12564020,16,61422
12566015,15,34637
12566015,16,61407
12568012,15,34621
12568012,16,61422
12570011,15,34637
12570011,16,61437
12572012,15,34629
12572012,16,61416
12574008,15,34629
12574008,16,61437
12576003,15,34624
12576003,16,61411
12578003,15,34617
12578003,16,61402
12579998,15,34641
12579998,16,61436
12582040,15,34627
12582040,16,61427
12584038,15,34631
12584038,16,61408
12586035,15,34645
12586035,16,61429
12588033,15,34633
12588033,16,61421
12590030,15,34630
12590030,16,61419
12592029,15,34622
12592029,16,61413
12594026,15,34618
12594026,16,61426
12596022,15,34628
12596022,16,61413
12598019,15,34614
12598019,16,61405
12600016,15,34635
12600016,16,61445
12602013,15,34630
12602013,16,61422
12604014,15,34637
12604014,16,61425
12606009,15,34620
12606009,16,61404
12608006,15,34642
12608006,16,61417
12610005,15,34643
12610005,16,61424
12612003,15,34620
12612003,16,61430
12614000,15,34623
12614000,16,61414
12616039,15,34632
12616039,16,61425
12618040,15,34638
12618040,16,61417
12620035,15,34633
12620035,16,61425
12622034,15,34624
12622034,16,61434
12624031,15,34618
12624031,16,61429
12626029,15,34636
12626029,16,61410
12628026,15,34643
12628026,16,61414
12630023,15,34637
12630023,16,61414
12632021,15,34626
12632021,16,61421
12634018,15,34634
12634018,16,61425
12636015,15,34635
12636015,16,61435
12638011,15,34634
12638011,16,61405
12640009,15,34621
12640009,16,61417
12642007,15,34630
12642007,16,61431
12644003,15,34647
12644003,16,61420
12646000,15,34631
12646000,16,61428
12647998,15,34619
12647998,16,61423
12650039,15,34633
12650039,16,61413
12652036,15,34636
12652036,16,61418
12654034,15,34627
12654034,16,61415
12656033,15,34620
12656033,16,61429
12658027,15,34622
12658027,16,61408
12660031,15,34635
12660031,16,61399
12662023,15,34612
12662023,16,61405
12664023,15,34634
12664023,16,61407
12666021,15,34635
12666021,16,61421
12668017,15,34634
12668017,16,61423
12670013,15,34645
12670013,16,61417
12672014,15,34622
12672014,16,61418
12674009,15,34638
12674009,16,61420
12676005,15,34605
12676005,16,61417
12678006,15,34643
12678006,16,61413
12679999,15,34618
12679999,16,61410
12681998,15,34639
12681998,16,61424
12684042,15,34655
12684042,16,61400
12686037,15,34630
12686037,16,61392
12688033,15,34625
12688033,16,61419
12690034,15,34629
12690034,16,61424
12692027,15,34623
12692027,16,61423
12694025,15,34629
12694025,16,61415
12696026,15,34636
12696026,16,61403
12698021,15,34621
12698021,16,61443
12700020,15,34625
12700020,16,61429
12702020,15,34605
12702020,16,61398
12704013,15,34615
12704013,16,61405
12706012,15,34619
12706012,16,61400
12708011,15,34611
12708011,16,61413
12710007,15,34622
12710007,16,61396
12712003,15,34626
12712003,16,61398
12714004,15,34629
12714004,16,61423
12716003,15,34614
12716003,16,61406
12718038,15,34639
12718038,16,61412
12720038,15,34620
12720038,16,61416
12722037,15,34640
12722037,16,61429
12724034,15,34649
12724034,16,61417
12726029,15,34621
12726029,16,61426
12728025,15,34635
12728025,16,61408
12730025,15,34650
12730025,16,61419
12732023,15,34646
12732023,16,61429
12734020,15,34616
12734020,16,61405
12736017,15,34629
12736017,16,61418
12738014,15,34623
12738014,16,61437
12740013,15,34628
12740013,16,61384
12742011,15,34600
12742011,16,61416
12744008,15,34627
12744008,16,61422
12746003,15,34620
12746003,16,61408
12748003,15,34636
12748003,16,61438
12749997,15,34643
12749997,16,61405
12752041,15,34627
12752041,16,61428
12754036,15,34631
12754036,16,61401
12756037,15,34636
12756037,16,61430
12758034,15,34622
12758034,16,61406
12760028,15,34610
12760028,16,61405
12762026,15,34634
12762026,16,61413
12764028,15,34630
12764028,16,61409
12766024,15,34631
12766024,16,61395
12768021,15,34638
12768021,16,61406
12770019,15,34637
12770019,16,61398
12772016,15,34614
12772016,16,61399
12774012,15,34639
12774012,16,61419
12776010,15,34625
12776010,16,61405
12778008,15,34605
12778008,16,61407
12780007,15,34625
12780007,16,61409
12782005,15,34609
12782005,16,61415
12783999,15,34633
12783999,16,61402
12786042,15,34620
12786042,16,61418
12788034,15,34637
12788034,16,61401
12790035,15,34628
12790035,16,61404
12792031,15,34633
12792031,16,61423
12794033,15,34630
12794033,16,61392
12796029,15,34622
12796029,16,61431
12798023,15,34639
12798023,16,61416
12800023,15,34632
12800023,16,61419
12802020,15,34631
12802020,16,61421
12804019,15,34612
12804019,16,61404
12806013,15,34631
12806013,16,61425
12808013,15,34603
12808013,16,61408
12810009,15,34628
12810009,16,61398
12812009,15,34627
12812009,16,61404
12814003,15,34628
12814003,16,61394
12816006,15,34620
12816006,16,61406
12817998,15,34633
12817998,16,61399
12820041,15,34621
12820041,16,61412
12822036,15,34648
12822036,16,61422
12824036,15,34631
12824036,16,61420
12826034,15,34628
12826034,16,61391
12828028,15,34632
12828028,16,61404
12830027,15,34638
12830027,16,61400
12832025,15,34621
12832025,16,61398
12834023,15,34618
12834023,16,61396
12836024,15,34622
12836024,16,61391
12838017,15,34635
12838017,16,61402
12840017,15,34638
12840017,16,61415
12842013,15,34637
12842013,16,61402
12844011,15,34624
12844011,16,61421
12846008,15,34625
12846008,16,61406
12848004,15,34606
12848004,16,61415
12850005,15,34639
12850005,16,61407
12852000,15,34598
12852000,16,61415
12854040,15,34634
12854040,16,61414
12856038,15,34651
12856038,16,61392
12858036,15,34605
12858036,16,61426
12860030,15,34618
12860030,16,61400
12862031,15,34619
12862031,16,61405
12864028,15,34624
12864028,16,61391
12866024,15,34601
12866024,16,61393
12868025,15,34627
12868025,16,61412
12870020,15,34601
12870020,16,61403
12872018,15,34639
12872018,16,61384
12874016,15,34623
12874016,16,61404
12876012,15,34630
12876012,16,61398
12878010,15,34632
12878010,16,61406
12880008,15,34636
12880008,16,61405
12882005,15,34617
12882005,16,61400
12884002,15,34625
12884002,16,61401
12885997,15,34613
12885997,16,61413
12888041,15,34628
12888041,16,61393
12890039,15,34636
12890039,16,61413
12892038,15,34621
12892038,16,61414
12894034,15,34624
12894034,16,61397
12896027,15,34624
12896027,16,61385
12898026,15,34622
12898026,16,61398
12900027,15,34612
12900027,16,61400
12902020,15,34628
12902020,16,61389
12904017,15,34644
12904017,16,61407
12906018,15,34633
12906018,16,61395
12908014,15,34619
12908014,16,61389
12910012,15,34632
12910012,16,61406
12912007,15,34624
12912007,16,61418
12914007,15,34639
12914007,16,61402
12916005,15,34625
12916005,16,61410
12918000,15,34620
12918000,16,61409
12920001,15,34619
12920001,16,61395
12922042,15,34620
12922042,16,61385
12924039,15,34629
12924039,16,61399
12926035,15,34642
12926035,16,61411
12928033,15,34616
12928033,16,61407
12930032,15,34632
12930032,16,61404
12932026,15,34636
12932026,16,61396
12934024,15,34613
12934024,16,61396
12936024,15,34643
12936024,16,61389
12938018,15,34624
12938018,16,61406
12940018,15,34616
12940018,16,61423
12942018,15,34615
12942018,16,61407
12944012,15,34621
12944012,16,61423
12946009,15,34618
12946009,16,61382
12948005,15,34621
12948005,16,61393
12950004,15,34607
12950004,16,61403
12952002,15,34626
12952002,16,61382
12954002,15,34627
12954002,16,61393
12956042,15,34619
12956042,16,61397
12958036,15,34609
12958036,16,61389
12960034,15,34624
12960034,16,61418
12962032,15,34627
12962032,16,61404
12964029,15,34638
12964029,16,61398
12966027,15,34648
12966027,16,61416
12968024,15,34619
12968024,16,61417
12970025,15,34616
12970025,16,61406
12972021,15,34629
12972021,16,61405
12974018,15,34621
12974018,16,61396
12976014,15,34616
12976014,16,61402
12978014,15,34636
12978014,16,61404
12980008,15,34621
12980008,16,61392
12982008,15,34634
12982008,16,61393
12984006,15,34627
12984006,16,61389
12986004,15,34617
12986004,16,61414
12988002,15,34608
12988002,16,61403
12990041,15,34633
12990041,16,61402
12992040,15,34632
12992040,16,61394
12994037,15,34631
12994037,16,61390
12996034,15,34635
12996034,16,61392
12998030,15,34607
12998030,16,61402
13000028,15,34605
13000028,16,61397
13002021,15,34626
13002021,16,61416
13004020,15,34623
13004020,16,61411
13006022,15,34614
13006022,16,61405
13008017,15,34606
13008017,16,61376
13010014,15,34618
13010014,16,61382
13012014,15,34630
13012014,16,61401
13014009,15,34640
13014009,16,61406
13016006,15,34603
13016006,16,61406
13018005,15,34632
13018005,16,61403
13020001,15,34637
13020001,16,61417
13022001,15,34609
13022001,16,61403
13024040,15,34604
13024040,16,61400
13026036,15,34610
13026036,16,61408
13028037,15,34622
13028037,16,61382
13030032,15,34611
13030032,16,61406
13032030,15,34609
13032030,16,61399
13034028,15,34638
13034028,16,61396
13036024,15,34602
13036024,16,61391
13038025,15,34606
13038025,16,61391
13040019,15,34603
13040019,16,61395
13042017,15,34612
13042017,16,61398
13044012,15,34620
13044012,16,61384
13046012,15,34632
13046012,16,61401
13048009,15,34621
13048009,16,61389
13050009,15,34616
13050009,16,61387
13052006,15,34623
13052006,16,61390
13054003,15,34604
13054003,16,61388
13056001,15,34615
13056001,16,61394
13058040,15,34621
13058040,16,61396
13060039,15,34614
13060039,16,61390
13062033,15,34632
13062033,16,61407
13064033,15,34646
13064033,16,61388
13066030,15,34613
13066030,16,61390
13068029,15,34601
13068029,16,61402
13070022,15,34610
13070022,16,61400
13072021,15,34626
13072021,16,61398
13074020,15,34613
13074020,16,61402
13076020,15,34625
13076020,16,61381
13078017,15,34620
13078017,16,61397
13080009,15,34626
13080009,16,61379
13082009,15,34604
13082009,16,61384
13084007,15,34606
13084007,16,61380
13086004,15,34622
13086004,16,61401
13088004,15,34612
13088004,16,61406
13090001,15,34602
13090001,16,61403
13092039,15,34618
13092039,16,61377
13094036,15,34622
13094036,16,61399
13096036,15,34606
13096036,16,61402
13098034,15,34620
13098034,16,61390
13100030,15,34608
13100030,16,61364
13102027,15,34631
13102027,16,61378
13104026,15,34649
13104026,16,61389
13106026,15,34622
13106026,16,61377
13108022,15,34617
13108022,16,61396
13110017,15,34599
13110017,16,61394
13112014,15,34634
13112014,16,61390
13114013,15,34607
13114013,16,61389
13116011,15,34630
13116011,16,61372
13118009,15,34607
13118009,16,61400
13120006,15,34615
13120006,16,61381
13122005,15,34610
13122005,16,61402
13123998,15,34625
13123998,16,61402
13126041,15,34628
13126041,16,61395
13128039,15,34617
13128039,16,61402
13130034,15,34624
13130034,16,61390
13132030,15,34590
13132030,16,61367
13134028,15,34620
13134028,16,61386
13136027,15,34621
13136027,16,61382
13138024,15,34619
13138024,16,61388
13140026,15,34616
13140026,16,61397
13142019,15,34610
13142019,16,61382
13144018,15,34611
13144018,16,61378
13146017,15,34616
13146017,16,61396
13148013,15,34606
13148013,16,61382
13150011,15,34623
13150011,16,61378
13152009,15,34613
13152009,16,61388
13154006,15,34606
13154006,16,61378
13156003,15,34630
13156003,16,61387
13158000,15,34616
13158000,16,61388
13160040,15,34608
13160040,16,61387
13162040,15,34619
13162040,16,61388
13164036,15,34615
13164036,16,61377
13166032,15,34611
13166032,16,61376
13168032,15,34608
13168032,16,61365
13170031,15,34617
13170031,16,61394
13172028,15,34590
13172028,16,61391
13174023,15,34630
13174023,16,61375
13176019,15,34614
13176019,16,61380
13178017,15,34634
13178017,16,61377
13180017,15,34620
13180017,16,61384
13182011,15,34596
13182011,16,61394
13184011,15,34624
13184011,16,61385
13186006,15,34611
13186006,16,61392
13188005,15,34620
13188005,16,61373
13190002,15,34614
13190002,16,61369
13192001,15,34625
13192001,16,61387
13194041,15,34634
13194041,16,61386
13196039,15,34612
13196039,16,61395
13198035,15,34622
13198035,16,61383
13200033,15,34616
13200033,16,61388
13202028,15,34613
13202028,16,61388
13204027,15,34607
13204027,16,61416
13206023,15,34605
13206023,16,61389
13208020,15,34609
13208020,16,61388
13210020,15,34611
13210020,16,61393
13212018,15,34607
13212018,16,61374
13214017,15,34605
13214017,16,61405
13216012,15,34630
13216012,16,61370
13218012,15,34624
13218012,16,61395
13220010,15,34626
13220010,16,61383
13222005,15,34609
13222005,16,61389
13224002,15,34623
13224002,16,61385
13225999,15,34620
13225999,16,61372
13228040,15,34610
13228040,16,61390
13230039,15,34620
13230039,16,61379
13232035,15,34603
13232035,16,61395
13234034,15,34621
13234034,16,61389
13236029,15,34597
13236029,16,61372
13238028,15,34628
13238028,16,61377
13240026,15,34613
13240026,16,61374
13242023,15,34611
13242023,16,61378
13244018,15,34602
13244018,16,61380
13246018,15,34627
13246018,16,61380
13248011,15,34614
13248011,16,61387
13250013,15,34627
13250013,16,61376
13252010,15,34611
13252010,16,61391
13254008,15,34626
13254008,16,61381
13256004,15,34618
13256004,16,61398
13257999,15,34607
13257999,16,61387
13259999,15,34610
13259999,16,61386
13262039,15,34614
13262039,16,61385
13264038,15,34612
13264038,16,61396
13266034,15,34601
13266034,16,61374
13268035,15,34601
13268035,16,61371
13270030,15,34617
13270030,16,61386
13272029,15,34601
13272029,16,61390
13274021,15,34599
13274021,16,61394
13276019,15,34616
13276019,16,61392
13278020,15,34611
13278020,16,61397
13280021,15,34636
13280021,16,61349
13282018,15,34612
13282018,16,61369
13284013,15,34618
13284013,16,61381
13286010,15,34624
13286010,16,61380
13288008,15,34632
13288008,16,61381
13290005,15,34601
13290005,16,61396
13292004,15,34612
13292004,16,61373
13293998,15,34608
13293998,16,61380
13296039,15,34612
13296039,16,61381
13298038,15,34606
13298038,16,61373
13300033,15,34637
13300033,16,61387
13302029,15,34610
13302029,16,61374
13304029,15,34603
13304029,16,61379
13306027,15,34595
13306027,16,61382
13308024,15,34608
13308024,16,61381
13310023,15,34634
13310023,16,61399
13312024,15,34585
13312024,16,61390
13314017,15,34614
13314017,16,61365
13316015,15,34614
13316015,16,61362
13318014,15,34612
13318014,16,61384
13320011,15,34626
13320011,16,61368
13322007,15,34605
13322007,16,61364
13324005,15,34620
13324005,16,61375
13326001,15,34627
13326001,16,61379
13327998,15,34610
13327998,16,61388
13330039,15,34623
13330039,16,61369
13332035,15,34619
13332035,16,61410
13334035,15,34626
13334035,16,61381
13336034,15,34615
13336034,16,61387
13338032,15,34618
13338032,16,61374
13340029,15,34585
13340029,16,61387
13342027,15,34594
13342027,16,61388
13344020,15,34610
13344020,16,61371
13346022,15,34604
13346022,16,61382
13348019,15,34582
13348019,16,61372
13350015,15,34600
13350015,16,61372
13352012,15,34595
13352012,16,61391
13354011,15,34610
13354011,16,61395
13356008,15,34610
13356008,16,61382
13358005,15,34615
13358005,16,61393
13360001,15,34612
13360001,16,61377
13362002,15,34611
13362002,16,61380
13364040,15,34599
13364040,16,61371
13366038,15,34597
13366038,16,61368
13368035,15,34615
13368035,16,61386
13370035,15,34609
13370035,16,61367
13372031,15,34617
13372031,16,61388
13374028,15,34598
13374028,16,61373
13376024,15,34590
13376024,16,61381
13378023,15,34613
13378023,16,61371
13380019,15,34621
13380019,16,61376
13382018,15,34582
13382018,16,61388
13384016,15,34633
13384016,16,61393
13386012,15,34594
13386012,16,61382
13388011,15,34613
13388011,16,61408
13390008,15,34628
13390008,16,61380
13392005,15,34592
13392005,16,61373
13394001,15,34608
13394001,16,61360
13396001,15,34602
13396001,16,61375
13398043,15,34601
13398043,16,61364
13400035,15,34591
13400035,16,61369
13402034,15,34628
13402034,16,61376
13404033,15,34622
13404033,16,61370
13406031,15,34609
13406031,16,61366
13408024,15,34623
13408024,16,61388
13410028,15,34595
13410028,16,61387
13412023,15,34606
13412023,16,61369
13414020,15,34623
13414020,16,61360
13416017,15,34604
13416017,16,61352
13418015,15,34612
13418015,16,61375
13420013,15,34623
13420013,16,61366
13422009,15,34597
13422009,16,61362
13424007,15,34603
13424007,16,61358
13426005,15,34619
13426005,16,61377
13428003,15,34616
13428003,16,61374
13429997,15,34606
13429997,16,61392
13432042,15,34596
13432042,16,61363
13434039,15,34618
13434039,16,61376
13436037,15,34600
13436037,16,61371
13438031,15,34605
13438031,16,61373
13440031,15,34598
13440031,16,61370
13442029,15,34598
13442029,16,61376
13444026,15,34583
13444026,16,61390
13446022,15,34614
13446022,16,61375
13448017,15,34589
13448017,16,61365
13450016,15,34575
13450016,16,61385
13452016,15,34624
13452016,16,61384
13454011,15,34609
13454011,16,61362
13456010,15,34590
13456010,16,61373
13458010,15,34612
13458010,16,61376
13460005,15,34615
13460005,16,61376
13462002,15,34602
13462002,16,61363
13464002,15,34621
13464002,16,61384
13466043,15,34622
13466043,16,61374
13468038,15,34620
13468038,16,61366
13470036,15,34622
13470036,16,61354
13472032,15,34598
13472032,16,61361
13474030,15,34610
13474030,16,61369
13476027,15,34605
13476027,16,61391
13478022,15,34610
13478022,16,61370
13480024,15,34605
13480024,16,61368
13482019,15,34592
13482019,16,61365
13484017,15,34613
13484017,16,61364
13486017,15,34593
13486017,16,61366
13488011,15,34589
13488011,16,61370
13490010,15,34612
13490010,16,61377
13492006,15,34602
13492006,16,61359
13494005,15,34596
13494005,16,61379
13496002,15,34610
13496002,16,61342
13498000,15,34602
13498000,16,61363
13500040,15,34608
13500040,16,61366
13502038,15,34592
13502038,16,61359
13504036,15,34609
13504036,16,61368
13506034,15,34606
13506034,16,61370
13508033,15,34602
13508033,16,61363
13510027,15,34582
13510027,16,61362
13512028,15,34611
13512028,16,61372
13514024,15,34615
13514024,16,61362
13516019,15,34604
13516019,16,61380
13518017,15,34597
13518017,16,61357
13520014,15,34586
13520014,16,61364
13522012,15,34597
13522012,16,61357
13524010,15,34597
13524010,16,61375
13526006,15,34604
13526006,16,61376
13528005,15,34602
13528005,16,61367
13530003,15,34604
13530003,16,61361
13532001,15,34604
13532001,16,61367
13534040,15,34611
13534040,16,61355
13536036,15,34606
13536036,16,61392
13538032,15,34572
13538032,16,61357
13540031,15,34601
13540031,16,61375
13542030,15,34593
13542030,16,61366
13544027,15,34606
13544027,16,61391
13546024,15,34606
13546024,16,61363
13548020,15,34587
13548020,16,61367
13550022,15,34608
13550022,16,61378
13552019,15,34592
13552019,16,61364
13554015,15,34601
13554015,16,61365
13556012,15,34610
13556012,16,61354
13558013,15,34602
13558013,16,61385
13560006,15,34601
13560006,16,61359
13562006,15,34611
13562006,16,61367
13564001,15,34598
13564001,16,61367
13565999,15,34601
13565999,16,61374
13568040,15,34598
13568040,16,61365
13570038,15,34609
13570038,16,61362
13572036,15,34603
13572036,16,61355
13574032,15,34585
13574032,16,61368
13576029,15,34613
13576029,16,61375
13578026,15,34596
13578026,16,61358
13580026,15,34614
13580026,16,61386
13582020,15,34589
13582020,16,61341
13584019,15,34600
13584019,16,61360
13586017,15,34613
13586017,16,61371
13588014,15,34629
13588014,16,61366
13590010,15,34609
13590010,16,61364
13592009,15,34634
13592009,16,61374
13594008,15,34588
13594008,16,61354
13596004,15,34601
13596004,16,61341
13598003,15,34591
13598003,16,61365
13599999,15,34591
13599999,16,61375
13602041,15,34596
13602041,16,61365
13604037,15,34602
13604037,16,61347
13606036,15,34594
13606036,16,61363
13608030,15,34614
13608030,16,61365
13610031,15,34604
13610031,16,61369
13612029,15,34619
13612029,16,61360
13614025,15,34597
13614025,16,61363
13616024,15,34602
13616024,16,61360
13618020,15,34598
13618020,16,61365
13620020,15,34600
13620020,16,61358
13622016,15,34609
13622016,16,61353
13624010,15,34587
13624010,16,61361
13626012,15,34604
13626012,16,61348
13628009,15,34605
13628009,16,61370
13630008,15,34603
13630008,16,61349
13632005,15,34578
13632005,16,61367
13634001,15,34606
13634001,16,61379
13636042,15,34595
13636042,16,61343
13638039,15,34593
13638039,16,61360
13640038,15,34597
13640038,16,61368
13642032,15,34599
13642032,16,61359
13644028,15,34587
13644028,16,61375
13646027,15,34610
13646027,16,61357
13648025,15,34603
13648025,16,61359
13650019,15,34626
13650019,16,61360
13652022,15,34592
13652022,16,61359
13654020,15,34582
13654020,16,61370
13656014,15,34588
13656014,16,61364
13658014,15,34607
13658014,16,61362
13660011,15,34607
13660011,16,61357
13662008,15,34606
13662008,16,61351
13664004,15,34598
13664004,16,61381
13666001,15,34613
13666001,16,61359
13668000,15,34593
13668000,16,61363
13670042,15,34606
13670042,16,61362
13672041,15,34604
13672041,16,61367
13674034,15,34597
13674034,16,61349
13676030,15,34600
13676030,16,61372
13678029,15,34602
13678029,16,61384
13680026,15,34620
13680026,16,61364
13682023,15,34600
13682023,16,61376
13684021,15,34621
13684021,16,61353
13686022,15,34594
13686022,16,61346
13688019,15,34598
13688019,16,61346
13690016,15,34597
13690016,16,61357
13692012,15,34606
13692012,16,61370
13694009,15,34591
13694009,16,61361
13696008,15,34589
13696008,16,61364
13698008,15,34604
13698008,16,61352
13700000,15,34597
13700000,16,61367
13702003,15,34603
13702003,16,61365
13704039,15,34606
13704039,16,61344
13706037,15,34585
13706037,16,61394
13708036,15,34590
13708036,16,61351
13710031,15,34612
13710031,16,61372
13712031,15,34579
13712031,16,61374
13714029,15,34586
13714029,16,61380
13716026,15,34594
13716026,16,61384
13718021,15,34600
13718021,16,61359
13720019,15,34617
13720019,16,61381
13722017,15,34609
13722017,16,61368
13724017,15,34596
13724017,16,61355
13726013,15,34614
13726013,16,61347
13728012,15,34597
13728012,16,61356
13730008,15,34591
13730008,16,61345
13732005,15,34590
13732005,16,61356
13734003,15,34591
13734003,16,61364
13736000,15,34596
13736000,16,61340
13738041,15,34612
13738041,16,61356
13740034,15,34612
13740034,16,61365
13742036,15,34606
13742036,16,61358
13744031,15,34594
13744031,16,61353
13746032,15,34600
13746032,16,61353
13748029,15,34588
13748029,16,61356
13750027,15,34602
13750027,16,61355
13752021,15,34609
13752021,16,61361
13754019,15,34594
13754019,16,61353
13756020,15,34592
13756020,16,61362
13758014,15,34586
13758014,16,61323
13760012,15,34585
13760012,16,61363
13762013,15,34595
13762013,16,61348
13764008,15,34590
13764008,16,61364
13766005,15,34605
13766005,16,61339
13768003,15,34598
13768003,16,61347
13770001,15,34605
13770001,16,61352
13772038,15,34632
13772038,16,61363
13774035,15,34596
13774035,16,61357
13776037,15,34585
13776037,16,61349
13778033,15,34586
13778033,16,61371
13780033,15,34591
13780033,16,61352
13782027,15,34599
13782027,16,61368
13784025,15,34585
13784025,16,61361
13786024,15,34594
13786024,16,61358
13788018,15,34597
13788018,16,61347
13790018,15,34605
13790018,16,61356
13792015,15,34580
13792015,16,61360
13794011,15,34603
13794011,16,61357
13796008,15,34590
13796008,16,61356
13798008,15,34587
13798008,16,61340
13800004,15,34596
13800004,16,61377
13802004,15,34579
13802004,16,61343
13803999,15,34595
13803999,16,61348
13806040,15,34588
13806040,16,61347
13808037,15,34590
13808037,16,61348
13810036,15,34607
13810036,16,61336
13812033,15,34595
13812033,16,61351
13814029,15,34583
13814029,16,61328
13816031,15,34596
13816031,16,61333
13818027,15,34586
13818027,16,61351
13820022,15,34605
13820022,16,61353
13822022,15,34601
13822022,16,61345
13824015,15,34610
13824015,16,61349
13826018,15,34606
13826018,16,61360
13828014,15,34592
13828014,16,61358
13830012,15,34599
13830012,16,61355
13832010,15,34579
13832010,16,61347
13834004,15,34580
13834004,16,61347
13836004,15,34596
13836004,16,61337
13838001,15,34606
13838001,16,61371
13840041,15,34596
13840041,16,61368
13842038,15,34607
13842038,16,61354
13844033,15,34598
13844033,16,61346
13846033,15,34586
13846033,16,61340
13848030,15,34598
13848030,16,61357
13850027,15,34592
13850027,16,61350
13852026,15,34592
13852026,16,61368
13854022,15,34576
13854022,16,61348
13856018,15,34598
13856018,16,61357
13858014,15,34601
13858014,16,61341
13860014,15,34593
13860014,16,61349
13862014,15,34585
13862014,16,61367
13864009,15,34602
13864009,16,61343
13866005,15,34587
13866005,16,61325
13868006,15,34605
13868006,16,61344
13870002,15,34575
13870002,16,61372
13872001,15,34605
13872001,16,61340
13874039,15,34591
13874039,16,61353
13876037,15,34588
13876037,16,61346
13878034,15,34616
13878034,16,61381
13880033,15,34600
13880033,16,61350
13882030,15,34596
13882030,16,61351
13884027,15,34604
13884027,16,61325
13886027,15,34605
13886027,16,61360
13888024,15,34585
13888024,16,61336
13890020,15,34589
13890020,16,61334
13892019,15,34592
13892019,16,61355
13894019,15,34585
13894019,16,61339
13896013,15,34605
13896013,16,61346
13898009,15,34612
13898009,16,61354
13900003,15,34586
13900003,16,61351
13902007,15,34593
13902007,16,61337
13904001,15,34592
13904001,16,61337
13905999,15,34608
13905999,16,61324
13908038,15,34573
13908038,16,61352
13910038,15,34631
13910038,16,61325
13912035,15,34587
13912035,16,61344
13914031,15,34584
13914031,16,61357
13916027,15,34595
13916027,16,61360
13918027,15,34610
13918027,16,61352
13920029,15,34597
13920029,16,61340
13922022,15,34598
13922022,16,61341
13924019,15,34599
13924019,16,61333
13926018,15,34598
13926018,16,61355
13928017,15,34581
13928017,16,61352
13930013,15,34571
13930013,16,61324
13932011,15,34589
13932011,16,61343
13934009,15,34596
13934009,16,61338
13936007,15,34579
13936007,16,61345
13938002,15,34600
13938002,16,61354
13940000,15,34611
13940000,16,61339
13942040,15,34591
13942040,16,61343
13944036,15,34578
13944036,16,61361
13946036,15,34594
13946036,16,61333
13948031,15,34591
13948031,16,61345
13950032,15,34603
13950032,16,61346
13952026,15,34580
13952026,16,61349
13954026,15,34591
13954026,16,61336
13956023,15,34600
13956023,16,61351
13958022,15,34601
13958022,16,61330
13960017,15,34569
13960017,16,61344
13962017,15,34592
13962017,16,61331
13964014,15,34588
13964014,16,61338
13966011,15,34591
13966011,16,61348
13968008,15,34594
13968008,16,61348
13970005,15,34580
13970005,16,61366
13972000,15,34576
13972000,16,61338
13973999,15,34573
13973999,16,61347
13976042,15,34567
13976042,16,61329
13978038,15,34597
13978038,16,61333
13980035,15,34606
13980035,16,61331
13982030,15,34600
13982030,16,61326
13984030,15,34587
13984030,16,61347
13986026,15,34596
13986026,16,61351
13988021,15,34598
13988021,16,61342
13990024,15,34607
13990024,16,61351
13992019,15,34584
13992019,16,61351
13994017,15,34591
13994017,16,61340
13996017,15,34575
13996017,16,61330
13998014,15,34591
13998014,16,61371
14000008,15,34608
14000008,16,61326
14002006,15,34582
14002006,16,61337
14004004,15,34597
14004004,16,61351
14006002,15,34586
14006002,16,61355
14008003,15,34591
14008003,16,61340
14010039,15,34587
14010039,16,61339
14012038,15,34581
14012038,16,61332
14014036,15,34599
14014036,16,61354
14016034,15,34604
14016034,16,61339
14018030,15,34603
14018030,16,61326
14020026,15,34598
14020026,16,61333
14022026,15,34586
14022026,16,61348
14024022,15,34570
14024022,16,61346
14026018,15,34587
14026018,16,61336
14028017,15,34589
14028017,16,61359
14030014,15,34581
14030014,16,61339
14032013,15,34563
14032013,16,61354
14034009,15,34581
14034009,16,61340
14036007,15,34587
14036007,16,61338
14038007,15,34589
14038007,16,61349
14040003,15,34597
14040003,16,61335
14042000,15,34576
14042000,16,61349
14044043,15,34591
14044043,16,61336
14046039,15,34573
14046039,16,61360
14048037,15,34591
14048037,16,61347
14050033,15,34577
14050033,16,61345
14052031,15,34579
14052031,16,61331
14054028,15,34597
14054028,16,61332
14056024,15,34580
14056024,16,61343
14058025,15,34589
14058025,16,61326
14060018,15,34596
14060018,16,61336
14062018,15,34584
14062018,16,61332
14064015,15,34572
14064015,16,61342
14066012,15,34586
14066012,16,61345
14068010,15,34596
14068010,16,61321
14070007,15,34608
14070007,16,61310
14072002,15,34595
14072002,16,61344
14074001,15,34573
14074001,16,61345
14076001,15,34597
14076001,16,61327
14078041,15,34600
14078041,16,61337
14080036,15,34570
14080036,16,61343
14082037,15,34587
14082037,16,61349
14084029,15,34568
14084029,16,61329
14086031,15,34589
14086031,16,61346
14088025,15,34585
14088025,16,61331
14090027,15,34596
14090027,16,61329
14092023,15,34574
14092023,16,61333
14094019,15,34587
14094019,16,61330
14096014,15,34578
14096014,16,61344
14098015,15,34591
14098015,16,61342
14100013,15,34588
14100013,16,61339
14102010,15,34576
14102010,16,61330
14104008,15,34590
14104008,16,61342
14106006,15,34609
14106006,16,61330
14108000,15,34573
14108000,16,61333
14110002,15,34589
14110002,16,61344
14112039,15,34590
14112039,16,61343
14114039,15,34561
14114039,16,61348
14116035,15,34581
14116035,16,61337
14118034,15,34591
14118034,16,61333
14120032,15,34594
14120032,16,61335
14122028,15,34605
14122028,16,61327
14124026,15,34570
14124026,16,61340
14126024,15,34575
14126024,16,61338
14128017,15,34594
14128017,16,61337
14130017,15,34583
14130017,16,61336
14132015,15,34594
14132015,16,61325
14134014,15,34567
14134014,16,61318
14136008,15,34583
14136008,16,61349
14138004,15,34603
14138004,16,61341
14140002,15,34563
14140002,16,61315
14142000,15,34575
14142000,16,61326
14144001,15,34592
14144001,16,61343
14146041,15,34571
14146041,16,61330
14148035,15,34588
14148035,16,61334
14150034,15,34593
14150034,16,61358
14152033,15,34571
14152033,16,61335
14154027,15,34591
14154027,16,61327
14156026,15,34609
14156026,16,61325
14158026,15,34576
14158026,16,61342
14160024,15,34584
14160024,16,61325
14162020,15,34583
14162020,16,61319
14164019,15,34593
14164019,16,61337
14166016,15,34572
14166016,16,61335
14168011,15,34575
14168011,16,61347
14170009,15,34572
14170009,16,61322
14172004,15,34581
14172004,16,61333
14174009,15,34587
14174009,16,61335
14176003,15,34587
14176003,16,61340
14178000,15,34587
14178000,16,61325
14180039,15,34580
14180039,16,61345
14182038,15,34588
14182038,16,61323
14184033,15,34571
14184033,16,61328
14186032,15,34580
14186032,16,61334
14188030,15,34587
14188030,16,61344
14190029,15,34584
14190029,16,61345
14192024,15,34583
14192024,16,61328
14194023,15,34582
14194023,16,61317
14196016,15,34560
14196016,16,61322
14198017,15,34566
14198017,16,61327
14200017,15,34581
14200017,16,61325
14202012,15,34575
14202012,16,61333
14204009,15,34590
14204009,16,61318
14206009,15,34574
14206009,16,61350
14208002,15,34592
14208002,16,61360
14210003,15,34577
14210003,16,61324
14211999,15,34568
14211999,16,61326
14214039,15,34593
14214039,16,61318
14216040,15,34571
14216040,16,61324
14218031,15,34586
14218031,16,61305
14220031,15,34564
14220031,16,61334
14222031,15,34594
14222031,16,61332
14224024,15,34570
14224024,16,61324
14226025,15,34592
14226025,16,61320
14228023,15,34592
14228023,16,61313
14230022,15,34571
14230022,16,61325
14232019,15,34592
14232019,16,61320
14234016,15,34592
14234016,16,61321
14236010,15,34594
14236010,16,61321
14238010,15,34564
14238010,16,61310
14240008,15,34571
14240008,16,61336
14242006,15,34579
14242006,16,61339
14244003,15,34591
14244003,16,61344
14245999,15,34598
14245999,16,61331
14248041,15,34566
14248041,16,61321
14250036,15,34578
14250036,16,61319
14252037,15,34572
14252037,16,61347
14254036,15,34586
14254036,16,61325
14256030,15,34564
14256030,16,61327
14258026,15,34579
14258026,16,61333
14260026,15,34570
14260026,16,61308
14262022,15,34601
14262022,16,61341
14264020,15,34571
14264020,16,61332
14266016,15,34582
14266016,16,61321
14268016,15,34586
14268016,16,61331
14270010,15,34583
14270010,16,61335
14272010,15,34585
14272010,16,61316
14274007,15,34585
14274007,16,61330
14276006,15,34571
14276006,16,61331
14278002,15,34574
14278002,16,61325
14280003,15,34580
14280003,16,61315
14282038,15,34589
14282038,16,61322
14284036,15,34605
14284036,16,61329
14286034,15,34570
14286034,16,61327
14288032,15,34585
14288032,16,61329
14290029,15,34587
14290029,16,61340
14292029,15,34572
14292029,16,61330
14294024,15,34567
14294024,16,61337
14296028,15,34591
14296028,16,61322
14298023,15,34586
14298023,16,61328
14300017,15,34604
14300017,16,61315
14302014,15,34592
14302014,16,61330
14304013,15,34582
14304013,16,61314
14306012,15,34563
14306012,16,61333
14308010,15,34584
14308010,16,61315
14310003,15,34565
14310003,16,61329
14311999,15,34568
14311999,16,61309
14314000,15,34580
14314000,16,61329
14316040,15,34574
14316040,16,61331
14318035,15,34574
14318035,16,61311
14320035,15,34585
14320035,16,61333
14322033,15,34599
14322033,16,61302
14324028,15,34588
14324028,16,61317
14326029,15,34571
14326029,16,61329
14328024,15,34587
14328024,16,61333
14330022,15,34570
14330022,16,61344
14332020,15,34583
14332020,16,61308
14334017,15,34587
14334017,16,61329
14336016,15,34586
14336016,16,61315
14338013,15,34585
14338013,16,61329
14340009,15,34564
14340009,16,61327
14342005,15,34575
14342005,16,61321
14344003,15,34586
14344003,16,61312
14346001,15,34585
14346001,16,61331
14348000,15,34582
14348000,16,61316
14350039,15,34571
14350039,16,61334
14352040,15,34564
14352040,16,61301
14354032,15,34572
14354032,16,61316
14356031,15,34589
14356031,16,61329
14358030,15,34602
14358030,16,61334
14360025,15,34594
14360025,16,61312
14362025,15,34576
14362025,16,61317
14364022,15,34612
14364022,16,61303
14366021,15,34578
14366021,16,61321
14368019,15,34578
14368019,16,61321
14370014,15,34571
14370014,16,61334
14372009,15,34562
14372009,16,61320
14374011,15,34574
14374011,16,61318
14376009,15,34583
14376009,16,61291
14378004,15,34584
14378004,16,61315
14380006,15,34585
14380006,16,61325
14382000,15,34583
14382000,16,61320
14384039,15,34593
14384039,16,61327
14386037,15,34566
14386037,16,61304
14388035,15,34574
14388035,16,61333
14390032,15,34582
14390032,16,61309
14392032,15,34568
14392032,16,61302
14394027,15,34563
14394027,16,61321
14396025,15,34584
14396025,16,61304
14398024,15,34572
14398024,16,61344
14400020,15,34566
14400020,16,61298
14402018,15,34590
14402018,16,61322
14404016,15,34574
14404016,16,61336
14406013,15,34596
14406013,16,61315
14408011,15,34583
14408011,16,61335
14410008,15,34589
14410008,16,61302
14412004,15,34577
14412004,16,61316
14414003,15,34582
14414003,16,61324
14415999,15,34565
14415999,16,61336
14418042,15,34576
14418042,16,61335
14420038,15,34564
14420038,16,61312
14422037,15,34565
14422037,16,61315
14424031,15,34567
14424031,16,61308
14426030,15,34562
14426030,16,61309
14428030,15,34547
14428030,16,61318
14430028,15,34587
14430028,16,61330
14432022,15,34590
14432022,16,61322
14434021,15,34574
14434021,16,61333
14436016,15,34565
14436016,16,61327
14438016,15,34586
14438016,16,61336
14440013,15,34575
14440013,16,61322
14442010,15,34564
14442010,16,61312
14444007,15,34599
14444007,16,61311
14446007,15,34585
14446007,16,61323
14448002,15,34585
14448002,16,61324
14449999,15,34554
14449999,16,61307
14452043,15,34568
14452043,16,61311
14454033,15,34573
14454033,16,61340
14456033,15,34564
14456033,16,61299
14458033,15,34586
14458033,16,61327
14460029,15,34574
14460029,16,61326
14462027,15,34555
14462027,16,61305
14464025,15,34582
14464025,16,61322
14466023,15,34589
14466023,16,61315
14468019,15,34581
14468019,16,61296
14470019,15,34558
14470019,16,61327
14472014,15,34557
14472014,16,61321
14474013,15,34552
14474013,16,61298
14476007,15,34572
14476007,16,61312
14478010,15,34574
14478010,16,61302
14480006,15,34583
14480006,16,61314
14482004,15,34565
14482004,16,61306
14483999,15,34568
14483999,16,61306
14486041,15,34578
14486041,16,61301
14488038,15,34574
14488038,16,61318
14490035,15,34591
14490035,16,61303
14492032,15,34563
14492032,16,61334
14494031,15,34583
14494031,16,61322
14496026,15,34577
14496026,16,61328
14498026,15,34568
14498026,16,61308
14500023,15,34569
14500023,16,61318
14502023,15,34558
14502023,16,61308
14504016,15,34585
14504016,16,61302
14506015,15,34588
14506015,16,61306
14508012,15,34573
14508012,16,61281
14510011,15,34582
14510011,16,61316
14512007,15,34554
14512007,16,61321
14514006,15,34572
14514006,16,61324
14516004,15,34578
14516004,16,61315
14518001,15,34599
14518001,16,61316
14520041,15,34580
14520041,16,61299
14522037,15,34538
14522037,16,61312
14524036,15,34572
14524036,16,61316
14526033,15,34564
14526033,16,61334
14528028,15,34571
14528028,16,61312
14530028,15,34570
14530028,16,61310
14532026,15,34564
14532026,16,61315
14534026,15,34569
14534026,16,61298
14536019,15,34566
14536019,16,61301
14538016,15,34579
14538016,16,61301
14540013,15,34557
14540013,16,61299
14542012,15,34568
14542012,16,61316
14544010,15,34570
14544010,16,61300
14546007,15,34569
14546007,16,61313
14548002,15,34554
14548002,16,61304
14550004,15,34572
14550004,16,61305
14551999,15,34569
14551999,16,61313
14554038,15,34551
14554038,16,61298
14556038,15,34569
14556038,16,61321
14558036,15,34569
14558036,16,61315
14560035,15,34566
14560035,16,61319
14562030,15,34575
14562030,16,61310
14564024,15,34567
14564024,16,61293
14566024,15,34553
14566024,16,61305
14568023,15,34564
14568023,16,61288
14570021,15,34578
14570021,16,61320
14572018,15,34569
14572018,16,61305
14574015,15,34553
14574015,16,61318
14576013,15,34558
14576013,16,61313
14578015,15,34563
14578015,16,61317
14580008,15,34583
14580008,16,61315
14582003,15,34567
14582003,16,61324
14584005,15,34569
14584005,16,61298
14586001,15,34578
14586001,16,61330
14588040,15,34554
14588040,16,61299
14590037,15,34553
14590037,16,61304
14592035,15,34573
14592035,16,61321
14594031,15,34552
14594031,16,61323
14596031,15,34549
14596031,16,61280
14598027,15,34573
14598027,16,61313
14600024,15,34573
14600024,16,61307
14602024,15,34565
14602024,16,61306
14604021,15,34563
14604021,16,61320
14606020,15,34570
14606020,16,61302
14608017,15,34585
14608017,16,61305
14610013,15,34574
14610013,16,61289
14612009,15,34576
14612009,16,61307
14614006,15,34574
14614006,16,61296
14616003,15,34571
14616003,16,61301
14618003,15,34564
14618003,16,61311
14620002,15,34566
14620002,16,61309
14622044,15,34559
14622044,16,61314
14624039,15,34597
14624039,16,61306
14626034,15,34557
14626034,16,61308
14628032,15,34563
14628032,16,61323
14630031,15,34584
14630031,16,61291
14632028,15,34574
14632028,16,61310
14634025,15,34561
14634025,16,61313
14636023,15,34582
14636023,16,61291
14638021,15,34563
14638021,16,61302
14640017,15,34578
14640017,16,61306
14642015,15,34572
14642015,16,61304
14644015,15,34562
14644015,16,61318
14646011,15,34566
14646011,16,61302
14648008,15,34589
14648008,16,61293
14650011,15,34559
14650011,16,61307
14651999,15,34579
14651999,16,61307
14654001,15,34571
14654001,16,61301
14656040,15,34577
14656040,16,61322
14658037,15,34566
14658037,16,61317
14660035,15,34575
14660035,16,61313
14662032,15,34556
14662032,16,61308
14664029,15,34559
14664029,16,61299
14666028,15,34560
14666028,16,61289
14668027,15,34579
14668027,16,61321
14670026,15,34586
14670026,16,61312
14672020,15,34543
14672020,16,61310
14674019,15,34572
14674019,16,61310
14676016,15,34570
14676016,16,61308
14678012,15,34569
14678012,16,61292
14680008,15,34565
14680008,16,61325
14682008,15,34569
14682008,16,61291
14684005,15,34578
14684005,16,61312
14686003,15,34579
14686003,16,61289
14687999,15,34571
14687999,16,61309
14690039,15,34575
14690039,16,61297
14692040,15,34589
14692040,16,61309
14694033,15,34580
14694033,16,61301
14696033,15,34557
14696033,16,61295
14698031,15,34548
14698031,16,61291
14700027,15,34563
14700027,16,61302
14702025,15,34574
14702025,16,61288
14704021,15,34580
14704021,16,61305
14706020,15,34558
14706020,16,61279
14708014,15,34569
14708014,16,61310
14710018,15,34573
14710018,16,61291
14712014,15,34548
14712014,16,61310
14714009,15,34540
14714009,16,61296
14716007,15,34568
14716007,16,61317
14718005,15,34554
14718005,16,61306
14720002,15,34580
14720002,16,61316
14722001,15,34550
14722001,16,61307
14724041,15,34577
14724041,16,61301
14726038,15,34557
14726038,16,61291
14728035,15,34568
14728035,16,61301
14730034,15,34559
14730034,16,61294
14732031,15,34567
14732031,16,61313
14734026,15,34565
14734026,16,61332
14736026,15,34577
14736026,16,61295
14738023,15,34574
14738023,16,61301
14740019,15,34563
14740019,16,61293
14742016,15,34582
14742016,16,61314
14744017,15,34558
14744017,16,61284
14746014,15,34541
14746014,16,61297
14748009,15,34563
14748009,16,61283
14750010,15,34554
14750010,16,61309
14752006,15,34574
14752006,16,61304
14754002,15,34553
14754002,16,61305
14756000,15,34557
14756000,16,61323
14758040,15,34560
14758040,16,61299
14760036,15,34576
14760036,16,61300
14762035,15,34557
14762035,16,61297
14764033,15,34565
14764033,16,61305
14766030,15,34580
14766030,16,61297
14768028,15,34560
14768028,16,61298
14770026,15,34560
14770026,16,61297
14772024,15,34575
14772024,16,61319
14774023,15,34566
14774023,16,61300
14776019,15,34558
14776019,16,61290
14778017,15,34561
14778017,16,61279
14780011,15,34563
14780011,16,61299
14782013,15,34579
14782013,16,61278
14784007,15,34539
14784007,16,61289
14786004,15,34551
14786004,16,61307
14788001,15,34548
14788001,16,61295
14790001,15,34578
14790001,16,61293
14792038,15,34556
14792038,16,61302
14794040,15,34553
14794040,16,61296
14796035,15,34572
14796035,16,61297
14798033,15,34541
14798033,16,61293
14800029,15,34575
14800029,16,61301
14802028,15,34565
14802028,16,61291
14804025,15,34563
14804025,16,61285
14806019,15,34565
14806019,16,61302
14808022,15,34568
14808022,16,61290
14810015,15,34549
14810015,16,61284
14812012,15,34572
14812012,16,61324
14814014,15,34569
14814014,16,61300
14816010,15,34561
14816010,16,61287
14818007,15,34559
14818007,16,61293
14820007,15,34560
14820007,16,61298
14822003,15,34566
14822003,16,61297
14824002,15,34568
14824002,16,61301
14826041,15,34560
14826041,16,61275
14828035,15,34568
14828035,16,61314
14830034,15,34567
14830034,16,61302
14832032,15,34553
14832032,16,61298
14834030,15,34561
14834030,16,61290
14836030,15,34549
14836030,16,61291
14838026,15,34542
14838026,16,61300
14840025,15,34562
14840025,16,61279
14842021,15,34560
14842021,16,61284
14844018,15,34555
14844018,16,61321
14846014,15,34564
14846014,16,61305
14848014,15,34556
14848014,16,61284
14850011,15,34562
14850011,16,61298
14852005,15,34562
14852005,16,61282
14854007,15,34555
14854007,16,61311
14856004,15,34556
14856004,16,61286
14858003,15,34552
14858003,16,61270
14860039,15,34561
14860039,16,61288
14862037,15,34568
14862037,16,61285
14864034,15,34560
14864034,16,61290
14866036,15,34566
14866036,16,61292
14868031,15,34551
14868031,16,61283
14870027,15,34565
14870027,16,61278
14872027,15,34567
14872027,16,61314
14874020,15,34552
14874020,16,61294
14876018,15,34558
14876018,16,61288
14878018,15,34582
14878018,16,61295
14880014,15,34562
14880014,16,61281
14882012,15,34555
14882012,16,61296
14884008,15,34557
14884008,16,61284
14886007,15,34564
14886007,16,61299
14888007,15,34568
14888007,16,61286
14890003,15,34562
14890003,16,61283
14892001,15,34570
14892001,16,61303
14894039,15,34560
14894039,16,61306
14896038,15,34555
14896038,16,61281
14898035,15,34558
14898035,16,61249
14900032,15,34538
14900032,16,61290
14902030,15,34557
14902030,16,61292
14904026,15,34564
14904026,16,61294
14906024,15,34560
14906024,16,61297
14908021,15,34553
14908021,16,61290
14910019,15,34565
14910019,16,61300
14912017,15,34561
14912017,16,61313
14914014,15,34572
14914014,16,61302
14916014,15,34565
14916014,16,61293
14918009,15,34553
14918009,16,61279
14920008,15,34571
14920008,16,61283
14922007,15,34565
14922007,16,61280
14924003,15,34552
14924003,16,61292
14925997,15,34547
14925997,16,61260
14928038,15,34540
14928038,16,61283
14930037,15,34565
14930037,16,61300
14932035,15,34571
14932035,16,61300
14934033,15,34548
14934033,16,61283
14936028,15,34562
14936028,16,61282
14938030,15,34538
14938030,16,61307
14940025,15,34572
14940025,16,61291
14942021,15,34559
14942021,16,61280
14944017,15,34547
14944017,16,61283
14946015,15,34562
14946015,16,61295
14948014,15,34556
14948014,16,61279
14950011,15,34553
14950011,16,61287
14952008,15,34543
14952008,16,61263
14954008,15,34560
14954008,16,61281
14956004,15,34550
14956004,16,61290
14958006,15,34558
14958006,16,61304
14960002,15,34566
14960002,16,61288
14962039,15,34565
14962039,16,61291
14964040,15,34551
14964040,16,61283
14966035,15,34548
14966035,16,61298
14968032,15,34549
14968032,16,61288
14970031,15,34554
14970031,16,61307
14972027,15,34565
14972027,16,61286
14974027,15,34566
14974027,16,61296
14976020,15,34577
14976020,16,61282
14978021,15,34539
14978021,16,61289
14980019,15,34549
14980019,16,61307
14982015,15,34554
14982015,16,61279
14984012,15,34562
14984012,16,61267
14986010,15,34564
14986010,16,61254
14988008,15,34553
14988008,16,61276
14990008,15,34576
14990008,16,61276
14992004,15,34549
14992004,16,61281
14993999,15,34556
14993999,16,61289
14996039,15,34565
14996039,16,61281
14998040,15,34565
14998040,16,61297
15000037,15,34548
15000037,16,61287
15002035,15,34556
15002035,16,61273
15004029,15,34567
15004029,16,61283
15006025,15,34540
15006025,16,61290
15008022,15,34546
15008022,16,61289
15010023,15,34539
15010023,16,61287
15012021,15,34557
15012021,16,61278
15014018,15,34552
15014018,16,61283
15016014,15,34550
15016014,16,61288
15018013,15,34536
15018013,16,61302
15020011,15,34567
15020011,16,61304
15022009,15,34564
15022009,16,61286
15024003,15,34557
15024003,16,61298
15025999,15,34560
15025999,16,61264
15028002,15,34577
15028002,16,61290
15030038,15,34555
15030038,16,61292
15032041,15,34550
15032041,16,61289
15034036,15,34559
15034036,16,61281
15036034,15,34548
15036034,16,61269
15038032,15,34543
15038032,16,61291
15040029,15,34573
15040029,16,61292
15042024,15,34558
15042024,16,61292
15044023,15,34549
15044023,16,61271
15046022,15,34557
15046022,16,61283
15048020,15,34544
15048020,16,61299
15050016,15,34552
15050016,16,61281
15052011,15,34577
15052011,16,61266
15054011,15,34556
15054011,16,61258
15056006,15,34546
15056006,16,61267
15058002,15,34553
15058002,16,61289
15060004,15,34559
15060004,16,61274
15062002,15,34563
15062002,16,61283
15064038,15,34537
15064038,16,61294
15066036,15,34572
15066036,16,61286
15068033,15,34558
15068033,16,61267
15070030,15,34543
15070030,16,61269
15072030,15,34573
15072030,16,61290
15074028,15,34546
15074028,16,61286
15076027,15,34558
15076027,16,61296
15078024,15,34567
15078024,16,61285
15080019,15,34569
15080019,16,61270
15082016,15,34560
15082016,16,61254
15084015,15,34553
15084015,16,61269
15086014,15,34555
15086014,16,61289
15088011,15,34554
15088011,16,61271
15090008,15,34563
15090008,16,61271
15092007,15,34564
15092007,16,61276
15094004,15,34528
15094004,16,61281
15096003,15,34553
15096003,16,61288
15098041,15,34545
15098041,16,61284
15100039,15,34559
15100039,16,61274
15102033,15,34547
15102033,16,61274
15104033,15,34552
15104033,16,61281
15106030,15,34520
15106030,16,61275
15108028,15,34543
15108028,16,61270
15110022,15,34565
15110022,16,61280
15112023,15,34538
15112023,16,61268
15114022,15,34543
15114022,16,61273
15116017,15,34547
15116017,16,61285
15118016,15,34546
15118016,16,61265
15120011,15,34560
15120011,16,61256
15122008,15,34566
15122008,16,61268
15124012,15,34537
15124012,16,61281
15126007,15,34571
15126007,16,61262
15128005,15,34554
15128005,16,61264
15130001,15,34543
15130001,16,61263
15132040,15,34550
15132040,16,61280
15134036,15,34552
15134036,16,61274
15136035,15,34559
15136035,16,61279
15138031,15,34542
15138031,16,61272
15140029,15,34554
15140029,16,61286
15142028,15,34556
15142028,16,61280
15144025,15,34525
15144025,16,61280
15146023,15,34579
15146023,16,61261
15148019,15,34552
15148019,16,61259
15150016,15,34581
15150016,16,61270
15152015,15,34579
15152015,16,61268
15154012,15,34545
15154012,16,61258
15156013,15,34558
15156013,16,61271
15158007,15,34552
15158007,16,61277
15160008,15,34559
15160008,16,61281
15162004,15,34575
15162004,16,61272
15164000,15,34543
15164000,16,61286
15166040,15,34553
15166040,16,61276
15168038,15,34553
15168038,16,61278
15170035,15,34545
15170035,16,61264
15172033,15,34546
15172033,16,61298
15174031,15,34548
15174031,16,61268
15176027,15,34559
15176027,16,61269
15178025,15,34549
15178025,16,61269
15180021,15,34546
15180021,16,61285
15182020,15,34566
15182020,16,61260
15184018,15,34562
15184018,16,61305
15186015,15,34545
15186015,16,61282
15188014,15,34557
15188014,16,61300
15190010,15,34536
15190010,16,61264
15192007,15,34564
15192007,16,61264
15194007,15,34542
15194007,16,61268
15196004,15,34547
15196004,16,61271
15197998,15,34571
15197998,16,61273
15200037,15,34561
15200037,16,61258
15202038,15,34537
15202038,16,61269
15204036,15,34560
15204036,16,61273
15206036,15,34548
15206036,16,61247
15208028,15,34542
15208028,16,61276
15210028,15,34563
15210028,16,61277
15212026,15,34560
15212026,16,61269
15214023,15,34553
15214023,16,61288
15216020,15,34537
15216020,16,61280
15218018,15,34550
15218018,16,61281
15220015,15,34552
15220015,16,61270
15222012,15,34557
15222012,16,61240
15224012,15,34543
15224012,16,61282
15226007,15,34553
15226007,16,61275
15228006,15,34542
15228006,16,61278
15230003,15,34548
15230003,16,61256
15231999,15,34563
15231999,16,61292
15234039,15,34551
15234039,16,61270
15236036,15,34550
15236036,16,61274
15238037,15,34563
15238037,16,61273
15240031,15,34549
15240031,16,61269
15242030,15,34552
15242030,16,61282
15244025,15,34548
15244025,16,61261
15246025,15,34557
15246025,16,61258
15248020,15,34532
15248020,16,61264
15250017,15,34539
15250017,16,61276
15252017,15,34552
15252017,16,61269
15254014,15,34528
15254014,16,61271
15256012,15,34537
15256012,16,61282
15258011,15,34530
15258011,16,61273
15260008,15,34539
15260008,16,61265
15262007,15,34544
15262007,16,61282
15264006,15,34549
15264006,16,61280
15266001,15,34548
15266001,16,61279
15268040,15,34545
15268040,16,61264
15270036,15,34564
15270036,16,61263
15272036,15,34547
15272036,16,61248
15274033,15,34540
15274033,16,61260
15276032,15,34566
15276032,16,61257
15278027,15,34540
15278027,16,61271
15280025,15,34557
15280025,16,61275
15282024,15,34571
15282024,16,61253
15284019,15,34548
15284019,16,61275
15286020,15,34549
15286020,16,61261
15288016,15,34553
15288016,16,61286
15290011,15,34559
15290011,16,61277
15292006,15,34546
15292006,16,61284
15294008,15,34543
15294008,16,61268
15296005,15,34548
15296005,16,61269
15298000,15,34540
15298000,16,61266
15300000,15,34538
15300000,16,61262
15302039,15,34551
15302039,16,61276
15304037,15,34544
15304037,16,61266
15306037,15,34562
15306037,16,61267
15308030,15,34549
15308030,16,61257
15310028,15,34518
15310028,16,61276
15312029,15,34549
15312029,16,61269
15314026,15,34531
15314026,16,61267
15316024,15,34554
15316024,16,61262
15318020,15,34543
15318020,16,61272
15320018,15,34542
15320018,16,61262
15322015,15,34535
15322015,16,61247
15324010,15,34519
15324010,16,61286
15326009,15,34553
15326009,16,61257
15328010,15,34538
15328010,16,61265
15330005,15,34532
15330005,16,61273
15332001,15,34546
15332001,16,61273
15334003,15,34573
15334003,16,61276
15336037,15,34531
15336037,16,61269
15338038,15,34545
15338038,16,61277
15340036,15,34559
15340036,16,61277
15342031,15,34535
15342031,16,61255
15344030,15,34541
15344030,16,61263
15346025,15,34542
15346025,16,61264
15348023,15,34508
15348023,16,61266
15350020,15,34541
15350020,16,61257
15352021,15,34548
15352021,16,61263
15354019,15,34534
15354019,16,61271
15356015,15,34549
15356015,16,61264
15358016,15,34567
15358016,16,61270
15360011,15,34520
15360011,16,61250
15362006,15,34542
15362006,16,61250
15364004,15,34534
15364004,16,61264
15366003,15,34544
15366003,16,61267
15368003,15,34536
15368003,16,61250
15370042,15,34548
15370042,16,61299
15372039,15,34522
15372039,16,61277
15374035,15,34537
15374035,16,61241
15376030,15,34538
15376030,16,61250
15378031,15,34537
15378031,16,61274
15380027,15,34551
15380027,16,61290
15382026,15,34550
15382026,16,61251
15384023,15,34544
15384023,16,61269
15386019,15,34564
15386019,16,61259
15388016,15,34552
15388016,16,61282
15390014,15,34550
15390014,16,61256
15392014,15,34543
15392014,16,61258
15394011,15,34548
15394011,16,61260
15396008,15,34523
15396008,16,61266
15398005,15,34529
15398005,16,61277
15400003,15,34543
15400003,16,61264
15402000,15,34536
15402000,16,61272
15404041,15,34533
15404041,16,61264
15406039,15,34536
15406039,16,61233
15408035,15,34552
15408035,16,61266
15410034,15,34563
15410034,16,61260
15412028,15,34557
15412028,16,61251
15414028,15,34529
15414028,16,61256
15416027,15,34564
15416027,16,61275
15418023,15,34546
15418023,16,61262
15420017,15,34560
15420017,16,61271
15422018,15,34546
15422018,16,61256
15424015,15,34543
15424015,16,61269
15426012,15,34541
15426012,16,61254
15428013,15,34538
15428013,16,61276
15430007,15,34513
15430007,16,61261
15432006,15,34535
15432006,16,61250
15434001,15,34554
15434001,16,61263
15435999,15,34540
15435999,16,61283
15438041,15,34548
15438041,16,61248
15440035,15,34558
15440035,16,61269
15442035,15,34532
15442035,16,61269
15444036,15,34523
15444036,16,61252
15446032,15,34541
15446032,16,61267
15448026,15,34541
15448026,16,61285
15450025,15,34556
15450025,16,61254
15452023,15,34529
15452023,16,61249
15454018,15,34547
15454018,16,61261
15456018,15,34535
15456018,16,61267
15458014,15,34523
15458014,16,61270
15460011,15,34567
15460011,16,61265
15462011,15,34513
15462011,16,61270
15464008,15,34538
15464008,16,61276
15466006,15,34542
15466006,16,61260
15468003,15,34547
15468003,16,61250
15469999,15,34542
15469999,16,61276
15472039,15,34536
15472039,16,61250
15474037,15,34550
15474037,16,61253
15476036,15,34528
15476036,16,61259
15478034,15,34539
15478034,16,61247
15480031,15,34547
15480031,16,61263
15482028,15,34528
15482028,16,61264
15484026,15,34545
15484026,16,61278
15486022,15,34540
15486022,16,61251
15488019,15,34545
15488019,16,61249
15490019,15,34544
15490019,16,61258
15492016,15,34526
15492016,16,61242
15494014,15,34541
15494014,16,61268
15496010,15,34554
15496010,16,61264
15498009,15,34538
15498009,16,61258
15500002,15,34551
15500002,16,61271
15502003,15,34542
15502003,16,61246
15504000,15,34558
15504000,16,61265
15506040,15,34541
15506040,16,61252
15508040,15,34548
15508040,16,61250
15510037,15,34517
15510037,16,61266
15512031,15,34542
15512031,16,61263
15514031,15,34543
15514031,16,61253
15516028,15,34538
15516028,16,61233
15518026,15,34548
15518026,16,61252
15520022,15,34540
15520022,16,61254
15522019,15,34542
15522019,16,61250
15524018,15,34532
15524018,16,61249
15526013,15,34534
15526013,16,61257
15528013,15,34533
15528013,16,61263
15530008,15,34548
15530008,16,61245
15532008,15,34527
15532008,16,61242
15534005,15,34562
15534005,16,61251
15536004,15,34543
15536004,16,61255
15538001,15,34564
15538001,16,61244
15540039,15,34540
15540039,16,61268
15542038,15,34536
15542038,16,61270
15544036,15,34540
15544036,16,61257
15546033,15,34555
15546033,16,61258
15548030,15,34512
15548030,16,61241
15550027,15,34553
15550027,16,61266
15552027,15,34537
15552027,16,61253
15554024,15,34544
15554024,16,61244
15556021,15,34526
15556021,16,61242
15558016,15,34554
15558016,16,61256
15560015,15,34539
15560015,16,61248
15562013,15,34537
15562013,16,61241
15564014,15,34554
15564014,16,61239
15566006,15,34548
15566006,16,61235
15568006,15,34554
15568006,16,61249
15570002,15,34536
15570002,16,61251
15571996,15,34535
15571996,16,61256
15574038,15,34534
15574038,16,61260
15576039,15,34531
15576039,16,61258
15578035,15,34548
15578035,16,61237
15580030,15,34535
15580030,16,61233
15582029,15,34535
15582029,16,61253
15584028,15,34560
15584028,16,61253
15586022,15,34555
15586022,16,61242
15588025,15,34530
15588025,16,61262
15590020,15,34516
15590020,16,61237
15592018,15,34538
15592018,16,61248
15594014,15,34546
15594014,16,61262
15596012,15,34539
15596012,16,61254
15598011,15,34536
15598011,16,61260
15600006,15,34556
15600006,16,61237
15602006,15,34545
15602006,16,61222
15604001,15,34541
15604001,16,61253
15606001,15,34541
15606001,16,61251
15608039,15,34547
15608039,16,61248
15610040,15,34526
15610040,16,61256
15612038,15,34534
15612038,16,61254
15614033,15,34540
15614033,16,61239
15616029,15,34526
15616029,16,61248
15618026,15,34556
15618026,16,61247
15620025,15,34541
15620025,16,61242
15622021,15,34536
15622021,16,61237
15624020,15,34543
15624020,16,61239
15626018,15,34535
15626018,16,61246
15628013,15,34534
15628013,16,61258
15630014,15,34519
15630014,16,61243
15632010,15,34565
15632010,16,61244
15634007,15,34526
15634007,16,61253
15636006,15,34535
15636006,16,61257
15638001,15,34534
15638001,16,61247
15639998,15,34544
15639998,16,61237
15642040,15,34547
15642040,16,61250
15644038,15,34544
15644038,16,61250
15646034,15,34541
15646034,16,61253
15648030,15,34543
15648030,16,61255
15650031,15,34531
15650031,16,61263
15652029,15,34534
15652029,16,61257
15654027,15,34526
15654027,16,61259
15656019,15,34537
15656019,16,61260
15658021,15,34530
15658021,16,61245
15660013,15,34539
15660013,16,61253
15662016,15,34519
15662016,16,61259
15664013,15,34527
15664013,16,61251
15666009,15,34530
15666009,16,61246
15668008,15,34524
15668008,16,61237
15670004,15,34541
15670004,16,61259
15671999,15,34542
15671999,16,61252
15673998,15,34526
15673998,16,61253
15676040,15,34550
15676040,16,61228
15678037,15,34539
15678037,16,61257
15680034,15,34548
15680034,16,61251
15682035,15,34526
15682035,16,61227
15684029,15,34538
15684029,16,61246
15686025,15,34529
15686025,16,61256
15688023,15,34512
15688023,16,61229
15690023,15,34527
15690023,16,61251
15692019,15,34524
15692019,16,61257
15694016,15,34550
15694016,16,61248
15696016,15,34540
15696016,16,61227
15698011,15,34533
15698011,16,61276
15700010,15,34543
15700010,16,61236
15702007,15,34528
15702007,16,61244
15704006,15,34525
15704006,16,61253
15705999,15,34541
15705999,16,61236
15708000,15,34510
15708000,16,61237
15710037,15,34539
15710037,16,61236
15712040,15,34510
15712040,16,61237
15714033,15,34530
15714033,16,61236
15716035,15,34524
15716035,16,61248
15718032,15,34522
15718032,16,61250
15720027,15,34532
15720027,16,61240
15722026,15,34529
15722026,16,61259
15724024,15,34524
15724024,16,61247
15726022,15,34516
15726022,16,61229
15728017,15,34538
15728017,16,61244
15730015,15,34527
15730015,16,61241
15732012,15,34533
15732012,16,61247
15734007,15,34529
15734007,16,61237
15736007,15,34537
15736007,16,61217
15738006,15,34524
15738006,16,61231
15740003,15,34536
15740003,16,61264
15742001,15,34538
15742001,16,61231
15744042,15,34541
15744042,16,61249
15746037,15,34512
15746037,16,61241
15748035,15,34523
15748035,16,61232
15750030,15,34531
15750030,16,61235
15752030,15,34527
15752030,16,61247
15754026,15,34534
15754026,16,61241
15756023,15,34549
15756023,16,61231
15758023,15,34532
15758023,16,61234
15760022,15,34530
15760022,16,61248
15762017,15,34525
15762017,16,61226
15764014,15,34538
15764014,16,61241
15766011,15,34547
15766011,16,61235
15768011,15,34529
15768011,16,61249
15770009,15,34527
15770009,16,61249
15772004,15,34524
15772004,16,61232
15774003,15,34532
15774003,16,61262
15775999,15,34511
15775999,16,61258
15778038,15,34537
15778038,16,61236
15780037,15,34525
15780037,16,61234
15782036,15,34533
15782036,16,61238
15784031,15,34534
15784031,16,61223
15786026,15,34526
15786026,16,61234
15788027,15,34535
15788027,16,61246
15790023,15,34525
15790023,16,61234
15792021,15,34526
15792021,16,61229
15794021,15,34533
15794021,16,61244
15796018,15,34536
15796018,16,61250
15798016,15,34546
15798016,16,61243
15800014,15,34554
15800014,16,61228
15802012,15,34526
15802012,16,61244
15804009,15,34524
15804009,16,61242
15806006,15,34539
15806006,16,61230
15808002,15,34528
15808002,16,61238
15809999,15,34535
15809999,16,61242
15812039,15,34517
15812039,16,61243
15814040,15,34535
15814040,16,61243
15816035,15,34510
15816035,16,61242
15818033,15,34522
15818033,16,61226
15820029,15,34498
15820029,16,61236
15822029,15,34528
15822029,16,61226
15824026,15,34535
15824026,16,61248
15826021,15,34518
15826021,16,61250
15828022,15,34537
15828022,16,61252
15830018,15,34535
15830018,16,61240
15832015,15,34524
15832015,16,61244
15834012,15,34522
15834012,16,61231
15836011,15,34530
15836011,16,61229
15838007,15,34555
15838007,16,61233
15840003,15,34537
15840003,16,61240
15842000,15,34530
15842000,16,61215
15844002,15,34547
15844002,16,61250
15846037,15,34536
15846037,16,61235
15848038,15,34529
15848038,16,61243
15850037,15,34525
15850037,16,61234
15852032,15,34531
15852032,16,61252
15854031,15,34539
15854031,16,61239
15856030,15,34514
15856030,16,61257
15858026,15,34541
15858026,16,61251
15860023,15,34518
15860023,16,61220
15862021,15,34524
15862021,16,61229
15864014,15,34523
15864014,16,61233
15866015,15,34516
15866015,16,61238
15868015,15,34508
15868015,16,61207
15870010,15,34532
15870010,16,61256
15872007,15,34523
15872007,16,61223
15874005,15,34502
15874005,16,61228
15876005,15,34541
15876005,16,61250
15878002,15,34502
15878002,16,61224
15880041,15,34521
15880041,16,61225
15882037,15,34540
15882037,16,61241
15884033,15,34518
15884033,16,61245
15886032,15,34505
15886032,16,61234
15888029,15,34525
15888029,16,61248
15890028,15,34538
15890028,16,61235
15892024,15,34524
15892024,16,61230
15894023,15,34553
15894023,16,61233
15896020,15,34509
15896020,16,61233
15898018,15,34520
15898018,16,61225
15900014,15,34521
15900014,16,61216
15902013,15,34549
15902013,16,61234
15904010,15,34540
15904010,16,61254
15906005,15,34527
15906005,16,61240
15908004,15,34542
15908004,16,61238
15910002,15,34514
15910002,16,61244
15911999,15,34523
15911999,16,61233
15914039,15,34551
15914039,16,61238
15916040,15,34545
15916040,16,61218
15918033,15,34512
15918033,16,61222
15920037,15,34538
15920037,16,61228
15922028,15,34513
15922028,16,61230
15924027,15,34541
15924027,16,61229
15926027,15,34525
15926027,16,61240
15928020,15,34524
15928020,16,61239
15930021,15,34515
15930021,16,61239
15932017,15,34510
15932017,16,61211
15934013,15,34524
15934013,16,61251
15936013,15,34524
15936013,16,61238
15938011,15,34517
15938011,16,61225
15940007,15,34498
15940007,16,61237
15942006,15,34516
15942006,16,61222
15944003,15,34515
15944003,16,61238
15946000,15,34501
15946000,16,61227
15948040,15,34518
15948040,16,61219
15950036,15,34522
15950036,16,61231
15952035,15,34538
15952035,16,61247
15954034,15,34547
15954034,16,61226
15956030,15,34502
15956030,16,61245
15958026,15,34522
15958026,16,61256
15960024,15,34539
15960024,16,61224
15962023,15,34513
15962023,16,61224
15964020,15,34518
15964020,16,61230
15966016,15,34523
15966016,16,61220
15968014,15,34507
15968014,16,61240
15970014,15,34523
15970014,16,61242
15972008,15,34533
15972008,16,61240
15974006,15,34523
15974006,16,61237
15976008,15,34534
15976008,16,61222
15978000,15,34523
15978000,16,61244
15980003,15,34523
15980003,16,61226
15982038,15,34534
15982038,16,61240
15984038,15,34521
15984038,16,61237
15986034,15,34536
15986034,16,61229
15988032,15,34516
15988032,16,61235
15990030,15,34515
15990030,16,61223
15992029,15,34532
15992029,16,61236
15994025,15,34514
15994025,16,61213
15996021,15,34516
15996021,16,61218
15998018,15,34543
15998018,16,61222
16000017,15,34526
16000017,16,61215
16002017,15,34529
16002017,16,61220
16004011,15,34493
16004011,16,61231
16006012,15,34534
16006012,16,61220
16008008,15,34497
16008008,16,61226
16010006,15,34529
16010006,16,61236
16012004,15,34543
16012004,16,61242
16014000,15,34528
16014000,16,61216
16016044,15,34520
16016044,16,61241
16018037,15,34530
16018037,16,61213
16020034,15,34520
16020034,16,61225
16022032,15,34530
16022032,16,61224
16024029,15,34533
16024029,16,61249
16026029,15,34525
16026029,16,61217
16028023,15,34514
16028023,16,61238
16030026,15,34527
16030026,16,61236
16032016,15,34522
16032016,16,61221
16034016,15,34519
16034016,16,61230
16036015,15,34514
16036015,16,61226
16038014,15,34513
16038014,16,61244
16040007,15,34532
16040007,16,61245
16042010,15,34530
16042010,16,61240
16044004,15,34540
16044004,16,61240
16046003,15,34521
16046003,16,61230
16048001,15,34534
16048001,16,61233
16050041,15,34509
16050041,16,61256
16052037,15,34500
16052037,16,61230
16054037,15,34521
16054037,16,61224
16056033,15,34522
16056033,16,61207
16058027,15,34519
16058027,16,61206
16060030,15,34528
16060030,16,61229
16062024,15,34518
16062024,16,61233
16064021,15,34541
16064021,16,61224
16066020,15,34530
16066020,16,61211
16068018,15,34538
16068018,16,61224
16070015,15,34515
16070015,16,61222
16072010,15,34513
16072010,16,61218
16074010,15,34518
16074010,16,61227
16076009,15,34525
16076009,16,61244
16078005,15,34525
16078005,16,61242
16080000,15,34508
16080000,16,61225
16082000,15,34547
16082000,16,61228
16084038,15,34508
16084038,16,61219
16086038,15,34525
16086038,16,61246
16088035,15,34513
16088035,16,61230
16090032,15,34529
16090032,16,61216
16092031,15,34520
16092031,16,61207
16094030,15,34508
16094030,16,61221
16096025,15,34519
16096025,16,61228
16098023,15,34534
16098023,16,61234
16100020,15,34532
16100020,16,61227
16102016,15,34544
16102016,16,61224
16104014,15,34503
16104014,16,61222
16106012,15,34530
16106012,16,61232
16108009,15,34490
16108009,16,61226
16110008,15,34528
16110008,16,61232
16112008,15,34514
16112008,16,61229
16114002,15,34529
16114002,16,61211
16116001,15,34525
16116001,16,61238
16118041,15,34525
16118041,16,61215
16120039,15,34516
16120039,16,61228
16122036,15,34525
16122036,16,61234
16124030,15,34526
16124030,16,61229
16126030,15,34534
16126030,16,61223
16128026,15,34549
16128026,16,61224
16130024,15,34511
16130024,16,61206
16132022,15,34511
16132022,16,61231
16134018,15,34522
16134018,16,61214
16136014,15,34531
16136014,16,61228
16138014,15,34531
16138014,16,61230
16140013,15,34523
16140013,16,61215
16142010,15,34515
16142010,16,61222
16144007,15,34514
16144007,16,61208
16146006,15,34516
16146006,16,61241
16148003,15,34519
16148003,16,61209
16150000,15,34543
16150000,16,61206
16152040,15,34526
16152040,16,61213
16154039,15,34504
16154039,16,61228
16156032,15,34506
16156032,16,61215
16158030,15,34529
16158030,16,61197
16160032,15,34516
16160032,16,61232
16162028,15,34527
16162028,16,61215
16164027,15,34517
16164027,16,61223
16166023,15,34501
16166023,16,61222
16168021,15,34537
16168021,16,61193
16170018,15,34527
16170018,16,61219
16172015,15,34514
16172015,16,61220
16174011,15,34521
16174011,16,61207
16176009,15,34515
16176009,16,61200
16178009,15,34527
16178009,16,61211
16180006,15,34523
16180006,16,61215
16182004,15,34539
16182004,16,61222
16184000,15,34510
16184000,16,61215
16186040,15,34524
16186040,16,61211
16188037,15,34527
16188037,16,61223
16190036,15,34519
16190036,16,61226
16192032,15,34532
16192032,16,61224
16194029,15,34497
16194029,16,61208
16196027,15,34506
16196027,16,61223
16198025,15,34503
16198025,16,61213
16200020,15,34517
16200020,16,61215
16202018,15,34510
16202018,16,61208
16204016,15,34508
16204016,16,61228
16206016,15,34524
16206016,16,61204
16208015,15,34518
16208015,16,61222
16210011,15,34523
16210011,16,61218
16212007,15,34538
16212007,16,61224
16214005,15,34516
16214005,16,61200
16216000,15,34518
16216000,16,61202
16218001,15,34503
16218001,16,61213
16220038,15,34512
16220038,16,61214
16222037,15,34509
16222037,16,61206
16224033,15,34520
16224033,16,61212
16226034,15,34532
16226034,16,61208
16228031,15,34514
16228031,16,61215
16230027,15,34519
16230027,16,61201
16232025,15,34518
16232025,16,61215
16234021,15,34540
16234021,16,61210
16236020,15,34518
16236020,16,61216
16238019,15,34517
16238019,16,61220
16240016,15,34494
16240016,16,61209
16242012,15,34521
16242012,16,61225
16244012,15,34503
16244012,16,61226
16246008,15,34518
16246008,16,61218
16248006,15,34521
16248006,16,61211
16250003,15,34525
16250003,16,61217
16252002,15,34518
16252002,16,61220
16254040,15,34507
16254040,16,61218
16256037,15,34509
16256037,16,61201
16258038,15,34518
16258038,16,61202
16260033,15,34508
16260033,16,61206
16262031,15,34514
16262031,16,61209
16264029,15,34530
16264029,16,61202
16266021,15,34517
16266021,16,61224
16268023,15,34515
16268023,16,61213
16270020,15,34520
16270020,16,61200
16272018,15,34515
16272018,16,61202
16274015,15,34529
16274015,16,61198
16276015,15,34506
16276015,16,61214
16278010,15,34516
16278010,16,61218
16280008,15,34540
16280008,16,61218
16282006,15,34514
16282006,16,61220
16284004,15,34495
16284004,16,61217
16285999,15,34511
16285999,16,61193
16288039,15,34496
16288039,16,61218
16290038,15,34521
16290038,16,61184
16292037,15,34501
16292037,16,61209
16294032,15,34541
16294032,16,61230
16296030,15,34511
16296030,16,61222
16298029,15,34511
16298029,16,61203
16300023,15,34510
16300023,16,61205
16302025,15,34517
16302025,16,61204
16304018,15,34523
16304018,16,61224
16306020,15,34517
16306020,16,61209
16308015,15,34520
16308015,16,61193
16310009,15,34506
16310009,16,61216
16312013,15,34500
16312013,16,61217
16314007,15,34499
16314007,16,61207
16316006,15,34500
16316006,16,61220
16318003,15,34518
16318003,16,61211
16320001,15,34510
16320001,16,61218
16322042,15,34518
16322042,16,61224
16324038,15,34515
16324038,16,61230
16326033,15,34512
16326033,16,61211
16328032,15,34516
16328032,16,61215
16330029,15,34510
16330029,16,61217
16332029,15,34529
16332029,16,61205
16334030,15,34521
16334030,16,61211
16336021,15,34511
16336021,16,61220
16338019,15,34502
16338019,16,61218
16340017,15,34517
16340017,16,61212
16342016,15,34524
16342016,16,61216
16344016,15,34512
16344016,16,61203
16346010,15,34505
16346010,16,61222
16348006,15,34502
16348006,16,61197
16350008,15,34507
16350008,16,61199
16352003,15,34516
16352003,16,61205
16353997,15,34515
16353997,16,61223
16356041,15,34494
16356041,16,61217
16358038,15,34506
16358038,16,61216
16360035,15,34513
16360035,16,61207
16362033,15,34519
16362033,16,61202
16364030,15,34537
16364030,16,61201
16366026,15,34511
16366026,16,61212
16368023,15,34503
16368023,16,61206
16370024,15,34515
16370024,16,61210
16372021,15,34527
16372021,16,61207
16374018,15,34519
16374018,16,61196
16376013,15,34512
16376013,16,61206
16378009,15,34499
16378009,16,61204
16380011,15,34492
16380011,16,61214
16382010,15,34509
16382010,16,61219
16384006,15,34519
16384006,16,61189
16386002,15,34507
16386002,16,61202
16388000,15,34535
16388000,16,61213
16390039,15,34498
16390039,16,61202
16392038,15,34507
16392038,16,61212
16394036,15,34499
16394036,16,61213
16396033,15,34509
16396033,16,61192
16398029,15,34510
16398029,16,61190
16400028,15,34494
16400028,16,61201
16402024,15,34519
16402024,16,61215
16404022,15,34520
16404022,16,61213
16406020,15,34509
16406020,16,61200
16408018,15,34508
16408018,16,61193
16410016,15,34526
16410016,16,61192
16412011,15,34512
16412011,16,61213
16414010,15,34510
16414010,16,61212
16416007,15,34535
16416007,16,61219
16418007,15,34504
16418007,16,61202
16420002,15,34518
16420002,16,61201
16421998,15,34507
16421998,16,61186
16424043,15,34512
16424043,16,61207
16426036,15,34513
16426036,16,61202
16428034,15,34496
16428034,16,61193
16430034,15,34495
16430034,16,61185
16432031,15,34508
16432031,16,61206
16434029,15,34503
16434029,16,61196
16436027,15,34524
16436027,16,61202
16438022,15,34507
16438022,16,61207
16440020,15,34502
16440020,16,61202
16442015,15,34511
16442015,16,61206
16444017,15,34501
16444017,16,61205
16446014,15,34503
16446014,16,61204
16448008,15,34511
16448008,16,61212
16450007,15,34498
16450007,16,61187
16452005,15,34515
16452005,16,61206
16454001,15,34506
16454001,16,61196
16455999,15,34506
16455999,16,61192
16458040,15,34503
16458040,16,61205
16460039,15,34497
16460039,16,61203
16462034,15,34522
16462034,16,61201
16464033,15,34504
16464033,16,61212
16466029,15,34497
16466029,16,61213
16468029,15,34510
16468029,16,61196
16470027,15,34510
16470027,16,61198
16472022,15,34492
16472022,16,61192
16474021,15,34517
16474021,16,61193
16476017,15,34491
16476017,16,61207
16478015,15,34529
16478015,16,61195
16480013,15,34511
16480013,16,61192
16482009,15,34498
16482009,16,61210
16484008,15,34500
16484008,16,61198
16486002,15,34506
16486002,16,61203
16488002,15,34513
16488002,16,61202
16489998,15,34495
16489998,16,61195
16492040,15,34512
16492040,16,61186
16494039,15,34512
16494039,16,61202
16496035,15,34520
16496035,16,61206
16498031,15,34510
16498031,16,61202
16500032,15,34510
16500032,16,61216
16502028,15,34503
16502028,16,61184
16504024,15,34523
16504024,16,61197
16506022,15,34519
16506022,16,61209
16508017,15,34514
16508017,16,61203
16510016,15,34512
16510016,16,61207
16512016,15,34514
16512016,16,61215
16514011,15,34513
16514011,16,61203
16516008,15,34494
16516008,16,61224
16518007,15,34515
16518007,16,61188
16520006,15,34505
16520006,16,61187
16522002,15,34505
16522002,16,61182
16524000,15,34518
16524000,16,61210
16526040,15,34511
16526040,16,61210
16528039,15,34502
16528039,16,61199
16530034,15,34520
16530034,16,61202
16532032,15,34503
16532032,16,61204
16534027,15,34505
16534027,16,61192
16536026,15,34524
16536026,16,61198
16538023,15,34517
16538023,16,61192
16540025,15,34506
16540025,16,61184
16542021,15,34517
16542021,16,61186
16544017,15,34488
16544017,16,61203
16546013,15,34500
16546013,16,61194
16548012,15,34498
16548012,16,61217
16550009,15,34519
16550009,16,61188
16552006,15,34507
16552006,16,61184
16554002,15,34513
16554002,16,61188
16556004,15,34504
16556004,16,61199
16558000,15,34506
16558000,16,61192
16560040,15,34523
16560040,16,61193
16562038,15,34493
16562038,16,61224
16564037,15,34492
16564037,16,61206
16566034,15,34485
16566034,16,61188
16568033,15,34496
16568033,16,61214
16570028,15,34494
16570028,16,61171
16572027,15,34524
16572027,16,61183
16574022,15,34502
16574022,16,61204
16576019,15,34485
16576019,16,61202
16578018,15,34514
16578018,16,61192
16580013,15,34508
16580013,16,61200
16582012,15,34505
16582012,16,61185
16584009,15,34510
16584009,16,61196
16586009,15,34500
16586009,16,61211
16588006,15,34510
16588006,16,61212
16590001,15,34501
16590001,16,61198
16592000,15,34506
16592000,16,61208
16594036,15,34487
16594036,16,61191
16596039,15,34487
16596039,16,61195
16598033,15,34516
16598033,16,61189
16600034,15,34509
16600034,16,61192
16602033,15,34497
16602033,16,61190
16604029,15,34508
16604029,16,61194
16606021,15,34493
16606021,16,61205
16608022,15,34501
16608022,16,61174
16610020,15,34502
16610020,16,61189
16612016,15,34498
16612016,16,61206
16614013,15,34496
16614013,16,61193
16616013,15,34507
16616013,16,61193
16618014,15,34511
16618014,16,61199
16620009,15,34496
16620009,16,61198
16622002,15,34503
16622002,16,61196
16624002,15,34502
16624002,16,61199
16625999,15,34507
16625999,16,61184
16628039,15,34516
16628039,16,61203
16630038,15,34498
16630038,16,61195
16632035,15,34506
16632035,16,61198
16634032,15,34471
16634032,16,61193
16636030,15,34492
16636030,16,61187
16638030,15,34492
16638030,16,61197
16640026,15,34504
16640026,16,61214
16642025,15,34494
16642025,16,61206
16644020,15,34505
16644020,16,61179
16646019,15,34506
16646019,16,61182
16648014,15,34495
16648014,16,61189
16650014,15,34488
16650014,16,61176
16652012,15,34491
16652012,16,61184
16654007,15,34501
16654007,16,61188
16656004,15,34501
16656004,16,61190
16658004,15,34505
16658004,16,61203
16660001,15,34503
16660001,16,61193
16662040,15,34482
16662040,16,61196
16664036,15,34528
16664036,16,61185
16666035,15,34494
16666035,16,61182
16668032,15,34493
16668032,16,61201
16670030,15,34508
16670030,16,61184
16672028,15,34501
16672028,16,61186
16674024,15,34517
16674024,16,61199
16676020,15,34507
16676020,16,61181
16678020,15,34510
16678020,16,61203
16680017,15,34490
16680017,16,61203
16682015,15,34500
16682015,16,61196
16684013,15,34508
16684013,16,61196
16686009,15,34499
16686009,16,61185
16688009,15,34508
16688009,16,61175
16690006,15,34491
16690006,16,61191
16692002,15,34474
16692002,16,61176
16694001,15,34496
16694001,16,61182
16696041,15,34507
16696041,16,61192
16698041,15,34487
16698041,16,61187
16700037,15,34482
16700037,16,61202
16702032,15,34491
16702032,16,61201
16704030,15,34503
16704030,16,61180
16706028,15,34491
16706028,16,61182
16708024,15,34488
16708024,16,61188
16710024,15,34510
16710024,16,61198
16712020,15,34517
16712020,16,61200
16714015,15,34494
16714015,16,61190
16716016,15,34507
16716016,16,61187
16718015,15,34509
16718015,16,61199
16720008,15,34480
16720008,16,61190
16722007,15,34494
16722007,16,61198
16724005,15,34504
16724005,16,61199
16726002,15,34477
16726002,16,61179
16728001,15,34494
16728001,16,61194
16730039,15,34509
16730039,16,61174
16732039,15,34506
16732039,16,61186
16734033,15,34499
16734033,16,61193
16736036,15,34486
16736036,16,61205
16738032,15,34491
16738032,16,61203
16740029,15,34482
16740029,16,61189
16742023,15,34512
16742023,16,61188
16744025,15,34502
16744025,16,61196
16746021,15,34505
16746021,16,61182
16748016,15,34489
16748016,16,61174
16750014,15,34504
16750014,16,61191
16752014,15,34493
16752014,16,61204
16754009,15,34509
16754009,16,61199
16756007,15,34491
16756007,16,61184
16758004,15,34510
16758004,16,61186
16760001,15,34495
16760001,16,61192
16762001,15,34503
16762001,16,61203
16764041,15,34514
16764041,16,61189
16766040,15,34500
16766040,16,61182
16768035,15,34499
16768035,16,61173
16770032,15,34509
16770032,16,61182
16772032,15,34489
16772032,16,61168
16774025,15,34516
16774025,16,61184
16776022,15,34492
16776022,16,61181
16778021,15,34487
16778021,16,61180
16780019,15,34500
16780019,16,61185
16782019,15,34478
16782019,16,61177
16784015,15,34497
16784015,16,61178
16786012,15,34506
16786012,16,61190
16788009,15,34497
16788009,16,61181
16790008,15,34503
16790008,16,61174
16792006,15,34506
16792006,16,61172
16794002,15,34490
16794002,16,61186
16795998,15,34504
16795998,16,61186
16798042,15,34499
16798042,16,61210
16800039,15,34518
16800039,16,61205
16802034,15,34487
16802034,16,61195
16804034,15,34516
16804034,16,61192
16806030,15,34520
16806030,16,61176
16808026,15,34510
16808026,16,61172
16810026,15,34504
16810026,16,61185
16812023,15,34502
16812023,16,61201
16814022,15,34520
16814022,16,61182
16816019,15,34516
16816019,16,61175
16818013,15,34496
16818013,16,61192
16820012,15,34497
16820012,16,61169
16822009,15,34490
16822009,16,61161
16824008,15,34508
16824008,16,61179
16826004,15,34519
16826004,16,61183
16828001,15,34489
16828001,16,61174
16829998,15,34490
16829998,16,61182
16832042,15,34501
16832042,16,61182
16834038,15,34482
16834038,16,61173
16836035,15,34497
16836035,16,61170
16838032,15,34500
16838032,16,61185
16840030,15,34501
16840030,16,61195
16842025,15,34496
16842025,16,61173
16844023,15,34498
16844023,16,61173
16846023,15,34511
16846023,16,61183
16848019,15,34492
16848019,16,61172
16850017,15,34486
16850017,16,61189
16852015,15,34480
16852015,16,61193
16854012,15,34506
16854012,16,61192
16856008,15,34485
16856008,16,61167
16858009,15,34515
16858009,16,61165
16860006,15,34508
16860006,16,61183
16862002,15,34478
16862002,16,61170
16863999,15,34501
16863999,16,61183
16866040,15,34507
16866040,16,61177
16868037,15,34490
16868037,16,61193
16870035,15,34503
16870035,16,61172
16872033,15,34494
16872033,16,61184
16874030,15,34476
16874030,16,61169
16876025,15,34495
16876025,16,61170
16878024,15,34507
16878024,16,61186
16880021,15,34485
16880021,16,61190
16882019,15,34500
16882019,16,61184
16884013,15,34479
16884013,16,61175
16886014,15,34505
16886014,16,61175
16888012,15,34490
16888012,16,61141
16890010,15,34506
16890010,16,61188
16892007,15,34498
16892007,16,61146
16894008,15,34509
16894008,16,61182
16896001,15,34502
16896001,16,61174
16898001,15,34498
16898001,16,61192
16900043,15,34496
16900043,16,61172
16902039,15,34502
16902039,16,61161
16904038,15,34473
16904038,16,61175
16906032,15,34493
16906032,16,61173
16908030,15,34486
16908030,16,61175
16910028,15,34486
16910028,16,61183
16912026,15,34516
16912026,16,61195
16914022,15,34483
16914022,16,61170
16916021,15,34493
16916021,16,61155
16918017,15,34499
16918017,16,61170
16920014,15,34493
16920014,16,61172
16922012,15,34501
16922012,16,61171
16924009,15,34493
16924009,16,61186
16926011,15,34510
16926011,16,61166
16928005,15,34507
16928005,16,61169
16930003,15,34515
16930003,16,61184
16932002,15,34488
16932002,16,61177
16934041,15,34475
16934041,16,61177
16936036,15,34477
16936036,16,61192
16938034,15,34505
16938034,16,61173
16940031,15,34490
16940031,16,61171
16942032,15,34502
16942032,16,61178
16944028,15,34487
16944028,16,61164
16946025,15,34512
16946025,16,61185
16948021,15,34498
16948021,16,61180
16950021,15,34504
16950021,16,61160
16952018,15,34508
16952018,16,61172
16954015,15,34494
16954015,16,61178
16956013,15,34485
16956013,16,61184
16958008,15,34509
16958008,16,61174
16960007,15,34483
16960007,16,61170
16962004,15,34487
16962004,16,61203
16964003,15,34487
16964003,16,61186
16966001,15,34466
16966001,16,61198
16968040,15,34478
16968040,16,61177
16970039,15,34494
16970039,16,61161
16972034,15,34483
16972034,16,61176
16974034,15,34472
16974034,16,61176
16976028,15,34513
16976028,16,61188
16978028,15,34479
16978028,16,61174
16980028,15,34505
16980028,16,61184
16982022,15,34501
16982022,16,61159
16984019,15,34478
16984019,16,61180
16986015,15,34496
16986015,16,61163
16988015,15,34500
16988015,16,61163
16990013,15,34466
16990013,16,61168
16992008,15,34512
16992008,16,61162
16994006,15,34509
16994006,16,61177
16996007,15,34492
16996007,16,61169
16998002,15,34494
16998002,16,61175
17000000,15,34482
17000000,16,61165
17002038,15,34504
17002038,16,61180
17004035,15,34494
17004035,16,61170
17006037,15,34481
17006037,16,61173
17008033,15,34479
17008033,16,61169
17010030,15,34478
17010030,16,61186
17012027,15,34491
17012027,16,61177
17014027,15,34481
17014027,16,61168
17016019,15,34498
17016019,16,61174
17018022,15,34492
17018022,16,61172
17020017,15,34506
17020017,16,61173
17022016,15,34504
17022016,16,61177
17024013,15,34503
17024013,16,61180
17026009,15,34498
17026009,16,61171
17028008,15,34498
17028008,16,61186
17030003,15,34499
17030003,16,61161
17032003,15,34484
17032003,16,61171
17034000,15,34499
17034000,16,61162
17036043,15,34479
17036043,16,61167
17038037,15,34489
17038037,16,61166
17040036,15,34492
17040036,16,61163
17042033,15,34491
17042033,16,61173
17044032,15,34508
17044032,16,61153
17046028,15,34478
17046028,16,61155
17048027,15,34494
17048027,16,61165
17050021,15,34480
17050021,16,61158
17052021,15,34473
17052021,16,61178
17054018,15,34496
17054018,16,61187
17056013,15,34500
17056013,16,61158
17058012,15,34492
17058012,16,61170
17060009,15,34514
17060009,16,61164
17062006,15,34491
17062006,16,61168
17064007,15,34498
17064007,16,61165
17066005,15,34495
17066005,16,61161
17068000,15,34499
17068000,16,61174
17070042,15,34505
17070042,16,61179
17072037,15,34515
17072037,16,61173
17074034,15,34478
17074034,16,61154
17076034,15,34469
17076034,16,61159
17078028,15,34495
17078028,16,61152
17080028,15,34488
17080028,16,61163
17082025,15,34508
17082025,16,61181
17084025,15,34486
17084025,16,61166
17086020,15,34506
17086020,16,61164
17088018,15,34477
17088018,16,61182
17090014,15,34505
17090014,16,61169
17092013,15,34488
17092013,16,61170
17094010,15,34490
17094010,16,61181
17096010,15,34503
17096010,16,61178
17098005,15,34498
17098005,16,61163
17100000,15,34482
17100000,16,61157
17102003,15,34493
17102003,16,61163
17104042,15,34486
17104042,16,61168
17106036,15,34485
17106036,16,61156
17108034,15,34494
17108034,16,61161
17110031,15,34501
17110031,16,61170
17112032,15,34498
17112032,16,61159
17114026,15,34489
17114026,16,61197
17116023,15,34495
17116023,16,61164
17118023,15,34472
17118023,16,61157
17120020,15,34493
17120020,16,61166
17122018,15,34481
17122018,16,61155
17124014,15,34502
17124014,16,61151
17126011,15,34485
17126011,16,61175
17128008,15,34467
17128008,16,61151
17130009,15,34503
17130009,16,61168
17132004,15,34490
17132004,16,61176
17134003,15,34495
17134003,16,61182
17135999,15,34491
17135999,16,61144
17138039,15,34487
17138039,16,61164
17140039,15,34492
17140039,16,61172
17142035,15,34488
17142035,16,61164
17144031,15,34481
17144031,16,61146
17146031,15,34491
17146031,16,61165
17148027,15,34477
17148027,16,61164
17150024,15,34489
17150024,16,61163
17152024,15,34497
17152024,16,61185
17154021,15,34479
17154021,16,61157
17156018,15,34490
17156018,16,61159
17158013,15,34486
17158013,16,61160
17160015,15,34494
17160015,16,61180
17162009,15,34484
17162009,16,61166
17164009,15,34499
17164009,16,61165
17166005,15,34473
17166005,16,61160
17168004,15,34488
17168004,16,61149
17170000,15,34499
17170000,16,61153
17172042,15,34481
17172042,16,61154
17174036,15,34484
17174036,16,61175
17176036,15,34457
17176036,16,61145
17178032,15,34478
17178032,16,61149
17180029,15,34483
17180029,16,61162
17182028,15,34484
17182028,16,61174
17184026,15,34492
17184026,16,61158
17186023,15,34485
17186023,16,61161
17188019,15,34495
17188019,16,61164
17190017,15,34486
17190017,16,61152
17192015,15,34497
17192015,16,61169
17194013,15,34479
17194013,16,61167
17196011,15,34475
17196011,16,61174
17198009,15,34480
17198009,16,61157
17200006,15,34501
17200006,16,61161
17202001,15,34480
17202001,16,61142
17204003,15,34486
17204003,16,61150
17206041,15,34494
17206041,16,61197
17208037,15,34490
17208037,16,61164
17210033,15,34483
17210033,16,61175
17212031,15,34485
17212031,16,61177
17214029,15,34493
17214029,16,61155
17216029,15,34474
17216029,16,61153
17218026,15,34486
17218026,16,61142
17220020,15,34509
17220020,16,61146
17222020,15,34480
17222020,16,61154
17224017,15,34476
17224017,16,61142
17226015,15,34485
17226015,16,61151
17228011,15,34480
17228011,16,61157
17230008,15,34488
17230008,16,61163
17232005,15,34471
17232005,16,61160
17234005,15,34491
17234005,16,61149
17235999,15,34473
17235999,16,61169
17238000,15,34473
17238000,16,61158
17240038,15,34481
17240038,16,61168
17242037,15,34481
17242037,16,61168
17244033,15,34485
17244033,16,61165
17246032,15,34504
17246032,16,61173
17248030,15,34492
17248030,16,61152
17250027,15,34482
17250027,16,61166
17252027,15,34497
17252027,16,61147
17254023,15,34486
17254023,16,61183
17256019,15,34492
17256019,16,61149
17258017,15,34480
17258017,16,61162
17260015,15,34489
17260015,16,61144
17262014,15,34476
17262014,16,61154
17264014,15,34510
17264014,16,61171
17266007,15,34485
17266007,16,61157
17268005,15,34494
17268005,16,61186
17270004,15,34486
17270004,16,61151
17271999,15,34485
17271999,16,61153
17274041,15,34463
17274041,16,61144
17276035,15,34473
17276035,16,61168
17278038,15,34494
17278038,16,61159
17280032,15,34465
17280032,16,61133
17282029,15,34485
17282029,16,61173
17284028,15,34472
17284028,16,61146
17286026,15,34485
17286026,16,61148
17288022,15,34492
17288022,16,61137
17290019,15,34472
17290019,16,61168
17292019,15,34511
17292019,16,61162
17294016,15,34487
17294016,16,61163
17296011,15,34480
17296011,16,61140
17298010,15,34503
17298010,16,61141
17300009,15,34494
17300009,16,61154
17302005,15,34482
17302005,16,61151
17304004,15,34475
17304004,16,61134
17305998,15,34484
17305998,16,61163
17308040,15,34479
17308040,16,61146
17310040,15,34483
17310040,16,61152
17312035,15,34487
17312035,16,61169
17314034,15,34468
17314034,16,61153
17316028,15,34466
17316028,16,61146
17318027,15,34503
17318027,16,61136
17320024,15,34480
17320024,16,61132
17322023,15,34489
17322023,16,61146
17324021,15,34487
17324021,16,61125
17326018,15,34492
17326018,16,61148
17328013,15,34504
17328013,16,61149
17330012,15,34482
17330012,16,61156
17332008,15,34483
17332008,16,61143
17334007,15,34477
17334007,16,61145
17336005,15,34472
17336005,16,61150
17338004,15,34493
17338004,16,61161
17340001,15,34468
17340001,16,61131
17342039,15,34478
17342039,16,61156
17344037,15,34497
17344037,16,61187
17346036,15,34466
17346036,16,61141
17348032,15,34480
17348032,16,61142
17350031,15,34487
17350031,16,61149
17352028,15,34494
17352028,16,61160
17354026,15,34485
17354026,16,61175
17356021,15,34469
17356021,16,61162
17358019,15,34488
17358019,16,61163
17360017,15,34467
17360017,16,61164
17362017,15,34487
17362017,16,61162
17364011,15,34488
17364011,16,61161
17366011,15,34475
17366011,16,61153
17368005,15,34485
17368005,16,61147
17370004,15,34469
17370004,16,61159
17372003,15,34479
17372003,16,61115
17374000,15,34492
17374000,16,61155
17376037,15,34470
17376037,16,61157
17378040,15,34501
17378040,16,61150
17380032,15,34470
17380032,16,61140
17382032,15,34489
17382032,16,61135
17384031,15,34466
17384031,16,61155
17386029,15,34480
17386029,16,61156
17388023,15,34487
17388023,16,61166
17390023,15,34471
17390023,16,61144
17392022,15,34490
17392022,16,61166
17394016,15,34468
17394016,16,61163
17396019,15,34481
17396019,16,61154
17398010,15,34488
17398010,16,61160
17400009,15,34477
17400009,16,61167
17402007,15,34486
17402007,16,61148
17404006,15,34469
17404006,16,61155
17406004,15,34505
17406004,16,61167
17407998,15,34473
17407998,16,61142
17410041,15,34485
17410041,16,61140
17412037,15,34493
17412037,16,61153
17414038,15,34497
17414038,16,61160
17416033,15,34475
17416033,16,61139
17418030,15,34470
17418030,16,61133
17420028,15,34473
17420028,16,61156
17422026,15,34483
17422026,16,61164
17424021,15,34494
17424021,16,61144
17426022,15,34458
17426022,16,61166
17428019,15,34478
17428019,16,61156
17430018,15,34480
17430018,16,61146
17432014,15,34476
17432014,16,61168
17434010,15,34480
17434010,16,61153
17436007,15,34477
17436007,16,61139
17438003,15,34469
17438003,16,61144
17440002,15,34490
17440002,16,61162
17442001,15,34496
17442001,16,61165
17444039,15,34485
17444039,16,61163
17446038,15,34488
17446038,16,61124
17448035,15,34464
17448035,16,61162
17450032,15,34474
17450032,16,61160
17452026,15,34476
17452026,16,61132
17454027,15,34494
17454027,16,61146
17456027,15,34489
17456027,16,61139
17458020,15,34477
17458020,16,61140
17460019,15,34470
17460019,16,61154
17462018,15,34481
17462018,16,61135
17464016,15,34477
17464016,16,61140
17466010,15,34467
17466010,16,61149
17468010,15,34474
17468010,16,61165
17470008,15,34481
17470008,16,61156
17472008,15,34476
17472008,16,61151
17474002,15,34487
17474002,16,61157
17476000,15,34478
17476000,16,61163
17478041,15,34484
17478041,16,61149
17480037,15,34489
17480037,16,61139
17482036,15,34488
17482036,16,61143
17484032,15,34493
17484032,16,61157
17486031,15,34473
17486031,16,61117
17488026,15,34469
17488026,16,61156
17490023,15,34488
17490023,16,61164
17492024,15,34460
17492024,16,61167
17494025,15,34459
17494025,16,61143
17496014,15,34461
17496014,16,61133
17498016,15,34493
17498016,16,61133
17500010,15,34460
17500010,16,61155
17502012,15,34473
17502012,16,61152
17504008,15,34478
17504008,16,61147
17506006,15,34471
17506006,16,61156
17508000,15,34465
17508000,16,61131
17509999,15,34470
17509999,16,61149
17512042,15,34484
17512042,16,61135
17514038,15,34477
17514038,16,61147
17516035,15,34474
17516035,16,61147
17518033,15,34479
17518033,16,61147
17520030,15,34496
17520030,16,61149
17522026,15,34466
17522026,16,61146
17524025,15,34474
17524025,16,61148
17526024,15,34477
17526024,16,61153
17528021,15,34478
17528021,16,61156
17530016,15,34470
17530016,16,61124
17532017,15,34469
17532017,16,61136
17534011,15,34460
17534011,16,61126
17536009,15,34487
17536009,16,61127
17538005,15,34477
17538005,16,61151
17540001,15,34488
17540001,16,61152
17542001,15,34475
17542001,16,61138
17544002,15,34476
17544002,16,61150
17546039,15,34487
17546039,16,61151
17548036,15,34473
17548036,16,61151
17550032,15,34472
17550032,16,61152
17552030,15,34463
17552030,16,61139
17554030,15,34464
17554030,16,61140
17556028,15,34455
17556028,16,61131
17558027,15,34460
17558027,16,61138
17560020,15,34473
17560020,16,61149
17562021,15,34464
17562021,16,61144
17564015,15,34485
17564015,16,61137
17566016,15,34463
17566016,16,61151
17568013,15,34461
17568013,16,61154
17570011,15,34484
17570011,16,61153
17572007,15,34473
17572007,16,61129
17574004,15,34471
17574004,16,61148
17576000,15,34462
17576000,16,61128
17578000,15,34483
17578000,16,61145
17580039,15,34467
17580039,16,61145
17582038,15,34484
17582038,16,61159
17584036,15,34467
17584036,16,61124
17586033,15,34469
17586033,16,61146
17588031,15,34484
17588031,16,61146
17590027,15,34460
17590027,16,61133
17592027,15,34457
17592027,16,61112
17594021,15,34457
17594021,16,61130
17596021,15,34473
17596021,16,61130
17598018,15,34443
17598018,16,61130
17600018,15,34480
17600018,16,61137
17602012,15,34491
17602012,16,61130
17604010,15,34485
17604010,16,61137
17606007,15,34480
17606007,16,61121
17608005,15,34465
17608005,16,61133
17610004,15,34482
17610004,16,61144
17612001,15,34480
17612001,16,61152
17614039,15,34497
17614039,16,61138
17616036,15,34484
17616036,16,61115
17618035,15,34458
17618035,16,61139
17620034,15,34470
17620034,16,61115
17622030,15,34473
17622030,16,61132
17624026,15,34467
17624026,16,61142
17626025,15,34479
17626025,16,61115
17628023,15,34464
17628023,16,61135
17630020,15,34457
17630020,16,61115
17632015,15,34460
17632015,16,61138
17634014,15,34470
17634014,16,61117
17636014,15,34458
17636014,16,61147
17638010,15,34483
17638010,16,61156
17640008,15,34464
17640008,16,61133
17642001,15,34487
17642001,16,61125
17644004,15,34465
17644004,16,61135
17646001,15,34449
17646001,16,61115
17648039,15,34476
17648039,16,61132
17650036,15,34476
17650036,16,61137
17652034,15,34463
17652034,16,61130
17654033,15,34468
17654033,16,61141
17656031,15,34472
17656031,16,61153
17658028,15,34469
17658028,16,61134
17660023,15,34467
17660023,16,61130
17662020,15,34455
17662020,16,61117
17664020,15,34472
17664020,16,61119
17666019,15,34479
17666019,16,61134
17668016,15,34477
17668016,16,61135
17670014,15,34461
17670014,16,61123
17672009,15,34473
17672009,16,61112
17674005,15,34468
17674005,16,61121
17676004,15,34464
17676004,16,61131
17678001,15,34461
17678001,16,61132
17679998,15,34479
17679998,16,61141
17682041,15,34483
17682041,16,61143
17684038,15,34471
17684038,16,61120
17686036,15,34464
17686036,16,61134
17688030,15,34458
17688030,16,61129
17690031,15,34468
17690031,16,61139
17692027,15,34469
17692027,16,61121
17694025,15,34475
17694025,16,61124
17696023,15,34467
17696023,16,61115
17698017,15,34476
17698017,16,61145
17700017,15,34467
17700017,16,61155
17702014,15,34451
17702014,16,61145
17704013,15,34453
17704013,16,61134
17706009,15,34452
17706009,16,61139
17708006,15,34470
17708006,16,61128
17710005,15,34461
17710005,16,61125
17712000,15,34480
17712000,16,61131
17714000,15,34472
17714000,16,61159
17716041,15,34488
17716041,16,61133
17718038,15,34449
17718038,16,61128
17720034,15,34463
17720034,16,61128
17722032,15,34484
17722032,16,61133
17724029,15,34471
17724029,16,61125
17726029,15,34474
17726029,16,61148
17728023,15,34460
17728023,16,61119
17730022,15,34456
17730022,16,61125
17732021,15,34475
17732021,16,61128
17734015,15,34472
17734015,16,61116
17736016,15,34478
17736016,16,61137
17738015,15,34466
17738015,16,61126
17740009,15,34467
17740009,16,61133
17742010,15,34472
17742010,16,61129
17744005,15,34470
17744005,16,61124
17746000,15,34485
17746000,16,61110
17748000,15,34475
17748000,16,61141
17750040,15,34456
17750040,16,61117
17752035,15,34475
17752035,16,61129
17754033,15,34463
17754033,16,61120
17756032,15,34473
17756032,16,61123
17758028,15,34461
17758028,16,61130
17760026,15,34476
17760026,16,61144
17762023,15,34466
17762023,16,61109
17764023,15,34468
17764023,16,61132
17766022,15,34458
17766022,16,61136
17768017,15,34447
17768017,16,61126
17770013,15,34480
17770013,16,61141
17772013,15,34491
17772013,16,61129
17774009,15,34481
17774009,16,61135
17776011,15,34458
17776011,16,61140
17778004,15,34473
17778004,16,61120
17780002,15,34468
17780002,16,61117
17782001,15,34472
17782001,16,61125
17784042,15,34479
17784042,16,61129
17786039,15,34468
17786039,16,61144
17788036,15,34470
17788036,16,61134
17790034,15,34474
17790034,16,61118
17792029,15,34476
17792029,16,61142
17794026,15,34467
17794026,16,61128
17796026,15,34470
17796026,16,61129
17798021,15,34468
17798021,16,61135
17800019,15,34458
17800019,16,61133
17802015,15,34455
17802015,16,61131
17804014,15,34475
17804014,16,61124
17806012,15,34487
17806012,16,61145
17808010,15,34457
17808010,16,61117
17810007,15,34467
17810007,16,61158
17812004,15,34457
17812004,16,61135
17814001,15,34461
17814001,16,61135
17816001,15,34443
17816001,16,61126
17818038,15,34456
17818038,16,61129
17820036,15,34455
17820036,16,61136
17822036,15,34476
17822036,16,61135
17824031,15,34465
17824031,16,61139
17826031,15,34438
17826031,16,61128
17828029,15,34480
17828029,16,61130
17830024,15,34462
17830024,16,61141
17832023,15,34478
17832023,16,61114
17834020,15,34469
17834020,16,61128
17836019,15,34463
17836019,16,61118
17838017,15,34464
17838017,16,61128
17840011,15,34472
17840011,16,61116
17842011,15,34468
17842011,16,61134
17844007,15,34462
17844007,16,61126
17846008,15,34448
17846008,16,61126
17848001,15,34483
17848001,16,61143
17850001,15,34465
17850001,16,61127
17852036,15,34451
17852036,16,61136
17854037,15,34457
17854037,16,61132
17856035,15,34459
17856035,16,61135
17858033,15,34456
17858033,16,61124
17860030,15,34468
17860030,16,61111
17862024,15,34454
17862024,16,61109
17864024,15,34484
17864024,16,61139
17866024,15,34460
17866024,16,61129
17868022,15,34466
17868022,16,61134
17870019,15,34453
17870019,16,61119
17872013,15,34445
17872013,16,61132
17874011,15,34465
17874011,16,61126
17876011,15,34453
17876011,16,61131
17878009,15,34455
17878009,16,61117
17880004,15,34476
17880004,16,61122
17882004,15,34459
17882004,16,61116
17884002,15,34466
17884002,16,61119
17886041,15,34462
17886041,16,61126
17888037,15,34445
17888037,16,61141
17890036,15,34443
17890036,16,61108
17892031,15,34462
17892031,16,61133
17894032,15,34474
17894032,16,61128
17896032,15,34459
17896032,16,61120
17898026,15,34467
17898026,16,61111
17900024,15,34476
17900024,16,61104
17902020,15,34480
17902020,16,61119
17904017,15,34440
17904017,16,61120
17906015,15,34468
17906015,16,61112
17908014,15,34444
17908014,16,61130
17910007,15,34454
17910007,16,61125
17912010,15,34456
17912010,16,61127
17914005,15,34453
17914005,16,61113
17916001,15,34465
17916001,16,61112
17918001,15,34458
17918001,16,61106
17920042,15,34472
17920042,16,61129
17922037,15,34458
17922037,16,61107
17924035,15,34467
17924035,16,61122
17926035,15,34453
17926035,16,61111
17928029,15,34474
17928029,16,61105
17930029,15,34478
17930029,16,61116
17932024,15,34458
17932024,16,61136
17934021,15,34464
17934021,16,61108
17936023,15,34458
17936023,16,61132
17938016,15,34455
17938016,16,61101
17940016,15,34469
17940016,16,61113
17942011,15,34465
17942011,16,61113
17944012,15,34444
17944012,16,61110
17946006,15,34470
17946006,16,61116
17948005,15,34452
17948005,16,61137
17950000,15,34459
17950000,16,61123
17952002,15,34474
17952002,16,61112
17954041,15,34459
17954041,16,61117
17956037,15,34458
17956037,16,61115
17958033,15,34437
17958033,16,61111
17960031,15,34478
17960031,16,61116
17962031,15,34443
17962031,16,61118
17964028,15,34451
17964028,16,61119
17966027,15,34455
17966027,16,61107
17968023,15,34468
17968023,16,61121
17970023,15,34445
17970023,16,61114
17972016,15,34473
17972016,16,61115
17974015,15,34466
17974015,16,61089
17976013,15,34458
17976013,16,61110
17978013,15,34444
17978013,16,61114
17980005,15,34463
17980005,16,61135
17982003,15,34446
17982003,16,61108
17984002,15,34468
17984002,16,61103
17985998,15,34473
17985998,16,61103
17988039,15,34469
17988039,16,61129
17990037,15,34472
17990037,16,61122
17992034,15,34468
17992034,16,61098
17994029,15,34456
17994029,16,61129
17996030,15,34463
17996030,16,61102
17998027,15,34447
17998027,16,61122
18000025,15,34449
18000025,16,61133
18002023,15,34445
18002023,16,61124
18004021,15,34456
18004021,16,61126
18006019,15,34450
18006019,16,61123
18008012,15,34453
18008012,16,61115
18010010,15,34472
18010010,16,61096
18012010,15,34462
18012010,16,61117
18014008,15,34463
18014008,16,61126
18016007,15,34453
18016007,16,61121
18018001,15,34447
18018001,16,61119
18019997,15,34464
18019997,16,61115
18022038,15,34467
18022038,16,61102
18024037,15,34447
18024037,16,61106
18026033,15,34463
18026033,16,61101
18028032,15,34461
18028032,16,61124
18030029,15,34469
18030029,16,61104
18032028,15,34454
18032028,16,61132
18034028,15,34465
18034028,16,61105
18036021,15,34454
18036021,16,61107
18038019,15,34446
18038019,16,61126
18040019,15,34449
18040019,16,61105
18042015,15,34454
18042015,16,61116
18044012,15,34441
18044012,16,61119
18046011,15,34464
18046011,16,61114
18048010,15,34438
18048010,16,61112
18050006,15,34449
18050006,16,61123
18052004,15,34462
18052004,16,61110
18053999,15,34457
18053999,16,61110
18056043,15,34476
18056043,16,61122
18058037,15,34459
18058037,16,61117
18060033,15,34452
18060033,16,61108
18062031,15,34450
18062031,16,61105
18064030,15,34458
18064030,16,61097
18066029,15,34448
18066029,16,61111
18068028,15,34476
18068028,16,61131
18070022,15,34451
18070022,16,61116
18072020,15,34478
18072020,16,61117
18074019,15,34451
18074019,16,61118
18076018,15,34451
18076018,16,61106
18078013,15,34470
18078013,16,61118
18080007,15,34453
18080007,16,61120
18082006,15,34459
18082006,16,61117
18084005,15,34466
18084005,16,61112
18086003,15,34472
18086003,16,61116
18088000,15,34465
18088000,16,61121
18090039,15,34467
18090039,16,61116
18092040,15,34467
18092040,16,61109
18094033,15,34460
18094033,16,61102
18096031,15,34460
18096031,16,61118
18098029,15,34476
18098029,16,61111
18100026,15,34469
18100026,16,61127
18102027,15,34443
18102027,16,61112
18104025,15,34469
18104025,16,61105
18106017,15,34465
18106017,16,61108
18108018,15,34451
18108018,16,61110
18110014,15,34456
18110014,16,61108
18112014,15,34452
18112014,16,61110
18114009,15,34486
18114009,16,61119
18116007,15,34453
18116007,16,61116
18118006,15,34455
18118006,16,61097
18120002,15,34460
18120002,16,61113
18122000,15,34470
18122000,16,61116
18124040,15,34468
18124040,16,61118
18126039,15,34445
18126039,16,61111
18128036,15,34451
18128036,16,61096
18130031,15,34464
18130031,16,61105
18132032,15,34430
18132032,16,61082
18134027,15,34441
18134027,16,61103
18136027,15,34457
18136027,16,61104
18138023,15,34454
18138023,16,61097
18140021,15,34465
18140021,16,61111
18142019,15,34448
18142019,16,61106
18144014,15,34446
18144014,16,61105
18146011,15,34451
18146011,16,61101
18148010,15,34438
18148010,16,61096
18150006,15,34459
18150006,16,61095
18152005,15,34478
18152005,16,61105
18154003,15,34462
18154003,16,61117
18156001,15,34461
18156001,16,61102
18158041,15,34458
18158041,16,61113
18160038,15,34456
18160038,16,61114
18162033,15,34460
18162033,16,61113
18164034,15,34459
18164034,16,61109
18166032,15,34446
18166032,16,61115
18168027,15,34466
18168027,16,61109
18170023,15,34468
18170023,16,61130
18172024,15,34470
18172024,16,61095
18174020,15,34445
18174020,16,61113
18176017,15,34458
18176017,16,61111
18178016,15,34468
18178016,16,61112
18180012,15,34462
18180012,16,61107
18182011,15,34453
18182011,16,61106
18184008,15,34461
18184008,16,61103
18186006,15,34451
18186006,16,61099
18188001,15,34456
18188001,16,61113
18189998,15,34455
18189998,16,61117
18192040,15,34449
18192040,16,61116
18194038,15,34473
18194038,16,61103
18196035,15,34467
18196035,16,61099
18198030,15,34456
18198030,16,61095
18200031,15,34454
18200031,16,61107
18202024,15,34440
18202024,16,61102
18204025,15,34456
18204025,16,61106
18206022,15,34443
18206022,16,61121
18208020,15,34453
18208020,16,61109
18210016,15,34453
18210016,16,61089
18212016,15,34461
18212016,16,61100
18214011,15,34444
18214011,16,61084
18216009,15,34461
18216009,16,61094
18218006,15,34463
18218006,16,61126
18220006,15,34464
18220006,16,61095
18222001,15,34444
18222001,16,61096
18224000,15,34448
18224000,16,61104
18226040,15,34460
18226040,16,61089
18228035,15,34455
18228035,16,61122
18230037,15,34441
18230037,16,61100
18232035,15,34454
18232035,16,61100
18234030,15,34448
18234030,16,61098
18236027,15,34447
18236027,16,61094
18238028,15,34431
18238028,16,61114
18240022,15,34460
18240022,16,61105
18242019,15,34456
18242019,16,61110
18244020,15,34456
18244020,16,61074
18246014,15,34438
18246014,16,61104
18248016,15,34475
18248016,16,61103
18250010,15,34468
18250010,16,61098
18252009,15,34454
18252009,16,61120
18254006,15,34447
18254006,16,61080
18256003,15,34440
18256003,16,61104
18258000,15,34444
18258000,16,61111
18260040,15,34450
18260040,16,61096
18262036,15,34450
18262036,16,61101
18264035,15,34450
18264035,16,61093
18266030,15,34453
18266030,16,61103
18268031,15,34451
18268031,16,61099
18270030,15,34459
18270030,16,61090
18272026,15,34447
18272026,16,61089
18274023,15,34443
18274023,16,61112
18276020,15,34458
18276020,16,61083
18278017,15,34446
18278017,16,61098
18280013,15,34447
18280013,16,61091
18282012,15,34465
18282012,16,61101
18284011,15,34458
18284011,16,61099
18286007,15,34424
18286007,16,61102
18288004,15,34451
18288004,16,61102
18290001,15,34445
18290001,16,61085
18292000,15,34443
18292000,16,61096
18294041,15,34451
18294041,16,61115
18296036,15,34468
18296036,16,61102
18298033,15,34442
18298033,16,61104
18300033,15,34460
18300033,16,61102
18302029,15,34454
18302029,16,61093
18304029,15,34468
18304029,16,61100
18306024,15,34441
18306024,16,61104
18308023,15,34444
18308023,16,61092
18310018,15,34433
18310018,16,61118
18312016,15,34452
18312016,16,61079
18314016,15,34460
18314016,16,61113
18316012,15,34451
18316012,16,61085
18318010,15,34421
18318010,16,61078
18320008,15,34438
18320008,16,61084
18322004,15,34459
18322004,16,61102
18324001,15,34448
18324001,16,61093
18326000,15,34469
18326000,16,61112
18328039,15,34430
18328039,16,61101
18330037,15,34448
18330037,16,61097
18332035,15,34430
18332035,16,61091
18334033,15,34449
18334033,16,61088
18336029,15,34439
18336029,16,61115
18338028,15,34462
18338028,16,61112
18340025,15,34440
18340025,16,61102
18342023,15,34432
18342023,16,61099
18344023,15,34450
18344023,16,61099
18346016,15,34460
18346016,16,61067
18348015,15,34439
18348015,16,61085
18350012,15,34464
18350012,16,61103
18352010,15,34456
18352010,16,61078
18354008,15,34433
18354008,16,61091
18356005,15,34452
18356005,16,61086
18358003,15,34444
18358003,16,61099
18360001,15,34434
18360001,16,61102
18362038,15,34465
18362038,16,61107
18364039,15,34454
18364039,16,61105
18366038,15,34453
18366038,16,61081
18368032,15,34454
18368032,16,61089
18370028,15,34462
18370028,16,61097
18372028,15,34462
18372028,16,61108
18374022,15,34453
18374022,16,61084
18376021,15,34456
18376021,16,61077
18378019,15,34444
18378019,16,61081
18380017,15,34448
18380017,16,61110
18382017,15,34459
18382017,16,61096
18384011,15,34440
18384011,16,61090
18386008,15,34431
18386008,16,61098
18388007,15,34450
18388007,16,61099
18390007,15,34442
18390007,16,61112
18392002,15,34435
18392002,16,61084
18394000,15,34446
18394000,16,61081
18396040,15,34438
18396040,16,61093
18398036,15,34468
18398036,16,61096
18400037,15,34461
18400037,16,61094
18402033,15,34466
18402033,16,61093
18404029,15,34449
18404029,16,61084
18406029,15,34443
18406029,16,61091
18408024,15,34440
18408024,16,61085
18410021,15,34469
18410021,16,61096
18412020,15,34451
18412020,16,61095
18414017,15,34444
18414017,16,61088
18416014,15,34448
18416014,16,61091
18418014,15,34457
18418014,16,61098
18420011,15,34443
18420011,16,61098
18422007,15,34468
18422007,16,61082
18424005,15,34436
18424005,16,61094
18426005,15,34449
18426005,16,61095
18427999,15,34447
18427999,16,61089
18430040,15,34445
18430040,16,61090
18432036,15,34447
18432036,16,61093
18434034,15,34444
18434034,16,61079
18436034,15,34448
18436034,16,61081
18438028,15,34445
18438028,16,61093
18440028,15,34442
18440028,16,61087
18442024,15,34425
18442024,16,61109
18444023,15,34459
18444023,16,61086
18446018,15,34443
18446018,16,61092
18448018,15,34453
18448018,16,61115
18450018,15,34429
18450018,16,61077
18452015,15,34445
18452015,16,61072
18454009,15,34462
18454009,16,61100
18456009,15,34437
18456009,16,61092
18458006,15,34454
18458006,16,61081
18460001,15,34444
18460001,16,61072
18462002,15,34433
18462002,16,61104
18464042,15,34455
18464042,16,61093
18466034,15,34433
18466034,16,61106
18468036,15,34447
18468036,16,61083
18470034,15,34437
18470034,16,61093
18472030,15,34447
18472030,16,61104
18474027,15,34435
18474027,16,61120
18476025,15,34431
18476025,16,61103
18478023,15,34441
18478023,16,61093
18480025,15,34440
18480025,16,61081
18482014,15,34450
18482014,16,61089
18484013,15,34431
18484013,16,61080
18486016,15,34443
18486016,16,61100
18488009,15,34454
18488009,16,61089
18490009,15,34451
18490009,16,61092
18492006,15,34457
18492006,16,61082
18494002,15,34449
18494002,16,61093
18496001,15,34458
18496001,16,61098
18498039,15,34459
18498039,16,61101
18500035,15,34442
18500035,16,61087
18502034,15,34449
18502034,16,61069
18504035,15,34440
18504035,16,61091
18506030,15,34453
18506030,16,61073
18508028,15,34446
18508028,16,61076
18510024,15,34435
18510024,16,61081
18512023,15,34450
18512023,16,61094
18514020,15,34455
18514020,16,61081
18516019,15,34440
18516019,16,61088
18518016,15,34460
18518016,16,61093
18520013,15,34438
18520013,16,61077
18522009,15,34442
18522009,16,61056
18524008,15,34437
18524008,16,61069
18526007,15,34438
18526007,16,61084
18528000,15,34448
18528000,16,61097
18529999,15,34457
18529999,16,61094
18532040,15,34438
18532040,16,61080
18534040,15,34440
18534040,16,61090
18536033,15,34438
18536033,16,61068
18538033,15,34455
18538033,16,61087
18540029,15,34438
18540029,16,61083
18542027,15,34441
18542027,16,61076
18544023,15,34447
18544023,16,61104
18546023,15,34445
18546023,16,61090
18548019,15,34441
18548019,16,61087
18550019,15,34440
18550019,16,61085
18552014,15,34441
18552014,16,61083
18554011,15,34441
18554011,16,61070
18556010,15,34434
18556010,16,61082
18558007,15,34430
18558007,16,61099
18560006,15,34428
18560006,16,61103
18562002,15,34448
18562002,16,61087
18564000,15,34454
18564000,16,61077
18566038,15,34444
18566038,16,61079
18568038,15,34431
18568038,16,61085
18570037,15,34454
18570037,16,61077
18572032,15,34441
18572032,16,61079
18574030,15,34455
18574030,16,61094
18576028,15,34437
18576028,16,61084
18578026,15,34440
18578026,16,61083
18580023,15,34444
18580023,16,61079
18582019,15,34440
18582019,16,61090
18584019,15,34429
18584019,16,61067
18586015,15,34470
18586015,16,61083
18588014,15,34426
18588014,16,61091
18590009,15,34428
18590009,16,61076
18592009,15,34447
18592009,16,61074
18594005,15,34448
18594005,16,61089
18596003,15,34441
18596003,16,61092
18597998,15,34461
18597998,16,61085
18600039,15,34449
18600039,16,61080
18602037,15,34450
18602037,16,61061
18604033,15,34427
18604033,16,61073
18606031,15,34439
18606031,16,61064
18608028,15,34441
18608028,16,61066
18610027,15,34447
18610027,16,61083
18612026,15,34455
18612026,16,61064
18614024,15,34444
18614024,16,61067
18616021,15,34439
18616021,16,61093
18618018,15,34455
18618018,16,61076
18620015,15,34442
18620015,16,61071
18622013,15,34444
18622013,16,61083
18624009,15,34431
18624009,16,61066
18626008,15,34438
18626008,16,61104
18628007,15,34440
18628007,16,61081
18630001,15,34438
18630001,16,61076
18632000,15,34428
18632000,16,61060
18634039,15,34428
18634039,16,61064
18636035,15,34440
18636035,16,61091
18638036,15,34439
18638036,16,61066
18640033,15,34446
18640033,16,61085
18642030,15,34441
18642030,16,61079
18644031,15,34472
18644031,16,61076
18646027,15,34449
18646027,16,61080
18648025,15,34445
18648025,16,61076
18650019,15,34460
18650019,16,61093
18652018,15,34429
18652018,16,61061
18654017,15,34429
18654017,16,61083
18656012,15,34431
18656012,16,61071
18658011,15,34456
18658011,16,61068
18660006,15,34430
18660006,16,61074
18662006,15,34448
18662006,16,61114
18663998,15,34447
18663998,16,61078
18665998,15,34438
18665998,16,61075
18668041,15,34446
18668041,16,61080
18670035,15,34454
18670035,16,61091
18672036,15,34441
18672036,16,61063
18674033,15,34430
18674033,16,61082
18676032,15,34431
18676032,16,61078
18678026,15,34429
18678026,16,61082
18680024,15,34456
18680024,16,61078
18682023,15,34435
18682023,16,61086
18684020,15,34442
18684020,16,61079
18686016,15,34437
18686016,16,61063
18688013,15,34441
18688013,16,61078
18690009,15,34435
18690009,16,61073
18692010,15,34443
18692010,16,61068
18694009,15,34442
18694009,16,61083
18696006,15,34445
18696006,16,61120
18698006,15,34441
18698006,16,61077
18700002,15,34423
18700002,16,61066
18702039,15,34449
18702039,16,61059
18704035,15,34437
18704035,16,61072
18706037,15,34443
18706037,16,61060
18708033,15,34427
18708033,16,61077
18710028,15,34443
18710028,16,61080
18712027,15,34450
18712027,16,61090
18714025,15,34451
18714025,16,61077
18716023,15,34421
18716023,16,61066
18718020,15,34448
18718020,16,61065
18720019,15,34435
18720019,16,61073
18722016,15,34427
18722016,16,61080
18724014,15,34430
18724014,16,61074
18726012,15,34449
18726012,16,61086
18728006,15,34431
18728006,16,61082
18730005,15,34425
18730005,16,61088
18732003,15,34437
18732003,16,61075
18734001,15,34430
18734001,16,61070
18736040,15,34443
18736040,16,61084
18738032,15,34433
18738032,16,61053
18740037,15,34441
18740037,16,61064
18742034,15,34428
18742034,16,61047
18744032,15,34441
18744032,16,61088
18746029,15,34432
18746029,16,61062
18748024,15,34438
18748024,16,61077
18750022,15,34430
18750022,16,61066
18752021,15,34425
18752021,16,61084
18754017,15,34435
18754017,16,61081
18756013,15,34414
18756013,16,61092
18758013,15,34440
18758013,16,61068
18760009,15,34440
18760009,16,61086
18762006,15,34446
18762006,16,61081
18764005,15,34435
18764005,16,61068
18766005,15,34448
18766005,16,61071
18768002,15,34442
18768002,16,61087
18770041,15,34447
18770041,16,61079
18772037,15,34421
18772037,16,61066
18774039,15,34428
18774039,16,61044
18776032,15,34427
18776032,16,61073
18778031,15,34466
18778031,16,61068
18780027,15,34451
18780027,16,61059
18782025,15,34434
18782025,16,61093
18784023,15,34419
18784023,16,61085
18786022,15,34450
18786022,16,61065
18788015,15,34451
18788015,16,61087
18790017,15,34432
18790017,16,61081
18792014,15,34420
18792014,16,61058
18794012,15,34439
18794012,16,61078
18796008,15,34425
18796008,16,61063
18798004,15,34442
18798004,16,61077
18800003,15,34436
18800003,16,61066
18802000,15,34444
18802000,16,61087
18804041,15,34439
18804041,16,61075
18806037,15,34444
18806037,16,61083
18808035,15,34442
18808035,16,61070
18810033,15,34417
18810033,16,61065
18812031,15,34452
18812031,16,61070
18814029,15,34431
18814029,16,61061
18816024,15,34433
18816024,16,61070
18818018,15,34447
18818018,16,61068
18820022,15,34435
18820022,16,61086
18822015,15,34454
18822015,16,61075
18824014,15,34433
18824014,16,61061
18826016,15,34442
18826016,16,61056
18828012,15,34433
18828012,16,61064
18830008,15,34428
18830008,16,61072
18832004,15,34437
18832004,16,61070
18834002,15,34433
18834002,16,61059
18836000,15,34435
18836000,16,61064
18838035,15,34434
18838035,16,61072
18840036,15,34436
18840036,16,61083
18842035,15,34427
18842035,16,61073
18844035,15,34415
18844035,16,61062
18846030,15,34451
18846030,16,61055
18848027,15,34445
18848027,16,61077
18850024,15,34428
18850024,16,61088
18852025,15,34431
18852025,16,61049
18854022,15,34429
18854022,16,61057
18856020,15,34413
18856020,16,61062
18858015,15,34427
18858015,16,61068
18860011,15,34420
18860011,16,61078
18862010,15,34434
18862010,16,61057
18864006,15,34430
18864006,16,61057
18866008,15,34436
18866008,16,61074
18868002,15,34447
18868002,16,61042
18869999,15,34444
18869999,16,61056
18872039,15,34426
18872039,16,61059
18874037,15,34441
18874037,16,61060
18876036,15,34443
18876036,16,61090
18878033,15,34449
18878033,16,61087
18880031,15,34458
18880031,16,61060
18882026,15,34435
18882026,16,61068
18884027,15,34433
18884027,16,61065
18886022,15,34436
18886022,16,61073
18888020,15,34439
18888020,16,61060
18890018,15,34438
18890018,16,61089
18892016,15,34420
18892016,16,61053
18894013,15,34436
18894013,16,61056
18896011,15,34427
18896011,16,61056
18898008,15,34442
18898008,16,61070
18900004,15,34425
18900004,16,61061
18902002,15,34433
18902002,16,61067
18904001,15,34440
18904001,16,61064
18906040,15,34440
18906040,16,61049
18908038,15,34404
18908038,16,61058
18910035,15,34432
18910035,16,61062
18912032,15,34441
18912032,16,61063
18914030,15,34426
18914030,16,61065
18916028,15,34426
18916028,16,61063
18918024,15,34409
18918024,16,61069
18920022,15,34432
18920022,16,61056
18922022,15,34417
18922022,16,61076
18924017,15,34415
18924017,16,61063
18926016,15,34413
18926016,16,61053
18928011,15,34432
18928011,16,61074
18930009,15,34450
18930009,16,61053
18932005,15,34433
18932005,16,61061
18934006,15,34453
18934006,16,61059
18936002,15,34452
18936002,16,61049
18937999,15,34447
18937999,16,61039
18940038,15,34437
18940038,16,61064
18942036,15,34435
18942036,16,61058
18944034,15,34418
18944034,16,61058
18946031,15,34432
18946031,16,61072
18948028,15,34428
18948028,16,61052
18950027,15,34432
18950027,16,61074
18952028,15,34407
18952028,16,61063
18954024,15,34419
18954024,16,61065
18956021,15,34416
18956021,16,61043
18958017,15,34412
18958017,16,61064
18960013,15,34410
18960013,16,61048
18962013,15,34462
18962013,16,61069
18964009,15,34424
18964009,16,61079
18966006,15,34419
18966006,16,61056
18968008,15,34417
18968008,16,61064
18970002,15,34429
18970002,16,61065
18971997,15,34435
18971997,16,61064
18974041,15,34438
18974041,16,61061
18976038,15,34422
18976038,16,61069
18978036,15,34456
18978036,16,61070
18980032,15,34438
18980032,16,61067
18982031,15,34440
18982031,16,61038
18984027,15,34431
18984027,16,61064
18986026,15,34414
18986026,16,61073
18988023,15,34440
18988023,16,61064
18990022,15,34419
18990022,16,61053
18992016,15,34447
18992016,16,61066
18994016,15,34409
18994016,16,61069
18996012,15,34443
18996012,16,61082
18998011,15,34424
18998011,16,61058
19000009,15,34439
19000009,16,61067
19002007,15,34428
19002007,16,61059
19003999,15,34428
19003999,16,61056
19006001,15,34434
19006001,16,61048
19008038,15,34434
19008038,16,61074
19010041,15,34407
19010041,16,61051
19012033,15,34442
19012033,16,61059
19014029,15,34422
19014029,16,61064
19016028,15,34430
19016028,16,61077
19018030,15,34424
19018030,16,61070
19020023,15,34413
19020023,16,61073
19022021,15,34433
19022021,16,61061
19024021,15,34433
19024021,16,61049
19026018,15,34441
19026018,16,61067
19028015,15,34428
19028015,16,61071
19030011,15,34430
19030011,16,61057
19032013,15,34417
19032013,16,61055
19034004,15,34421
19034004,16,61066
19036006,15,34440
19036006,16,61066
19038002,15,34421
19038002,16,61055
19040000,15,34418
19040000,16,61066
19042041,15,34447
19042041,16,61060
19044040,15,34446
19044040,16,61070
19046036,15,34440
19046036,16,61051
19048032,15,34422
19048032,16,61066
19050030,15,34432
19050030,16,61057
19052025,15,34426
19052025,16,61062
19054023,15,34415
19054023,16,61051
19056023,15,34434
19056023,16,61060
19058017,15,34433
19058017,16,61048
19060015,15,34398
19060015,16,61040
19062015,15,34416
19062015,16,61051
19064013,15,34443
19064013,16,61049
19066008,15,34441
19066008,16,61042
19068009,15,34424
19068009,16,61045
19070008,15,34431
19070008,16,61046
19072003,15,34436
19072003,16,61049
19074000,15,34415
19074000,16,61041
19076040,15,34423
19076040,16,61064
19078038,15,34429
19078038,16,61039
19080034,15,34426
19080034,16,61061
19082034,15,34427
19082034,16,61057
19084028,15,34429
19084028,16,61078
19086030,15,34415
19086030,16,61058
19088025,15,34426
19088025,16,61062
19090023,15,34426
19090023,16,61054
19092020,15,34426
19092020,16,61059
19094016,15,34433
19094016,16,61070
19096016,15,34430
19096016,16,61064
19098009,15,34407
19098009,16,61035
19100009,15,34416
19100009,16,61033
19102007,15,34411
19102007,16,61037
19104005,15,34429
19104005,16,61056
19106005,15,34431
19106005,16,61060
19107999,15,34444
19107999,16,61075
19110043,15,34437
19110043,16,61047
19112037,15,34422
19112037,16,61056
19114033,15,34424
19114033,16,61052
19116033,15,34415
19116033,16,61044
19118029,15,34417
19118029,16,61052
19120030,15,34417
19120030,16,61048
19122025,15,34423
19122025,16,61067
19124022,15,34428
19124022,16,61061
19126021,15,34415
19126021,16,61062
19128017,15,34411
19128017,16,61055
19130015,15,34435
19130015,16,61059
19132012,15,34425
19132012,16,61051
19134009,15,34410
19134009,16,61067
19136007,15,34417
19136007,16,61042
19138007,15,34418
19138007,16,61043
19140001,15,34427
19140001,16,61040
19142002,15,34413
19142002,16,61054
19144041,15,34431
19144041,16,61049
19146037,15,34412
19146037,16,61051
19148035,15,34436
19148035,16,61043
19150032,15,34424
19150032,16,61047
19152031,15,34401
19152031,16,61039
19154030,15,34431
19154030,16,61059
19156025,15,34430
19156025,16,61045
19158021,15,34403
19158021,16,61048
19160020,15,34422
19160020,16,61050
19162017,15,34411
19162017,16,61033
19164015,15,34437
19164015,16,61039
19166012,15,34398
19166012,16,61061
19168012,15,34437
19168012,16,61033
19170010,15,34414
19170010,16,61041
19172005,15,34419
19172005,16,61059
19174002,15,34411
19174002,16,61043
19175999,15,34414
19175999,16,61059
19178038,15,34432
19178038,16,61034
19180037,15,34422
19180037,16,61045
19182033,15,34406
19182033,16,61054
19184032,15,34411
19184032,16,61042
19186032,15,34439
19186032,16,61021
19188026,15,34419
19188026,16,61057
19190023,15,34414
19190023,16,61069
19192024,15,34439
19192024,16,61061
19194022,15,34411
19194022,16,61039
19196016,15,34418
19196016,16,61040
19198018,15,34425
19198018,16,61048
19200011,15,34418
19200011,16,61049
19202008,15,34443
19202008,16,61071
19204009,15,34415
19204009,16,61052
19206005,15,34408
19206005,16,61032
19208004,15,34416
19208004,16,61043
19209999,15,34419
19209999,16,61057
19212042,15,34424
19212042,16,61069
19214038,15,34428
19214038,16,61068
19216034,15,34432
19216034,16,61048
19218034,15,34419
19218034,16,61048
19220032,15,34412
19220032,16,61058
19222028,15,34417
19222028,16,61041
19224024,15,34436
19224024,16,61047
19226023,15,34420
19226023,16,61053
19228020,15,34433
19228020,16,61048
19230017,15,34428
19230017,16,61048
19232012,15,34418
19232012,16,61039
19234013,15,34424
19234013,16,61046
19236011,15,34439
19236011,16,61039
19238005,15,34433
19238005,16,61040
19240003,15,34418
19240003,16,61055
19242002,15,34428
19242002,16,61030
19243999,15,34411
19243999,16,61027
19246040,15,34427
19246040,16,61048
19248043,15,34424
19248043,16,61028
19250037,15,34407
19250037,16,61045
19252033,15,34404
19252033,16,61041
19254029,15,34432
19254029,16,61023
19256028,15,34420
19256028,16,61067
19258025,15,34429
19258025,16,61030
19260024,15,34430
19260024,16,61053
19262017,15,34430
19262017,16,61064
19264016,15,34421
19264016,16,61030
19266014,15,34427
19266014,16,61065
19268011,15,34427
19268011,16,61043
19270010,15,34408
19270010,16,61032
19272007,15,34427
19272007,16,61042
19274006,15,34438
19274006,16,61025
19276000,15,34424
19276000,16,61062
19278002,15,34424
19278002,16,61042
19280040,15,34409
19280040,16,61048
19282039,15,34427
19282039,16,61040
19284036,15,34442
19284036,16,61037
19286030,15,34410
19286030,16,61068
19288030,15,34404
19288030,16,61058
19290027,15,34417
19290027,16,61033
19292025,15,34422
19292025,16,61052
19294022,15,34410
19294022,16,61033
19296019,15,34428
19296019,16,61037
19298019,15,34420
19298019,16,61047
19300013,15,34401
19300013,16,61026
19302011,15,34413
19302011,16,61022
19304010,15,34424
19304010,16,61037
19306007,15,34412
19306007,16,61046
19308006,15,34426
19308006,16,61024
19310002,15,34427
19310002,16,61053
19312001,15,34396
19312001,16,61047
19314040,15,34417
19314040,16,61040
19316037,15,34426
19316037,16,61045
19318035,15,34415
19318035,16,61055
19320031,15,34427
19320031,16,61025
19322029,15,34424
19322029,16,61042
19324027,15,34399
19324027,16,61022
19326024,15,34415
19326024,16,61057
19328024,15,34396
19328024,16,61048
19330022,15,34440
19330022,16,61036
19332017,15,34441
19332017,16,61037
19334015,15,34419
19334015,16,61033
19336013,15,34409
19336013,16,61041
19338011,15,34433
19338011,16,61060
19340008,15,34408
19340008,16,61045
19342005,15,34434
19342005,16,61047
19344002,15,34422
19344002,16,61041
19345999,15,34411
19345999,16,61050
19348040,15,34439
19348040,16,61052
19350038,15,34412
19350038,16,61035
19352034,15,34439
19352034,16,61042
19354034,15,34428
19354034,16,61030
19356033,15,34416
19356033,16,61031
19358029,15,34420
19358029,16,61016
19360022,15,34439
19360022,16,61039
19362023,15,34414
19362023,16,61026
19364020,15,34418
19364020,16,61046
19366014,15,34420
19366014,16,61032
19368014,15,34400
19368014,16,61039
19370013,15,34412
19370013,16,61037
19372009,15,34415
19372009,16,61044
19374005,15,34418
19374005,16,61045
19376005,15,34411
19376005,16,61039
19378003,15,34424
19378003,16,61036
19379999,15,34419
19379999,16,61031
19382039,15,34404
19382039,16,61049
19384039,15,34433
19384039,16,61039
19386036,15,34407
19386036,16,61028
19388032,15,34410
19388032,16,61049
19390030,15,34414
19390030,16,61038
19392026,15,34430
19392026,16,61034
19394023,15,34417
19394023,16,61029
19396020,15,34414
19396020,16,61052
19398018,15,34439
19398018,16,61034
19400018,15,34434
19400018,16,61026
19402016,15,34421
19402016,16,61019
19404012,15,34405
19404012,16,61044
19406009,15,34411
19406009,16,61038
19408008,15,34411
19408008,16,61025
19410006,15,34419
19410006,16,61027
19412003,15,34427
19412003,16,61029
19414002,15,34418
19414002,16,61015
19416041,15,34419
19416041,16,61037
19418039,15,34409
19418039,16,61016
19420035,15,34404
19420035,16,61030
19422030,15,34407
19422030,16,61017
19424028,15,34430
19424028,16,61038
19426028,15,34429
19426028,16,61037
19428026,15,34417
19428026,16,61029
19430020,15,34419
19430020,16,61034
19432019,15,34427
19432019,16,61047
19434016,15,34431
19434016,16,61018
19436016,15,34393
19436016,16,61029
19438012,15,34426
19438012,16,61046
19440012,15,34393
19440012,16,61038
19442007,15,34408
19442007,16,61014
19444005,15,34396
19444005,16,61026
19446003,15,34418
19446003,16,61036
19447999,15,34421
19447999,16,61032
19450039,15,34411
19450039,16,61043
19452040,15,34395
19452040,16,61033
19454035,15,34420
19454035,16,61044
19456032,15,34406
19456032,16,61047
19458031,15,34434
19458031,16,61015
19460031,15,34403
19460031,16,61029
19462026,15,34420
19462026,16,61033
19464022,15,34416
19464022,16,61033
19466020,15,34426
19466020,16,61026
19468018,15,34428
19468018,16,61028
19470016,15,34381
19470016,16,61022
19472012,15,34400
19472012,16,61024
19474008,15,34403
19474008,16,61046
19476009,15,34409
19476009,16,61020
19478006,15,34414
19478006,16,61030
19480003,15,34404
19480003,16,61026
19481999,15,34419
19481999,16,61036
19484041,15,34421
19484041,16,61014
19486040,15,34396
19486040,16,61032
19488035,15,34421
19488035,16,61033
19490034,15,34397
19490034,16,61027
19492028,15,34418
19492028,16,61050
19494029,15,34406
19494029,16,61023
19496025,15,34403
19496025,16,61017
19498021,15,34408
19498021,16,61044
19500019,15,34408
19500019,16,61053
19502018,15,34417
19502018,16,61046
19504019,15,34412
19504019,16,61031
19506013,15,34404
19506013,16,61040
19508008,15,34399
19508008,16,61036
19510007,15,34433
19510007,16,61035
19512008,15,34420
19512008,16,61027
19514001,15,34401
19514001,16,61031
19516001,15,34411
19516001,16,61018
19518039,15,34425
19518039,16,61029
19520037,15,34403
19520037,16,61025
19522034,15,34423
19522034,16,61018
19524031,15,34422
19524031,16,61011
19526030,15,34404
19526030,16,61028
19528027,15,34413
19528027,16,61036
19530024,15,34410
19530024,16,61033
19532023,15,34404
19532023,16,61022
19534021,15,34425
19534021,16,61016
19536018,15,34409
19536018,16,61022
19538018,15,34419
19538018,16,61042
19540012,15,34418
19540012,16,61021
19542010,15,34412
19542010,16,61014
19544008,15,34397
19544008,16,61025
19546004,15,34409
19546004,16,61033
19548003,15,34423
19548003,16,61029
19550001,15,34416
19550001,16,61032
19552041,15,34413
19552041,16,61008
19554038,15,34422
19554038,16,61022
19556036,15,34405
19556036,16,61013
19558031,15,34406
19558031,16,61022
19560030,15,34397
19560030,16,61040
19562025,15,34407
19562025,16,61029
19564022,15,34418
19564022,16,61024
19566022,15,34412
19566022,16,61019
19568019,15,34406
19568019,16,61022
19570015,15,34425
19570015,16,61022
19572015,15,34377
19572015,16,61018
19574013,15,34411
19574013,16,61043
19576009,15,34423
19576009,16,61035
19578006,15,34433
19578006,16,61009
19580005,15,34407
19580005,16,61014
19582002,15,34405
19582002,16,61036
19584001,15,34389
19584001,16,61024
19586040,15,34401
19586040,16,61033
19588037,15,34418
19588037,16,61020
19590036,15,34420
19590036,16,61023
19592033,15,34423
19592033,16,61037
19594031,15,34418
19594031,16,61033
19596025,15,34394
19596025,16,60998
19598027,15,34407
19598027,16,61015
19600021,15,34416
19600021,16,61033
19602021,15,34394
19602021,16,61028
19604014,15,34412
19604014,16,61027
19606016,15,34419
19606016,16,61026
19608015,15,34410
19608015,16,61037
19610009,15,34400
19610009,16,61025
19612007,15,34416
19612007,16,61017
19614005,15,34410
19614005,16,61026
19616002,15,34426
19616002,16,61036
19617997,15,34394
19617997,16,61029
19620040,15,34394
19620040,16,61036
19622040,15,34411
19622040,16,61024
19624034,15,34410
19624034,16,61014
19626032,15,34423
19626032,16,61037
19628028,15,34401
19628028,16,61013
19630026,15,34407
19630026,16,61030
19632026,15,34402
19632026,16,60992
19634023,15,34398
19634023,16,61019
19636020,15,34396
19636020,16,61024
19638014,15,34420
19638014,16,61029
19640016,15,34387
19640016,16,61027
19642012,15,34401
19642012,16,61008
19644008,15,34386
19644008,16,61022
19646009,15,34414
19646009,16,61020
19648004,15,34421
19648004,16,61005
19650002,15,34427
19650002,16,61042
19652000,15,34409
19652000,16,60998
19654039,15,34391
19654039,16,61011
19656040,15,34412
19656040,16,61026
19658036,15,34408
19658036,16,61040
19660033,15,34419
19660033,16,61021
19662029,15,34418
19662029,16,61026
19664025,15,34429
19664025,16,61010
19666024,15,34395
19666024,16,61015
19668022,15,34411
19668022,16,61021
19670021,15,34390
19670021,16,61005
19672016,15,34431
19672016,16,61031
19674013,15,34411
19674013,16,61024
19676014,15,34397
19676014,16,61005
19678011,15,34392
19678011,16,61012
19680009,15,34388
19680009,16,61009
19682003,15,34401
19682003,16,61025
19684001,15,34402
19684001,16,61006
19686000,15,34427
19686000,16,61027
19688041,15,34410
19688041,16,61021
19690037,15,34404
19690037,16,61022
19692034,15,34412
19692034,16,61033
19694030,15,34406
19694030,16,61010
19696030,15,34420
19696030,16,61027
19698026,15,34395
19698026,16,61009
19700024,15,34404
19700024,16,61006
19702021,15,34414
19702021,16,61016
19704020,15,34406
19704020,16,61021
19706018,15,34409
19706018,16,61014
19708015,15,34397
19708015,16,61025
19710014,15,34408
19710014,16,61028
19712008,15,34417
19712008,16,61032
19714010,15,34397
19714010,16,61018
19716002,15,34393
19716002,16,61033
19718004,15,34410
19718004,16,60990
19720000,15,34404
19720000,16,61017
19722043,15,34394
19722043,16,61000
19724038,15,34407
19724038,16,61042
19726034,15,34408
19726034,16,61032
19728033,15,34399
19728033,16,61019
19730032,15,34400
19730032,16,61014
19732029,15,34430
19732029,16,61012
19734023,15,34379
19734023,16,61013
19736021,15,34377
19736021,16,61031
19738021,15,34400
19738021,16,61019
19740019,15,34417
19740019,16,60980
19742014,15,34404
19742014,16,61030
19744014,15,34418
19744014,16,61015
19746010,15,34398
19746010,16,61024
19748009,15,34411
19748009,16,61036
19750009,15,34406
19750009,16,61023
19752000,15,34379
19752000,16,61008
19753998,15,34410
19753998,16,61025
19756041,15,34406
19756041,16,61020
19758039,15,34416
19758039,16,61022
19760032,15,34404
19760032,16,61003
19762034,15,34415
19762034,16,61023
19764028,15,34423
19764028,16,61013
19766027,15,34413
19766027,16,61039
19768025,15,34382
19768025,16,61011
19770019,15,34423
19770019,16,61024
19772022,15,34400
19772022,16,61004
19774015,15,34404
19774015,16,61007
19776015,15,34416
19776015,16,61015
19778013,15,34388
19778013,16,61004
19780009,15,34411
19780009,16,61019
19782006,15,34415
19782006,16,61018
19784003,15,34400
19784003,16,61015
19786001,15,34391
19786001,16,61034
19788000,15,34396
19788000,16,61035
19790040,15,34401
19790040,16,61015
19792039,15,34411
19792039,16,61023
19794033,15,34403
19794033,16,60996
19796034,15,34403
19796034,16,61012
19798030,15,34402
19798030,16,61002
19800026,15,34403
19800026,16,60999
19802025,15,34425
19802025,16,61028
19804024,15,34402
19804024,16,61009
19806019,15,34405
19806019,16,61037
19808018,15,34406
19808018,16,61002
19810017,15,34399
19810017,16,61005
19812011,15,34406
19812011,16,60996
19814009,15,34382
19814009,16,60980
19816006,15,34399
19816006,16,61008
19818005,15,34387
19818005,16,61018
19820003,15,34421
19820003,16,61011
19821999,15,34421
19821999,16,61024
19824044,15,34417
19824044,16,61015
19826039,15,34376
19826039,16,61026
19828034,15,34396
19828034,16,61024
19830032,15,34388
19830032,16,61008
19832030,15,34390
19832030,16,60980
19834024,15,34404
19834024,16,61019
19836026,15,34410
19836026,16,61019
19838020,15,34410
19838020,16,60999
19840017,15,34409
19840017,16,61001
19842018,15,34409
19842018,16,60994
19844014,15,34377
19844014,16,61007
19846011,15,34401
19846011,16,60993
19848013,15,34407
19848013,16,60997
19850010,15,34389
19850010,16,60999
19852006,15,34440
19852006,16,61035
19854002,15,34408
19854002,16,61009
19855997,15,34404
19855997,16,61001
19858043,15,34422
19858043,16,61006
19860039,15,34404
19860039,16,61036
19862034,15,34401
19862034,16,61003
19864032,15,34398
19864032,16,60996
19866027,15,34392
19866027,16,61021
19868028,15,34395
19868028,16,61003
19870024,15,34391
19870024,16,61032
19872020,15,34416
19872020,16,61007
19874020,15,34409
19874020,16,61014
19876018,15,34409
19876018,16,61003
19878014,15,34427
19878014,16,61010
19880013,15,34410
19880013,16,61012
19882010,15,34398
19882010,16,60992
19884009,15,34412
19884009,16,61031
19886004,15,34408
19886004,16,61012
19888006,15,34399
19888006,16,61003
19890002,15,34411
19890002,16,61008
19892040,15,34411
19892040,16,61013
19894037,15,34407
19894037,16,60999
19896038,15,34417
19896038,16,61004
19898031,15,34433
19898031,16,61012
19900030,15,34394
19900030,16,61016
19902025,15,34386
19902025,16,61016
19904025,15,34385
19904025,16,61007
19906025,15,34396
19906025,16,61011
19908020,15,34406
19908020,16,61010
19910014,15,34403
19910014,16,61022
19912018,15,34379
19912018,16,61019
19914012,15,34396
19914012,16,61000
19916009,15,34418
19916009,16,60981
19918010,15,34406
19918010,16,60993
19920005,15,34409
19920005,16,60996
19922004,15,34404
19922004,16,61016
19924002,15,34387
19924002,16,61025
19926039,15,34396
19926039,16,60999
19928037,15,34402
19928037,16,61027
19930034,15,34390
19930034,16,61021
19932034,15,34400
19932034,16,61010
19934028,15,34376
19934028,16,61008
19936028,15,34401
19936028,16,61004
19938025,15,34383
19938025,16,60985
19940023,15,34394
19940023,16,61015
19942018,15,34402
19942018,16,61014
19944017,15,34410
19944017,16,61016
19946016,15,34420
19946016,16,61019
19948013,15,34414
19948013,16,61005
19950009,15,34392
19950009,16,60998
19952009,15,34413
19952009,16,61000
19954006,15,34389
19954006,16,60985
19956003,15,34384
19956003,16,61020
19958002,15,34387
19958002,16,61016
19960042,15,34389
19960042,16,61011
19962037,15,34413
19962037,16,61000
19964037,15,34412
19964037,16,61010
19966033,15,34396
19966033,16,60994
19968028,15,34407
19968028,16,60995
19970026,15,34397
19970026,16,60980
19972027,15,34394
19972027,16,61005
19974025,15,34410
19974025,16,61021
19976020,15,34385
19976020,16,60999
19978016,15,34406
19978016,16,60990
19980016,15,34400
19980016,16,60983
19982012,15,34407
19982012,16,61017
19984008,15,34399
19984008,16,60995
19986007,15,34405
19986007,16,60973
19988005,15,34386
19988005,16,60993
19990003,15,34395
19990003,16,61022
19992000,15,34390
19992000,16,61010
19994038,15,34389
19994038,16,60999
19996039,15,34405
19996039,16,61002
19998034,15,34405
19998034,16,60995
20000033,15,34379
20000033,16,60997
20002029,15,34410
20002029,16,60993
20004026,15,34388
20004026,16,61005
20006026,15,34390
20006026,16,61003
20008023,15,34411
20008023,16,60999
20010023,15,34370
20010023,16,61009
20012016,15,34386
20012016,16,60988
20014014,15,34408
20014014,16,61002
20016012,15,34393
20016012,16,61011
20018011,15,34389
20018011,16,61002
20020010,15,34383
20020010,16,60992
20022004,15,34400
20022004,16,60998
20024003,15,34391
20024003,16,61006
20025997,15,34409
20025997,16,60998
20028041,15,34418
20028041,16,60997
20030038,15,34407
20030038,16,61023
20032035,15,34408
20032035,16,61015
20034033,15,34375
20034033,16,61011
20036029,15,34410
20036029,16,61004
20038026,15,34387
20038026,16,60998
20040026,15,34392
20040026,16,61004
20042024,15,34415
20042024,16,60997
20044017,15,34413
20044017,16,60998
20046016,15,34398
20046016,16,61006
20048015,15,34398
20048015,16,60980
20050011,15,34405
20050011,16,61018
20052009,15,34384
20052009,16,61017
20054008,15,34408
20054008,16,61000
20056005,15,34391
20056005,16,60995
20058003,15,34418
20058003,16,61001
20059999,15,34394
20059999,16,61000
20062043,15,34399
20062043,16,60979
20064037,15,34404
20064037,16,60985
20066035,15,34394
20066035,16,61026
20068034,15,34396
20068034,16,60993
20070028,15,34390
20070028,16,60978
20072028,15,34404
20072028,16,60998
20074026,15,34384
20074026,16,60996
20076021,15,34400
20076021,16,61006
20078020,15,34391
20078020,16,60993
20080017,15,34396
20080017,16,61022
20082014,15,34395
20082014,16,61014
20084015,15,34381
20084015,16,61001
20086011,15,34393
20086011,16,61006
20088007,15,34407
20088007,16,61007
20090004,15,34392
20090004,16,60994
20092005,15,34407
20092005,16,60993
20094000,15,34405
20094000,16,60980
20096039,15,34393
20096039,16,60991
20098034,15,34386
20098034,16,60987
20100035,15,34383
20100035,16,61008
20102032,15,34398
20102032,16,61002
20104033,15,34408
20104033,16,61002
20106028,15,34379
20106028,16,60994
20108023,15,34400
20108023,16,61001
20110020,15,34396
20110020,16,60995
20112022,15,34390
20112022,16,61000
20114017,15,34395
20114017,16,60983
20116012,15,34401
20116012,16,60987
20118013,15,34398
20118013,16,61013
20120012,15,34424
20120012,16,60977
20122007,15,34398
20122007,16,61003
20124005,15,34393
20124005,16,60992
20126002,15,34420
20126002,16,61004
20127998,15,34376
20127998,16,61016
20130041,15,34390
20130041,16,61004
20132039,15,34413
20132039,16,60985
20134034,15,34388
20134034,16,60984
20136035,15,34391
20136035,16,60985
20138030,15,34400
20138030,16,60987
20140030,15,34391
20140030,16,60990
20142024,15,34406
20142024,16,60999
20144022,15,34397
20144022,16,60986
20146023,15,34381
20146023,16,60982
20148017,15,34409
20148017,16,61001
20150016,15,34402
20150016,16,60982
20152013,15,34399
20152013,16,61003
20154011,15,34397
20154011,16,60970
20156009,15,34401
20156009,16,61006
20158008,15,34414
20158008,16,60983
20160000,15,34388
20160000,16,60998
20162001,15,34398
20162001,16,60977
20164040,15,34375
20164040,16,60988
20166038,15,34399
20166038,16,60973
20168035,15,34391
20168035,16,60989
20170033,15,34389
20170033,16,60978
20172032,15,34405
20172032,16,61008
20174031,15,34406
20174031,16,61010
20176023,15,34392
20176023,16,60990
20178023,15,34394
20178023,16,60991
20180021,15,34386
20180021,16,60980
20182018,15,34389
20182018,16,60984
20184018,15,34383
20184018,16,60982
20186014,15,34401
20186014,16,60988
20188006,15,34371
20188006,16,61003
20190010,15,34380
20190010,16,60995
20192006,15,34383
20192006,16,60983
20194000,15,34404
20194000,16,61000
20196004,15,34382
20196004,16,60988
20198041,15,34382
20198041,16,60996
20200038,15,34406
20200038,16,60976
20202034,15,34402
20202034,16,61000
20204033,15,34384
20204033,16,61000
20206030,15,34382
20206030,16,60984
20208025,15,34376
20208025,16,60997
20210025,15,34404
20210025,16,60981
20212023,15,34391
20212023,16,61010
20214020,15,34390
20214020,16,61000
20216019,15,34373
20216019,16,60973
20218014,15,34411
20218014,16,60994
20220013,15,34400
20220013,16,60981
20222008,15,34403
20222008,16,60999
20224006,15,34384
20224006,16,60979
20226005,15,34374
20226005,16,60993
20228006,15,34396
20228006,16,60983
20229999,15,34391
20229999,16,60994
20232040,15,34382
20232040,16,61000
20234038,15,34383
20234038,16,61001
20236035,15,34392
20236035,16,60973
20238032,15,34395
20238032,16,60989
20240028,15,34379
20240028,16,60983
20242027,15,34390
20242027,16,60999
20244022,15,34399
20244022,16,60996
20246024,15,34380
20246024,16,60973
20248020,15,34387
20248020,16,60998
20250021,15,34380
20250021,16,60982
20252014,15,34397
20252014,16,60991
20254010,15,34388
20254010,16,61005
20256013,15,34384
20256013,16,60979
20258007,15,34382
20258007,16,60970
20260008,15,34386
20260008,16,61004
20262003,15,34383
20262003,16,60984
20264001,15,34363
20264001,16,60995
20266040,15,34383
20266040,16,60981
20268038,15,34390
20268038,16,61012
20270034,15,34396
20270034,16,61002
20272031,15,34367
20272031,16,60994
20274029,15,34370
20274029,16,60970
20276025,15,34393
20276025,16,60978
20278026,15,34381
20278026,16,60983
20280020,15,34382
20280020,16,60962
20282020,15,34390
20282020,16,61000
20284016,15,34385
20284016,16,60982
20286017,15,34364
20286017,16,60991
20288011,15,34383
20288011,16,61002
20290010,15,34396
20290010,16,60997
20292005,15,34394
20292005,16,60990
20294004,15,34390
20294004,16,60977
20296000,15,34389
20296000,16,60982
20297999,15,34419
20297999,16,60980
20300040,15,34388
20300040,16,60997
20302037,15,34397
20302037,16,60994
20304036,15,34390
20304036,16,60982
20306032,15,34376
20306032,16,60973
20308030,15,34371
20308030,16,60985
20310028,15,34401
20310028,16,60985
20312025,15,34374
20312025,16,60985
20314022,15,34373
20314022,16,61008
20316016,15,34386
20316016,16,60973
20318015,15,34385
20318015,16,60989
20320014,15,34371
20320014,16,60988
20322013,15,34381
20322013,16,60977
20324011,15,34392
20324011,16,60990
20326010,15,34402
20326010,16,60978
20328004,15,34387
20328004,16,60957
20330002,15,34396
20330002,16,60977
20331999,15,34375
20331999,16,60972
20334041,15,34406
20334041,16,60977
20336037,15,34394
20336037,16,60993
20338035,15,34391
20338035,16,60988
20340035,15,34389
20340035,16,60977
20342033,15,34387
20342033,16,60989
20344029,15,34389
20344029,16,60981
20346024,15,34383
20346024,16,60990
20348022,15,34388
20348022,16,60998
20350021,15,34392
20350021,16,60993
20352015,15,34393
20352015,16,60973
20354016,15,34401
20354016,16,60994
20356012,15,34399
20356012,16,60974
20358011,15,34377
20358011,16,61004
20360007,15,34371
20360007,16,60986
20362002,15,34402
20362002,16,60979
20364002,15,34373
20364002,16,60972
20365999,15,34386
20365999,16,60973
20368037,15,34390
20368037,16,60980
20370037,15,34398
20370037,16,60970
20372033,15,34384
20372033,16,60988
20374034,15,34393
20374034,16,60987
20376030,15,34385
20376030,16,60961
20378027,15,34404
20378027,16,60998
20380028,15,34382
20380028,16,60981
20382022,15,34375
20382022,16,60986
20384021,15,34366
20384021,16,60989
20386019,15,34389
20386019,16,60997
20388014,15,34367
20388014,16,60982
20390014,15,34372
20390014,16,60989
20392009,15,34393
20392009,16,60995
20394011,15,34395
20394011,16,60986
20396005,15,34393
20396005,16,60967
20398001,15,34381
20398001,16,61005
20399999,15,34375
20399999,16,60980
20402040,15,34378
20402040,16,60976
20404038,15,34375
20404038,16,60975
20406041,15,34407
20406041,16,60995
20408033,15,34379
20408033,16,60989
20410027,15,34397
20410027,16,60986
20412031,15,34393
20412031,16,60978
20414025,15,34378
20414025,16,60971
20416025,15,34390
20416025,16,60993
20418020,15,34391
20418020,16,60979
20420016,15,34383
20420016,16,60971
20422014,15,34375
20422014,16,60973
20424012,15,34376
20424012,16,60973
20426008,15,34399
20426008,16,60980
20428006,15,34386
20428006,16,60971
20430004,15,34389
20430004,16,60967
20432001,15,34397
20432001,16,60984
20434000,15,34380
20434000,16,60984
20436040,15,34381
20436040,16,60986
20438037,15,34373
20438037,16,60987
20440039,15,34393
20440039,16,61001
20442035,15,34376
20442035,16,60973
20444032,15,34391
20444032,16,60967
20446028,15,34396
20446028,16,60970
20448028,15,34396
20448028,16,60981
20450022,15,34376
20450022,16,60977
20452021,15,34375
20452021,16,60975
20454016,15,34385
20454016,16,60983
20456015,15,34373
20456015,16,60973
20458013,15,34395
20458013,16,60960
20460010,15,34385
20460010,16,60985
20462006,15,34382
20462006,16,60986
20464004,15,34383
20464004,16,60949
20466002,15,34372
20466002,16,60958
20468000,15,34373
20468000,16,60982
20470038,15,34384
20470038,16,60994
20472038,15,34380
20472038,16,60985
20474034,15,34361
20474034,16,60982
20476033,15,34385
20476033,16,60971
20478028,15,34360
20478028,16,60963
20480028,15,34384
20480028,16,60969
20482024,15,34391
20482024,16,60988
20484024,15,34392
20484024,16,60981
20486015,15,34372
20486015,16,60986
20488017,15,34388
20488017,16,60959
20490018,15,34391
20490018,16,60986
20492013,15,34377
20492013,16,60961
20494012,15,34378
20494012,16,60972
20496009,15,34367
20496009,16,60981
20498003,15,34363
20498003,16,60984
20500002,15,34391
20500002,16,60980
20502000,15,34380
20502000,16,60980
20504040,15,34372
20504040,16,60982
20506039,15,34354
20506039,16,60971
20508035,15,34383
20508035,16,60973
20510033,15,34389
20510033,16,60993
20512032,15,34390
20512032,16,60973
20514025,15,34367
20514025,16,60977
20516025,15,34389
20516025,16,60996
20518021,15,34381
20518021,16,60984
20520019,15,34388
20520019,16,60964
20522019,15,34368
20522019,16,60964
20524016,15,34370
20524016,16,60977
20526014,15,34389
20526014,16,60970
20528007,15,34378
20528007,16,60966
20530007,15,34377
20530007,16,60959
20532003,15,34372
20532003,16,60972
20534000,15,34366
20534000,16,60958
20535999,15,34390
20535999,16,60998
20538041,15,34383
20538041,16,60956
20540036,15,34377
20540036,16,60986
20542034,15,34369
20542034,16,60963
20544032,15,34364
20544032,16,60957
20546029,15,34401
20546029,16,60978
20548028,15,34366
20548028,16,60974
20550026,15,34395
20550026,16,60973
20552021,15,34374
20552021,16,60966
20554021,15,34392
20554021,16,60963
20556018,15,34376
20556018,16,60960
20558016,15,34382
20558016,16,60969
20560014,15,34372
20560014,16,60961
20562012,15,34398
20562012,16,60977
20564008,15,34373
20564008,16,60956
20566004,15,34400
20566004,16,60965
20568003,15,34377
20568003,16,60973
20569998,15,34389
20569998,16,60967
20572040,15,34398
20572040,16,60952
20574038,15,34356
20574038,16,60962
20576036,15,34367
20576036,16,60956
20578035,15,34379
20578035,16,60977
20580029,15,34374
20580029,16,60956
20582029,15,34395
20582029,16,60979
20584026,15,34397
20584026,16,60975
20586022,15,34395
20586022,16,60988
20588021,15,34390
20588021,16,60967
20590018,15,34379
20590018,16,60987
20592013,15,34372
20592013,16,60974
20594014,15,34364
20594014,16,60959
20596007,15,34386
20596007,16,60970
20598008,15,34411
20598008,16,60950
20600007,15,34395
20600007,16,60955
20602002,15,34400
20602002,16,60967
20604000,15,34373
20604000,16,60958
20606041,15,34380
20606041,16,60964
20608038,15,34353
20608038,16,60955
20610035,15,34382
20610035,16,60954
20612030,15,34370
20612030,16,60959
20614029,15,34384
20614029,16,60960
20616028,15,34359
20616028,16,60972
20618027,15,34398
20618027,16,60965
20620021,15,34400
20620021,16,60960
20622019,15,34384
20622019,16,60962
20624018,15,34386
20624018,16,60963
20626014,15,34394
20626014,16,60964
20628012,15,34376
20628012,16,60965
20630009,15,34391
20630009,16,60983
20632008,15,34366
20632008,16,60982
20634006,15,34391
20634006,16,60986
20636004,15,34367
20636004,16,60960
20638001,15,34367
20638001,16,60956
20640040,15,34371
20640040,16,60958
20642038,15,34385
20642038,16,60970
20644035,15,34370
20644035,16,60981
20646034,15,34379
20646034,16,60963
20648029,15,34364
20648029,16,60959
20650029,15,34377
20650029,16,60962
20652025,15,34385
20652025,16,60945
20654024,15,34371
20654024,16,60973
20656018,15,34382
20656018,16,60973
20658017,15,34380
20658017,16,60971
20660015,15,34378
20660015,16,60965
20662011,15,34389
20662011,16,60962
20664012,15,34385
20664012,16,60981
20666009,15,34378
20666009,16,60958
20668007,15,34372
20668007,16,60957
20670000,15,34373
20670000,16,60972
20672002,15,34379
20672002,16,60970
20674038,15,34367
20674038,16,60964
20676039,15,34369
20676039,16,60957
20678035,15,34376
20678035,16,60967
20680032,15,34374
20680032,16,60947
20682031,15,34375
20682031,16,60953
20684028,15,34374
20684028,16,60976
20686027,15,34379
20686027,16,60967
20688024,15,34374
20688024,16,60965
20690018,15,34365
20690018,16,60959
20692020,15,34395
20692020,16,60956
20694015,15,34372
20694015,16,60963
20696012,15,34381
20696012,16,60942
20698009,15,34384
20698009,16,60978
20700009,15,34393
20700009,16,60952
20702004,15,34391
20702004,16,60945
20704000,15,34395
20704000,16,60967
20706002,15,34398
20706002,16,60965
20708041,15,34360
20708041,16,60957
20710036,15,34375
20710036,16,60964
20712036,15,34383
20712036,16,60945
20714033,15,34366
20714033,16,60969
20716030,15,34383
20716030,16,60942
20718028,15,34374
20718028,16,60947
20720025,15,34371
20720025,16,60957
20722024,15,34372
20722024,16,60969
20724020,15,34411
20724020,16,60969
20726017,15,34362
20726017,16,60967
20728013,15,34379
20728013,16,60985
20730012,15,34369
20730012,16,60967
20732009,15,34385
20732009,16,60968
20734007,15,34373
20734007,16,60959
20736005,15,34355
20736005,16,60968
20738004,15,34382
20738004,16,60960
20739998,15,34386
20739998,16,60958
20742041,15,34363
20742041,16,60960
20744037,15,34369
20744037,16,60961
20746036,15,34363
20746036,16,60966
20748034,15,34373
20748034,16,60954
20750031,15,34380
20750031,16,60945
20752029,15,34352
20752029,16,60960
20754024,15,34359
20754024,16,60934
20756022,15,34363
20756022,16,60943
20758021,15,34368
20758021,16,60950
20760016,15,34364
20760016,16,60948
20762016,15,34377
20762016,16,60944
20764012,15,34379
20764012,16,60955
20766012,15,34364
20766012,16,60942
20768007,15,34376
20768007,16,60967
20770004,15,34372
20770004,16,60946
20772003,15,34377
20772003,16,60973
20774002,15,34365
20774002,16,60942
20776040,15,34375
20776040,16,60969
20778037,15,34393
20778037,16,60970
20780035,15,34359
20780035,16,60979
20782033,15,34388
20782033,16,60966
20784030,15,34371
20784030,16,60962
20786028,15,34373
20786028,16,60966
20788025,15,34372
20788025,16,60958
20790021,15,34379
20790021,16,60953
20792019,15,34368
20792019,16,60954
20794020,15,34386
20794020,16,60943
20796017,15,34343
20796017,16,60967
20798012,15,34370
20798012,16,60948
20800011,15,34388
20800011,16,60932
20802010,15,34390
20802010,16,60956
20804005,15,34360
20804005,16,60948
20806003,15,34362
20806003,16,60949
20807999,15,34367
20807999,16,60979
20810042,15,34361
20810042,16,60916
20812036,15,34370
20812036,16,60950
20814036,15,34370
20814036,16,60958
20816032,15,34360
20816032,16,60955
20818032,15,34366
20818032,16,60945
20820027,15,34362
20820027,16,60938
20822028,15,34363
20822028,16,60964
20824022,15,34369
20824022,16,60970
20826021,15,34359
20826021,16,60962
20828020,15,34347
20828020,16,60937
20830014,15,34386
20830014,16,60958
20832012,15,34381
20832012,16,60958
20834010,15,34366
20834010,16,60948
20836007,15,34380
20836007,16,60951
20838005,15,34363
20838005,16,60952
20840001,15,34368
20840001,16,60970
20842000,15,34385
20842000,16,60955
20844042,15,34369
20844042,16,60936
20846038,15,34381
20846038,16,60966
20848038,15,34361
20848038,16,60986
20850032,15,34375
20850032,16,60948
20852029,15,34362
20852029,16,60952
20854027,15,34368
20854027,16,60946
20856026,15,34355
20856026,16,60949
20858023,15,34360
20858023,16,60958
20860016,15,34384
20860016,16,60954
20862019,15,34367
20862019,16,60968
20864014,15,34358
20864014,16,60952
20866014,15,34367
20866014,16,60951
20868011,15,34378
20868011,16,60945
20870007,15,34347
20870007,16,60953
20872004,15,34375
20872004,16,60958
20874004,15,34350
20874004,16,60933
20876000,15,34368
20876000,16,60939
20878041,15,34360
20878041,16,60954
20880039,15,34360
20880039,16,60952
20882036,15,34371
20882036,16,60958
20884030,15,34382
20884030,16,60965
20886029,15,34371
20886029,16,60955
20888026,15,34366
20888026,16,60965
20890027,15,34369
20890027,16,60964
20892020,15,34347
20892020,16,60973
20894022,15,34372
20894022,16,60946
20896016,15,34374
20896016,16,60957
20898016,15,34364
20898016,16,60930
20900015,15,34362
20900015,16,60955
20902011,15,34351
20902011,16,60939
20904007,15,34378
20904007,16,60961
20906007,15,34366
20906007,16,60952
20908002,15,34373
20908002,16,60962
20910000,15,34351
20910000,16,60955
20912039,15,34374
20912039,16,60941
20914038,15,34374
20914038,16,60973
20916038,15,34353
20916038,16,60943
20918033,15,34365
20918033,16,60966
20920030,15,34376
20920030,16,60951
20922028,15,34377
20922028,16,60956
20924026,15,34380
20924026,16,60960
20926022,15,34377
20926022,16,60937
20928019,15,34369
20928019,16,60960
20930019,15,34354
20930019,16,60958
20932015,15,34360
20932015,16,60936
20934013,15,34368
20934013,16,60946
20936010,15,34378
20936010,16,60950
20938009,15,34362
20938009,16,60953
20940005,15,34350
20940005,16,60946
20942002,15,34377
20942002,16,60963
20944001,15,34373
20944001,16,60945
20946041,15,34361
20946041,16,60939
20948037,15,34363
20948037,16,60952
20950032,15,34368
20950032,16,60970
20952031,15,34375
20952031,16,60960
20954031,15,34347
20954031,16,60939
20956030,15,34369
20956030,16,60949
20958024,15,34359
20958024,16,60958
20960021,15,34372
20960021,16,60952
20962017,15,34372
20962017,16,60956
20964021,15,34371
20964021,16,60943
20966013,15,34347
20966013,16,60952
20968014,15,34352
20968014,16,60940
20970011,15,34379
20970011,16,60957
20972004,15,34388
20972004,16,60949
20974006,15,34369
20974006,16,60950
20976004,15,34375
20976004,16,60956
20977999,15,34370
20977999,16,60946
20980039,15,34365
20980039,16,60943
20982036,15,34368
20982036,16,60952
20984037,15,34365
20984037,16,60939
20986030,15,34383
20986030,16,60931
20988028,15,34370
20988028,16,60937
20990029,15,34349
20990029,16,60946
20992026,15,34367
20992026,16,60943
20994024,15,34364
20994024,16,60938
20996021,15,34371
20996021,16,60941
20998016,15,34368
20998016,16,60948
