t_us,pin,raw
1000000,15,49523
1000000,16,42
1001003,15,49510
1001003,16,39
1002023,15,49511
1002023,16,39
1002999,15,49506
1002999,16,32
1004020,15,49515
1004020,16,32
1005042,15,49507
1005042,16,41
1006020,15,49525
1006020,16,33
1007035,15,49500
1007035,16,44
1008017,15,49507
1008017,16,40
1009035,15,49515
1009035,16,33
1010012,15,49498
1010012,16,40
1011036,15,49515
1011036,16,18
1012010,15,49503
1012010,16,35
1013027,15,49498
1013027,16,23
1014006,15,49504
1014006,16,32
1015027,15,49481
1015027,16,26
1016004,15,49496
1016004,16,38
1017027,15,49501
1017027,16,25
1018000,15,49508
1018000,16,22
1019020,15,49495
1019020,16,45
1019996,15,49507
1019996,16,38
1021024,15,49483
1021024,16,38
1022042,15,49514
1022042,16,28
1023017,15,49515
1023017,16,52
1024040,15,49507
1024040,16,21
1025016,15,49511
1025016,16,52
1026034,15,49501
1026034,16,54
1027015,15,49520
1027015,16,31
1028035,15,49511
1028035,16,27
1029006,15,49486
1029006,16,31
1030030,15,49503
1030030,16,45
1031008,15,49494
1031008,16,41
1032027,15,49506
1032027,16,53
1033005,15,49490
1033005,16,12
1034026,15,49507
1034026,16,45
1034999,15,49509
1034999,16,38
1036021,15,49525
1036021,16,25
1037002,15,49499
1037002,16,24
1038023,15,49493
1038023,16,43
1039040,15,49509
1039040,16,41
1040015,15,49500
1040015,16,29
1041037,15,49522
1041037,16,14
1042016,15,49507
1042016,16,18
1043039,15,49493
1043039,16,39
1044011,15,49470
1044011,16,50
1045034,15,49500
1045034,16,44
1046010,15,49493
1046010,16,34
1047031,15,49505
1047031,16,42
1048007,15,49505
1048007,16,36
1049027,15,49499
1049027,16,24
1050004,15,49510
1050004,16,39
1051022,15,49505
1051022,16,33
1052005,15,49511
1052005,16,35
1053021,15,49486
1053021,16,43
1054001,15,49505
1054001,16,29
1055021,15,49511
1055021,16,8
1056037,15,49493
1056037,16,37
1057016,15,49513
1057016,16,39
1058036,15,49508
1058036,16,41
1059016,15,49485
1059016,16,40
1060038,15,49520
1060038,16,51
1061011,15,49521
1061011,16,35
1062037,15,49509
1062037,16,37
1063012,15,49507
1063012,16,29
1064026,15,49510
1064026,16,9
1065005,15,49476
1065005,16,11
1066030,15,49494
1066030,16,36
1067004,15,49510
1067004,16,37
1068024,15,49502
1068024,16,28
1069001,15,49514
1069001,16,42
1070024,15,49496
1070024,16,43
1070999,15,49496
1070999,16,52
1072020,15,49511
1072020,16,13
1073042,15,49508
1073042,16,40
1074018,15,49507
1074018,16,31
1075040,15,49515
1075040,16,37
1076010,15,49479
1076010,16,26
1077032,15,49521
1077032,16,45
1078015,15,49514
1078015,16,37
1079031,15,49504
1079031,16,38
1080008,15,49509
1080008,16,44
1081030,15,49516
1081030,16,50
1082008,15,49488
1082008,16,24
1083026,15,49499
1083026,16,60
1084004,15,49506
1084004,16,22
1085024,15,49491
1085024,16,29
1085999,15,49495
1085999,16,39
1087025,15,49490
1087025,16,17
1088003,15,49522
1088003,16,35
1089024,15,49519
1089024,16,30
1090041,15,49491
1090041,16,35
1091017,15,49494
1091017,16,27
1092035,15,49492
1092035,16,20
1093015,15,49504
1093015,16,43
1094035,15,49520
1094035,16,23
1095014,15,49512
1095014,16,22
1096028,15,49494
1096028,16,34
1097010,15,49502
1097010,16,39
1098028,15,49498
1098028,16,57
1099010,15,49489
1099010,16,38
1100026,15,49527
1100026,16,30
1101007,15,49499
1101007,16,28
1102028,15,49501
1102028,16,53
1103003,15,49501
1103003,16,28
1104022,15,49524
1104022,16,40
1104999,15,49488
1104999,16,43
1106021,15,49500
1106021,16,39
1107045,15,49487
1107045,16,33
1108015,15,49505
1108015,16,50
1109040,15,49509
1109040,16,22
1110016,15,49522
1110016,16,39
1111034,15,49502
1111034,16,34
1112015,15,49522
1112015,16,18
1113034,15,49461
1113034,16,32
1114009,15,49506
1114009,16,58
1115029,15,49539
1115029,16,46
1116008,15,49504
1116008,16,29
1117026,15,49516
1117026,16,55
1118007,15,49524
1118007,16,52
1119026,15,49500
1119026,16,34
1120007,15,49512
1120007,16,58
1121023,15,49517
1121023,16,43
1121999,15,49510
1121999,16,17
1123022,15,49520
1123022,16,38
1124040,15,49498
1124040,16,32
1125018,15,49503
1125018,16,40
1126040,15,49511
1126040,16,30
1127013,15,49508
1127013,16,22
1128037,15,49513
1128037,16,36
1129007,15,49490
1129007,16,29
1130030,15,49506
1130030,16,57
1131011,15,49494
1131011,16,30
1132032,15,49519
1132032,16,37
1133009,15,49501
1133009,16,48
1134024,15,49506
1134024,16,46
1135004,15,49517
1135004,16,37
1136024,15,49498
1136024,16,24
1136998,15,49509
1136998,16,35
1138024,15,49510
1138024,16,46
1139000,15,49490
1139000,16,21
1140023,15,49507
1140023,16,43
1141041,15,49508
1141041,16,28
1142017,15,49488
1142017,16,37
1143041,15,49495
1143041,16,32
1144011,15,49508
1144011,16,31
1145035,15,49504
1145035,16,47
1146016,15,49521
1146016,16,19
1147034,15,49483
1147034,16,38
1148010,15,49507
1148010,16,33
1149029,15,49514
1149029,16,20
1150006,15,49495
1150006,16,34
1151029,15,49495
1151029,16,39
1152005,15,49499
1152005,16,33
1153024,15,49493
1153024,16,45
1154002,15,49515
1154002,16,25
1155022,15,49502
1155022,16,46
1156000,15,49496
1156000,16,35
1157019,15,49512
1157019,16,35
1158037,15,49495
1158037,16,46
1159018,15,49491
1159018,16,32
1160038,15,49505
1160038,16,24
1161015,15,49512
1161015,16,57
1162030,15,49511
1162030,16,43
1163010,15,49547
1163010,16,37
1164032,15,49504
1164032,16,22
1165013,15,49503
1165013,16,32
1166032,15,49502
1166032,16,45
1167007,15,49528
1167007,16,28
1168030,15,49508
1168030,16,34
1169006,15,49510
1169006,16,28
1170026,15,49482
1170026,16,27
1171004,15,49503
1171004,16,41
1172024,15,49506
1172024,16,37
1172999,15,49527
1172999,16,19
1174021,15,49496
1174021,16,37
1175041,15,49504
1175041,16,35
1176013,15,49492
1176013,16,36
1177038,15,49509
1177038,16,45
1178017,15,49524
1178017,16,26
1179036,15,49509
1179036,16,26
1180014,15,49505
1180014,16,32
1181033,15,49524
1181033,16,26
1182014,15,49492
1182014,16,27
1183029,15,49495
1183029,16,43
1184009,15,49502
1184009,16,41
1185026,15,49508
1185026,16,33
1186005,15,49511
1186005,16,52
1187025,15,49517
1187025,16,34
1188001,15,49498
1188001,16,5
1189023,15,49508
1189023,16,29
1189999,15,49498
1189999,16,49
1191025,15,49506
1191025,16,34
1192042,15,49521
1192042,16,32
1193016,15,49496
1193016,16,39
1194034,15,49493
1194034,16,41
1195013,15,49517
1195013,16,51
1196032,15,49504
1196032,16,36
1197015,15,49493
1197015,16,25
1198034,15,49491
1198034,16,49
1199013,15,49517
1199013,16,47
1200024,15,49498
1200024,16,38
1201008,15,49516
1201008,16,26
1202026,15,49510
1202026,16,36
1203004,15,49530
1203004,16,23
1204026,15,49522
1204026,16,48
1205002,15,49520
1205002,16,31
1206023,15,49484
1206023,16,26
1207002,15,49527
1207002,16,34
1208018,15,49498
1208018,16,53
1209042,15,49533
1209042,16,29
1210018,15,49504
1210018,16,35
1211036,15,49516
1211036,16,31
1212016,15,49511
1212016,16,60
1213034,15,49507
1213034,16,26
1214011,15,49508
1214011,16,45
1215031,15,49511
1215031,16,51
1216009,15,49531
1216009,16,40
1217028,15,49506
1217028,16,43
1218008,15,49519
1218008,16,40
1219026,15,49498
1219026,16,41
1220004,15,49504
1220004,16,38
1221025,15,49531
1221025,16,32
1222003,15,49514
1222003,16,48
1223024,15,49487
1223024,16,51
1223998,15,49503
1223998,16,18
1225021,15,49504
1225021,16,33
1226037,15,49512
1226037,16,27
1227017,15,49490
1227017,16,23
1228036,15,49506
1228036,16,48
1229014,15,49488
1229014,16,44
1230035,15,49504
1230035,16,19
1231012,15,49499
1231012,16,52
1232030,15,49518
1232030,16,58
1233010,15,49511
1233010,16,41
1234028,15,49507
1234028,16,32
1235009,15,49507
1235009,16,30
1236031,15,49484
1236031,16,12
1237003,15,49491
1237003,16,41
1238025,15,49505
1238025,16,23
1239005,15,49522
1239005,16,23
1240021,15,49499
1240021,16,23
1240998,15,49493
1240998,16,39
1242022,15,49475
1242022,16,28
1243041,15,49494
1243041,16,46
1244019,15,49503
1244019,16,39
1245036,15,49517
1245036,16,45
1246019,15,49508
1246019,16,54
1247033,15,49495
1247033,16,45
1248012,15,49500
1248012,16,45
1249032,15,49503
1249032,16,18
1250010,15,49504
1250010,16,50
1251031,15,49505
1251031,16,36
1252005,15,49490
1252005,16,44
1253025,15,49500
1253025,16,25
1255914,15,49517
1255914,16,37
1256935,15,49479
1256935,16,32
1257912,15,49513
1257912,16,46
1258937,15,49491
1258937,16,41
1259955,15,49503
1259955,16,31
1260932,15,49506
1260932,16,28
1261952,15,49513
1261952,16,44
1262931,15,49496
1262931,16,49
1263949,15,49495
1263949,16,53
1264926,15,49508
1264926,16,42
1265950,15,49514
1265950,16,51
1266925,15,49511
1266925,16,39
1267947,15,49484
1267947,16,22
1268922,15,49479
1268922,16,43
1269938,15,49484
1269938,16,39
1270918,15,49488
1270918,16,38
1271940,15,49496
1271940,16,35
1272915,15,49494
1272915,16,33
1273937,15,49497
1273937,16,29
1274917,15,49508
1274917,16,46
1275936,15,49518
1275936,16,48
1276954,15,49494
1276954,16,22
1277933,15,49504
1277933,16,25
1278954,15,49501
1278954,16,34
1279929,15,49502
1279929,16,26
1280948,15,49504
1280948,16,15
1281928,15,49493
1281928,16,36
1282947,15,49510
1282947,16,28
1283925,15,49499
1283925,16,28
1284944,15,49519
1284944,16,38
1285921,15,49527
1285921,16,29
1286942,15,49496
1286942,16,29
1287916,15,49508
1287916,16,39
1288940,15,49493
1288940,16,45
1289917,15,49491
1289917,16,31
1290935,15,49483
1290935,16,30
1293231,15,49492
1293231,16,46
1294247,15,49506
1294247,16,37
1295271,15,49479
1295271,16,45
1296249,15,49492
1296249,16,46
1297271,15,49493
1297271,16,25
1298248,15,49517
1298248,16,29
1299266,15,49487
1299266,16,43
1300248,15,49511
1300248,16,51
1301266,15,49500
1301266,16,38
1302240,15,49502
1302240,16,55
1303262,15,49519
1303262,16,39
1304239,15,49514
1304239,16,20
1305263,15,49498
1305263,16,33
1306235,15,49492
1306235,16,36
1307259,15,49519
1307259,16,46
1308229,15,49501
1308229,16,37
1309254,15,49506
1309254,16,64
1310233,15,49512
1310233,16,30
1311253,15,49512
1311253,16,19
1312270,15,49523
1312270,16,24
1313251,15,49491
1313251,16,43
1314271,15,49491
1314271,16,36
1315246,15,49511
1315246,16,12
1316264,15,49505
1316264,16,36
1317245,15,49489
1317245,16,23
1318265,15,49495
1318265,16,52
1319242,15,49507
1319242,16,19
1320262,15,49517
1320262,16,27
1321239,15,49495
1321239,16,53
1322259,15,49512
1322259,16,34
1323236,15,49510
1323236,16,45
1324260,15,49493
1324260,16,41
1325235,15,49510
1325235,16,53
1326256,15,49490
1326256,16,56
1327234,15,49514
1327234,16,14
1328252,15,49524
1328252,16,48
1329272,15,49509
1329272,16,28
1330250,15,49514
1330250,16,32
1331267,15,49513
1331267,16,34
1332244,15,49496
1332244,16,28
1333269,15,49508
1333269,16,33
1334245,15,49508
1334245,16,45
1335266,15,49491
1335266,16,48
1336244,15,49489
1336244,16,26
1337262,15,49511
1337262,16,34
1338242,15,49519
1338242,16,28
1339261,15,49502
1339261,16,10
1340239,15,49508
1340239,16,43
1341258,15,49511
1341258,16,29
1342236,15,49495
1342236,16,55
1343255,15,49501
1343255,16,27
1344230,15,49499
1344230,16,23
1345255,15,49507
1345255,16,8
1346269,15,49489
1346269,16,58
1347249,15,49489
1347249,16,51
1348274,15,49512
1348274,16,40
1349250,15,49504
1349250,16,33
1350269,15,49502
1350269,16,34
1351244,15,49508
1351244,16,45
1352262,15,49506
1352262,16,15
1353243,15,49501
1353243,16,14
1354266,15,49510
1354266,16,30
1355243,15,49524
1355243,16,40
1356264,15,49525
1356264,16,33
1357239,15,49492
1357239,16,40
1358255,15,49490
1358255,16,40
1359233,15,49520
1359233,16,37
1360253,15,49500
1360253,16,31
1361232,15,49518
1361232,16,31
1362253,15,49528
1362253,16,22
1363273,15,49504
1363273,16,47
1364250,15,49512
1364250,16,34
1365273,15,49520
1365273,16,33
1366250,15,49494
1366250,16,25
1367268,15,49518
1367268,16,38
1368247,15,49485
1368247,16,25
1369267,15,49519
1369267,16,41
1370241,15,49497
1370241,16,16
1371262,15,49520
1371262,16,33
1372241,15,49487
1372241,16,37
1373262,15,49495
1373262,16,45
1374240,15,49492
1374240,16,42
1375257,15,49510
1375257,16,34
1376235,15,49501
1376235,16,35
1377251,15,49497
1377251,16,41
1378230,15,49504
1378230,16,32
1379255,15,49503
1379255,16,33
1380271,15,49502
1380271,16,32
1381251,15,49529
1381251,16,26
1382268,15,49516
1382268,16,59
1383248,15,49491
1383248,16,59
1384269,15,49500
1384269,16,37
1385243,15,49485
1385243,16,35
1386264,15,49501
1386264,16,39
1387244,15,49497
1387244,16,33
1388260,15,49492
1388260,16,30
1389244,15,49488
1389244,16,40
1390260,15,49500
1390260,16,53
1391237,15,49495
1391237,16,35
1392259,15,49512
1392259,16,59
1393234,15,49496
1393234,16,42
1394258,15,49520
1394258,16,33
1395234,15,49516
1395234,16,39
1396252,15,49527
1396252,16,27
1397273,15,49528
1397273,16,28
1398252,15,49486
1398252,16,51
1399269,15,49500
1399269,16,31
1400246,15,49502
1400246,16,32
1401267,15,49519
1401267,16,31
1402244,15,49478
1402244,16,35
1403265,15,49518
1403265,16,44
1404245,15,49494
1404245,16,13
1405259,15,49508
1405259,16,60
1406240,15,49496
1406240,16,41
1407264,15,49516
1407264,16,26
1408235,15,49492
1408235,16,36
1409259,15,49510
1409259,16,26
1410233,15,49499
1410233,16,26
1411255,15,49490
1411255,16,43
1412236,15,49498
1412236,16,37
1413255,15,49502
1413255,16,30
1414274,15,49496
1414274,16,41
1415249,15,49510
1415249,16,24
1416271,15,49496
1416271,16,30
1417251,15,49496
1417251,16,22
1418266,15,49493
1418266,16,58
1419243,15,49521
1419243,16,47
1420263,15,49499
1420263,16,43
1421242,15,49511
1421242,16,32
1422264,15,49494
1422264,16,54
1423239,15,49503
1423239,16,68
1424261,15,49506
1424261,16,54
1425239,15,49507
1425239,16,45
1426258,15,49492
1426258,16,55
1427233,15,49502
1427233,16,43
1428254,15,49494
1428254,16,49
1429235,15,49525
1429235,16,39
1430254,15,49514
1430254,16,20
1431272,15,49511
1431272,16,44
1432251,15,49510
1432251,16,23
1433270,15,49501
1433270,16,25
1434248,15,49508
1434248,16,36
1435269,15,49501
1435269,16,36
1436243,15,49509
1436243,16,65
1437265,15,49489
1437265,16,42
1438244,15,49523
1438244,16,50
1439262,15,49510
1439262,16,19
1440241,15,49501
1440241,16,40
1441260,15,49525
1441260,16,31
1442241,15,49506
1442241,16,28
1443258,15,49515
1443258,16,39
1444235,15,49494
1444235,16,45
1445257,15,49490
1445257,16,19
1446234,15,49503
1446234,16,30
1447256,15,49527
1447256,16,27
1448274,15,49513
1448274,16,53
1449249,15,49516
1449249,16,41
1450271,15,49516
1450271,16,5
1451244,15,49507
1451244,16,29
1452263,15,49494
1452263,16,48
1453244,15,49509
1453244,16,52
1454266,15,49511
1454266,16,36
1455239,15,49514
1455239,16,46
1456260,15,49490
1456260,16,44
1457240,15,49498
1457240,16,27
1458262,15,49484
1458262,16,54
1459236,15,49480
1459236,16,32
1462549,15,49500
1462549,16,31
1463572,15,49490
1463572,16,47
1464550,15,49494
1464550,16,43
1465568,15,49472
1465568,16,23
1466591,15,49519
1466591,16,48
1467567,15,49479
1467567,16,32
1468588,15,49502
1468588,16,38
1469564,15,49513
1469564,16,40
1470585,15,49513
1470585,16,28
1471565,15,49495
1471565,16,36
1472579,15,49502
1472579,16,55
1473561,15,49514
1473561,16,45
1474582,15,49510
1474582,16,48
1475557,15,49504
1475557,16,17
1476579,15,49511
1476579,16,27
1477556,15,49509
1477556,16,27
1478575,15,49512
1478575,16,48
1479551,15,49506
1479551,16,18
1480574,15,49495
1480574,16,55
1481551,15,49529
1481551,16,39
1482565,15,49497
1482565,16,40
1483589,15,49514
1483589,16,58
1484567,15,49526
1484567,16,21
1485586,15,49510
1485586,16,39
1486564,15,49519
1486564,16,18
1487588,15,49521
1487588,16,32
1488562,15,49504
1488562,16,42
1489582,15,49518
1489582,16,30
1490566,15,49519
1490566,16,50
1491577,15,49508
1491577,16,42
1492557,15,49481
1492557,16,36
1493580,15,49501
1493580,16,36
1494557,15,49494
1494557,16,45
1495577,15,49490
1495577,16,33
1496552,15,49518
1496552,16,41
1497575,15,49490
1497575,16,19
1498549,15,49503
1498549,16,8
1499570,15,49511
1499570,16,38
1500589,15,49484
1500589,16,56
1501565,15,49496
1501565,16,44
1502588,15,49510
1502588,16,42
1503565,15,49524
1503565,16,49
1504581,15,49510
1504581,16,43
1505562,15,49493
1505562,16,19
1506583,15,49511
1506583,16,65
1507558,15,49487
1507558,16,38
1508578,15,49508
1508578,16,30
1509560,15,49492
1509560,16,44
1510580,15,49500
1510580,16,23
1511557,15,49508
1511557,16,27
1512577,15,49498
1512577,16,21
1513551,15,49501
1513551,16,32
1514569,15,49533
1514569,16,12
1515554,15,49506
1515554,16,38
1516573,15,49497
1516573,16,32
1517588,15,49527
1517588,16,37
1518568,15,49488
1518568,16,44
1519589,15,49497
1519589,16,22
1520566,15,49504
1520566,16,49
1521582,15,49507
1521582,16,29
1522560,15,49490
1522560,16,35
1523583,15,49533
1523583,16,33
1524560,15,49513
1524560,16,22
1525583,15,49515
1525583,16,32
1526556,15,49497
1526556,16,56
1527583,15,49511
1527583,16,35
1528558,15,49499
1528558,16,23
1529576,15,49478
1529576,16,42
1530552,15,49497
1530552,16,30
1531573,15,49505
1531573,16,47
1532549,15,49504
1532549,16,16
1533569,15,49499
1533569,16,30
1534587,15,49495
1534587,16,56
1535567,15,49504
1535567,16,41
1536585,15,49509
1536585,16,38
1537565,15,49512
1537565,16,35
1538587,15,49505
1538587,16,49
1539565,15,49509
1539565,16,34
1540583,15,49502
1540583,16,35
1541559,15,49489
1541559,16,44
1542584,15,49508
1542584,16,37
1543557,15,49527
1543557,16,39
1544578,15,49509
1544578,16,38
1545555,15,49495
1545555,16,25
1546576,15,49495
1546576,16,26
1547551,15,49510
1547551,16,36
1548572,15,49511
1548572,16,58
1549551,15,49509
1549551,16,40
1550569,15,49506
1550569,16,50
1551592,15,49514
1551592,16,38
1552566,15,49503
1552566,16,22
1553587,15,49507
1553587,16,31
1554562,15,49513
1554562,16,37
1555590,15,49494
1555590,16,43
1556565,15,49505
1556565,16,34
1557582,15,49496
1557582,16,54
1558560,15,49497
1558560,16,34
1559580,15,49501
1559580,16,25
1560554,15,49501
1560554,16,36
1561578,15,49516
1561578,16,25
1562555,15,49519
1562555,16,36
1563573,15,49499
1563573,16,41
1564555,15,49522
1564555,16,39
1565571,15,49517
1565571,16,41
1566551,15,49516
1566551,16,36
1567571,15,49510
1567571,16,14
1568593,15,49501
1568593,16,45
1569567,15,49494
1569567,16,38
1570587,15,49531
1570587,16,37
1571568,15,49514
1571568,16,18
1572585,15,49495
1572585,16,16
1573563,15,49494
1573563,16,36
1574588,15,49486
1574588,16,38
1575559,15,49515
1575559,16,27
1576575,15,49493
1576575,16,39
1577560,15,49511
1577560,16,45
1578578,15,49503
1578578,16,35
1579558,15,49510
1579558,16,51
1580572,15,49512
1580572,16,24
1581552,15,49496
1581552,16,26
1582571,15,49510
1582571,16,6
1583552,15,49499
1583552,16,30
1584572,15,49502
1584572,16,35
1585589,15,49512
1585589,16,52
1586567,15,49505
1586567,16,29
1587588,15,49512
1587588,16,25
1588562,15,49499
1588562,16,17
1589587,15,49494
1589587,16,39
1590560,15,49500
1590560,16,44
1591582,15,49518
1591582,16,25
1592561,15,49514
1592561,16,26
1593580,15,49491
1593580,16,45
1594559,15,49501
1594559,16,40
1595579,15,49496
1595579,16,47
1596559,15,49505
1596559,16,53
1597576,15,49516
1597576,16,27
1598554,15,49509
1598554,16,46
1599572,15,49516
1599572,16,59
1600553,15,49516
1600553,16,46
1601571,15,49487
1601571,16,39
1602589,15,49499
1602589,16,37
1603566,15,49494
1603566,16,45
1604585,15,49489
1604585,16,37
1605564,15,49508
1605564,16,34
1606588,15,49514
1606588,16,44
1607562,15,49514
1607562,16,33
1608583,15,49506
1608583,16,38
1609559,15,49516
1609559,16,26
1610580,15,49522
1610580,16,35
1611556,15,49522
1611556,16,33
1612579,15,49527
1612579,16,22
1613559,15,49502
1613559,16,28
1614574,15,49510
1614574,16,47
1615554,15,49502
1615554,16,29
1616571,15,49499
1616571,16,46
1617551,15,49506
1617551,16,31
1618571,15,49497
1618571,16,24
1619586,15,49516
1619586,16,36
1620564,15,49497
1620564,16,39
1621588,15,49499
1621588,16,40
1625071,15,49492
1625071,16,62
1626090,15,49501
1626090,16,29
1627115,15,49506
1627115,16,51
1628088,15,49510
1628088,16,22
1629113,15,49512
1629113,16,11
1630086,15,49484
1630086,16,47
1631110,15,49467
1631110,16,24
1632086,15,49492
1632086,16,39
1633108,15,49504
1633108,16,31
1634085,15,49488
1634085,16,29
1635102,15,49513
1635102,16,52
1636079,15,49517
1636079,16,31
1637099,15,49512
1637099,16,35
1638080,15,49500
1638080,16,22
1639094,15,49501
1639094,16,24
1640075,15,49502
1640075,16,39
1641098,15,49496
1641098,16,35
1642070,15,49511
1642070,16,40
1643094,15,49510
1643094,16,25
1644112,15,49520
1644112,16,33
1646792,15,49515
1646792,16,35
1647813,15,49487
1647813,16,33
1648829,15,49507
1648829,16,37
1649805,15,49506
1649805,16,49
1650832,15,49508
1650832,16,26
1651803,15,49501
1651803,16,54
1652823,15,49497
1652823,16,58
1653805,15,49506
1653805,16,47
1654823,15,49500
1654823,16,52
1655802,15,49533
1655802,16,49
1656819,15,49509
1656819,16,43
1657798,15,49523
1657798,16,35
1658817,15,49486
1658817,16,23
1659792,15,49491
1659792,16,34
1660815,15,49501
1660815,16,29
1661791,15,49502
1661791,16,33
1662814,15,49505
1662814,16,20
1663833,15,49509
1663833,16,50
1664811,15,49498
1664811,16,42
1665832,15,49503
1665832,16,35
1666810,15,49506
1666810,16,40
1667826,15,49493
1667826,16,47
1668800,15,49508
1668800,16,50
1669826,15,49503
1669826,16,41
1670806,15,49505
1670806,16,46
1671824,15,49499
1671824,16,28
1672797,15,49514
1672797,16,34
1673820,15,49505
1673820,16,24
1674796,15,49507
1674796,16,28
1675817,15,49503
1675817,16,37
1676794,15,49499
1676794,16,45
1677815,15,49514
1677815,16,64
1678791,15,49526
1678791,16,46
1679813,15,49497
1679813,16,38
1680835,15,49505
1680835,16,38
1681812,15,49490
1681812,16,30
1682830,15,49496
1682830,16,45
1683807,15,49498
1683807,16,44
1684830,15,49502
1684830,16,15
1687121,15,49493
1687121,16,35
1688145,15,49504
1688145,16,32
1689160,15,49509
1689160,16,22
1690136,15,49480
1690136,16,35
1691163,15,49492
1691163,16,33
1692136,15,49521
1692136,16,41
1695793,15,49498
1695793,16,26
1696815,15,49509
1696815,16,47
1697834,15,49496
1697834,16,44
1698810,15,49510
1698810,16,34
1699832,15,49516
1699832,16,26
1700808,15,49498
1700808,16,29
1701829,15,49505
1701829,16,56
1702798,15,49499
1702798,16,32
1703824,15,49501
1703824,16,37
1704805,15,49530
1704805,16,22
1705822,15,49510
1705822,16,14
1706804,15,49510
1706804,16,44
1707820,15,49491
1707820,16,42
1708799,15,49498
1708799,16,39
1709815,15,49520
1709815,16,57
1710795,15,49490
1710795,16,34
1711818,15,49498
1711818,16,46
1712837,15,49508
1712837,16,51
1713815,15,49500
1713815,16,44
1714833,15,49518
1714833,16,47
1715812,15,49513
1715812,16,31
1716826,15,49503
1716826,16,28
1717807,15,49488
1717807,16,67
1718827,15,49498
1718827,16,36
1719801,15,49494
1719801,16,29
1720826,15,49489
1720826,16,53
1721802,15,49478
1721802,16,39
1722823,15,49498
1722823,16,48
1723796,15,49500
1723796,16,29
1724821,15,49482
1724821,16,32
1725801,15,49504
1725801,16,10
1726819,15,49493
1726819,16,38
1727794,15,49511
1727794,16,27
1728812,15,49505
1728812,16,44
1729835,15,49510
1729835,16,36
1730811,15,49508
1730811,16,38
1731836,15,49500
1731836,16,40
1732818,15,49516
1732818,16,29
1733832,15,49496
1733832,16,33
1734804,15,49522
1734804,16,26
1735827,15,49529
1735827,16,43
1736806,15,49502
1736806,16,59
1737825,15,49514
1737825,16,34
1738801,15,49495
1738801,16,53
1739821,15,49487
1739821,16,42
1740798,15,49514
1740798,16,40
1741819,15,49500
1741819,16,43
1742797,15,49517
1742797,16,46
1743815,15,49473
1743815,16,35
1744798,15,49511
1744798,16,46
1745815,15,49517
1745815,16,23
1746836,15,49506
1746836,16,43
1747812,15,49518
1747812,16,44
1748833,15,49494
1748833,16,50
1749812,15,49510
1749812,16,34
1750831,15,49510
1750831,16,21
1751808,15,49517
1751808,16,26
1752827,15,49501
1752827,16,44
1753804,15,49494
1753804,16,37
1754823,15,49515
1754823,16,21
1755803,15,49494
1755803,16,32
1756823,15,49514
1756823,16,50
1757801,15,49492
1757801,16,30
1758819,15,49516
1758819,16,46
1759795,15,49503
1759795,16,45
1760820,15,49485
1760820,16,69
1761793,15,49497
1761793,16,36
1762815,15,49494
1762815,16,19
1763836,15,49504
1763836,16,36
1764813,15,49510
1764813,16,31
1765830,15,49508
1765830,16,47
1766813,15,49513
1766813,16,40
1767832,15,49507
1767832,16,23
1768810,15,49491
1768810,16,44
1769829,15,49506
1769829,16,51
1770804,15,49519
1770804,16,51
1771825,15,49515
1771825,16,40
1772804,15,49520
1772804,16,46
1773823,15,49494
1773823,16,36
1774800,15,49497
1774800,16,32
1775820,15,49519
1775820,16,29
1776795,15,49495
1776795,16,57
1777820,15,49510
1777820,16,32
1778793,15,49507
1778793,16,31
1779813,15,49505
1779813,16,22
1780830,15,49520
1780830,16,47
1781813,15,49518
1781813,16,29
1782830,15,49495
1782830,16,34
1783809,15,49502
1783809,16,36
1784831,15,49504
1784831,16,18
1785806,15,49525
1785806,16,39
1786828,15,49483
1786828,16,36
1787807,15,49505
1787807,16,22
1788821,15,49494
1788821,16,48
1789802,15,49512
1789802,16,32
1790820,15,49510
1790820,16,41
1791800,15,49509
1791800,16,39
1792818,15,49530
1792818,16,30
1793802,15,49510
1793802,16,28
1794817,15,49498
1794817,16,21
1795796,15,49505
1795796,16,29
1796815,15,49500
1796815,16,51
1797836,15,49496
1797836,16,39
1798810,15,49499
1798810,16,22
1799830,15,49505
1799830,16,52
1800810,15,49488
1800810,16,42
1801829,15,49495
1801829,16,34
1802806,15,49498
1802806,16,36
1803829,15,49528
1803829,16,32
1804803,15,49501
1804803,16,55
1805827,15,49515
1805827,16,25
1806797,15,49516
1806797,16,46
1807823,15,49523
1807823,16,14
1808797,15,49525
1808797,16,56
1809820,15,49515
1809820,16,30
1810797,15,49498
1810797,16,36
1811818,15,49480
1811818,16,43
1812796,15,49500
1812796,16,33
1813814,15,49521
1813814,16,37
1814835,15,49503
1814835,16,29
1815812,15,49492
1815812,16,42
1816834,15,49493
1816834,16,39
1817809,15,49507
1817809,16,28
1818834,15,49499
1818834,16,38
1819805,15,49513
1819805,16,31
1820831,15,49491
1820831,16,6
1821804,15,49514
1821804,16,40
1822824,15,49522
1822824,16,32
1823798,15,49500
1823798,16,8
1824820,15,49481
1824820,16,29
1825800,15,49515
1825800,16,33
1826821,15,49494
1826821,16,24
1827797,15,49497
1827797,16,29
1828817,15,49521
1828817,16,22
1829794,15,49505
1829794,16,53
1830816,15,49521
1830816,16,31
1831834,15,49492
1831834,16,30
1832815,15,49518
1832815,16,32
1833832,15,49506
1833832,16,40
1834811,15,49502
1834811,16,59
1835833,15,49516
1835833,16,24
1836807,15,49488
1836807,16,31
1837829,15,49488
1837829,16,42
1838804,15,49500
1838804,16,20
1839825,15,49499
1839825,16,56
1840803,15,49525
1840803,16,28
1841827,15,49500
1841827,16,31
1842798,15,49516
1842798,16,9
1843820,15,49512
1843820,16,34
1844794,15,49500
1844794,16,24
1845819,15,49514
1845819,16,40
1846794,15,49487
1846794,16,34
1847817,15,49489
1847817,16,26
1848835,15,49496
1848835,16,30
1849811,15,49511
1849811,16,48
1850832,15,49486
1850832,16,30
1851813,15,49503
1851813,16,51
1852831,15,49488
1852831,16,30
1853805,15,49483
1853805,16,18
1854827,15,49503
1854827,16,54
1855804,15,49511
1855804,16,31
1856828,15,49482
1856828,16,65
1857803,15,49501
1857803,16,27
1858823,15,49493
1858823,16,27
1859801,15,49495
1859801,16,43
1860821,15,49514
1860821,16,44
1861802,15,49517
1861802,16,55
1862816,15,49491
1862816,16,38
1863796,15,49493
1863796,16,35
1864814,15,49515
1864814,16,47
1865831,15,49483
1865831,16,43
1866810,15,49505
1866810,16,26
1867833,15,49538
1867833,16,20
1868808,15,49487
1868808,16,29
1869833,15,49502
1869833,16,37
1870806,15,49505
1870806,16,26
1871827,15,49508
1871827,16,20
1872806,15,49494
1872806,16,42
1873827,15,49508
1873827,16,29
1874801,15,49509
1874801,16,44
1875822,15,49520
1875822,16,44
1876800,15,49527
1876800,16,36
1877818,15,49498
1877818,16,31
1878801,15,49513
1878801,16,44
1879817,15,49503
1879817,16,41
1880797,15,49516
1880797,16,27
1881817,15,49492
1881817,16,21
1882838,15,49477
1882838,16,33
1883817,15,49518
1883817,16,32
1884831,15,49519
1884831,16,33
1885811,15,49510
1885811,16,13
1886828,15,49497
1886828,16,27
1887808,15,49473
1887808,16,25
1888828,15,49485
1888828,16,29
1889805,15,49505
1889805,16,38
1890826,15,49518
1890826,16,39
1891800,15,49512
1891800,16,34
1892822,15,49492
1892822,16,12
1893802,15,49501
1893802,16,44
1894818,15,49509
1894818,16,30
1895800,15,49504
1895800,16,40
1896819,15,49490
1896819,16,25
1897793,15,49502
1897793,16,39
1898815,15,49519
1898815,16,23
1899830,15,49498
1899830,16,16
1900808,15,49520
1900808,16,40
1901832,15,49504
1901832,16,37
1902815,15,49508
1902815,16,34
1903831,15,49486
1903831,16,34
1904806,15,49517
1904806,16,29
1905829,15,49513
1905829,16,33
1906806,15,49499
1906806,16,27
1907826,15,49513
1907826,16,47
1908802,15,49521
1908802,16,24
1909822,15,49502
1909822,16,46
1910805,15,49502
1910805,16,35
1911821,15,49510
1911821,16,48
1912797,15,49515
1912797,16,39
1913819,15,49511
1913819,16,44
1914796,15,49509
1914796,16,44
1915815,15,49512
1915815,16,18
1916834,15,49504
1916834,16,36
1917813,15,49523
1917813,16,45
1918833,15,49519
1918833,16,12
1919811,15,49510
1919811,16,29
1920831,15,49494
1920831,16,19
1921809,15,49517
1921809,16,36
1922823,15,49498
1922823,16,35
1923807,15,49511
1923807,16,35
1924825,15,49499
1924825,16,17
1925801,15,49486
1925801,16,31
1926821,15,49505
1926821,16,44
1927797,15,49519
1927797,16,58
1928817,15,49500
1928817,16,41
1929799,15,49509
1929799,16,17
1930817,15,49520
1930817,16,34
1931794,15,49499
1931794,16,61
1932815,15,49497
1932815,16,30
1933837,15,49521
1933837,16,24
1934813,15,49495
1934813,16,35
1935835,15,49501
1935835,16,30
1936807,15,49496
1936807,16,41
1937828,15,49523
1937828,16,46
1938804,15,49516
1938804,16,34
1939825,15,49506
1939825,16,30
1940805,15,49498
1940805,16,41
1941824,15,49501
1941824,16,33
1942804,15,49514
1942804,16,38
1943823,15,49502
1943823,16,30
1944803,15,49510
1944803,16,35
1945820,15,49509
1945820,16,37
1946797,15,49503
1946797,16,47
1947820,15,49493
1947820,16,23
1948798,15,49499
1948798,16,47
1949812,15,49505
1949812,16,7
1950831,15,49497
1950831,16,40
1951811,15,49499
1951811,16,15
1952834,15,49505
1952834,16,41
1953810,15,49515
1953810,16,43
1954828,15,49491
1954828,16,23
1955809,15,49513
1955809,16,46
1956829,15,49513
1956829,16,40
1957806,15,49503
1957806,16,46
1958826,15,49515
1958826,16,34
1959801,15,49488
1959801,16,40
1960823,15,49503
1960823,16,62
1961797,15,49503
1961797,16,33
1962817,15,49498
1962817,16,52
1963799,15,49505
1963799,16,61
1964817,15,49503
1964817,16,50
1965797,15,49486
1965797,16,37
1966815,15,49507
1966815,16,34
1967835,15,49502
1967835,16,22
1968813,15,49509
1968813,16,40
1969831,15,49517
1969831,16,36
1970810,15,49518
1970810,16,40
1971829,15,49505
1971829,16,28
1972808,15,49490
1972808,16,43
1973827,15,49490
1973827,16,28
1974805,15,49499
1974805,16,40
1975820,15,49502
1975820,16,24
1976798,15,49496
1976798,16,40
1977824,15,49496
1977824,16,46
1978797,15,49520
1978797,16,27
1979821,15,49503
1979821,16,23
1980793,15,49521
1980793,16,44
1981817,15,49493
1981817,16,34
1982797,15,49510
1982797,16,28
1983816,15,49493
1983816,16,40
1984834,15,49513
1984834,16,30
1985813,15,49513
1985813,16,26
1986832,15,49508
1986832,16,62
1987807,15,49493
1987807,16,44
1988830,15,49502
1988830,16,12
1989808,15,49508
1989808,16,23
1990825,15,49497
1990825,16,43
1991808,15,49503
1991808,16,53
1992823,15,49495
1992823,16,28
1993801,15,49504
1993801,16,40
1994824,15,49492
1994824,16,40
1995800,15,49502
1995800,16,26
1996820,15,49526
1996820,16,27
1997798,15,49502
1997798,16,27
1998819,15,49479
1998819,16,29
1999794,15,49494
1999794,16,35
2000813,15,49493
2000813,16,23
2001834,15,49518
2001834,16,36
2002809,15,49502
2002809,16,32
2003830,15,49507
2003830,16,26
2004809,15,49493
2004809,16,39
2005828,15,49512
2005828,16,38
2006805,15,49508
2006805,16,28
2007827,15,49484
2007827,16,57
2008808,15,49501
2008808,16,48
2009829,15,49489
2009829,16,31
2010801,15,49515
2010801,16,37
2011820,15,49483
2011820,16,20
2012801,15,49498
2012801,16,36
2013817,15,49500
2013817,16,36
2014798,15,49511
2014798,16,48
2015818,15,49507
2015818,16,45
2016794,15,49487
2016794,16,42
2017816,15,49504
2017816,16,27
2018831,15,49504
2018831,16,41
2019812,15,49491
2019812,16,24
2020833,15,49500
2020833,16,28
2021810,15,49489
2021810,16,44
2022833,15,49509
2022833,16,41
2023809,15,49491
2023809,16,33
2024832,15,49527
2024832,16,43
2025805,15,49512
2025805,16,42
2026822,15,49524
2026822,16,45
2027805,15,49515
2027805,16,37
2028824,15,49511
2028824,16,45
2029800,15,49500
2029800,16,25
2030817,15,49497
2030817,16,46
2031798,15,49497
2031798,16,44
2032818,15,49511
2032818,16,47
2033795,15,49515
2033795,16,32
2034816,15,49507
2034816,16,46
2035836,15,49506
2035836,16,30
2036813,15,49508
2036813,16,17
2037831,15,49503
2037831,16,50
2038810,15,49492
2038810,16,31
2039832,15,49511
2039832,16,29
2040805,15,49510
2040805,16,25
2041828,15,49494
2041828,16,40
2042803,15,49539
2042803,16,44
2043827,15,49507
2043827,16,22
2044805,15,49494
2044805,16,45
2045819,15,49504
2045819,16,56
2046799,15,49507
2046799,16,30
2047822,15,49487
2047822,16,39
2048799,15,49503
2048799,16,55
2049816,15,49500
2049816,16,30
2050796,15,49489
2050796,16,41
2051815,15,49514
2051815,16,39
2052839,15,49514
2052839,16,34
2053810,15,49503
2053810,16,38
2054834,15,49519
2054834,16,49
2055809,15,49495
2055809,16,35
2056829,15,49510
2056829,16,15
2057806,15,49521
2057806,16,55
2058826,15,49516
2058826,16,45
2059803,15,49488
2059803,16,33
2060822,15,49504
2060822,16,46
2061801,15,49499
2061801,16,26
2062823,15,49502
2062823,16,31
2063800,15,49511
2063800,16,47
2064818,15,49502
2064818,16,41
2065800,15,49486
2065800,16,31
2066819,15,49498
2066819,16,42
2067798,15,49501
2067798,16,52
2068813,15,49517
2068813,16,22
2069830,15,49512
2069830,16,39
2070815,15,49525
2070815,16,24
2071833,15,49505
2071833,16,33
2072811,15,49500
2072811,16,39
2073830,15,49515
2073830,16,44
2074806,15,49506
2074806,16,32
2075829,15,49510
2075829,16,1
2076809,15,49497
2076809,16,36
2077826,15,49497
2077826,16,33
2078801,15,49505
2078801,16,27
2079823,15,49528
2079823,16,20
2080799,15,49501
2080799,16,3
2081821,15,49506
2081821,16,45
2082796,15,49487
2082796,16,45
2083820,15,49493
2083820,16,31
2084799,15,49511
2084799,16,32
2085814,15,49511
2085814,16,53
2086834,15,49498
2086834,16,19
2087813,15,49490
2087813,16,32
2088832,15,49498
2088832,16,44
2089809,15,49510
2089809,16,49
2090825,15,49510
2090825,16,37
2091807,15,49511
2091807,16,31
2092829,15,49513
2092829,16,42
2093808,15,49493
2093808,16,41
2094827,15,49514
2094827,16,13
2095804,15,49517
2095804,16,38
2096824,15,49482
2096824,16,30
2097801,15,49506
2097801,16,44
2098819,15,49519
2098819,16,19
2099797,15,49525
2099797,16,49
2100815,15,49504
2100815,16,52
2101796,15,49485
2101796,16,31
2102818,15,49512
2102818,16,42
2103835,15,49497
2103835,16,27
2104813,15,49500
2104813,16,52
2105829,15,49501
2105829,16,31
2106809,15,49497
2106809,16,60
2107831,15,49508
2107831,16,27
2108808,15,49515
2108808,16,25
2109825,15,49509
2109825,16,41
2110808,15,49500
2110808,16,36
2111825,15,49522
2111825,16,48
2112799,15,49509
2112799,16,27
2113821,15,49513
2113821,16,21
2114801,15,49503
2114801,16,46
2115822,15,49508
2115822,16,46
2116797,15,49509
2116797,16,33
2117819,15,49520
2117819,16,35
2118793,15,49502
2118793,16,10
2119817,15,49494
2119817,16,46
2120836,15,49496
2120836,16,16
2121807,15,49506
2121807,16,31
2122837,15,49517
2122837,16,38
2123811,15,49501
2123811,16,24
2124830,15,49512
2124830,16,40
2125808,15,49505
2125808,16,33
2126832,15,49518
2126832,16,34
2127803,15,49503
2127803,16,42
2128823,15,49507
2128823,16,37
2129803,15,49530
2129803,16,39
2130821,15,49504
2130821,16,24
2131803,15,49477
2131803,16,24
2132821,15,49490
2132821,16,42
2133798,15,49499
2133798,16,56
2134816,15,49486
2134816,16,46
2135797,15,49503
2135797,16,45
2136817,15,49502
2136817,16,50
2137833,15,49499
2137833,16,27
2138812,15,49499
2138812,16,44
2139832,15,49508
2139832,16,37
2140811,15,49481
2140811,16,40
2141830,15,49504
2141830,16,49
2142807,15,49499
2142807,16,39
2143829,15,49496
2143829,16,34
2144805,15,49505
2144805,16,52
2145824,15,49501
2145824,16,46
2146802,15,49503
2146802,16,52
2149606,15,49513
2149606,16,24
2150626,15,49510
2150626,16,61
2151648,15,49492
2151648,16,50
2152623,15,49512
2152623,16,18
2153646,15,49518
2153646,16,39
2154620,15,49513
2154620,16,35
2155639,15,49514
2155639,16,21
2156620,15,49494
2156620,16,51
2157634,15,49512
2157634,16,48
2158619,15,49525
2158619,16,49
2159635,15,49488
2159635,16,53
2160617,15,49516
2160617,16,42
2161635,15,49497
2161635,16,36
2162615,15,49476
2162615,16,38
2163632,15,49501
2163632,16,41
2164613,15,49515
2164613,16,41
2165626,15,49508
2165626,16,22
2166606,15,49527
2166606,16,28
2167628,15,49496
2167628,16,42
2168649,15,49523
2168649,16,36
2169622,15,49533
2169622,16,6
2170646,15,49523
2170646,16,27
2171622,15,49499
2171622,16,60
2172641,15,49505
2172641,16,39
2173622,15,49494
2173622,16,36
2174642,15,49511
2174642,16,36
2175622,15,49529
2175622,16,61
2176636,15,49496
2176636,16,36
2177615,15,49497
2177615,16,41
2178635,15,49507
2178635,16,44
2179610,15,49524
2179610,16,43
2180631,15,49494
2180631,16,29
2181610,15,49489
2181610,16,29
2182629,15,49509
2182629,16,41
2183608,15,49497
2183608,16,50
2184630,15,49530
2184630,16,49
2185648,15,49498
2185648,16,43
2186621,15,49507
2186621,16,36
2187644,15,49497
2187644,16,30
2188627,15,49481
2188627,16,28
2189646,15,49504
2189646,16,72
2190621,15,49498
2190621,16,37
2191638,15,49501
2191638,16,19
2192618,15,49514
2192618,16,31
2193640,15,49502
2193640,16,34
2194617,15,49492
2194617,16,33
2195633,15,49503
2195633,16,36
2196611,15,49528
2196611,16,35
2197630,15,49497
2197630,16,29
2198610,15,49525
2198610,16,38
2199627,15,49515
2199627,16,37
2200605,15,49486
2200605,16,21
2201625,15,49494
2201625,16,33
2202647,15,49529
2202647,16,14
2203626,15,49521
2203626,16,16
2204642,15,49516
2204642,16,31
2205622,15,49514
2205622,16,34
2206642,15,49510
2206642,16,36
2207622,15,49512
2207622,16,25
2208641,15,49516
2208641,16,37
2209619,15,49495
2209619,16,39
2210638,15,49516
2210638,16,36
2211615,15,49488
2211615,16,25
2212633,15,49509
2212633,16,23
2213610,15,49491
2213610,16,41
2214635,15,49522
2214635,16,44
2215613,15,49491
2215613,16,41
2216630,15,49500
2216630,16,34
2217606,15,49502
2217606,16,51
2218629,15,49499
2218629,16,20
2219647,15,49509
2219647,16,23
2220623,15,49524
2220623,16,28
2221644,15,49502
2221644,16,31
2222624,15,49510
2222624,16,20
2223641,15,49525
2223641,16,19
2224619,15,49514
2224619,16,42
2225639,15,49495
2225639,16,53
2226617,15,49500
2226617,16,23
2227637,15,49478
2227637,16,32
2228616,15,49503
2228616,16,30
2229634,15,49495
2229634,16,42
2230612,15,49509
2230612,16,42
2231630,15,49532
2231630,16,15
2232611,15,49503
2232611,16,53
2233632,15,49500
2233632,16,42
2234602,15,49517
2234602,16,23
2235628,15,49502
2235628,16,48
2236651,15,49501
2236651,16,22
2237628,15,49510
2237628,16,26
2238646,15,49531
2238646,16,50
2239624,15,49507
2239624,16,8
2240644,15,49490
2240644,16,24
2241618,15,49507
2241618,16,40
2242640,15,49492
2242640,16,32
2243616,15,49504
2243616,16,38
2244638,15,49500
2244638,16,27
2245616,15,49504
2245616,16,41
2246636,15,49486
2246636,16,42
2247609,15,49507
2247609,16,37
2248631,15,49490
2248631,16,50
2249611,15,49537
2249611,16,34
2250627,15,49497
2250627,16,29
2251606,15,49518
2251606,16,26
2252625,15,49502
2252625,16,27
2253647,15,49495
2253647,16,47
2254626,15,49499
2254626,16,16
2255640,15,49494
2255640,16,37
2256622,15,49495
2256622,16,25
2257647,15,49498
2257647,16,41
2258618,15,49509
2258618,16,13
2259640,15,49498
2259640,16,33
2260615,15,49500
2260615,16,29
2261639,15,49495
2261639,16,48
2262612,15,49515
2262612,16,22
2263636,15,49507
2263636,16,29
2264609,15,49510
2264609,16,33
2265633,15,49492
2265633,16,48
2266608,15,49503
2266608,16,50
2267631,15,49512
2267631,16,53
2268606,15,49513
2268606,16,35
2269629,15,49486
2269629,16,22
2270650,15,49496
2270650,16,36
2271627,15,49512
2271627,16,50
2272642,15,49514
2272642,16,33
2273624,15,49524
2273624,16,50
2274644,15,49506
2274644,16,27
2275620,15,49524
2275620,16,42
2276638,15,49511
2276638,16,41
2277619,15,49526
2277619,16,45
2278638,15,49498
2278638,16,30
2279613,15,49514
2279613,16,26
2280634,15,49509
2280634,16,11
2281617,15,49487
2281617,16,12
2282635,15,49507
2282635,16,42
2283607,15,49500
2283607,16,25
2284631,15,49509
2284631,16,36
2285608,15,49508
2285608,16,40
2286628,15,49506
2286628,16,32
2287643,15,49518
2287643,16,23
2288628,15,49480
2288628,16,28
2289647,15,49503
2289647,16,30
2290622,15,49497
2290622,16,48
2291643,15,49519
2291643,16,23
2292621,15,49493
2292621,16,34
2293642,15,49503
2293642,16,48
2294619,15,49504
2294619,16,25
2295639,15,49504
2295639,16,30
2296614,15,49519
2296614,16,35
2297636,15,49495
2297636,16,26
2298614,15,49492
2298614,16,31
2299630,15,49511
2299630,16,29
2300610,15,49490
2300610,16,49
2301632,15,49476
2301632,16,41
2302609,15,49518
2302609,16,41
2303627,15,49500
2303627,16,40
2304645,15,49508
2304645,16,36
2305626,15,49528
2305626,16,39
2306643,15,49499
2306643,16,34
2307625,15,49523
2307625,16,23
2308643,15,49506
2308643,16,41
2309622,15,49509
2309622,16,40
2310643,15,49474
2310643,16,30
2311616,15,49512
2311616,16,35
2312639,15,49500
2312639,16,39
2313615,15,49517
2313615,16,49
2314634,15,49507
2314634,16,41
2315614,15,49497
2315614,16,49
2316632,15,49491
2316632,16,48
2317608,15,49484
2317608,16,34
2318633,15,49505
2318633,16,48
2319611,15,49508
2319611,16,38
2320626,15,49496
2320626,16,44
2321649,15,49492
2321649,16,30
2322625,15,49485
2322625,16,47
2323644,15,49532
2323644,16,40
2324621,15,49509
2324621,16,51
2325644,15,49501
2325644,16,34
2326625,15,49508
2326625,16,31
2327641,15,49494
2327641,16,57
2328616,15,49504
2328616,16,26
2329638,15,49497
2329638,16,18
2330614,15,49497
2330614,16,37
2331632,15,49493
2331632,16,27
2332615,15,49517
2332615,16,24
2333632,15,49488
2333632,16,25
2334612,15,49516
2334612,16,20
2335630,15,49525
2335630,16,28
2336606,15,49507
2336606,16,32
2337628,15,49504
2337628,16,45
2338646,15,49503
2338646,16,40
2339624,15,49518
2339624,16,0
2340649,15,49499
2340649,16,40
2341623,15,49500
2341623,16,40
2342642,15,49522
2342642,16,39
2343621,15,49489
2343621,16,35
2344643,15,49502
2344643,16,43
2345618,15,49502
2345618,16,33
2346638,15,49525
2346638,16,27
2347614,15,49484
2347614,16,37
2348636,15,49517
2348636,16,31
2349617,15,49505
2349617,16,46
2350630,15,49518
2350630,16,13
2351612,15,49518
2351612,16,35
2352630,15,49499
2352630,16,32
2353601,15,49489
2353601,16,37
2354626,15,49514
2354626,16,24
2355646,15,49483
2355646,16,25
2356624,15,49511
2356624,16,27
2357647,15,49487
2357647,16,34
2358619,15,49495
2358619,16,57
2359644,15,49503
2359644,16,40
2360615,15,49507
2360615,16,36
2361642,15,49489
2361642,16,44
2362615,15,49497
2362615,16,33
2363634,15,49512
2363634,16,28
2364617,15,49522
2364617,16,48
2365636,15,49497
2365636,16,17
2366615,15,49495
2366615,16,43
2367632,15,49496
2367632,16,57
2368612,15,49512
2368612,16,29
2369632,15,49489
2369632,16,32
2370607,15,49506
2370607,16,33
2371626,15,49491
2371626,16,48
2372648,15,49487
2372648,16,26
2373627,15,49512
2373627,16,45
2374646,15,49521
2374646,16,31
2375624,15,49498
2375624,16,38
2376645,15,49497
2376645,16,52
2377621,15,49504
2377621,16,45
2378640,15,49487
2378640,16,35
2379620,15,49496
2379620,16,24
2380639,15,49513
2380639,16,46
2381615,15,49504
2381615,16,43
2382634,15,49485
2382634,16,32
2383611,15,49519
2383611,16,44
2384632,15,49488
2384632,16,42
2385609,15,49501
2385609,16,31
2386628,15,49522
2386628,16,39
2387607,15,49503
2387607,16,43
2388627,15,49489
2388627,16,33
2389649,15,49510
2389649,16,39
2390623,15,49494
2390623,16,51
2391647,15,49497
2391647,16,27
2392626,15,49508
2392626,16,36
2393641,15,49509
2393641,16,39
2394620,15,49502
2394620,16,39
2395641,15,49510
2395641,16,34
2396619,15,49510
2396619,16,42
2397638,15,49495
2397638,16,41
2398616,15,49490
2398616,16,42
2399632,15,49509
2399632,16,26
2400607,15,49496
2400607,16,39
2401629,15,49499
2401629,16,31
2402608,15,49504
2402608,16,45
2403631,15,49488
2403631,16,28
2404603,15,49511
2404603,16,25
2405630,15,49495
2405630,16,58
2406646,15,49502
2406646,16,37
2407626,15,49493
2407626,16,47
2408643,15,49491
2408643,16,42
2409623,15,49496
2409623,16,54
2410644,15,49497
2410644,16,42
2411618,15,49515
2411618,16,29
2412637,15,49492
2412637,16,25
2415315,15,49525
2415315,16,42
2416338,15,49509
2416338,16,15
2417358,15,49501
2417358,16,38
2418335,15,49505
2418335,16,24
2419352,15,49518
2419352,16,46
2420331,15,49522
2420331,16,27
2421358,15,49498
2421358,16,34
2422333,15,49516
2422333,16,33
2423350,15,49517
2423350,16,54
2424325,15,49514
2424325,16,40
2425349,15,49520
2425349,16,27
2428066,15,49508
2428066,16,43
2429088,15,49517
2429088,16,23
2430106,15,49484
2430106,16,26
2431086,15,49511
2431086,16,56
2432107,15,49513
2432107,16,47
2433081,15,49506
2433081,16,36
2434106,15,49512
2434106,16,36
2435084,15,49506
2435084,16,45
2436100,15,49502
2436100,16,37
2437077,15,49503
2437077,16,22
2438101,15,49490
2438101,16,14
2439073,15,49516
2439073,16,56
2440098,15,49497
2440098,16,32
2441075,15,49506
2441075,16,47
2442093,15,49533
2442093,16,40
2443066,15,49480
2443066,16,45
2444089,15,49511
2444089,16,24
2445069,15,49508
2445069,16,36
2446088,15,49501
2446088,16,24
2447110,15,49505
2447110,16,26
2448087,15,49492
2448087,16,21
2449107,15,49503
2449107,16,18
2450083,15,49525
2450083,16,35
2451103,15,49506
2451103,16,53
2452079,15,49495
2452079,16,40
2453099,15,49492
2453099,16,30
2454075,15,49508
2454075,16,41
2455092,15,49517
2455092,16,18
2456071,15,49498
2456071,16,33
2457097,15,49518
2457097,16,57
2458068,15,49510
2458068,16,54
2459093,15,49509
2459093,16,35
2460073,15,49538
2460073,16,35
2461088,15,49485
2461088,16,35
2462065,15,49499
2462065,16,46
2463085,15,49506
2463085,16,20
2464109,15,49492
2464109,16,40
2465084,15,49517
2465084,16,26
2466103,15,49516
2466103,16,37
2467083,15,49510
2467083,16,36
2468100,15,49496
2468100,16,26
2469078,15,49507
2469078,16,25
2470102,15,49528
2470102,16,29
2471076,15,49511
2471076,16,35
2472098,15,49488
2472098,16,20
2473077,15,49518
2473077,16,39
2474099,15,49507
2474099,16,39
2475075,15,49494
2475075,16,24
2476094,15,49493
2476094,16,34
2477072,15,49532
2477072,16,63
2478087,15,49506
2478087,16,52
2479064,15,49496
2479064,16,34
2480083,15,49512
2480083,16,37
2481108,15,49511
2481108,16,28
2482087,15,49490
2482087,16,29
2483102,15,49491
2483102,16,19
2484082,15,49486
2484082,16,19
2485104,15,49504
2485104,16,29
2486080,15,49519
2486080,16,38
2487100,15,49506
2487100,16,13
2488078,15,49494
2488078,16,46
2489101,15,49498
2489101,16,33
2490078,15,49511
2490078,16,51
2491097,15,49533
2491097,16,14
2492071,15,49502
2492071,16,28
2493092,15,49517
2493092,16,50
2494072,15,49501
2494072,16,33
2495090,15,49508
2495090,16,29
2496073,15,49501
2496073,16,31
2497087,15,49499
2497087,16,11
2498110,15,49494
2498110,16,40
2499086,15,49503
2499086,16,30
2500108,15,49487
2500108,16,45
2501081,15,49513
2501081,16,32
2502104,15,49499
2502104,16,21
2503077,15,49496
2503077,16,63
2504102,15,49491
2504102,16,40
2505081,15,49519
2505081,16,39
2506096,15,49505
2506096,16,30
2507077,15,49493
2507077,16,36
2508093,15,49485
2508093,16,36
2509076,15,49522
2509076,16,39
2510089,15,49485
2510089,16,23
2511070,15,49490
2511070,16,49
2512088,15,49532
2512088,16,19
2513068,15,49516
2513068,16,41
2514091,15,49500
2514091,16,31
2515110,15,49515
2515110,16,39
2516081,15,49492
2516081,16,63
2517104,15,49498
2517104,16,37
2518083,15,49506
2518083,16,35
2519103,15,49486
2519103,16,23
2520075,15,49509
2520075,16,21
2521100,15,49505
2521100,16,59
2522073,15,49494
2522073,16,39
2523099,15,49501
2523099,16,44
2524076,15,49504
2524076,16,47
2525095,15,49505
2525095,16,24
2526073,15,49494
2526073,16,23
2527093,15,49506
2527093,16,20
2528068,15,49502
2528068,16,31
2529086,15,49485
2529086,16,33
2530063,15,49498
2530063,16,50
2531090,15,49508
2531090,16,41
2532111,15,49502
2532111,16,13
2533087,15,49503
2533087,16,24
2534105,15,49508
2534105,16,39
2535081,15,49505
2535081,16,50
2536104,15,49519
2536104,16,31
2537080,15,49494
2537080,16,20
2538099,15,49490
2538099,16,27
2539073,15,49490
2539073,16,34
2540096,15,49514
2540096,16,29
2541074,15,49516
2541074,16,43
2542096,15,49498
2542096,16,38
2543073,15,49522
2543073,16,33
2544092,15,49509
2544092,16,55
2545073,15,49495
2545073,16,28
2546090,15,49499
2546090,16,56
2547066,15,49513
2547066,16,35
2548087,15,49507
2548087,16,30
2549105,15,49524
2549105,16,32
2550084,15,49517
2550084,16,36
2551104,15,49483
2551104,16,40
2552082,15,49502
2552082,16,29
2553100,15,49504
2553100,16,44
2554082,15,49512
2554082,16,37
2555099,15,49498
2555099,16,35
2556079,15,49486
2556079,16,42
2557100,15,49500
2557100,16,35
2558078,15,49529
2558078,16,41
2559092,15,49503
2559092,16,36
2560072,15,49521
2560072,16,26
2561093,15,49513
2561093,16,51
2562073,15,49517
2562073,16,23
2563093,15,49504
2563093,16,37
2564071,15,49501
2564071,16,21
2565090,15,49496
2565090,16,30
2566106,15,49513
2566106,16,30
2567083,15,49492
2567083,16,41
2568104,15,49512
2568104,16,15
2569080,15,49506
2569080,16,25
2570108,15,49516
2570108,16,19
2571079,15,49517
2571079,16,37
2572102,15,49493
2572102,16,41
2573078,15,49494
2573078,16,34
2574099,15,49514
2574099,16,49
2575073,15,49485
2575073,16,47
2576097,15,49511
2576097,16,35
2577074,15,49504
2577074,16,46
2578094,15,49479
2578094,16,32
2579070,15,49506
2579070,16,26
2580096,15,49491
2580096,16,45
2581071,15,49507
2581071,16,40
2582083,15,49503
2582083,16,31
2583108,15,49507
2583108,16,60
2584084,15,49520
2584084,16,33
2585109,15,49528
2585109,16,53
2586079,15,49504
2586079,16,36
2587106,15,49519
2587106,16,43
2588083,15,49528
2588083,16,51
2589104,15,49491
2589104,16,38
2590080,15,49489
2590080,16,40
2591097,15,49492
2591097,16,34
2592075,15,49490
2592075,16,41
2593096,15,49507
2593096,16,33
2594075,15,49506
2594075,16,32
2595094,15,49504
2595094,16,27
2596071,15,49497
2596071,16,18
2597090,15,49497
2597090,16,64
2600660,15,49517
2600660,16,51
2601680,15,49507
2601680,16,30
2602700,15,49496
2602700,16,32
2603675,15,49502
2603675,16,45
2604694,15,49499
2604694,16,31
2605677,15,49498
2605677,16,27
2606696,15,49497
2606696,16,45
2607669,15,49515
2607669,16,45
2608695,15,49486
2608695,16,34
2609669,15,49498
2609669,16,36
2610689,15,49498
2610689,16,60
2611666,15,49503
2611666,16,47
2612683,15,49497
2612683,16,13
2613668,15,49513
2613668,16,24
2614683,15,49484
2614683,16,34
2615664,15,49493
2615664,16,48
2616682,15,49491
2616682,16,39
2617659,15,49495
2617659,16,23
2618675,15,49498
2618675,16,39
2619703,15,49492
2619703,16,46
2620678,15,49495
2620678,16,54
2621699,15,49507
2621699,16,32
2622674,15,49489
2622674,16,45
2623695,15,49515
2623695,16,37
2624670,15,49531
2624670,16,54
2625690,15,49503
2625690,16,18
2626671,15,49510
2626671,16,37
2627689,15,49504
2627689,16,56
2628666,15,49505
2628666,16,45
2629687,15,49502
2629687,16,32
2630665,15,49499
2630665,16,39
2631686,15,49507
2631686,16,30
2632662,15,49523
2632662,16,35
2633679,15,49491
2633679,16,9
2634661,15,49517
2634661,16,41
2635680,15,49495
2635680,16,45
2636698,15,49501
2636698,16,20
2637680,15,49492
2637680,16,37
2638697,15,49506
2638697,16,52
2639675,15,49506
2639675,16,39
2640697,15,49494
2640697,16,30
2641676,15,49501
2641676,16,43
2642693,15,49510
2642693,16,26
2643671,15,49511
2643671,16,32
2644691,15,49500
2644691,16,37
2645666,15,49515
2645666,16,32
2646688,15,49502
2646688,16,13
2647666,15,49511
2647666,16,33
2648685,15,49517
2648685,16,39
2649662,15,49512
2649662,16,44
2650683,15,49509
2650683,16,38
2651660,15,49483
2651660,16,33
2652682,15,49498
2652682,16,42
2653700,15,49496
2653700,16,60
2654675,15,49518
2654675,16,49
2655698,15,49488
2655698,16,43
2656675,15,49526
2656675,16,21
2657694,15,49509
2657694,16,20
2658674,15,49523
2658674,16,50
2659693,15,49504
2659693,16,30
2660665,15,49528
2660665,16,31
2661688,15,49515
2661688,16,49
2662669,15,49511
2662669,16,29
2663687,15,49487
2663687,16,60
2664664,15,49504
2664664,16,30
2665685,15,49505
2665685,16,43
2666662,15,49519
2666662,16,50
2667680,15,49506
2667680,16,20
2668664,15,49528
2668664,16,26
2669680,15,49516
2669680,16,25
2670699,15,49518
2670699,16,16
2671680,15,49514
2671680,16,35
2672700,15,49504
2672700,16,30
2673676,15,49522
2673676,16,40
2674699,15,49507
2674699,16,42
2675672,15,49510
2675672,16,28
2676691,15,49519
2676691,16,37
2677669,15,49515
2677669,16,57
2678688,15,49505
2678688,16,18
2680815,15,49497
2680815,16,50
2681838,15,49503
2681838,16,32
2682854,15,49520
2682854,16,50
2683835,15,49496
2683835,16,35
2684852,15,49518
2684852,16,52
2685826,15,49514
2685826,16,32
2686851,15,49499
2686851,16,39
2687829,15,49504
2687829,16,39
2688846,15,49504
2688846,16,49
2689826,15,49504
2689826,16,45
2690845,15,49504
2690845,16,26
2691824,15,49504
2691824,16,45
2692844,15,49505
2692844,16,39
2693821,15,49479
2693821,16,27
2694840,15,49517
2694840,16,48
2695819,15,49514
2695819,16,44
2696838,15,49493
2696838,16,27
2697817,15,49504
2697817,16,6
2698837,15,49531
2698837,16,44
2699855,15,49492
2699855,16,25
2700835,15,49499
2700835,16,38
2701851,15,49512
2701851,16,23
2702827,15,49509
2702827,16,19
2703850,15,49496
2703850,16,32
2704828,15,49509
2704828,16,55
2705847,15,49511
2705847,16,38
2706827,15,49499
2706827,16,36
2707844,15,49508
2707844,16,45
2708821,15,49504
2708821,16,64
2709842,15,49512
2709842,16,35
2710819,15,49510
2710819,16,16
2711837,15,49504
2711837,16,27
2712816,15,49507
2712816,16,29
2713839,15,49506
2713839,16,38
2714814,15,49501
2714814,16,20
2715834,15,49499
2715834,16,26
2716858,15,49485
2716858,16,37
2717834,15,49495
2717834,16,39
2718848,15,49513
2718848,16,41
2719829,15,49500
2719829,16,23
2720852,15,49516
2720852,16,35
2721827,15,49513
2721827,16,52
2722849,15,49521
2722849,16,43
2723825,15,49491
2723825,16,39
2724846,15,49523
2724846,16,36
2725823,15,49500
2725823,16,33
2726840,15,49502
2726840,16,40
2727825,15,49485
2727825,16,35
2728842,15,49505
2728842,16,42
2729816,15,49498
2729816,16,60
2730842,15,49499
2730842,16,11
2731816,15,49491
2731816,16,49
2732836,15,49497
2732836,16,32
2733856,15,49512
2733856,16,48
2734831,15,49478
2734831,16,38
2735848,15,49504
2735848,16,24
2736832,15,49512
2736832,16,34
2737851,15,49511
2737851,16,39
2738830,15,49508
2738830,16,26
2739849,15,49498
2739849,16,32
2740825,15,49490
2740825,16,10
2741844,15,49512
2741844,16,29
2742819,15,49505
2742819,16,32
2743843,15,49496
2743843,16,25
2744818,15,49511
2744818,16,55
2745840,15,49504
2745840,16,29
2746818,15,49502
2746818,16,35
2747835,15,49496
2747835,16,38
2748814,15,49503
2748814,16,27
2749837,15,49499
2749837,16,35
2750852,15,49501
2750852,16,33
2751835,15,49523
2751835,16,42
2752855,15,49503
2752855,16,31
2753827,15,49508
2753827,16,46
2754848,15,49511
2754848,16,41
2755829,15,49489
2755829,16,35
2756849,15,49520
2756849,16,39
2757826,15,49501
2757826,16,34
2758846,15,49519
2758846,16,48
2759823,15,49482
2759823,16,40
2760842,15,49500
2760842,16,38
2761821,15,49522
2761821,16,18
2762839,15,49513
2762839,16,33
2763818,15,49495
2763818,16,42
2764835,15,49511
2764835,16,48
2765816,15,49510
2765816,16,61
2766833,15,49492
2766833,16,30
2767855,15,49496
2767855,16,42
2768830,15,49506
2768830,16,19
2769852,15,49490
2769852,16,23
2770826,15,49487
2770826,16,25
2771848,15,49495
2771848,16,45
2772826,15,49494
2772826,16,60
2773845,15,49500
2773845,16,42
2774826,15,49501
2774826,16,11
2775846,15,49514
2775846,16,25
2776824,15,49482
2776824,16,48
2777840,15,49502
2777840,16,43
2778821,15,49501
2778821,16,42
2779841,15,49511
2779841,16,32
2780815,15,49511
2780815,16,38
2781838,15,49504
2781838,16,41
2782816,15,49491
2782816,16,29
2783837,15,49488
2783837,16,35
2784853,15,49499
2784853,16,39
2785832,15,49518
2785832,16,35
2786851,15,49513
2786851,16,27
2787834,15,49529
2787834,16,29
2788852,15,49503
2788852,16,29
2789826,15,49501
2789826,16,29
2790848,15,49511
2790848,16,18
2791826,15,49506
2791826,16,43
2792844,15,49502
2792844,16,34
2793822,15,49512
2793822,16,13
2794844,15,49515
2794844,16,10
2795819,15,49507
2795819,16,36
2796838,15,49507
2796838,16,53
2797821,15,49484
2797821,16,29
2798840,15,49493
2798840,16,34
2799818,15,49505
2799818,16,36
2800839,15,49497
2800839,16,28
2801856,15,49506
2801856,16,48
2802833,15,49513
2802833,16,50
2803852,15,49496
2803852,16,28
2804828,15,49517
2804828,16,49
2805850,15,49508
2805850,16,34
2806825,15,49503
2806825,16,16
2807849,15,49503
2807849,16,46
2808822,15,49505
2808822,16,43
2809845,15,49500
2809845,16,33
2810825,15,49517
2810825,16,31
2811844,15,49499
2811844,16,37
2812819,15,49499
2812819,16,54
2813840,15,49509
2813840,16,54
2814818,15,49499
2814818,16,32
2815840,15,49494
2815840,16,57
2816814,15,49506
2816814,16,43
2817834,15,49496
2817834,16,34
2818855,15,49500
2818855,16,43
2819830,15,49503
2819830,16,51
2820854,15,49486
2820854,16,42
2821827,15,49498
2821827,16,28
2822850,15,49497
2822850,16,37
2823828,15,49514
2823828,16,35
2824850,15,49533
2824850,16,49
2825826,15,49498
2825826,16,35
2826842,15,49497
2826842,16,44
2827824,15,49508
2827824,16,57
2828844,15,49493
2828844,16,41
2829818,15,49512
2829818,16,23
2830840,15,49508
2830840,16,13
2831816,15,49511
2831816,16,44
2832833,15,49507
2832833,16,53
2833813,15,49520
2833813,16,27
2834835,15,49520
2834835,16,29
2835856,15,49506
2835856,16,12
2836830,15,49515
2836830,16,30
2837850,15,49496
2837850,16,44
2838829,15,49511
2838829,16,34
2839849,15,49481
2839849,16,37
2840828,15,49503
2840828,16,49
2841844,15,49505
2841844,16,22
2842824,15,49508
2842824,16,41
2843846,15,49513
2843846,16,28
2844822,15,49504
2844822,16,40
2845841,15,49528
2845841,16,64
2846822,15,49513
2846822,16,32
2847840,15,49512
2847840,16,30
2848818,15,49510
2848818,16,45
2849835,15,49491
2849835,16,35
2850813,15,49516
2850813,16,27
2851833,15,49499
2851833,16,19
2852855,15,49508
2852855,16,49
2853832,15,49488
2853832,16,40
2854850,15,49494
2854850,16,41
2855831,15,49518
2855831,16,19
2856850,15,49519
2856850,16,43
2857830,15,49497
2857830,16,37
2858849,15,49510
2858849,16,33
2859826,15,49472
2859826,16,3
2860846,15,49515
2860846,16,32
2861821,15,49524
2861821,16,34
2862845,15,49504
2862845,16,43
2863817,15,49511
2863817,16,43
2864838,15,49490
2864838,16,57
2865812,15,49506
2865812,16,40
2866840,15,49491
2866840,16,53
2867815,15,49518
2867815,16,34
2868836,15,49517
2868836,16,45
2869851,15,49488
2869851,16,44
2870831,15,49498
2870831,16,15
2871853,15,49503
2871853,16,49
2872829,15,49505
2872829,16,38
2873851,15,49502
2873851,16,29
2874826,15,49517
2874826,16,28
2875846,15,49490
2875846,16,40
2876825,15,49519
2876825,16,24
2877844,15,49520
2877844,16,17
2878822,15,49507
2878822,16,47
2879842,15,49493
2879842,16,30
2880817,15,49501
2880817,16,35
2881841,15,49493
2881841,16,33
2882818,15,49497
2882818,16,29
2883835,15,49518
2883835,16,53
2884816,15,49508
2884816,16,32
2885834,15,49509
2885834,16,58
2886855,15,49506
2886855,16,44
2887832,15,49509
2887832,16,51
2888852,15,49513
2888852,16,28
2889831,15,49515
2889831,16,24
2890853,15,49490
2890853,16,40
2891829,15,49511
2891829,16,38
2892846,15,49501
2892846,16,42
2893822,15,49513
2893822,16,45
2894847,15,49502
2894847,16,34
2895823,15,49490
2895823,16,19
2896844,15,49516
2896844,16,54
2897819,15,49524
2897819,16,43
2898840,15,49502
2898840,16,30
2899820,15,49504
2899820,16,23
2900837,15,49517
2900837,16,30
2901816,15,49489
2901816,16,36
2902836,15,49514
2902836,16,43
2903857,15,49503
2903857,16,46
2904831,15,49501
2904831,16,33
2905852,15,49502
2905852,16,27
2906831,15,49514
2906831,16,35
2907849,15,49506
2907849,16,28
2908829,15,49502
2908829,16,40
2909848,15,49504
2909848,16,38
2910823,15,49508
2910823,16,46
2911845,15,49493
2911845,16,49
2912823,15,49518
2912823,16,43
2913842,15,49510
2913842,16,22
2914821,15,49505
2914821,16,9
2915844,15,49499
2915844,16,40
2916817,15,49520
2916817,16,32
2917839,15,49494
2917839,16,32
2918819,15,49503
2918819,16,33
2919838,15,49483
2919838,16,41
2920855,15,49495
2920855,16,34
2921832,15,49513
2921832,16,29
2922855,15,49505
2922855,16,31
2923832,15,49503
2923832,16,52
2924848,15,49514
2924848,16,27
2925828,15,49488
2925828,16,32
2926846,15,49504
2926846,16,40
2927822,15,49507
2927822,16,9
2928845,15,49500
2928845,16,48
2929826,15,49508
2929826,16,68
2930842,15,49493
2930842,16,46
2931818,15,49507
2931818,16,17
2932839,15,49511
2932839,16,54
2933817,15,49521
2933817,16,29
2934838,15,49515
2934838,16,29
2935815,15,49504
2935815,16,29
2936834,15,49501
2936834,16,44
2937853,15,49503
2937853,16,53
2938831,15,49503
2938831,16,60
2939850,15,49511
2939850,16,33
2940831,15,49517
2940831,16,45
2941851,15,49490
2941851,16,32
2942826,15,49508
2942826,16,37
2943848,15,49500
2943848,16,42
2944825,15,49504
2944825,16,45
2945846,15,49511
2945846,16,39
2946821,15,49507
2946821,16,31
2947843,15,49502
2947843,16,24
2948821,15,49503
2948821,16,25
2949843,15,49487
2949843,16,36
2950819,15,49517
2950819,16,26
2951838,15,49512
2951838,16,48
2952817,15,49509
2952817,16,35
2953836,15,49504
2953836,16,33
2954857,15,49518
2954857,16,52
2955832,15,49514
2955832,16,22
2956852,15,49514
2956852,16,53
2957829,15,49505
2957829,16,10
2958850,15,49507
2958850,16,50
2959825,15,49514
2959825,16,48
2960848,15,49505
2960848,16,44
2961826,15,49500
2961826,16,27
2962845,15,49502
2962845,16,48
2963827,15,49485
2963827,16,48
2964842,15,49498
2964842,16,36
2965822,15,49500
2965822,16,24
2966843,15,49496
2966843,16,43
2967820,15,49492
2967820,16,43
2968838,15,49511
2968838,16,30
2969818,15,49523
2969818,16,36
2970838,15,49499
2970838,16,35
2971855,15,49493
2971855,16,34
2972830,15,49508
2972830,16,40
2973852,15,49509
2973852,16,38
2974828,15,49505
2974828,16,36
2975851,15,49501
2975851,16,36
2976830,15,49529
2976830,16,38
2977846,15,49508
2977846,16,32
2978824,15,49495
2978824,16,28
2979846,15,49495
2979846,16,31
2980823,15,49499
2980823,16,35
2981841,15,49518
2981841,16,32
2982820,15,49501
2982820,16,35
2983836,15,49517
2983836,16,34
2984818,15,49511
2984818,16,28
2985836,15,49496
2985836,16,41
2986818,15,49512
2986818,16,34
2987837,15,49526
2987837,16,42
2988857,15,49508
2988857,16,43
2989832,15,49495
2989832,16,37
2990849,15,49507
2990849,16,42
2991832,15,49496
2991832,16,41
2992849,15,49496
2992849,16,63
2993829,15,49499
2993829,16,35
2994847,15,49515
2994847,16,56
2995823,15,49487
2995823,16,28
2996847,15,49522
2996847,16,66
2997821,15,49497
2997821,16,26
2998841,15,49509
2998841,16,42
2999817,15,49491
2999817,16,50
3000841,15,49497
3000841,16,51
3001817,15,49491
3001817,16,35
3002836,15,49498
3002836,16,41
3003814,15,49523
3003814,16,33
3004837,15,49498
3004837,16,30
3005857,15,49498
3005857,16,56
3006833,15,49509
3006833,16,30
3007853,15,49510
3007853,16,20
3008826,15,49495
3008826,16,21
3009848,15,49485
3009848,16,37
3010829,15,49505
3010829,16,35
3011850,15,49512
3011850,16,40
3012825,15,49489
3012825,16,47
3013850,15,49505
3013850,16,27
3014821,15,49494
3014821,16,19
3015841,15,49524
3015841,16,50
3016821,15,49516
3016821,16,40
3017839,15,49504
3017839,16,45
3018820,15,49501
3018820,16,27
3019834,15,49505
3019834,16,26
3020813,15,49511
3020813,16,39
3021834,15,49512
3021834,16,39
3022858,15,49492
3022858,16,69
3023834,15,49495
3023834,16,18
3024851,15,49499
3024851,16,32
3025833,15,49499
3025833,16,34
3026850,15,49517
3026850,16,35
3027829,15,49502
3027829,16,29
3028847,15,49507
3028847,16,34
3029823,15,49499
3029823,16,25
3030842,15,49517
3030842,16,34
3031819,15,49495
3031819,16,38
3032840,15,49504
3032840,16,42
3033820,15,49504
3033820,16,51
3034837,15,49511
3034837,16,29
3035813,15,49531
3035813,16,44
3036836,15,49498
3036836,16,34
3037815,15,49514
3037815,16,39
3038837,15,49488
3038837,16,52
3039854,15,49501
3039854,16,38
3040832,15,49516
3040832,16,43
3041855,15,49507
3041855,16,20
3042831,15,49496
3042831,16,49
3043850,15,49503
3043850,16,57
3044825,15,49499
3044825,16,12
3045847,15,49498
3045847,16,16
3046825,15,49474
3046825,16,43
3047844,15,49517
3047844,16,44
3048822,15,49518
3048822,16,29
3049844,15,49516
3049844,16,37
3050820,15,49504
3050820,16,20
3051839,15,49508
3051839,16,39
3052817,15,49510
3052817,16,45
3053840,15,49511
3053840,16,37
3054813,15,49499
3054813,16,41
3055838,15,49499
3055838,16,36
3056857,15,49517
3056857,16,28
3057829,15,49499
3057829,16,37
3058851,15,49504
3058851,16,48
3059830,15,49498
3059830,16,41
3060849,15,49519
3060849,16,16
3061826,15,49508
3061826,16,45
3062845,15,49504
3062845,16,49
3063824,15,49500
3063824,16,54
3064844,15,49512
3064844,16,50
3065821,15,49497
3065821,16,43
3066846,15,49491
3066846,16,8
3067824,15,49492
3067824,16,29
3068843,15,49501
3068843,16,29
3069816,15,49538
3069816,16,15
3070836,15,49505
3070836,16,36
3071816,15,49495
3071816,16,40
3072833,15,49481
3072833,16,36
3073854,15,49499
3073854,16,42
3074833,15,49496
3074833,16,41
3075851,15,49491
3075851,16,47
3076831,15,49513
3076831,16,27
3077846,15,49517
3077846,16,15
3078824,15,49501
3078824,16,40
3079848,15,49503
3079848,16,20
3082228,15,49507
3082228,16,36
3083247,15,49512
3083247,16,28
3084271,15,49509
3084271,16,36
3085247,15,49494
3085247,16,46
3086265,15,49511
3086265,16,59
3087241,15,49518
3087241,16,42
3088264,15,49497
3088264,16,42
3089242,15,49511
3089242,16,54
3090260,15,49483
3090260,16,14
3091237,15,49489
3091237,16,42
3092257,15,49498
3092257,16,24
3093236,15,49529
3093236,16,52
3094259,15,49511
3094259,16,27
3095230,15,49520
3095230,16,58
3096252,15,49497
3096252,16,16
3097229,15,49494
3097229,16,41
3098248,15,49506
3098248,16,36
3099269,15,49498
3099269,16,35
3100249,15,49503
3100249,16,33
3101270,15,49513
3101270,16,35
3102248,15,49515
3102248,16,19
3103266,15,49504
3103266,16,31
3104244,15,49510
3104244,16,30
3105263,15,49513
3105263,16,54
3106239,15,49494
3106239,16,45
3107258,15,49499
3107258,16,49
3108235,15,49514
3108235,16,38
3109255,15,49522
3109255,16,26
3110233,15,49525
3110233,16,40
3111257,15,49480
3111257,16,21
3112235,15,49502
3112235,16,46
3113252,15,49518
3113252,16,15
3114230,15,49511
3114230,16,35
3115246,15,49500
3115246,16,38
3116270,15,49531
3116270,16,48
3117248,15,49492
3117248,16,55
3118267,15,49505
3118267,16,40
3119242,15,49516
3119242,16,23
3120264,15,49517
3120264,16,40
3121241,15,49507
3121241,16,41
3122261,15,49499
3122261,16,18
3123242,15,49507
3123242,16,34
3124259,15,49488
3124259,16,14
3125240,15,49515
3125240,16,47
3126261,15,49500
3126261,16,23
3127239,15,49506
3127239,16,48
3128251,15,49503
3128251,16,31
3129234,15,49517
3129234,16,28
3130253,15,49491
3130253,16,43
3131229,15,49508
3131229,16,32
3132251,15,49503
3132251,16,32
3133273,15,49517
3133273,16,45
3134248,15,49520
3134248,16,37
3135273,15,49509
3135273,16,47
3136247,15,49495
3136247,16,56
3137264,15,49508
3137264,16,25
3138241,15,49491
3138241,16,41
3139261,15,49491
3139261,16,27
3140242,15,49498
3140242,16,43
3141261,15,49519
3141261,16,31
3142239,15,49505
3142239,16,36
3143264,15,49505
3143264,16,38
3144238,15,49507
3144238,16,43
3145255,15,49510
3145255,16,52
3146231,15,49490
3146231,16,80
3147252,15,49475
3147252,16,47
3148231,15,49497
3148231,16,45
3149254,15,49503
3149254,16,38
3150270,15,49493
3150270,16,43
3151243,15,49520
3151243,16,41
3152268,15,49499
3152268,16,31
3153246,15,49507
3153246,16,23
3154268,15,49514
3154268,16,26
3155241,15,49492
3155241,16,46
3156259,15,49504
3156259,16,22
3157239,15,49505
3157239,16,25
3158257,15,49516
3158257,16,35
3159239,15,49511
3159239,16,28
3160256,15,49506
3160256,16,47
3161231,15,49512
3161231,16,55
3162251,15,49505
3162251,16,40
3163235,15,49502
3163235,16,35
3164252,15,49503
3164252,16,49
3165229,15,49491
3165229,16,40
3166249,15,49516
3166249,16,35
3167269,15,49501
3167269,16,42
3168246,15,49514
3168246,16,41
3169265,15,49504
3169265,16,23
3170244,15,49511
3170244,16,50
3171261,15,49520
3171261,16,38
3172243,15,49491
3172243,16,45
3173261,15,49496
3173261,16,48
3174238,15,49516
3174238,16,20
3175266,15,49508
3175266,16,32
3176241,15,49508
3176241,16,35
3177258,15,49512
3177258,16,15
3178235,15,49496
3178235,16,14
3179253,15,49529
3179253,16,17
3180230,15,49498
3180230,16,46
3181252,15,49507
3181252,16,38
3182231,15,49504
3182231,16,25
3183251,15,49496
3183251,16,30
3184270,15,49512
3184270,16,40
3185245,15,49521
3185245,16,59
3186269,15,49501
3186269,16,39
3187245,15,49518
3187245,16,34
3188264,15,49493
3188264,16,33
3189241,15,49510
3189241,16,26
3190260,15,49513
3190260,16,27
3191242,15,49501
3191242,16,19
3192260,15,49517
3192260,16,60
3193239,15,49499
3193239,16,46
3194258,15,49500
3194258,16,49
3195236,15,49492
3195236,16,40
3196255,15,49518
3196255,16,51
3197232,15,49501
3197232,16,44
3198250,15,49502
3198250,16,31
3199228,15,49500
3199228,16,27
3200247,15,49507
3200247,16,42
3201270,15,49517
3201270,16,33
3202244,15,49511
3202244,16,47
3203269,15,49478
3203269,16,40
3204245,15,49510
3204245,16,43
3205266,15,49509
3205266,16,23
3206242,15,49506
3206242,16,32
3207262,15,49514
3207262,16,38
3208238,15,49486
3208238,16,26
3209260,15,49505
3209260,16,27
3210236,15,49497
3210236,16,31
3211258,15,49496
3211258,16,28
3212235,15,49492
3212235,16,34
3213255,15,49507
3213255,16,31
3214232,15,49543
3214232,16,37
3215253,15,49502
3215253,16,15
3216229,15,49514
3216229,16,34
3217247,15,49507
3217247,16,31
3218267,15,49500
3218267,16,27
3219247,15,49514
3219247,16,34
3220266,15,49498
3220266,16,20
3221245,15,49496
3221245,16,43
3222263,15,49491
3222263,16,40
3223245,15,49499
3223245,16,34
3224261,15,49514
3224261,16,35
3225241,15,49500
3225241,16,48
3226262,15,49504
3226262,16,26
3227239,15,49488
3227239,16,45
3228256,15,49506
3228256,16,35
3229234,15,49516
3229234,16,27
3230254,15,49517
3230254,16,45
3231230,15,49496
3231230,16,23
3234593,15,49507
3234593,16,48
3235610,15,49498
3235610,16,38
3236630,15,49511
3236630,16,41
3237604,15,49508
3237604,16,19
3238625,15,49497
3238625,16,24
3239606,15,49491
3239606,16,35
3240626,15,49507
3240626,16,21
3241600,15,49477
3241600,16,36
3242621,15,49501
3242621,16,34
3243601,15,49492
3243601,16,46
3244619,15,49518
3244619,16,23
3245597,15,49485
3245597,16,54
3246616,15,49505
3246616,16,39
3247595,15,49497
3247595,16,40
3248615,15,49505
3248615,16,47
3249636,15,49504
3249636,16,25
3250612,15,49506
3250612,16,41
3251632,15,49533
3251632,16,37
3252607,15,49502
3252607,16,21
3253629,15,49500
3253629,16,42
3254609,15,49510
3254609,16,31
3255631,15,49489
3255631,16,38
3256606,15,49493
3256606,16,23
3257622,15,49501
3257622,16,39
3258604,15,49512
3258604,16,42
3259620,15,49498
3259620,16,26
3260599,15,49498
3260599,16,39
3261620,15,49512
3261620,16,19
3262599,15,49507
3262599,16,28
3263617,15,49520
3263617,16,35
3264596,15,49488
3264596,16,32
3265617,15,49499
3265617,16,46
3266637,15,49517
3266637,16,24
3267613,15,49511
3267613,16,39
3268632,15,49508
3268632,16,27
3269607,15,49509
3269607,16,34
3270631,15,49510
3270631,16,30
3271605,15,49489
3271605,16,10
3272627,15,49510
3272627,16,30
3273605,15,49498
3273605,16,44
3274624,15,49513
3274624,16,18
3275604,15,49499
3275604,16,38
3276622,15,49507
3276622,16,8
3277601,15,49516
3277601,16,31
3278620,15,49533
3278620,16,27
3279600,15,49513
3279600,16,47
3280612,15,49504
3280612,16,32
3281595,15,49490
3281595,16,57
3282613,15,49500
3282613,16,42
3283637,15,49496
3283637,16,47
3284616,15,49512
3284616,16,12
3285635,15,49501
3285635,16,37
3286608,15,49504
3286608,16,40
3287630,15,49488
3287630,16,28
3288609,15,49504
3288609,16,11
3289627,15,49520
3289627,16,40
3290606,15,49512
3290606,16,15
3291624,15,49511
3291624,16,25
3292603,15,49508
3292603,16,36
3293621,15,49484
3293621,16,19
3294600,15,49525
3294600,16,44
3295620,15,49521
3295620,16,45
3296601,15,49505
3296601,16,48
3297622,15,49514
3297622,16,58
3298594,15,49513
3298594,16,39
3299619,15,49501
3299619,16,29
3300632,15,49519
3300632,16,34
3301611,15,49504
3301611,16,48
3302631,15,49512
3302631,16,36
3303610,15,49514
3303610,16,37
3304631,15,49525
3304631,16,46
3305605,15,49507
3305605,16,25
3306630,15,49499
3306630,16,25
3307603,15,49486
3307603,16,39
3308622,15,49521
3308622,16,37
3309602,15,49515
3309602,16,25
3310620,15,49498
3310620,16,25
3311601,15,49511
3311601,16,21
3312619,15,49493
3312619,16,26
3313596,15,49523
3313596,16,44
3314617,15,49517
3314617,16,52
3315595,15,49517
3315595,16,56
3316615,15,49507
3316615,16,41
3317633,15,49520
3317633,16,39
3318612,15,49516
3318612,16,20
3319634,15,49499
3319634,16,19
3320612,15,49520
3320612,16,44
3321629,15,49495
3321629,16,44
3322610,15,49520
3322610,16,31
3323627,15,49502
3323627,16,48
3324608,15,49526
3324608,16,33
3325622,15,49520
3325622,16,25
3326602,15,49503
3326602,16,26
3327626,15,49512
3327626,16,10
3330130,15,49514
3330130,16,33
3331152,15,49513
3331152,16,31
3332170,15,49507
3332170,16,53
3333152,15,49495
3333152,16,33
3334170,15,49525
3334170,16,26
3335147,15,49527
3335147,16,49
3336166,15,49489
3336166,16,57
3337143,15,49519
3337143,16,22
3338161,15,49504
3338161,16,32
3339140,15,49488
3339140,16,34
3340161,15,49500
3340161,16,33
3341137,15,49487
3341137,16,38
3342158,15,49507
3342158,16,37
3343135,15,49487
3343135,16,22
3344155,15,49501
3344155,16,47
3345135,15,49524
3345135,16,20
3346149,15,49521
3346149,16,33
3348830,15,49504
3348830,16,33
3349853,15,49495
3349853,16,39
3350871,15,49511
3350871,16,41
3351848,15,49491
3351848,16,47
3352866,15,49509
3352866,16,29
3353846,15,49517
3353846,16,38
3354861,15,49500
3354861,16,23
3355843,15,49488
3355843,16,21
3356862,15,49504
3356862,16,33
3357842,15,49502
3357842,16,30
3358857,15,49504
3358857,16,59
3359836,15,49519
3359836,16,30
3360859,15,49496
3360859,16,27
3361832,15,49485
3361832,16,19
3362854,15,49517
3362854,16,31
3363833,15,49513
3363833,16,22
3364852,15,49502
3364852,16,38
3365830,15,49526
3365830,16,32
3366852,15,49512
3366852,16,30
3367870,15,49482
3367870,16,30
3368848,15,49503
3368848,16,44
3369871,15,49493
3369871,16,29
3370849,15,49494
3370849,16,49
3371864,15,49517
3371864,16,29
3372843,15,49505
3372843,16,43
3373859,15,49504
3373859,16,36
3374844,15,49507
3374844,16,52
3375865,15,49488
3375865,16,50
3376836,15,49501
3376836,16,37
3377854,15,49489
3377854,16,43
3378834,15,49494
3378834,16,33
3379852,15,49490
3379852,16,32
3380832,15,49504
3380832,16,30
3383980,15,49513
3383980,16,41
3384998,15,49497
3384998,16,31
3386019,15,49501
3386019,16,29
3386996,15,49524
3386996,16,30
3388015,15,49494
3388015,16,36
3388992,15,49468
3388992,16,20
3390013,15,49524
3390013,16,45
3390990,15,49504
3390990,16,24
3392013,15,49507
3392013,16,20
3392985,15,49482
3392985,16,48
3394007,15,49496
3394007,16,47
3394984,15,49499
3394984,16,49
3396006,15,49506
3396006,16,62
3396982,15,49496
3396982,16,34
3398003,15,49521
3398003,16,25
3398981,15,49488
3398981,16,31
3400001,15,49507
3400001,16,32
3401019,15,49477
3401019,16,30
3401997,15,49495
3401997,16,31
3403015,15,49496
3403015,16,46
3403994,15,49508
3403994,16,27
3405015,15,49496
3405015,16,47
3405994,15,49499
3405994,16,39
3407013,15,49502
3407013,16,39
3407989,15,49503
3407989,16,36
3409010,15,49514
3409010,16,47
3409987,15,49499
3409987,16,55
3411008,15,49498
3411008,16,33
3411983,15,49512
3411983,16,8
3413006,15,49507
3413006,16,40
3413981,15,49523
3413981,16,33
3415006,15,49487
3415006,16,47
3415982,15,49495
3415982,16,35
3417004,15,49494
3417004,16,36
3418020,15,49511
3418020,16,48
3418996,15,49504
3418996,16,28
3420017,15,49498
3420017,16,34
3420997,15,49494
3420997,16,40
3422013,15,49511
3422013,16,32
3422993,15,49501
3422993,16,39
3424015,15,49504
3424015,16,32
3424989,15,49508
3424989,16,39
3426010,15,49503
3426010,16,45
3426983,15,49524
3426983,16,54
3428009,15,49514
3428009,16,26
3428987,15,49488
3428987,16,31
3430007,15,49503
3430007,16,34
3430982,15,49498
3430982,16,41
3432006,15,49528
3432006,16,44
3432980,15,49506
3432980,16,41
3433997,15,49502
3433997,16,35
3435023,15,49529
3435023,16,18
3436000,15,49498
3436000,16,29
3437020,15,49509
3437020,16,26
3437996,15,49521
3437996,16,23
3439014,15,49518
3439014,16,39
3439994,15,49513
3439994,16,44
3441012,15,49491
3441012,16,38
3441989,15,49494
3441989,16,19
3443010,15,49514
3443010,16,47
3443987,15,49516
3443987,16,46
3445007,15,49515
3445007,16,32
3445985,15,49494
3445985,16,20
3447004,15,49490
3447004,16,21
3447980,15,49503
3447980,16,33
3449001,15,49530
3449001,16,31
3449978,15,49497
3449978,16,43
3451001,15,49481
3451001,16,32
3452022,15,49507
3452022,16,27
3452995,15,49518
3452995,16,33
3454018,15,49514
3454018,16,19
3454994,15,49492
3454994,16,30
3456010,15,49502
3456010,16,30
3456991,15,49499
3456991,16,33
3458010,15,49506
3458010,16,31
3458990,15,49508
3458990,16,55
3460007,15,49483
3460007,16,40
3460988,15,49490
3460988,16,34
3462009,15,49512
3462009,16,35
3462985,15,49527
3462985,16,32
3464004,15,49504
3464004,16,34
3464984,15,49516
3464984,16,35
3466002,15,49503
3466002,16,48
3466977,15,49474
3466977,16,36
3468000,15,49492
3468000,16,30
3469020,15,49491
3469020,16,39
3469998,15,49497
3469998,16,39
3471016,15,49485
3471016,16,39
3471995,15,49502
3471995,16,35
3473014,15,49504
3473014,16,45
3473993,15,49510
3473993,16,24
3475016,15,49503
3475016,16,30
3475993,15,49491
3475993,16,51
3477008,15,49479
3477008,16,49
3477987,15,49483
3477987,16,23
3479009,15,49491
3479009,16,14
3479985,15,49513
3479985,16,57
3481005,15,49496
3481005,16,27
3481983,15,49493
3481983,16,47
3483002,15,49503
3483002,16,41
3483982,15,49515
3483982,16,30
3484996,15,49530
3484996,16,49
3486018,15,49517
3486018,16,66
3486996,15,49521
3486996,16,25
3488020,15,49509
3488020,16,65
3488991,15,49515
3488991,16,38
3490015,15,49482
3490015,16,37
3490996,15,49502
3490996,16,35
3492013,15,49505
3492013,16,31
3492988,15,49507
3492988,16,49
3494012,15,49500
3494012,16,28
3494985,15,49507
3494985,16,40
3496005,15,49531
3496005,16,27
3496984,15,49489
3496984,16,14
3498007,15,49489
3498007,16,60
3498982,15,49493
3498982,16,53
3500006,15,49503
3500006,16,22
3500978,15,49498
3500978,16,27
3502001,15,49493
3502001,16,36
3503026,15,49479
3503026,16,41
3504000,15,49511
3504000,16,24
3505017,15,49502
3505017,16,34
3505995,15,49511
3505995,16,27
3507017,15,49483
3507017,16,20
3507998,15,49516
3507998,16,52
3509013,15,49509
3509013,16,49
3509989,15,49496
3509989,16,50
3511011,15,49496
3511011,16,24
3511991,15,49509
3511991,16,45
3513007,15,49511
3513007,16,52
3515982,15,49508
3515982,16,36
3516999,15,49491
3516999,16,41
3518024,15,49492
3518024,16,36
3518997,15,49518
3518997,16,38
3520022,15,49503
3520022,16,41
3520995,15,49499
3520995,16,31
3522017,15,49508
3522017,16,14
3522995,15,49512
3522995,16,45
3524015,15,49514
3524015,16,51
3524991,15,49498
3524991,16,45
3526008,15,49514
3526008,16,31
3526988,15,49526
3526988,16,28
3528012,15,49495
3528012,16,42
3528984,15,49500
3528984,16,47
3530009,15,49506
3530009,16,36
3530984,15,49505
3530984,16,56
3532006,15,49497
3532006,16,32
3532985,15,49496
3532985,16,30
3534005,15,49496
3534005,16,35
3535024,15,49522
3535024,16,18
3535997,15,49507
3535997,16,45
3537019,15,49506
3537019,16,51
3537997,15,49470
3537997,16,53
3539019,15,49499
3539019,16,36
3539997,15,49485
3539997,16,44
3541012,15,49511
3541012,16,48
3541991,15,49489
3541991,16,41
3543014,15,49501
3543014,16,23
3543991,15,49519
3543991,16,42
3545007,15,49500
3545007,16,45
3545991,15,49501
3545991,16,39
3547008,15,49501
3547008,16,65
3547983,15,49478
3547983,16,51
3549005,15,49509
3549005,16,28
3549982,15,49501
3549982,16,27
3551001,15,49500
3551001,16,43
3552024,15,49495
3552024,16,33
3552999,15,49520
3552999,16,54
3554019,15,49504
3554019,16,51
3555000,15,49502
3555000,16,38
3556020,15,49497
3556020,16,31
3556991,15,49505
3556991,16,39
3558014,15,49504
3558014,16,56
3558990,15,49510
3558990,16,34
3560013,15,49506
3560013,16,43
3560992,15,49498
3560992,16,13
3562011,15,49496
3562011,16,51
3562986,15,49496
3562986,16,27
3564008,15,49509
3564008,16,39
3564984,15,49516
3564984,16,49
3566007,15,49500
3566007,16,46
3566984,15,49495
3566984,16,21
3568001,15,49503
3568001,16,39
3569023,15,49504
3569023,16,42
3569997,15,49500
3569997,16,31
3571019,15,49528
3571019,16,48
3571999,15,49485
3571999,16,29
3573019,15,49502
3573019,16,39
3573990,15,49497
3573990,16,16
3575013,15,49501
3575013,16,38
3575990,15,49506
3575990,16,51
3577013,15,49496
3577013,16,35
3577994,15,49499
3577994,16,36
3579012,15,49496
3579012,16,44
3579985,15,49484
3579985,16,40
3581005,15,49517
3581005,16,53
3581988,15,49504
3581988,16,47
3583008,15,49516
3583008,16,31
3583981,15,49521
3583981,16,36
3585006,15,49503
3585006,16,43
3586027,15,49494
3586027,16,39
3586999,15,49523
3586999,16,41
3588020,15,49495
3588020,16,45
3588998,15,49500
3588998,16,38
3590016,15,49486
3590016,16,43
3590995,15,49509
3590995,16,32
3592013,15,49503
3592013,16,20
3592996,15,49510
3592996,16,50
3594012,15,49486
3594012,16,39
3594990,15,49515
3594990,16,26
3596011,15,49510
3596011,16,56
3596985,15,49513
3596985,16,68
3598008,15,49485
3598008,16,42
3598986,15,49521
3598986,16,48
3600007,15,49507
3600007,16,54
3600984,15,49512
3600984,16,24
3602003,15,49495
3602003,16,34
3603021,15,49503
3603021,16,36
3604000,15,49504
3604000,16,37
3605024,15,49507
3605024,16,36
3605996,15,49510
3605996,16,40
3607016,15,49505
3607016,16,51
3607997,15,49498
3607997,16,36
3609016,15,49499
3609016,16,38
3609994,15,49507
3609994,16,45
3611015,15,49499
3611015,16,51
3611991,15,49497
3611991,16,21
3613011,15,49522
3613011,16,34
3613988,15,49500
3613988,16,22
3615006,15,49477
3615006,16,34
3615986,15,49515
3615986,16,34
3617007,15,49502
3617007,16,27
3617979,15,49509
3617979,16,54
3619004,15,49500
3619004,16,26
3620022,15,49509
3620022,16,41
3621000,15,49526
3621000,16,34
3622021,15,49497
3622021,16,44
3622996,15,49517
3622996,16,32
3624018,15,49507
3624018,16,40
3624995,15,49518
3624995,16,54
3626016,15,49488
3626016,16,46
3626993,15,49502
3626993,16,41
3628012,15,49491
3628012,16,38
3628989,15,49505
3628989,16,50
3630009,15,49490
3630009,16,34
3630990,15,49511
3630990,16,46
3632009,15,49492
3632009,16,16
3632985,15,49511
3632985,16,30
3634003,15,49507
3634003,16,16
3634980,15,49494
3634980,16,38
3636002,15,49511
3636002,16,23
3637024,15,49492
3637024,16,34
3638003,15,49487
3638003,16,49
3639024,15,49500
3639024,16,34
3639995,15,49503
3639995,16,43
3641021,15,49500
3641021,16,32
3641998,15,49500
3641998,16,35
3643015,15,49513
3643015,16,50
3643991,15,49512
3643991,16,34
3645011,15,49514
3645011,16,36
3645992,15,49517
3645992,16,32
3647007,15,49487
3647007,16,46
3647988,15,49512
3647988,16,35
3649007,15,49508
3649007,16,43
3649989,15,49506
3649989,16,42
3651003,15,49509
3651003,16,37
3651980,15,49523
3651980,16,38
3652999,15,49496
3652999,16,35
3654020,15,49490
3654020,16,40
3655000,15,49490
3655000,16,40
3656020,15,49504
3656020,16,39
3656999,15,49506
3656999,16,54
3658017,15,49492
3658017,16,16
3658998,15,49507
3658998,16,34
3660013,15,49522
3660013,16,40
3660993,15,49500
3660993,16,37
3662011,15,49537
3662011,16,34
3662988,15,49508
3662988,16,37
3664009,15,49516
3664009,16,33
3664987,15,49519
3664987,16,36
3666009,15,49497
3666009,16,26
3666982,15,49501
3666982,16,25
3668005,15,49494
3668005,16,21
3668983,15,49484
3668983,16,10
3670002,15,49506
3670002,16,34
3671023,15,49511
3671023,16,56
3672000,15,49500
3672000,16,40
3673021,15,49485
3673021,16,35
3673996,15,49505
3673996,16,42
3675019,15,49532
3675019,16,50
3675996,15,49514
3675996,16,31
3677017,15,49527
3677017,16,16
3677996,15,49522
3677996,16,47
3679009,15,49502
3679009,16,55
3679991,15,49500
3679991,16,51
3681011,15,49526
3681011,16,29
3681986,15,49500
3681986,16,45
3683008,15,49502
3683008,16,44
3683984,15,49522
3683984,16,35
3685006,15,49493
3685006,16,40
3685981,15,49510
3685981,16,45
3687003,15,49517
3687003,16,32
3688023,15,49523
3688023,16,43
3689000,15,49500
3689000,16,17
3690019,15,49501
3690019,16,24
3690993,15,49495
3690993,16,35
3692015,15,49528
3692015,16,29
3692994,15,49496
3692994,16,43
3694014,15,49515
3694014,16,46
3694992,15,49496
3694992,16,29
3696012,15,49515
3696012,16,36
3696989,15,49504
3696989,16,38
3698010,15,49516
3698010,16,37
3698986,15,49502
3698986,16,28
3700007,15,49500
3700007,16,27
3700987,15,49503
3700987,16,38
3702008,15,49511
3702008,16,41
3704767,15,49498
3704767,16,34
3705787,15,49489
3705787,16,48
3706811,15,49495
3706811,16,28
3707784,15,49513
3707784,16,25
3708807,15,49498
3708807,16,43
3709782,15,49504
3709782,16,26
3710802,15,49508
3710802,16,38
3711777,15,49482
3711777,16,43
3712801,15,49510
3712801,16,23
3713777,15,49504
3713777,16,16
3714798,15,49507
3714798,16,42
3715774,15,49512
3715774,16,34
3716794,15,49499
3716794,16,37
3717770,15,49505
3717770,16,35
3718795,15,49514
3718795,16,23
3719767,15,49530
3719767,16,45
3720794,15,49498
3720794,16,31
3721767,15,49518
3721767,16,33
3722783,15,49506
3722783,16,32
3723805,15,49529
3723805,16,39
3724788,15,49511
3724788,16,32
3725807,15,49498
3725807,16,47
3726780,15,49505
3726780,16,48
3727806,15,49515
3727806,16,41
3728777,15,49490
3728777,16,54
3729802,15,49501
3729802,16,30
3730775,15,49512
3730775,16,43
3731801,15,49490
3731801,16,42
3732775,15,49519
3732775,16,49
3733798,15,49494
3733798,16,32
3734768,15,49504
3734768,16,36
3735793,15,49492
3735793,16,27
3736769,15,49499
3736769,16,25
3737788,15,49540
3737788,16,51
3738769,15,49486
3738769,16,35
3739788,15,49498
3739788,16,30
3740803,15,49503
3740803,16,11
3741784,15,49485
3741784,16,31
3742807,15,49515
3742807,16,32
3743785,15,49497
3743785,16,45
3744805,15,49514
3744805,16,43
3745780,15,49517
3745780,16,44
3746797,15,49514
3746797,16,15
3747777,15,49512
3747777,16,18
3748794,15,49520
3748794,16,39
3749773,15,49512
3749773,16,38
3750793,15,49505
3750793,16,48
3751773,15,49511
3751773,16,30
3752790,15,49501
3752790,16,38
3753769,15,49509
3753769,16,50
3754791,15,49488
3754791,16,39
3757637,15,49503
3757637,16,45
3758658,15,49514
3758658,16,40
3759677,15,49501
3759677,16,36
3760659,15,49504
3760659,16,26
3761677,15,49494
3761677,16,35
3762653,15,49502
3762653,16,29
3763670,15,49510
3763670,16,23
3764650,15,49513
3764650,16,34
3765670,15,49503
3765670,16,30
3766647,15,49506
3766647,16,33
3767670,15,49508
3767670,16,39
3768644,15,49533
3768644,16,51
3769666,15,49502
3769666,16,22
3770642,15,49505
3770642,16,37
3771663,15,49516
3771663,16,29
3772638,15,49521
3772638,16,27
3773662,15,49516
3773662,16,37
3774636,15,49488
3774636,16,26
3775658,15,49474
3775658,16,41
3776678,15,49500
3776678,16,31
3777653,15,49488
3777653,16,40
3778677,15,49519
3778677,16,32
3779653,15,49508
3779653,16,23
3780674,15,49492
3780674,16,31
3781648,15,49484
3781648,16,47
3782671,15,49515
3782671,16,47
3783644,15,49490
3783644,16,27
3784668,15,49502
3784668,16,47
3785648,15,49500
3785648,16,50
3786666,15,49515
3786666,16,25
3787645,15,49498
3787645,16,48
3788661,15,49511
3788661,16,31
3789641,15,49484
3789641,16,37
3790661,15,49516
3790661,16,43
3791637,15,49521
3791637,16,10
3792657,15,49513
3792657,16,42
3793678,15,49486
3793678,16,24
3794653,15,49499
3794653,16,35
3795677,15,49519
3795677,16,24
3796653,15,49498
3796653,16,39
3797674,15,49513
3797674,16,41
3798648,15,49504
3798648,16,18
3799670,15,49490
3799670,16,50
3800649,15,49486
3800649,16,25
3801668,15,49497
3801668,16,54
3802645,15,49516
3802645,16,52
3803665,15,49508
3803665,16,41
3804645,15,49507
3804645,16,29
3805667,15,49517
3805667,16,16
3806640,15,49518
3806640,16,44
3807659,15,49480
3807659,16,35
3808636,15,49509
3808636,16,51
3809659,15,49498
3809659,16,18
3810679,15,49513
3810679,16,46
3811655,15,49504
3811655,16,31
3812674,15,49508
3812674,16,20
3813648,15,49525
3813648,16,39
3814675,15,49506
3814675,16,33
3815650,15,49506
3815650,16,42
3816672,15,49508
3816672,16,33
3817647,15,49521
3817647,16,23
3818667,15,49505
3818667,16,46
3819647,15,49492
3819647,16,31
3820663,15,49511
3820663,16,41
3821643,15,49492
3821643,16,30
3822659,15,49523
3822659,16,27
3823641,15,49507
3823641,16,57
3824660,15,49507
3824660,16,50
3825636,15,49506
3825636,16,23
3826658,15,49498
3826658,16,37
3827675,15,49495
3827675,16,46
3828653,15,49515
3828653,16,53
3829678,15,49518
3829678,16,22
3830651,15,49511
3830651,16,46
3831672,15,49502
3831672,16,46
3832648,15,49516
3832648,16,37
3833666,15,49500
3833666,16,51
3834651,15,49525
3834651,16,31
3835668,15,49494
3835668,16,31
3836645,15,49494
3836645,16,38
3837666,15,49523
3837666,16,27
3838643,15,49526
3838643,16,45
3839659,15,49486
3839659,16,43
3840638,15,49520
3840638,16,39
3841665,15,49507
3841665,16,44
3842637,15,49508
3842637,16,15
3843658,15,49494
3843658,16,57
3844677,15,49518
3844677,16,31
3845657,15,49494
3845657,16,34
3846674,15,49489
3846674,16,49
3847654,15,49519
3847654,16,13
3848671,15,49501
3848671,16,42
3849650,15,49500
3849650,16,39
3850670,15,49495
3850670,16,44
3851648,15,49501
3851648,16,19
3852666,15,49511
3852666,16,59
3853647,15,49499
3853647,16,14
3854663,15,49496
3854663,16,48
3855640,15,49527
3855640,16,40
3856661,15,49515
3856661,16,29
3857640,15,49486
3857640,16,45
3858661,15,49507
3858661,16,58
3859635,15,49492
3859635,16,48
3860656,15,49500
3860656,16,26
3861681,15,49492
3861681,16,36
3862653,15,49511
3862653,16,24
3863675,15,49512
3863675,16,38
3864653,15,49481
3864653,16,32
3866989,15,49497
3866989,16,17
3868011,15,49490
3868011,16,52
3869034,15,49500
3869034,16,50
3870006,15,49514
3870006,16,26
3871029,15,49505
3871029,16,39
3872003,15,49509
3872003,16,46
3873025,15,49504
3873025,16,42
3874004,15,49528
3874004,16,34
3875022,15,49493
3875022,16,31
3875998,15,49493
3875998,16,26
3877021,15,49507
3877021,16,35
3877993,15,49503
3877993,16,57
3879018,15,49509
3879018,16,36
3879997,15,49494
3879997,16,20
3881017,15,49486
3881017,16,40
3881994,15,49516
3881994,16,28
3883017,15,49517
3883017,16,35
3883991,15,49500
3883991,16,32
3885013,15,49504
3885013,16,21
3886034,15,49505
3886034,16,37
3887009,15,49509
3887009,16,45
3888028,15,49495
3888028,16,21
3889003,15,49503
3889003,16,37
3890025,15,49511
3890025,16,34
3891005,15,49513
3891005,16,35
3892024,15,49494
3892024,16,32
3892999,15,49499
3892999,16,28
3894018,15,49502
3894018,16,50
3894998,15,49504
3894998,16,27
3896017,15,49506
3896017,16,40
3896994,15,49528
3896994,16,34
3898015,15,49492
3898015,16,27
3898994,15,49500
3898994,16,34
3900017,15,49510
3900017,16,31
3900993,15,49492
3900993,16,29
3902011,15,49517
3902011,16,49
3903028,15,49493
3903028,16,21
3904007,15,49508
3904007,16,17
3905023,15,49513
3905023,16,40
3906001,15,49496
3906001,16,44
3907028,15,49498
3907028,16,36
3908002,15,49512
3908002,16,29
3909021,15,49502
3909021,16,36
3909999,15,49484
3909999,16,36
3911020,15,49498
3911020,16,29
3911998,15,49509
3911998,16,28
3913020,15,49482
3913020,16,31
3913996,15,49501
3913996,16,58
3915014,15,49477
3915014,16,35
3915992,15,49502
3915992,16,32
3917013,15,49493
3917013,16,25
3917990,15,49480
3917990,16,40
3919012,15,49499
3919012,16,45
3920030,15,49493
3920030,16,27
3921008,15,49520
3921008,16,56
3922029,15,49521
3922029,16,27
3923006,15,49497
3923006,16,32
3924025,15,49512
3924025,16,33
3925001,15,49487
3925001,16,37
3926023,15,49491
3926023,16,35
3927000,15,49519
3927000,16,41
3928022,15,49527
3928022,16,18
3928997,15,49508
3928997,16,20
3930017,15,49510
3930017,16,52
3930996,15,49514
3930996,16,15
3932017,15,49513
3932017,16,23
3932994,15,49499
3932994,16,33
3934015,15,49519
3934015,16,32
3934990,15,49512
3934990,16,22
3936009,15,49480
3936009,16,8
3937027,15,49503
3937027,16,14
3938009,15,49515
3938009,16,27
3939028,15,49510
3939028,16,43
3940006,15,49503
3940006,16,28
3941028,15,49515
3941028,16,47
3942002,15,49512
3942002,16,38
3943023,15,49503
3943023,16,31
3943999,15,49535
3943999,16,38
3945021,15,49515
3945021,16,43
3946000,15,49509
3946000,16,43
3947014,15,49486
3947014,16,50
3947990,15,49511
3947990,16,24
3949016,15,49498
3949016,16,40
3949992,15,49495
3949992,16,21
3951013,15,49500
3951013,16,37
3951987,15,49509
3951987,16,27
3953009,15,49495
3953009,16,28
3954027,15,49501
3954027,16,29
3955007,15,49501
3955007,16,57
3956029,15,49504
3956029,16,19
3957006,15,49502
3957006,16,39
3958029,15,49492
3958029,16,35
3959003,15,49517
3959003,16,37
3960023,15,49494
3960023,16,43
3960999,15,49507
3960999,16,39
3962018,15,49502
3962018,16,33
3962999,15,49494
3962999,16,33
3964019,15,49515
3964019,16,32
3964993,15,49500
3964993,16,58
3966014,15,49503
3966014,16,24
3966996,15,49502
3966996,16,14
3968013,15,49491
3968013,16,48
3968990,15,49510
3968990,16,48
3970011,15,49521
3970011,16,42
3971030,15,49496
3971030,16,28
3972009,15,49493
3972009,16,37
3973027,15,49524
3973027,16,31
3974005,15,49500
3974005,16,24
3975024,15,49497
3975024,16,30
3976000,15,49498
3976000,16,40
3977028,15,49498
3977028,16,32
3977998,15,49501
3977998,16,31
3979020,15,49493
3979020,16,37
3979996,15,49501
3979996,16,45
3981017,15,49510
3981017,16,34
3981994,15,49522
3981994,16,26
3983016,15,49500
3983016,16,37
3983993,15,49493
3983993,16,32
3985014,15,49496
3985014,16,17
3985994,15,49513
3985994,16,11
3987010,15,49516
3987010,16,31
3988029,15,49510
3988029,16,32
3989007,15,49510
3989007,16,40
3990031,15,49505
3990031,16,27
3991006,15,49499
3991006,16,40
3992027,15,49526
3992027,16,44
3993003,15,49508
3993003,16,31
3994023,15,49502
3994023,16,45
3994999,15,49522
3994999,16,38
3996019,15,49526
3996019,16,33
3996994,15,49508
3996994,16,16
3998017,15,49512
3998017,16,14
3998997,15,49498
3998997,16,28
4000015,15,49514
4000015,16,31
4000992,15,49501
4000992,16,44
4002013,15,49523
4002013,16,54
4002989,15,49506
4002989,16,17
4004011,15,49502
4004011,16,38
4005032,15,49531
4005032,16,44
4006006,15,49500
4006006,16,62
4007028,15,49500
4007028,16,52
4008005,15,49512
4008005,16,32
4009025,15,49511
4009025,16,35
4010003,15,49498
4010003,16,50
4011022,15,49493
4011022,16,35
4011999,15,49511
4011999,16,65
4013019,15,49498
4013019,16,44
4013996,15,49507
4013996,16,35
4015019,15,49510
4015019,16,24
4015995,15,49491
4015995,16,22
4017016,15,49515
4017016,16,26
4017994,15,49513
4017994,16,38
4019010,15,49483
4019010,16,16
4019988,15,49505
4019988,16,30
4021011,15,49506
4021011,16,33
4022030,15,49492
4022030,16,50
4023007,15,49495
4023007,16,31
4024026,15,49496
4024026,16,32
4025005,15,49516
4025005,16,25
4026027,15,49484
4026027,16,33
4027005,15,49516
4027005,16,47
4028022,15,49505
4028022,16,48
4028997,15,49506
4028997,16,47
4030017,15,49514
4030017,16,39
4030999,15,49512
4030999,16,33
4032013,15,49495
4032013,16,26
4032995,15,49506
4032995,16,59
4034019,15,49490
4034019,16,18
4034991,15,49534
4034991,16,30
4036011,15,49504
4036011,16,20
4036989,15,49511
4036989,16,15
4038012,15,49521
4038012,16,16
4039029,15,49518
4039029,16,20
4040009,15,49500
4040009,16,24
4041031,15,49495
4041031,16,44
4042005,15,49511
4042005,16,31
4043025,15,49496
4043025,16,38
4044002,15,49501
4044002,16,42
4045024,15,49515
4045024,16,35
4046006,15,49497
4046006,16,37
4047018,15,49492
4047018,16,29
4047997,15,49507
4047997,16,40
4049020,15,49504
4049020,16,36
4049993,15,49503
4049993,16,37
4051013,15,49516
4051013,16,50
4051993,15,49512
4051993,16,39
4053016,15,49522
4053016,16,52
4053991,15,49514
4053991,16,45
4055012,15,49510
4055012,16,40
4056035,15,49492
4056035,16,43
4057010,15,49499
4057010,16,24
4058029,15,49515
4058029,16,13
4059004,15,49514
4059004,16,43
4060021,15,49495
4060021,16,38
4060999,15,49490
4060999,16,36
4062022,15,49506
4062022,16,53
4062998,15,49507
4062998,16,35
4064019,15,49521
4064019,16,36
4064998,15,49498
4064998,16,54
4066020,15,49497
4066020,16,22
4066994,15,49512
4066994,16,27
4068014,15,49503
4068014,16,34
4068993,15,49500
4068993,16,44
4070011,15,49504
4070011,16,20
4070990,15,49511
4070990,16,37
4072008,15,49500
4072008,16,56
4073032,15,49520
4073032,16,47
4074006,15,49518
4074006,16,34
4075028,15,49500
4075028,16,54
4076007,15,49505
4076007,16,36
4077027,15,49498
4077027,16,37
4078003,15,49520
4078003,16,45
4079020,15,49501
4079020,16,41
4080002,15,49517
4080002,16,57
4081021,15,49520
4081021,16,42
4081997,15,49499
4081997,16,26
4083017,15,49517
4083017,16,26
4083996,15,49515
4083996,16,32
4085013,15,49516
4085013,16,25
4085993,15,49510
4085993,16,20
4087011,15,49503
4087011,16,28
4087992,15,49519
4087992,16,42
4089015,15,49500
4089015,16,36
4090028,15,49500
4090028,16,33
4091006,15,49523
4091006,16,52
4092027,15,49521
4092027,16,35
4093004,15,49509
4093004,16,46
4094025,15,49489
4094025,16,28
4095004,15,49486
4095004,16,38
4096024,15,49505
4096024,16,28
4097000,15,49505
4097000,16,32
4098020,15,49514
4098020,16,40
4098997,15,49513
4098997,16,39
4100016,15,49495
4100016,16,20
4100997,15,49508
4100997,16,32
4102017,15,49526
4102017,16,23
4102992,15,49495
4102992,16,28
4104012,15,49490
4104012,16,40
4104987,15,49478
4104987,16,38
4106011,15,49526
4106011,16,26
4107027,15,49501
4107027,16,19
4108006,15,49503
4108006,16,38
4109026,15,49509
4109026,16,25
4110005,15,49498
4110005,16,37
4111021,15,49491
4111021,16,26
4111999,15,49512
4111999,16,42
4113023,15,49504
4113023,16,51
4114000,15,49505
4114000,16,32
4115020,15,49504
4115020,16,31
4116001,15,49510
4116001,16,39
4117017,15,49507
4117017,16,30
4117995,15,49508
4117995,16,57
4119016,15,49517
4119016,16,56
4119993,15,49502
4119993,16,19
4121009,15,49508
4121009,16,50
4121992,15,49515
4121992,16,49
4123012,15,49500
4123012,16,19
4124030,15,49506
4124030,16,51
4125004,15,49516
4125004,16,30
4126028,15,49512
4126028,16,44
4127009,15,49506
4127009,16,52
4128026,15,49520
4128026,16,14
4129000,15,49497
4129000,16,20
4130025,15,49525
4130025,16,47
4130997,15,49502
4130997,16,21
4132021,15,49509
4132021,16,32
4132998,15,49501
4132998,16,29
4134017,15,49493
4134017,16,39
4136055,15,49510
4136055,16,25
4137077,15,49516
4137077,16,65
4138053,15,49513
4138053,16,34
4139078,15,49500
4139078,16,37
4140095,15,49504
4140095,16,60
4141073,15,49507
4141073,16,32
4142095,15,49520
4142095,16,43
4143069,15,49497
4143069,16,51
4144091,15,49506
4144091,16,44
4145069,15,49510
4145069,16,36
4146087,15,49497
4146087,16,36
4147064,15,49502
4147064,16,39
4148083,15,49519
4148083,16,33
4149063,15,49515
4149063,16,36
4150081,15,49511
4150081,16,35
4151059,15,49499
4151059,16,48
4152080,15,49504
4152080,16,32
4153058,15,49505
4153058,16,22
4154079,15,49495
4154079,16,60
4155059,15,49495
4155059,16,35
4156073,15,49498
4156073,16,52
4157094,15,49505
4157094,16,30
4158071,15,49518
4158071,16,28
4159092,15,49488
4159092,16,38
4160071,15,49510
4160071,16,37
4161092,15,49521
4161092,16,40
4162066,15,49506
4162066,16,47
4163086,15,49509
4163086,16,33
4164063,15,49521
4164063,16,32
4165086,15,49493
4165086,16,52
4166060,15,49513
4166060,16,23
4167081,15,49501
4167081,16,36
4168058,15,49515
4168058,16,34
4169082,15,49505
4169082,16,58
4170056,15,49496
4170056,16,39
4171079,15,49490
4171079,16,49
4172053,15,49486
4172053,16,26
4173075,15,49521
4173075,16,33
4174097,15,49487
4174097,16,61
4175074,15,49496
4175074,16,58
4176092,15,49514
4176092,16,46
4177068,15,49520
4177068,16,27
4178087,15,49511
4178087,16,35
4179068,15,49507
4179068,16,34
4180089,15,49505
4180089,16,30
4181063,15,49490
4181063,16,27
4182084,15,49487
4182084,16,14
4183065,15,49501
4183065,16,53
4184085,15,49494
4184085,16,30
4185062,15,49496
4185062,16,40
4186080,15,49501
4186080,16,31
4187057,15,49512
4187057,16,33
4188077,15,49495
4188077,16,52
4189057,15,49515
4189057,16,44
4190074,15,49504
4190074,16,42
4191095,15,49533
4191095,16,53
4192075,15,49504
4192075,16,26
4193096,15,49494
4193096,16,43
4194069,15,49498
4194069,16,38
4195092,15,49483
4195092,16,28
4196066,15,49505
4196066,16,55
4197092,15,49497
4197092,16,28
4198068,15,49523
4198068,16,36
4199084,15,49511
4199084,16,38
4200061,15,49509
4200061,16,33
4201082,15,49499
4201082,16,31
4202059,15,49493
4202059,16,35
4203077,15,49490
4203077,16,25
4204054,15,49496
4204054,16,41
4205081,15,49510
4205081,16,33
4206057,15,49487
4206057,16,46
4207077,15,49499
4207077,16,32
4208095,15,49499
4208095,16,32
4209075,15,49508
4209075,16,37
4210091,15,49491
4210091,16,44
4211070,15,49488
4211070,16,18
4212089,15,49504
4212089,16,35
4213068,15,49502
4213068,16,45
4214088,15,49508
4214088,16,25
4215067,15,49496
4215067,16,29
4216087,15,49502
4216087,16,33
4217062,15,49499
4217062,16,49
4218079,15,49510
4218079,16,43
4219057,15,49497
4219057,16,37
4220081,15,49495
4220081,16,11
4221056,15,49503
4221056,16,51
4222078,15,49498
4222078,16,10
4223057,15,49502
4223057,16,31
4224074,15,49497
4224074,16,47
4225098,15,49503
4225098,16,48
4226074,15,49497
4226074,16,40
4227089,15,49496
4227089,16,62
4228073,15,49499
4228073,16,36
4229085,15,49511
4229085,16,20
4230069,15,49500
4230069,16,44
4231086,15,49509
4231086,16,35
4232065,15,49504
4232065,16,45
4233084,15,49514
4233084,16,26
4234064,15,49522
4234064,16,39
4235084,15,49515
4235084,16,45
4236061,15,49496
4236061,16,24
4237083,15,49504
4237083,16,50
4238058,15,49526
4238058,16,41
4239076,15,49507
4239076,16,38
4240056,15,49497
4240056,16,26
4241074,15,49490
4241074,16,34
4242093,15,49503
4242093,16,54
4243071,15,49502
4243071,16,41
4244096,15,49484
4244096,16,42
4245072,15,49503
4245072,16,44
4246091,15,49516
4246091,16,20
4247073,15,49501
4247073,16,7
4248085,15,49519
4248085,16,36
4249067,15,49487
4249067,16,47
4250082,15,49518
4250082,16,33
4251062,15,49515
4251062,16,56
4252088,15,49510
4252088,16,26
4253061,15,49515
4253061,16,19
4254078,15,49505
4254078,16,26
4255059,15,49497
4255059,16,27
4256076,15,49504
4256076,16,30
4257054,15,49514
4257054,16,19
4258075,15,49493
4258075,16,37
4259097,15,49505
4259097,16,32
4260074,15,49503
4260074,16,42
4261089,15,49506
4261089,16,32
4262070,15,49525
4262070,16,22
4263087,15,49489
4263087,16,16
4264067,15,49526
4264067,16,35
4265085,15,49500
4265085,16,34
4266067,15,49509
4266067,16,24
4267091,15,49486
4267091,16,41
4268060,15,49492
4268060,16,57
4269082,15,49523
4269082,16,56
4270061,15,49504
4270061,16,29
4271078,15,49504
4271078,16,21
4272057,15,49516
4272057,16,41
4273075,15,49506
4273075,16,38
4274057,15,49487
4274057,16,47
4275075,15,49491
4275075,16,40
4276094,15,49496
4276094,16,32
4277072,15,49504
4277072,16,41
4278095,15,49513
4278095,16,32
4279068,15,49499
4279068,16,27
4280092,15,49509
4280092,16,41
4281067,15,49505
4281067,16,34
4282086,15,49514
4282086,16,35
4283065,15,49508
4283065,16,45
4284080,15,49517
4284080,16,29
4285064,15,49506
4285064,16,40
4286082,15,49499
4286082,16,29
4287061,15,49502
4287061,16,35
4288082,15,49495
4288082,16,36
4289057,15,49533
4289057,16,37
4290078,15,49519
4290078,16,38
4291056,15,49510
4291056,16,48
4292072,15,49502
4292072,16,36
4293092,15,49508
4293092,16,35
4294070,15,49491
4294070,16,49
4295095,15,49530
4295095,16,33
4296070,15,49491
4296070,16,48
4297089,15,49508
4297089,16,41
4298068,15,49514
4298068,16,44
4299088,15,49504
4299088,16,42
4300065,15,49516
4300065,16,27
4301083,15,49515
4301083,16,23
4302064,15,49531
4302064,16,38
4303079,15,49517
4303079,16,46
4304057,15,49508
4304057,16,11
4305082,15,49501
4305082,16,35
4306059,15,49509
4306059,16,43
4307076,15,49498
4307076,16,31
4308054,15,49501
4308054,16,31
4309074,15,49511
4309074,16,53
4310095,15,49506
4310095,16,39
4311068,15,49523
4311068,16,42
4312095,15,49505
4312095,16,33
4313073,15,49514
4313073,16,35
4314092,15,49513
4314092,16,55
4315066,15,49511
4315066,16,29
4316087,15,49506
4316087,16,22
4317065,15,49506
4317065,16,37
4318082,15,49508
4318082,16,29
4319062,15,49521
4319062,16,32
4320081,15,49499
4320081,16,35
4321060,15,49516
4321060,16,38
4322083,15,49499
4322083,16,28
4323056,15,49517
4323056,16,35
4324079,15,49495
4324079,16,24
4325056,15,49499
4325056,16,25
4326078,15,49505
4326078,16,55
4327091,15,49496
4327091,16,22
4328072,15,49507
4328072,16,34
4329091,15,49496
4329091,16,32
4330071,15,49487
4330071,16,40
4331093,15,49523
4331093,16,41
4332066,15,49487
4332066,16,23
4333087,15,49523
4333087,16,31
4334067,15,49513
4334067,16,33
4335083,15,49502
4335083,16,28
4336063,15,49515
4336063,16,20
4337082,15,49506
4337082,16,20
4338056,15,49509
4338056,16,47
4339080,15,49496
4339080,16,31
4340061,15,49502
4340061,16,23
4341075,15,49511
4341075,16,29
4342057,15,49499
4342057,16,19
4343075,15,49495
4343075,16,41
4344096,15,49513
4344096,16,21
4345070,15,49481
4345070,16,47
4346095,15,49508
4346095,16,38
4347071,15,49516
4347071,16,21
4348092,15,49507
4348092,16,26
4349065,15,49519
4349065,16,61
4350088,15,49491
4350088,16,41
4351064,15,49520
4351064,16,23
4352085,15,49492
4352085,16,24
4353063,15,49514
4353063,16,56
4354082,15,49503
4354082,16,39
4355060,15,49492
4355060,16,38
4356078,15,49499
4356078,16,42
4357057,15,49528
4357057,16,24
4358076,15,49500
4358076,16,43
4359054,15,49497
4359054,16,30
4360075,15,49497
4360075,16,23
4361096,15,49511
4361096,16,34
4362070,15,49516
4362070,16,38
4363093,15,49503
4363093,16,11
4364071,15,49502
4364071,16,40
4365088,15,49510
4365088,16,23
4366065,15,49510
4366065,16,31
4367086,15,49514
4367086,16,27
4368067,15,49501
4368067,16,24
4369086,15,49511
4369086,16,55
4370062,15,49496
4370062,16,26
4371082,15,49513
4371082,16,39
4372062,15,49497
4372062,16,27
4373079,15,49520
4373079,16,48
4374058,15,49504
4374058,16,35
4375076,15,49511
4375076,16,11
4376055,15,49495
4376055,16,46
4377075,15,49513
4377075,16,52
4378096,15,49518
4378096,16,33
4379072,15,49514
4379072,16,45
4380089,15,49533
4380089,16,54
4381070,15,49522
4381070,16,33
4382086,15,49509
4382086,16,49
4383066,15,49499
4383066,16,42
4384089,15,49511
4384089,16,34
4385064,15,49495
4385064,16,24
4386084,15,49521
4386084,16,25
4387061,15,49509
4387061,16,11
4388083,15,49499
4388083,16,36
4389060,15,49513
4389060,16,27
4390079,15,49503
4390079,16,25
4391059,15,49538
4391059,16,9
4392077,15,49502
4392077,16,37
4393054,15,49500
4393054,16,42
4394074,15,49528
4394074,16,40
4395099,15,49490
4395099,16,37
4396072,15,49496
4396072,16,30
4397090,15,49519
4397090,16,31
4398069,15,49520
4398069,16,42
4399092,15,49504
4399092,16,36
4400072,15,49491
4400072,16,34
4401087,15,49519
4401087,16,45
4402061,15,49492
4402061,16,34
4403087,15,49524
4403087,16,14
4404064,15,49508
4404064,16,24
4405081,15,49490
4405081,16,38
4406058,15,49513
4406058,16,37
4407076,15,49483
4407076,16,37
4408057,15,49511
4408057,16,31
4409075,15,49502
4409075,16,19
4410056,15,49511
4410056,16,51
4411072,15,49511
4411072,16,42
4412095,15,49506
4412095,16,38
4413070,15,49507
4413070,16,51
4414095,15,49500
4414095,16,19
4415070,15,49524
4415070,16,34
4416093,15,49524
4416093,16,42
4417068,15,49508
4417068,16,29
4418084,15,49489
4418084,16,22
4419066,15,49502
4419066,16,45
4420084,15,49506
4420084,16,33
4421063,15,49499
4421063,16,39
4422083,15,49505
4422083,16,33
4423059,15,49517
4423059,16,43
4424082,15,49506
4424082,16,34
4427263,15,49498
4427263,16,0
4428289,15,49515
4428289,16,23
4429266,15,49509
4429266,16,15
4430287,15,49490
4430287,16,35
4431306,15,49512
4431306,16,42
4432281,15,49506
4432281,16,33
4433297,15,49498
4433297,16,29
4434281,15,49501
4434281,16,42
4435298,15,49500
4435298,16,30
4436279,15,49504
4436279,16,55
4437298,15,49488
4437298,16,40
4438273,15,49500
4438273,16,34
4439298,15,49494
4439298,16,43
4440275,15,49496
4440275,16,29
4441295,15,49504
4441295,16,45
4442270,15,49516
4442270,16,46
4443288,15,49489
4443288,16,30
4444268,15,49499
4444268,16,25
4445288,15,49502
4445288,16,58
4446263,15,49506
4446263,16,20
4447285,15,49500
4447285,16,35
4448302,15,49496
4448302,16,36
4449287,15,49518
4449287,16,18
4450301,15,49513
4450301,16,31
4451280,15,49503
4451280,16,29
4452302,15,49506
4452302,16,20
4453279,15,49507
4453279,16,36
4454297,15,49502
4454297,16,14
4455276,15,49498
4455276,16,32
4456294,15,49501
4456294,16,45
4457272,15,49515
4457272,16,28
4458292,15,49491
4458292,16,50
4459269,15,49484
4459269,16,31
4460294,15,49495
4460294,16,29
4461267,15,49504
4461267,16,43
4462289,15,49500
4462289,16,34
4463266,15,49510
4463266,16,43
4464287,15,49507
4464287,16,19
4465305,15,49513
4465305,16,16
4466281,15,49508
4466281,16,31
4467306,15,49514
4467306,16,28
4468282,15,49494
4468282,16,44
4469296,15,49513
4469296,16,46
4470276,15,49507
4470276,16,18
4471299,15,49512
4471299,16,29
4472277,15,49498
4472277,16,44
4473296,15,49525
4473296,16,28
4474273,15,49509
4474273,16,20
4475295,15,49512
4475295,16,43
4476269,15,49504
4476269,16,33
4477288,15,49520
4477288,16,23
4478268,15,49508
4478268,16,21
4479287,15,49504
4479287,16,22
4480264,15,49504
4480264,16,36
4481288,15,49507
4481288,16,48
4482303,15,49510
4482303,16,23
4483283,15,49495
4483283,16,43
4484303,15,49508
4484303,16,49
4485276,15,49514
4485276,16,29
4486299,15,49496
4486299,16,26
4487278,15,49526
4487278,16,33
4488297,15,49479
4488297,16,41
4489276,15,49518
4489276,16,27
4490297,15,49522
4490297,16,32
4491274,15,49495
4491274,16,44
4492293,15,49492
4492293,16,29
4493272,15,49518
4493272,16,32
4494288,15,49495
4494288,16,32
4495267,15,49509
4495267,16,19
4496288,15,49494
4496288,16,25
4497266,15,49514
4497266,16,21
4498289,15,49490
4498289,16,13
4499304,15,49509
4499304,16,21
4500285,15,49511
4500285,16,41
4501302,15,49510
4501302,16,36
4502277,15,49508
4502277,16,29
4503301,15,49503
4503301,16,26
4504277,15,49513
4504277,16,21
4505301,15,49512
4505301,16,33
4506276,15,49518
4506276,16,37
4507299,15,49497
4507299,16,39
4508276,15,49503
4508276,16,29
4509291,15,49487
4509291,16,46
4510272,15,49514
4510272,16,38
4511289,15,49510
4511289,16,25
4512266,15,49505
4512266,16,25
4513285,15,49507
4513285,16,38
4514267,15,49492
4514267,16,38
4515286,15,49504
4515286,16,33
4516309,15,49505
4516309,16,41
4517282,15,49505
4517282,16,28
4518301,15,49518
4518301,16,29
4519280,15,49493
4519280,16,34
4520301,15,49509
4520301,16,29
4521280,15,49511
4521280,16,30
4522300,15,49503
4522300,16,30
4523277,15,49516
4523277,16,37
4524292,15,49509
4524292,16,35
4525274,15,49491
4525274,16,39
4526291,15,49507
4526291,16,27
4527273,15,49494
4527273,16,27
4528286,15,49512
4528286,16,2
4529269,15,49514
4529269,16,36
4530287,15,49505
4530287,16,29
4531264,15,49525
4531264,16,30
4532282,15,49514
4532282,16,23
4533305,15,49502
4533305,16,16
4534282,15,49522
4534282,16,37
4535302,15,49513
4535302,16,43
4536280,15,49507
4536280,16,34
4537299,15,49519
4537299,16,35
4538278,15,49504
4538278,16,15
4539296,15,49513
4539296,16,11
4540270,15,49505
4540270,16,54
4541294,15,49524
4541294,16,38
4542273,15,49503
4542273,16,40
4543297,15,49492
4543297,16,18
4544269,15,49484
4544269,16,49
4545289,15,49505
4545289,16,36
4546265,15,49513
4546265,16,35
4547284,15,49505
4547284,16,34
4548266,15,49502
4548266,16,31
4549284,15,49498
4549284,16,23
4550305,15,49501
4550305,16,43
4551280,15,49509
4551280,16,33
4552304,15,49524
4552304,16,45
4553279,15,49507
4553279,16,50
4554299,15,49490
4554299,16,39
4555273,15,49505
4555273,16,25
4556297,15,49489
4556297,16,21
4557276,15,49500
4557276,16,52
4558296,15,49522
4558296,16,25
4559272,15,49493
4559272,16,46
4560292,15,49528
4560292,16,31
4561270,15,49519
4561270,16,44
4562291,15,49500
4562291,16,35
4563268,15,49486
4563268,16,30
4564285,15,49519
4564285,16,31
4565263,15,49512
4565263,16,35
4566283,15,49496
4566283,16,48
4567303,15,49499
4567303,16,28
4568284,15,49516
4568284,16,18
4569306,15,49514
4569306,16,39
4570280,15,49497
4570280,16,46
4571298,15,49499
4571298,16,49
4572277,15,49497
4572277,16,39
4573295,15,49501
4573295,16,34
4574276,15,49495
4574276,16,59
4575293,15,49517
4575293,16,34
4576269,15,49511
4576269,16,25
4577292,15,49489
4577292,16,45
4578269,15,49500
4578269,16,48
4579286,15,49506
4579286,16,36
4580268,15,49488
4580268,16,27
4581290,15,49491
4581290,16,39
4582267,15,49516
4582267,16,45
4583285,15,49495
4583285,16,34
4584304,15,49505
4584304,16,50
4585284,15,49493
4585284,16,23
4586300,15,49501
4586300,16,43
4587279,15,49502
4587279,16,30
4588299,15,49501
4588299,16,34
4589279,15,49499
4589279,16,35
4590296,15,49519
4590296,16,50
4591271,15,49505
4591271,16,42
4592296,15,49505
4592296,16,20
4593273,15,49507
4593273,16,34
4594292,15,49510
4594292,16,25
4595266,15,49489
4595266,16,22
4596289,15,49519
4596289,16,44
4597267,15,49498
4597267,16,50
4598287,15,49493
4598287,16,53
4599267,15,49528
4599267,16,65
4600284,15,49506
4600284,16,33
4601309,15,49505
4601309,16,39
4602283,15,49492
4602283,16,24
4603302,15,49500
4603302,16,42
4604282,15,49520
4604282,16,17
4605302,15,49485
4605302,16,34
4606277,15,49493
4606277,16,51
4607298,15,49521
4607298,16,26
4608273,15,49498
4608273,16,27
4609293,15,49507
4609293,16,31
4610274,15,49496
4610274,16,23
4611296,15,49504
4611296,16,10
4612272,15,49507
4612272,16,37
4613292,15,49498
4613292,16,54
4614269,15,49501
4614269,16,32
4615286,15,49511
4615286,16,40
4616266,15,49493
4616266,16,34
4617288,15,49499
4617288,16,49
4618306,15,49500
4618306,16,33
4619282,15,49503
4619282,16,25
4620299,15,49497
4620299,16,28
4621281,15,49514
4621281,16,15
4622303,15,49503
4622303,16,57
4623276,15,49481
4623276,16,55
4624297,15,49503
4624297,16,29
4625274,15,49494
4625274,16,13
4626294,15,49495
4626294,16,50
4627270,15,49516
4627270,16,26
4628290,15,49508
4628290,16,21
4629270,15,49501
4629270,16,49
4630288,15,49509
4630288,16,35
4631267,15,49499
4631267,16,13
4632288,15,49503
4632288,16,18
4633268,15,49490
4633268,16,41
4634286,15,49500
4634286,16,44
4635304,15,49511
4635304,16,26
4636282,15,49493
4636282,16,42
4637300,15,49510
4637300,16,31
4638279,15,49520
4638279,16,26
4639302,15,49501
4639302,16,36
4640280,15,49495
4640280,16,5
4641298,15,49503
4641298,16,37
4642274,15,49515
4642274,16,32
4643294,15,49499
4643294,16,42
4644268,15,49511
4644268,16,12
4645294,15,49473
4645294,16,50
4646271,15,49502
4646271,16,62
4647291,15,49506
4647291,16,43
4648264,15,49497
4648264,16,46
4649286,15,49494
4649286,16,30
4650264,15,49506
4650264,16,42
4651284,15,49529
4651284,16,36
4652308,15,49510
4652308,16,27
4653283,15,49507
4653283,16,33
4654300,15,49505
4654300,16,54
4655283,15,49509
4655283,16,36
4656298,15,49518
4656298,16,40
4657280,15,49507
4657280,16,50
4658298,15,49501
4658298,16,35
4659273,15,49509
4659273,16,31
4660295,15,49516
4660295,16,15
4661272,15,49498
4661272,16,35
4662296,15,49487
4662296,16,41
4663269,15,49499
4663269,16,31
4664290,15,49485
4664290,16,49
4665268,15,49503
4665268,16,26
4666285,15,49511
4666285,16,31
4667266,15,49509
4667266,16,29
4668287,15,49503
4668287,16,30
4669306,15,49516
4669306,16,46
4670282,15,49514
4670282,16,48
4671300,15,49507
4671300,16,16
4672279,15,49521
4672279,16,36
4673303,15,49523
4673303,16,41
4674280,15,49500
4674280,16,45
4675298,15,49518
4675298,16,38
4676274,15,49488
4676274,16,46
4677297,15,49496
4677297,16,73
4678274,15,49490
4678274,16,34
4679290,15,49534
4679290,16,50
4680272,15,49500
4680272,16,0
4681289,15,49523
4681289,16,37
4682269,15,49507
4682269,16,44
4683287,15,49489
4683287,16,35
4684267,15,49497
4684267,16,29
4685283,15,49491
4685283,16,36
4686305,15,49503
4686305,16,27
4687281,15,49497
4687281,16,42
4688300,15,49492
4688300,16,39
4689280,15,49495
4689280,16,30
4690299,15,49501
4690299,16,56
4691275,15,49505
4691275,16,31
4692297,15,49495
4692297,16,42
4693275,15,49525
4693275,16,19
4694295,15,49504
4694295,16,38
4695271,15,49480
4695271,16,41
4696293,15,49496
4696293,16,38
4697267,15,49496
4697267,16,25
4698291,15,49503
4698291,16,38
4699268,15,49496
4699268,16,50
4700288,15,49510
4700288,16,53
4701264,15,49525
4701264,16,38
4702284,15,49502
4702284,16,31
4703304,15,49509
4703304,16,41
4704283,15,49509
4704283,16,38
4705306,15,49512
4705306,16,38
4706279,15,49516
4706279,16,50
4707298,15,49496
4707298,16,34
4708279,15,49484
4708279,16,60
4709299,15,49511
4709299,16,38
4710274,15,49497
4710274,16,17
4711299,15,49494
4711299,16,30
4712269,15,49499
4712269,16,38
4713291,15,49508
4713291,16,35
4714270,15,49515
4714270,16,36
4715291,15,49515
4715291,16,38
4716262,15,49494
4716262,16,41
4717286,15,49499
4717286,16,29
4718268,15,49517
4718268,16,27
4719284,15,49518
4719284,16,29
4720301,15,49484
4720301,16,37
4721284,15,49520
4721284,16,28
4722303,15,49485
4722303,16,55
4723283,15,49502
4723283,16,13
4724302,15,49507
4724302,16,17
4725278,15,49509
4725278,16,36
4726295,15,49523
4726295,16,27
4727273,15,49514
4727273,16,29
4728297,15,49501
4728297,16,18
4729272,15,49511
4729272,16,47
4730293,15,49491
4730293,16,19
4731271,15,49513
4731271,16,45
4732289,15,49498
4732289,16,28
4733267,15,49490
4733267,16,23
4734289,15,49506
4734289,16,38
4735264,15,49521
4735264,16,32
4736284,15,49506
4736284,16,23
4737309,15,49497
4737309,16,29
4738281,15,49506
4738281,16,46
4739299,15,49505
4739299,16,40
4740282,15,49511
4740282,16,32
4741297,15,49488
4741297,16,43
4742281,15,49482
4742281,16,44
4743296,15,49492
4743296,16,25
4744274,15,49504
4744274,16,32
4745295,15,49525
4745295,16,35
4746274,15,49521
4746274,16,65
4747291,15,49503
4747291,16,28
4748272,15,49503
4748272,16,29
4749289,15,49496
4749289,16,48
4750267,15,49506
4750267,16,47
4751285,15,49517
4751285,16,12
4752264,15,49516
4752264,16,39
4753285,15,49499
4753285,16,55
4754303,15,49508
4754303,16,14
4755284,15,49486
4755284,16,28
4756301,15,49512
4756301,16,48
4757278,15,49504
4757278,16,50
4758300,15,49502
4758300,16,29
4759277,15,49527
4759277,16,43
4760300,15,49492
4760300,16,32
4761275,15,49479
4761275,16,30
4762295,15,49493
4762295,16,30
4763269,15,49518
4763269,16,32
4764292,15,49502
4764292,16,31
4765270,15,49506
4765270,16,29
4766290,15,49515
4766290,16,33
4767272,15,49507
4767272,16,43
4768287,15,49497
4768287,16,24
4769265,15,49512
4769265,16,37
4770286,15,49500
4770286,16,30
4771310,15,49517
4771310,16,25
4772281,15,49520
4772281,16,33
4773305,15,49506
4773305,16,38
4774280,15,49494
4774280,16,35
4775303,15,49532
4775303,16,35
4776279,15,49503
4776279,16,42
4777296,15,49531
4777296,16,39
4778275,15,49486
4778275,16,46
4779298,15,49509
4779298,16,29
4780274,15,49502
4780274,16,29
4781293,15,49503
4781293,16,41
4782273,15,49501
4782273,16,51
4783293,15,49494
4783293,16,45
4784268,15,49505
4784268,16,38
4785286,15,49521
4785286,16,20
4786269,15,49488
4786269,16,30
4787285,15,49493
4787285,16,33
4788304,15,49504
4788304,16,23
4789286,15,49496
4789286,16,33
4790302,15,49510
4790302,16,41
4791278,15,49485
4791278,16,29
4792298,15,49496
4792298,16,56
4793277,15,49511
4793277,16,40
4794296,15,49498
4794296,16,51
4795277,15,49515
4795277,16,41
4796296,15,49526
4796296,16,34
4797272,15,49518
4797272,16,13
4798289,15,49501
4798289,16,39
4799271,15,49509
4799271,16,30
4800291,15,49510
4800291,16,27
4801267,15,49498
4801267,16,42
4802285,15,49520
4802285,16,43
4803263,15,49510
4803263,16,25
4804283,15,49519
4804283,16,22
4805304,15,49507
4805304,16,54
4806283,15,49508
4806283,16,28
4807298,15,49505
4807298,16,31
4808281,15,49510
4808281,16,51
4809300,15,49505
4809300,16,48
4810279,15,49512
4810279,16,36
4811297,15,49508
4811297,16,33
4812278,15,49500
4812278,16,47
4813299,15,49511
4813299,16,81
4814272,15,49491
4814272,16,49
4815291,15,49523
4815291,16,58
4816266,15,49512
4816266,16,32
4817291,15,49503
4817291,16,41
4818269,15,49505
4818269,16,64
4819287,15,49524
4819287,16,25
4820267,15,49504
4820267,16,40
4821285,15,49516
4821285,16,26
4822306,15,49509
4822306,16,24
4823281,15,49508
4823281,16,42
4824300,15,49528
4824300,16,22
4825280,15,49504
4825280,16,49
4826298,15,49498
4826298,16,46
4827280,15,49515
4827280,16,34
4828298,15,49489
4828298,16,28
4829275,15,49506
4829275,16,42
4830299,15,49511
4830299,16,49
4831271,15,49520
4831271,16,30
4832294,15,49516
4832294,16,35
4833271,15,49495
4833271,16,54
4834294,15,49495
4834294,16,30
4835267,15,49494
4835267,16,39
4836286,15,49520
4836286,16,32
4837266,15,49491
4837266,16,39
4838287,15,49497
4838287,16,48
4839305,15,49519
4839305,16,48
4840278,15,49496
4840278,16,44
4841305,15,49516
4841305,16,23
4842278,15,49502
4842278,16,31
4843302,15,49498
4843302,16,39
4844280,15,49523
4844280,16,33
4845301,15,49507
4845301,16,15
4846277,15,49512
4846277,16,31
4847294,15,49509
4847294,16,47
4848273,15,49533
4848273,16,41
4849289,15,49501
4849289,16,20
4850270,15,49512
4850270,16,33
4851290,15,49501
4851290,16,44
4852264,15,49485
4852264,16,33
4853289,15,49516
4853289,16,28
4854264,15,49509
4854264,16,45
4855281,15,49496
4855281,16,31
4856305,15,49506
4856305,16,35
4857282,15,49514
4857282,16,37
4858303,15,49487
4858303,16,25
4859278,15,49500
4859278,16,34
4860299,15,49526
4860299,16,32
4861277,15,49502
4861277,16,5
4862297,15,49514
4862297,16,45
4863277,15,49506
4863277,16,43
4864297,15,49512
4864297,16,41
4865271,15,49500
4865271,16,27
4866290,15,49502
4866290,16,30
4867268,15,49497
4867268,16,36
4868285,15,49504
4868285,16,33
4869269,15,49515
4869269,16,42
4870289,15,49504
4870289,16,39
4871264,15,49501
4871264,16,42
4872280,15,49493
4872280,16,39
4873303,15,49500
4873303,16,41
4874280,15,49508
4874280,16,44
4875301,15,49518
4875301,16,43
4876281,15,49500
4876281,16,47
4877297,15,49500
4877297,16,53
4878279,15,49517
4878279,16,24
4879300,15,49513
4879300,16,42
4880277,15,49506
4880277,16,40
4881299,15,49530
4881299,16,30
4882274,15,49496
4882274,16,21
4883294,15,49491
4883294,16,31
4884269,15,49515
4884269,16,42
4885288,15,49494
4885288,16,46
4886268,15,49521
4886268,16,31
4887286,15,49515
4887286,16,36
4888264,15,49506
4888264,16,29
4889286,15,49484
4889286,16,38
4890304,15,49484
4890304,16,48
4891284,15,49507
4891284,16,25
4892295,15,49521
4892295,16,27
4893275,15,49505
4893275,16,35
4894298,15,49518
4894298,16,35
4895277,15,49498
4895277,16,7
4896294,15,49503
4896294,16,33
4897279,15,49492
4897279,16,47
4898294,15,49509
4898294,16,17
4899274,15,49519
4899274,16,26
4900293,15,49516
4900293,16,53
4901270,15,49494
4901270,16,45
4902290,15,49511
4902290,16,54
4903271,15,49514
4903271,16,35
4904285,15,49497
4904285,16,50
4905267,15,49486
4905267,16,35
4906285,15,49528
4906285,16,25
4907306,15,49501
4907306,16,51
4908284,15,49507
4908284,16,39
4909301,15,49507
4909301,16,41
4910277,15,49491
4910277,16,42
4911300,15,49498
4911300,16,32
4912281,15,49508
4912281,16,27
4913300,15,49495
4913300,16,26
4914275,15,49501
4914275,16,37
4915290,15,49486
4915290,16,51
4916274,15,49509
4916274,16,38
4917291,15,49481
4917291,16,58
4918265,15,49496
4918265,16,24
4919289,15,49507
4919289,16,18
4920265,15,49514
4920265,16,57
4921292,15,49509
4921292,16,42
4922264,15,49483
4922264,16,22
4923284,15,49516
4923284,16,40
4924306,15,49521
4924306,16,41
4925284,15,49502
4925284,16,44
4926304,15,49512
4926304,16,50
4927279,15,49532
4927279,16,43
4928304,15,49507
4928304,16,34
4929277,15,49527
4929277,16,41
4930302,15,49513
4930302,16,33
4931276,15,49507
4931276,16,34
4932292,15,49507
4932292,16,46
4933270,15,49494
4933270,16,65
4934291,15,49500
4934291,16,38
4935270,15,49505
4935270,16,31
4936290,15,49503
4936290,16,47
4937265,15,49529
4937265,16,30
4938289,15,49507
4938289,16,46
4939263,15,49502
4939263,16,52
4940282,15,49507
4940282,16,46
4941305,15,49488
4941305,16,29
4942283,15,49489
4942283,16,30
4943304,15,49484
4943304,16,50
4944279,15,49509
4944279,16,36
4945301,15,49491
4945301,16,46
4946276,15,49501
4946276,16,41
4947295,15,49495
4947295,16,42
4948275,15,49493
4948275,16,35
4949294,15,49489
4949294,16,49
4950272,15,49511
4950272,16,45
4951293,15,49487
4951293,16,21
4952267,15,49537
4952267,16,38
4953291,15,49495
4953291,16,39
4954269,15,49507
4954269,16,43
4955290,15,49506
4955290,16,34
4956264,15,49514
4956264,16,31
4957283,15,49485
4957283,16,26
4958302,15,49503
4958302,16,52
4959285,15,49503
4959285,16,18
4960302,15,49523
4960302,16,60
4961282,15,49507
4961282,16,45
4962301,15,49510
4962301,16,41
4963274,15,49506
4963274,16,54
4964297,15,49511
4964297,16,32
4965276,15,49505
4965276,16,40
4966294,15,49495
4966294,16,20
4967276,15,49523
4967276,16,26
4968295,15,49501
4968295,16,42
4969270,15,49499
4969270,16,19
4970288,15,49502
4970288,16,38
4971269,15,49511
4971269,16,6
4972288,15,49500
4972288,16,17
4973265,15,49491
4973265,16,44
4974284,15,49499
4974284,16,50
4975309,15,49523
4975309,16,44
4976280,15,49505
4976280,16,50
4977303,15,49485
4977303,16,36
4978282,15,49516
4978282,16,39
4979302,15,49501
4979302,16,7
4980281,15,49503
4980281,16,24
4981301,15,49493
4981301,16,47
4982276,15,49489
4982276,16,20
4983295,15,49500
4983295,16,0
4984272,15,49500
4984272,16,21
4985292,15,49484
4985292,16,55
4986273,15,49513
4986273,16,13
4987288,15,49499
4987288,16,46
4988267,15,49491
4988267,16,13
4989288,15,49516
4989288,16,42
4990265,15,49506
4990265,16,34
4991283,15,49536
4991283,16,23
4992306,15,49505
4992306,16,46
4993284,15,49508
4993284,16,16
4994303,15,49508
4994303,16,33
4995283,15,49507
4995283,16,17
4996299,15,49517
4996299,16,42
4997280,15,49526
4997280,16,34
4998296,15,49503
4998296,16,44
4999274,15,49498
4999274,16,27
5000296,15,49507
5000296,16,32
5001270,15,49516
5001270,16,33
5002290,15,49489
5002290,16,51
5003269,15,49508
5003269,16,55
5004292,15,49515
5004292,16,39
5005264,15,49516
5005264,16,38
5006289,15,49494
5006289,16,49
5007263,15,49506
5007263,16,44
5008285,15,49517
5008285,16,29
5009308,15,49511
5009308,16,45
5010285,15,49520
5010285,16,29
5011302,15,49513
5011302,16,33
5012282,15,49512
5012282,16,51
5013298,15,49511
5013298,16,48
5014277,15,49491
5014277,16,50
5015296,15,49529
5015296,16,32
5016275,15,49504
5016275,16,35
5017297,15,49513
5017297,16,35
5018273,15,49501
5018273,16,41
5019292,15,49530
5019292,16,25
5020271,15,49506
5020271,16,41
5021290,15,49485
5021290,16,38
5022270,15,49510
5022270,16,28
5023287,15,49519
5023287,16,44
5024264,15,49512
5024264,16,36
5025285,15,49512
5025285,16,45
5026303,15,49496
5026303,16,51
5027281,15,49490
5027281,16,30
5028302,15,49492
5028302,16,33
5029283,15,49505
5029283,16,33
5030298,15,49483
5030298,16,58
5031277,15,49494
5031277,16,54
5032300,15,49517
5032300,16,46
5033273,15,49511
5033273,16,22
5034293,15,49497
5034293,16,30
5035271,15,49494
5035271,16,30
5036288,15,49493
5036288,16,33
5037271,15,49508
5037271,16,50
5038290,15,49516
5038290,16,32
5039266,15,49502
5039266,16,41
5040289,15,49497
5040289,16,43
5041267,15,49503
5041267,16,48
5042284,15,49500
5042284,16,43
5043308,15,49488
5043308,16,39
5044282,15,49506
5044282,16,40
5045301,15,49504
5045301,16,41
5046282,15,49503
5046282,16,51
5047300,15,49500
5047300,16,36
5048279,15,49500
5048279,16,38
5049299,15,49503
5049299,16,28
5050274,15,49498
5050274,16,42
5051292,15,49517
5051292,16,39
5052273,15,49479
5052273,16,36
5053294,15,49494
5053294,16,39
5054272,15,49504
5054272,16,36
5055290,15,49512
5055290,16,34
5056266,15,49501
5056266,16,36
5057285,15,49494
5057285,16,37
5058261,15,49519
5058261,16,36
5059284,15,49507
5059284,16,17
5060304,15,49498
5060304,16,37
5061283,15,49521
5061283,16,38
5062303,15,49506
5062303,16,37
5063279,15,49493
5063279,16,43
5064297,15,49509
5064297,16,33
5065278,15,49494
5065278,16,46
5066301,15,49509
5066301,16,45
5067276,15,49492
5067276,16,33
5068296,15,49503
5068296,16,57
5069273,15,49514
5069273,16,29
5070294,15,49496
5070294,16,43
5071268,15,49534
5071268,16,31
5072288,15,49492
5072288,16,39
5073267,15,49513
5073267,16,50
5074287,15,49511
5074287,16,15
5075268,15,49511
5075268,16,38
5076283,15,49507
5076283,16,34
5077305,15,49516
5077305,16,32
5078284,15,49488
5078284,16,51
5079303,15,49514
5079303,16,41
5080284,15,49520
5080284,16,38
5081299,15,49494
5081299,16,44
5082278,15,49496
5082278,16,51
5083296,15,49516
5083296,16,45
5084278,15,49511
5084278,16,29
5085297,15,49510
5085297,16,18
5086272,15,49495
5086272,16,26
5087290,15,49511
5087290,16,19
5088272,15,49501
5088272,16,41
5089294,15,49511
5089294,16,26
5090268,15,49515
5090268,16,29
5091288,15,49494
5091288,16,55
5092263,15,49499
5092263,16,25
5093284,15,49510
5093284,16,51
5094306,15,49518
5094306,16,30
5095284,15,49512
5095284,16,42
5096302,15,49484
5096302,16,63
5097281,15,49502
5097281,16,34
5098297,15,49503
5098297,16,42
5099278,15,49513
5099278,16,34
5100296,15,49523
5100296,16,63
5101278,15,49497
5101278,16,38
5102294,15,49484
5102294,16,31
5103270,15,49513
5103270,16,40
5104287,15,49511
5104287,16,34
5105272,15,49498
5105272,16,20
5106291,15,49505
5106291,16,17
5107268,15,49493
5107268,16,24
5108288,15,49513
5108288,16,18
5109264,15,49482
5109264,16,57
5110281,15,49494
5110281,16,36
5111303,15,49499
5111303,16,44
5112281,15,49499
5112281,16,41
5113305,15,49518
5113305,16,53
5114281,15,49508
5114281,16,26
5115297,15,49508
5115297,16,37
5116277,15,49502
5116277,16,31
5117297,15,49490
5117297,16,21
5118273,15,49497
5118273,16,36
5119293,15,49515
5119293,16,35
5120275,15,49498
5120275,16,32
5121292,15,49500
5121292,16,29
5122271,15,49510
5122271,16,56
5123287,15,49488
5123287,16,52
5124274,15,49494
5124274,16,32
5125288,15,49511
5125288,16,57
5126264,15,49499
5126264,16,55
5127284,15,49502
5127284,16,32
5128304,15,49508
5128304,16,45
5129287,15,49496
5129287,16,26
5130303,15,49514
5130303,16,40
5131283,15,49511
5131283,16,27
5132301,15,49515
5132301,16,27
5133276,15,49515
5133276,16,49
5134298,15,49485
5134298,16,23
5135276,15,49498
5135276,16,31
5136296,15,49505
5136296,16,26
5137272,15,49508
5137272,16,33
5138294,15,49494
5138294,16,21
5139269,15,49498
5139269,16,26
5140289,15,49513
5140289,16,41
5141269,15,49493
5141269,16,48
5142290,15,49484
5142290,16,27
5143265,15,49524
5143265,16,26
5144286,15,49503
5144286,16,44
5145303,15,49517
5145303,16,36
5146282,15,49504
5146282,16,21
5147302,15,49500
5147302,16,29
5148279,15,49518
5148279,16,52
5149302,15,49525
5149302,16,34
5150277,15,49505
5150277,16,17
5151299,15,49485
5151299,16,35
5152275,15,49512
5152275,16,17
5153297,15,49506
5153297,16,54
5154274,15,49505
5154274,16,48
5155294,15,49495
5155294,16,30
5156272,15,49514
5156272,16,25
5157292,15,49495
5157292,16,14
5158267,15,49502
5158267,16,46
5159288,15,49499
5159288,16,36
5160265,15,49518
5160265,16,25
5161286,15,49492
5161286,16,36
5162307,15,49518
5162307,16,45
5163285,15,49501
5163285,16,44
5164303,15,49487
5164303,16,24
5165279,15,49504
5165279,16,15
5166301,15,49488
5166301,16,41
5167275,15,49499
5167275,16,47
5168297,15,49499
5168297,16,46
5169273,15,49518
5169273,16,19
5170296,15,49515
5170296,16,34
5171272,15,49509
5171272,16,27
5172291,15,49522
5172291,16,37
5173270,15,49500
5173270,16,44
5174290,15,49500
5174290,16,31
5175269,15,49520
5175269,16,23
5176285,15,49481
5176285,16,33
5177262,15,49506
5177262,16,26
5178284,15,49496
5178284,16,22
5179308,15,49488
5179308,16,51
5180285,15,49506
5180285,16,44
5181304,15,49509
5181304,16,24
5182276,15,49530
5182276,16,40
5183300,15,49520
5183300,16,39
5184280,15,49504
5184280,16,28
5185298,15,49486
5185298,16,45
5186275,15,49498
5186275,16,48
5187294,15,49496
5187294,16,34
5188273,15,49487
5188273,16,27
5189293,15,49488
5189293,16,38
5190269,15,49497
5190269,16,31
5191292,15,49491
5191292,16,10
5192267,15,49511
5192267,16,58
5193290,15,49515
5193290,16,41
5194264,15,49516
5194264,16,51
5195284,15,49488
5195284,16,29
5196307,15,49512
5196307,16,29
5197285,15,49493
5197285,16,39
5198305,15,49521
5198305,16,46
5199280,15,49524
5199280,16,50
5200302,15,49506
5200302,16,25
5201278,15,49509
5201278,16,43
5202299,15,49510
5202299,16,25
5203277,15,49530
5203277,16,37
5204298,15,49503
5204298,16,31
5205274,15,49521
5205274,16,40
5206293,15,49500
5206293,16,45
5207271,15,49503
5207271,16,39
5208288,15,49490
5208288,16,49
5210670,15,49501
5210670,16,33
5211691,15,49505
5211691,16,35
5212709,15,49498
5212709,16,47
5213685,15,49508
5213685,16,36
5214710,15,49502
5214710,16,41
5215686,15,49503
5215686,16,34
5216702,15,49512
5216702,16,36
5217684,15,49508
5217684,16,44
5218704,15,49506
5218704,16,29
5219682,15,49497
5219682,16,24
5220701,15,49513
5220701,16,43
5221677,15,49495
5221677,16,53
5222701,15,49485
5222701,16,33
5223676,15,49505
5223676,16,28
5224699,15,49505
5224699,16,39
5225671,15,49523
5225671,16,33
5226689,15,49513
5226689,16,41
5227713,15,49482
5227713,16,36
5228695,15,49482
5228695,16,56
5229713,15,49507
5229713,16,39
5230689,15,49507
5230689,16,26
5231707,15,49529
5231707,16,32
5232682,15,49526
5232682,16,25
5233704,15,49502
5233704,16,33
5234681,15,49516
5234681,16,38
5235703,15,49492
5235703,16,54
5236678,15,49515
5236678,16,38
5237702,15,49506
5237702,16,22
5238675,15,49502
5238675,16,61
5239698,15,49507
5239698,16,49
5240679,15,49489
5240679,16,41
5241697,15,49487
5241697,16,51
5242668,15,49511
5242668,16,38
5243693,15,49500
5243693,16,32
5244714,15,49492
5244714,16,48
5245688,15,49488
5245688,16,27
5246711,15,49502
5246711,16,13
5247686,15,49489
5247686,16,34
5248706,15,49487
5248706,16,36
5249686,15,49510
5249686,16,27
5250705,15,49518
5250705,16,38
5251681,15,49501
5251681,16,46
5252704,15,49486
5252704,16,19
5253676,15,49486
5253676,16,33
5254695,15,49516
5254695,16,22
5255679,15,49508
5255679,16,58
5256697,15,49502
5256697,16,49
5257673,15,49504
5257673,16,29
5258693,15,49510
5258693,16,37
5259672,15,49502
5259672,16,63
5260693,15,49505
5260693,16,35
5261714,15,49506
5261714,16,39
5262692,15,49496
5262692,16,46
5263709,15,49518
5263709,16,46
5264689,15,49509
5264689,16,34
5265709,15,49519
5265709,16,26
5266684,15,49496
5266684,16,33
5267705,15,49510
5267705,16,56
5268684,15,49511
5268684,16,40
5269704,15,49497
5269704,16,36
5270679,15,49473
5270679,16,44
5271699,15,49504
5271699,16,46
5272678,15,49497
5272678,16,52
5273699,15,49484
5273699,16,43
5274677,15,49506
5274677,16,22
5275693,15,49502
5275693,16,21
5276672,15,49505
5276672,16,22
5277691,15,49498
5277691,16,27
5278713,15,49488
5278713,16,23
5279692,15,49512
5279692,16,26
5280708,15,49510
5280708,16,42
5281688,15,49491
5281688,16,28
5282709,15,49497
5282709,16,39
5283688,15,49511
5283688,16,31
5284704,15,49484
5284704,16,43
5285681,15,49511
5285681,16,10
5286705,15,49491
5286705,16,16
5287679,15,49474
5287679,16,23
5288700,15,49505
5288700,16,24
5289678,15,49470
5289678,16,1
5290698,15,49513
5290698,16,5
5291674,15,49509
5291674,16,38
5292693,15,49493
5292693,16,29
5293675,15,49520
5293675,16,51
5294694,15,49493
5294694,16,19
5295713,15,49475
5295713,16,39
5296687,15,49482
5296687,16,31
5297707,15,49498
5297707,16,27
5298686,15,49485
5298686,16,28
5299707,15,49516
5299707,16,22
5300686,15,49511
5300686,16,19
5301707,15,49508
5301707,16,42
5302682,15,49511
5302682,16,25
5303701,15,49522
5303701,16,48
5304679,15,49485
5304679,16,36
5305699,15,49527
5305699,16,47
5306677,15,49514
5306677,16,54
5307699,15,49473
5307699,16,37
5308676,15,49508
5308676,16,35
5309695,15,49498
5309695,16,33
5310672,15,49489
5310672,16,36
5311692,15,49500
5311692,16,45
5312712,15,49504
5312712,16,38
5313689,15,49497
5313689,16,37
5314706,15,49518
5314706,16,35
5315690,15,49503
5315690,16,38
5316706,15,49493
5316706,16,50
5317685,15,49494
5317685,16,33
5318704,15,49508
5318704,16,28
5319684,15,49487
5319684,16,56
5320704,15,49509
5320704,16,45
5321682,15,49503
5321682,16,27
5323889,15,49514
5323889,16,53
5324907,15,49519
5324907,16,23
5325928,15,49486
5325928,16,39
5326907,15,49494
5326907,16,35
5327927,15,49501
5327927,16,40
5328903,15,49506
5328903,16,30
5329925,15,49502
5329925,16,21
5330901,15,49495
5330901,16,25
5331923,15,49491
5331923,16,45
5334304,15,49500
5334304,16,23
5335322,15,49494
5335322,16,35
5338337,15,49508
5338337,16,22
5339359,15,49510
5339359,16,44
5340338,15,49523
5340338,16,49
5341354,15,49512
5341354,16,51
5342376,15,49518
5342376,16,52
5343354,15,49516
5343354,16,39
5344379,15,49507
5344379,16,26
5345356,15,49505
5345356,16,46
5346370,15,49492
5346370,16,43
5347352,15,49527
5347352,16,29
5348370,15,49533
5348370,16,31
5349347,15,49487
5349347,16,33
5350370,15,49521
5350370,16,29
5351346,15,49518
5351346,16,35
5352368,15,49501
5352368,16,42
5353339,15,49515
5353339,16,28
5354363,15,49515
5354363,16,41
5355338,15,49525
5355338,16,41
5356357,15,49514
5356357,16,8
5357336,15,49514
5357336,16,55
5358358,15,49507
5358358,16,20
5359377,15,49511
5359377,16,27
5360355,15,49503
5360355,16,27
5361374,15,49515
5361374,16,39
5362354,15,49511
5362354,16,35
5363373,15,49510
5363373,16,48
5364351,15,49495
5364351,16,31
5365367,15,49497
5365367,16,37
5366348,15,49502
5366348,16,44
5367366,15,49512
5367366,16,38
5368346,15,49497
5368346,16,23
5369364,15,49515
5369364,16,43
5370342,15,49494
5370342,16,49
5371361,15,49485
5371361,16,51
5372337,15,49520
5372337,16,41
5373360,15,49509
5373360,16,29
5374336,15,49498
5374336,16,44
5375359,15,49508
5375359,16,36
5376380,15,49514
5376380,16,41
5377356,15,49526
5377356,16,35
5378375,15,49508
5378375,16,34
5379354,15,49541
5379354,16,19
5380377,15,49491
5380377,16,32
5381352,15,49512
5381352,16,32
5382367,15,49510
5382367,16,38
5383352,15,49497
5383352,16,44
5384365,15,49504
5384365,16,23
5385344,15,49505
5385344,16,53
5386364,15,49501
5386364,16,22
5387343,15,49492
5387343,16,31
5388363,15,49516
5388363,16,40
5389340,15,49522
5389340,16,38
5390358,15,49502
5390358,16,33
5391336,15,49512
5391336,16,43
5392356,15,49505
5392356,16,49
5393381,15,49521
5393381,16,18
5394351,15,49509
5394351,16,47
5395376,15,49505
5395376,16,23
5396352,15,49497
5396352,16,38
5397372,15,49490
5397372,16,41
5398351,15,49513
5398351,16,59
5399372,15,49512
5399372,16,28
5400349,15,49486
5400349,16,50
5401367,15,49519
5401367,16,67
5402345,15,49507
5402345,16,38
5403367,15,49505
5403367,16,37
5404345,15,49515
5404345,16,23
5405364,15,49511
5405364,16,50
5406336,15,49491
5406336,16,47
5407359,15,49492
5407359,16,38
5408338,15,49500
5408338,16,44
5409359,15,49500
5409359,16,32
5410375,15,49507
5410375,16,35
5411356,15,49500
5411356,16,27
5412377,15,49534
5412377,16,37
5413352,15,49506
5413352,16,21
5414369,15,49506
5414369,16,25
5415352,15,49498
5415352,16,43
5416371,15,49489
5416371,16,38
5417347,15,49506
5417347,16,42
5418368,15,49488
5418368,16,24
5419344,15,49509
5419344,16,39
5420365,15,49489
5420365,16,28
5421340,15,49517
5421340,16,33
5422358,15,49507
5422358,16,16
5423338,15,49503
5423338,16,76
5424359,15,49514
5424359,16,16
5425336,15,49521
5425336,16,27
5426356,15,49490
5426356,16,29
5427379,15,49521
5427379,16,39
5428353,15,49496
5428353,16,31
5429378,15,49493
5429378,16,18
5430350,15,49492
5430350,16,33
5431375,15,49492
5431375,16,36
5432347,15,49520
5432347,16,19
5433370,15,49508
5433370,16,27
5434348,15,49531
5434348,16,30
5435366,15,49496
5435366,16,25
5436346,15,49505
5436346,16,38
5437365,15,49510
5437365,16,22
5438344,15,49513
5438344,16,19
5439358,15,49496
5439358,16,22
5440340,15,49509
5440340,16,42
5441361,15,49527
5441361,16,29
5442335,15,49511
5442335,16,40
5443356,15,49485
5443356,16,35
5444379,15,49486
5444379,16,54
5445357,15,49508
5445357,16,47
5446376,15,49495
5446376,16,31
5447353,15,49501
5447353,16,32
5448374,15,49518
5448374,16,20
5449348,15,49506
5449348,16,58
5450368,15,49508
5450368,16,24
5451349,15,49504
5451349,16,22
5452366,15,49506
5452366,16,30
5453350,15,49515
5453350,16,52
5454366,15,49522
5454366,16,15
5455341,15,49501
5455341,16,55
5456363,15,49502
5456363,16,53
5457340,15,49526
5457340,16,33
5458360,15,49494
5458360,16,47
5459343,15,49506
5459343,16,45
5460355,15,49500
5460355,16,35
5461378,15,49520
5461378,16,33
5462356,15,49499
5462356,16,49
5463376,15,49513
5463376,16,21
5464356,15,49500
5464356,16,38
5465372,15,49508
5465372,16,31
5466353,15,49516
5466353,16,31
5467369,15,49517
5467369,16,34
5468345,15,49509
5468345,16,32
5469369,15,49511
5469369,16,50
5470344,15,49500
5470344,16,22
5471366,15,49489
5471366,16,28
5472343,15,49513
5472343,16,20
5473360,15,49498
5473360,16,51
5476124,15,49499
5476124,16,29
5477145,15,49489
5477145,16,30
5478166,15,49501
5478166,16,46
5479144,15,49486
5479144,16,44
5480163,15,49520
5480163,16,42
5481143,15,49498
5481143,16,28
5482160,15,49523
5482160,16,21
5483133,15,49518
5483133,16,46
5484154,15,49504
5484154,16,45
5485137,15,49512
5485137,16,26
5486152,15,49489
5486152,16,17
5487135,15,49490
5487135,16,48
5488154,15,49492
5488154,16,36
5489132,15,49496
5489132,16,28
5490152,15,49509
5490152,16,35
5491129,15,49501
5491129,16,49
5492144,15,49527
5492144,16,24
5493123,15,49502
5493123,16,29
5494144,15,49504
5494144,16,34
5495162,15,49492
5495162,16,42
5496145,15,49496
5496145,16,44
5497164,15,49511
5497164,16,50
5498141,15,49505
5498141,16,45
5499159,15,49486
5499159,16,22
5500136,15,49489
5500136,16,29
5501155,15,49508
5501155,16,39
5502136,15,49480
5502136,16,35
5503152,15,49510
5503152,16,16
5504130,15,49511
5504130,16,37
5505150,15,49485
5505150,16,42
5506128,15,49507
5506128,16,41
5507146,15,49519
5507146,16,38
5508128,15,49503
5508128,16,40
5509149,15,49509
5509149,16,40
5510125,15,49510
5510125,16,42
5511147,15,49503
5511147,16,27
5512162,15,49509
5512162,16,30
5513142,15,49520
5513142,16,36
5514163,15,49485
5514163,16,39
5515140,15,49480
5515140,16,49
5516157,15,49493
5516157,16,25
5517138,15,49512
5517138,16,37
5518156,15,49511
5518156,16,37
5519139,15,49495
5519139,16,50
5520154,15,49487
5520154,16,52
5521134,15,49506
5521134,16,51
5522151,15,49513
5522151,16,41
5523132,15,49497
5523132,16,50
5524149,15,49504
5524149,16,43
5525127,15,49507
5525127,16,32
5526148,15,49511
5526148,16,28
5527130,15,49505
5527130,16,32
5528144,15,49500
5528144,16,33
5529167,15,49506
5529167,16,54
5530145,15,49505
5530145,16,39
5531164,15,49491
5531164,16,41
5532142,15,49502
5532142,16,16
5533161,15,49503
5533161,16,51
5534137,15,49492
5534137,16,53
5535156,15,49507
5535156,16,53
5536134,15,49494
5536134,16,40
5537157,15,49500
5537157,16,35
5538131,15,49496
5538131,16,31
5539151,15,49501
5539151,16,53
5540134,15,49503
5540134,16,21
5541150,15,49497
5541150,16,15
5542129,15,49522
5542129,16,33
5543150,15,49509
5543150,16,38
5544125,15,49500
5544125,16,45
5545143,15,49499
5545143,16,29
5546164,15,49486
5546164,16,39
5547145,15,49512
5547145,16,23
5548166,15,49518
5548166,16,35
5549139,15,49506
5549139,16,42
5550154,15,49510
5550154,16,49
5551136,15,49508
5551136,16,47
5552161,15,49492
5552161,16,37
5553134,15,49511
5553134,16,44
5554151,15,49516
5554151,16,41
5555127,15,49497
5555127,16,23
5556151,15,49494
5556151,16,54
5557129,15,49499
5557129,16,39
5558153,15,49516
5558153,16,38
5559129,15,49506
5559129,16,39
5560146,15,49502
5560146,16,18
5561126,15,49511
5561126,16,47
5562144,15,49513
5562144,16,46
5563163,15,49497
5563163,16,32
5564144,15,49505
5564144,16,48
5565162,15,49504
5565162,16,40
5566139,15,49490
5566139,16,49
5567159,15,49512
5567159,16,33
5568138,15,49503
5568138,16,33
5569158,15,49490
5569158,16,33
5570133,15,49493
5570133,16,30
5571151,15,49495
5571151,16,18
5572136,15,49524
5572136,16,20
5573153,15,49506
5573153,16,30
5574128,15,49511
5574128,16,47
5575150,15,49497
5575150,16,21
5576126,15,49511
5576126,16,40
5577147,15,49507
5577147,16,30
5578129,15,49520
5578129,16,23
5579147,15,49480
5579147,16,22
5580168,15,49494
5580168,16,21
5581139,15,49481
5581139,16,19
5582159,15,49510
5582159,16,40
5583139,15,49511
5583139,16,14
5584160,15,49491
5584160,16,19
5585136,15,49525
5585136,16,32
5586162,15,49498
5586162,16,47
5587132,15,49493
5587132,16,42
5588155,15,49495
5588155,16,33
5589140,15,49503
5589140,16,41
5590153,15,49520
5590153,16,47
5591129,15,49511
5591129,16,31
5592153,15,49502
5592153,16,43
5593128,15,49504
5593128,16,46
5594145,15,49515
5594145,16,31
5595125,15,49493
5595125,16,35
5596144,15,49497
5596144,16,36
5597163,15,49521
5597163,16,34
5598141,15,49495
5598141,16,27
5599161,15,49506
5599161,16,35
5600144,15,49498
5600144,16,38
5601159,15,49505
5601159,16,25
5602138,15,49522
5602138,16,14
5603157,15,49528
5603157,16,55
5604135,15,49524
5604135,16,9
5605155,15,49499
5605155,16,43
5606132,15,49502
5606132,16,45
5607150,15,49513
5607150,16,28
5608128,15,49496
5608128,16,44
5609150,15,49502
5609150,16,35
5610127,15,49513
5610127,16,26
5611146,15,49513
5611146,16,37
5612124,15,49518
5612124,16,23
5613146,15,49524
5613146,16,53
5614168,15,49488
5614168,16,47
5615144,15,49482
5615144,16,46
5616163,15,49518
5616163,16,11
5617140,15,49500
5617140,16,57
5618160,15,49506
5618160,16,34
5619138,15,49518
5619138,16,27
5620156,15,49511
5620156,16,40
5621137,15,49494
5621137,16,32
5622155,15,49509
5622155,16,21
5623133,15,49514
5623133,16,43
5624153,15,49514
5624153,16,12
5625130,15,49501
5625130,16,50
5626150,15,49511
5626150,16,27
5627130,15,49481
5627130,16,22
5628147,15,49512
5628147,16,40
5629124,15,49491
5629124,16,57
5630144,15,49483
5630144,16,38
5631167,15,49507
5631167,16,45
5632143,15,49506
5632143,16,37
5633160,15,49515
5633160,16,19
5634141,15,49509
5634141,16,61
5635160,15,49526
5635160,16,15
5636138,15,49507
5636138,16,40
5637158,15,49518
5637158,16,43
5638133,15,49523
5638133,16,42
5639155,15,49508
5639155,16,48
5640133,15,49488
5640133,16,51
5641152,15,49509
5641152,16,45
5642134,15,49520
5642134,16,46
5643150,15,49511
5643150,16,8
5644128,15,49509
5644128,16,42
5645147,15,49500
5645147,16,42
5646126,15,49516
5646126,16,24
5647146,15,49495
5647146,16,53
5648166,15,49485
5648166,16,43
5649142,15,49491
5649142,16,38
5650163,15,49491
5650163,16,49
5651140,15,49485
5651140,16,17
5652158,15,49527
5652158,16,43
5653138,15,49489
5653138,16,48
5654154,15,49502
5654154,16,31
5655135,15,49504
5655135,16,47
5656156,15,49525
5656156,16,39
5657128,15,49493
5657128,16,23
5658154,15,49513
5658154,16,50
5659131,15,49495
5659131,16,22
5660151,15,49499
5660151,16,29
5661126,15,49504
5661126,16,45
5662145,15,49516
5662145,16,47
5663123,15,49505
5663123,16,44
5664146,15,49519
5664146,16,54
5665166,15,49526
5665166,16,22
5666143,15,49490
5666143,16,52
5667164,15,49520
5667164,16,19
5668139,15,49490
5668139,16,40
5669159,15,49503
5669159,16,46
5670138,15,49502
5670138,16,28
5671159,15,49497
5671159,16,39
5672133,15,49506
5672133,16,34
5673155,15,49500
5673155,16,50
5674130,15,49516
5674130,16,38
5675153,15,49491
5675153,16,42
5676132,15,49516
5676132,16,40
5677149,15,49498
5677149,16,18
5678129,15,49505
5678129,16,52
5679150,15,49522
5679150,16,54
5680126,15,49483
5680126,16,35
5681143,15,49505
5681143,16,35
5682163,15,49487
5682163,16,31
5683142,15,49500
5683142,16,36
5684165,15,49509
5684165,16,46
5685142,15,49512
5685142,16,36
5686161,15,49500
5686161,16,35
5687137,15,49524
5687137,16,25
5688157,15,49506
5688157,16,9
5689135,15,49495
5689135,16,46
5690159,15,49505
5690159,16,49
5691131,15,49511
5691131,16,30
5692150,15,49507
5692150,16,37
5693131,15,49513
5693131,16,52
5694149,15,49517
5694149,16,35
5695132,15,49494
5695132,16,39
5696151,15,49484
5696151,16,24
5697126,15,49506
5697126,16,33
5698143,15,49501
5698143,16,42
5699166,15,49520
5699166,16,32
5700143,15,49505
5700143,16,40
5701164,15,49508
5701164,16,38
5702137,15,49503
5702137,16,41
5703163,15,49501
5703163,16,35
5704134,15,49517
5704134,16,30
5705155,15,49509
5705155,16,55
5706138,15,49507
5706138,16,45
5707153,15,49534
5707153,16,31
5708127,15,49496
5708127,16,51
5709150,15,49528
5709150,16,42
5710130,15,49502
5710130,16,27
5711150,15,49523
5711150,16,44
5712128,15,49501
5712128,16,42
5713152,15,49500
5713152,16,39
5714128,15,49519
5714128,16,31
5715147,15,49494
5715147,16,27
5716168,15,49510
5716168,16,36
5717144,15,49511
5717144,16,32
5718163,15,49514
5718163,16,51
5719141,15,49504
5719141,16,29
5720159,15,49500
5720159,16,42
5721136,15,49508
5721136,16,47
5722156,15,49508
5722156,16,38
5723134,15,49499
5723134,16,41
5724153,15,49516
5724153,16,39
5725135,15,49484
5725135,16,37
5726155,15,49522
5726155,16,50
5727129,15,49504
5727129,16,35
5728151,15,49476
5728151,16,34
5729130,15,49508
5729130,16,35
5730145,15,49485
5730145,16,48
5731127,15,49504
5731127,16,39
5732148,15,49500
5732148,16,38
5733162,15,49513
5733162,16,33
5734144,15,49516
5734144,16,60
5735165,15,49507
5735165,16,35
5736140,15,49500
5736140,16,35
5737157,15,49504
5737157,16,43
5738141,15,49518
5738141,16,29
5739156,15,49514
5739156,16,23
5740141,15,49512
5740141,16,46
5741157,15,49518
5741157,16,40
5742133,15,49506
5742133,16,9
5743150,15,49504
5743150,16,54
5744130,15,49510
5744130,16,15
5745150,15,49508
5745150,16,27
5746127,15,49504
5746127,16,40
5747146,15,49516
5747146,16,51
5748124,15,49497
5748124,16,41
5749143,15,49491
5749143,16,51
5750165,15,49501
5750165,16,42
5751142,15,49504
5751142,16,43
5752162,15,49506
5752162,16,33
5753140,15,49511
5753140,16,38
5754163,15,49515
5754163,16,33
5755138,15,49491
5755138,16,50
5756156,15,49493
5756156,16,36
5757135,15,49514
5757135,16,48
5758156,15,49516
5758156,16,35
5759132,15,49492
5759132,16,34
5760152,15,49497
5760152,16,47
5761131,15,49488
5761131,16,61
5762149,15,49499
5762149,16,24
5763127,15,49496
5763127,16,24
5764149,15,49499
5764149,16,73
5765124,15,49519
5765124,16,56
5766146,15,49494
5766146,16,25
5767166,15,49496
5767166,16,24
5768143,15,49511
5768143,16,47
5769161,15,49515
5769161,16,41
5770138,15,49484
5770138,16,45
5771160,15,49525
5771160,16,47
5772136,15,49494
5772136,16,37
5773157,15,49509
5773157,16,16
5774135,15,49528
5774135,16,43
5775155,15,49506
5775155,16,37
5776134,15,49528
5776134,16,48
5777153,15,49506
5777153,16,27
5778132,15,49497
5778132,16,29
5779152,15,49501
5779152,16,29
5780126,15,49494
5780126,16,43
5781146,15,49500
5781146,16,26
5782126,15,49501
5782126,16,19
5783145,15,49504
5783145,16,30
5784166,15,49494
5784166,16,40
5785143,15,49481
5785143,16,20
5786161,15,49502
5786161,16,39
5787140,15,49511
5787140,16,48
5788160,15,49513
5788160,16,38
5789137,15,49505
5789137,16,31
5790157,15,49508
5790157,16,52
5791140,15,49494
5791140,16,29
5792152,15,49530
5792152,16,17
5793131,15,49502
5793131,16,40
5794151,15,49516
5794151,16,20
5795131,15,49499
5795131,16,35
5796151,15,49519
5796151,16,42
5797127,15,49510
5797127,16,32
5798150,15,49502
5798150,16,29
5799128,15,49503
5799128,16,28
5800150,15,49516
5800150,16,33
5801167,15,49493
5801167,16,28
5802144,15,49503
5802144,16,40
5803164,15,49509
5803164,16,52
5804140,15,49514
5804140,16,35
5805157,15,49497
5805157,16,24
5806138,15,49504
5806138,16,42
5807156,15,49511
5807156,16,40
5808137,15,49520
5808137,16,47
5809156,15,49503
5809156,16,24
5810134,15,49495
5810134,16,19
5811155,15,49513
5811155,16,39
5812128,15,49506
5812128,16,33
5813147,15,49493
5813147,16,26
5814129,15,49514
5814129,16,12
5815147,15,49522
5815147,16,50
5816122,15,49517
5816122,16,29
5817146,15,49511
5817146,16,38
5818163,15,49503
5818163,16,34
5819141,15,49498
5819141,16,39
5820163,15,49504
5820163,16,44
5821142,15,49485
5821142,16,58
5822163,15,49492
5822163,16,12
5823143,15,49493
5823143,16,44
5824155,15,49507
5824155,16,41
5825133,15,49508
5825133,16,32
5826154,15,49494
5826154,16,44
5827132,15,49516
5827132,16,34
5828150,15,49516
5828150,16,26
5829131,15,49509
5829131,16,27
5830150,15,49501
5830150,16,30
5831130,15,49524
5831130,16,37
5832149,15,49502
5832149,16,35
5833124,15,49506
5833124,16,40
5834142,15,49511
5834142,16,29
5835170,15,49502
5835170,16,15
5836141,15,49524
5836141,16,30
5837161,15,49504
5837161,16,41
5838141,15,49510
5838141,16,49
5839158,15,49503
5839158,16,35
5840139,15,49491
5840139,16,32
5841156,15,49491
5841156,16,41
5842133,15,49516
5842133,16,23
5843154,15,49484
5843154,16,41
5844131,15,49515
5844131,16,36
5845154,15,49523
5845154,16,49
5846127,15,49514
5846127,16,48
5847149,15,49495
5847149,16,34
5848128,15,49512
5848128,16,41
5849150,15,49488
5849150,16,31
5850125,15,49512
5850125,16,43
5851145,15,49511
5851145,16,51
5852167,15,49509
5852167,16,42
5853144,15,49491
5853144,16,39
5854162,15,49505
5854162,16,28
5855139,15,49522
5855139,16,31
5856162,15,49502
5856162,16,62
5857138,15,49503
5857138,16,32
5858159,15,49509
5858159,16,31
5859134,15,49501
5859134,16,58
5860154,15,49493
5860154,16,25
5861133,15,49508
5861133,16,35
5862150,15,49507
5862150,16,36
5863130,15,49503
5863130,16,29
5864151,15,49498
5864151,16,38
5865126,15,49493
5865126,16,20
5866145,15,49498
5866145,16,15
5867125,15,49526
5867125,16,40
5868145,15,49495
5868145,16,68
5869168,15,49510
5869168,16,47
5870143,15,49512
5870143,16,31
5871164,15,49506
5871164,16,28
5872139,15,49512
5872139,16,54
5873159,15,49496
5873159,16,28
5874136,15,49521
5874136,16,43
5875157,15,49512
5875157,16,36
5876134,15,49510
5876134,16,24
5877157,15,49510
5877157,16,30
5878131,15,49507
5878131,16,36
5879149,15,49502
5879149,16,32
5880131,15,49506
5880131,16,29
5881152,15,49511
5881152,16,34
5882128,15,49482
5882128,16,45
5883144,15,49495
5883144,16,42
5884124,15,49507
5884124,16,40
5885144,15,49490
5885144,16,28
5886166,15,49485
5886166,16,45
5887142,15,49497
5887142,16,51
5888161,15,49515
5888161,16,39
5889138,15,49499
5889138,16,54
5890159,15,49514
5890159,16,17
5891135,15,49515
5891135,16,40
5892158,15,49501
5892158,16,44
5893139,15,49489
5893139,16,29
5894157,15,49505
5894157,16,32
5895133,15,49507
5895133,16,43
5896153,15,49511
5896153,16,32
5898918,15,49520
5898918,16,30
5899937,15,49504
5899937,16,47
5900955,15,49506
5900955,16,24
5901932,15,49490
5901932,16,28
5902952,15,49509
5902952,16,34
5903931,15,49499
5903931,16,53
5904951,15,49487
5904951,16,37
5905925,15,49494
5905925,16,53
5906948,15,49499
5906948,16,33
5907927,15,49504
5907927,16,25
5908946,15,49513
5908946,16,34
5909921,15,49509
5909921,16,31
5910943,15,49504
5910943,16,30
5911918,15,49488
5911918,16,38
5912940,15,49526
5912940,16,41
5913957,15,49511
5913957,16,47
5914937,15,49494
5914937,16,35
5915958,15,49500
5915958,16,40
5916937,15,49503
5916937,16,46
5917954,15,49480
5917954,16,16
5918932,15,49494
5918932,16,46
5919952,15,49477
5919952,16,26
5920928,15,49524
5920928,16,51
5921950,15,49480
5921950,16,22
5922929,15,49510
5922929,16,30
5923946,15,49524
5923946,16,35
5924923,15,49511
5924923,16,26
5925946,15,49498
5925946,16,42
5926926,15,49510
5926926,16,38
5927944,15,49507
5927944,16,19
5928919,15,49504
5928919,16,14
5929941,15,49506
5929941,16,38
5930959,15,49508
5930959,16,49
5931936,15,49488
5931936,16,47
5932957,15,49498
5932957,16,33
5933933,15,49499
5933933,16,44
5934955,15,49497
5934955,16,37
5935933,15,49511
5935933,16,40
5936948,15,49511
5936948,16,21
5937930,15,49500
5937930,16,31
5938949,15,49504
5938949,16,38
5939929,15,49506
5939929,16,29
5940948,15,49514
5940948,16,32
5941925,15,49510
5941925,16,20
5942944,15,49494
5942944,16,40
5943919,15,49523
5943919,16,39
5944943,15,49523
5944943,16,27
5945918,15,49491
5945918,16,41
5946937,15,49496
5946937,16,31
5947962,15,49510
5947962,16,56
5948937,15,49493
5948937,16,36
5949958,15,49480
5949958,16,19
5950936,15,49512
5950936,16,38
5951954,15,49499
5951954,16,50
5952934,15,49508
5952934,16,68
5953953,15,49498
5953953,16,44
5954927,15,49497
5954927,16,40
5955949,15,49497
5955949,16,48
5956929,15,49508
5956929,16,28
5957948,15,49504
5957948,16,39
5958924,15,49495
5958924,16,34
5959946,15,49498
5959946,16,37
5960924,15,49513
5960924,16,45
5961943,15,49521
5961943,16,43
5962922,15,49493
5962922,16,21
5963939,15,49488
5963939,16,31
5964960,15,49497
5964960,16,49
5965938,15,49499
5965938,16,49
5966955,15,49511
5966955,16,36
5967935,15,49508
5967935,16,39
5968956,15,49517
5968956,16,28
5969933,15,49502
5969933,16,29
5970951,15,49500
5970951,16,58
5971929,15,49511
5971929,16,44
5972951,15,49498
5972951,16,39
5973930,15,49516
5973930,16,28
5974949,15,49510
5974949,16,22
5975923,15,49505
5975923,16,34
5976949,15,49496
5976949,16,28
5977921,15,49498
5977921,16,30
5978943,15,49506
5978943,16,39
5979922,15,49505
5979922,16,28
5980942,15,49494
5980942,16,30
5981957,15,49478
5981957,16,31
5982935,15,49509
5982935,16,34
5983956,15,49499
5983956,16,46
5984936,15,49503
5984936,16,39
5985951,15,49501
5985951,16,36
5986933,15,49501
5986933,16,43
5987954,15,49505
5987954,16,50
5988928,15,49497
5988928,16,50
5989951,15,49505
5989951,16,35
5990925,15,49509
5990925,16,47
5991947,15,49497
5991947,16,35
5992924,15,49512
5992924,16,26
5993943,15,49501
5993943,16,36
5994924,15,49517
5994924,16,28
5995941,15,49528
5995941,16,53
5996919,15,49506
5996919,16,17
5997938,15,49501
5997938,16,20
5998956,15,49498
5998956,16,35
5999936,15,49511
5999936,16,42
6000957,15,49510
6000957,16,46
6001937,15,49511
6001937,16,36
6002957,15,49492
6002957,16,53
6003934,15,49511
6003934,16,55
6004956,15,49522
6004956,16,58
6005932,15,49500
6005932,16,18
6006950,15,49511
6006950,16,21
6007924,15,49510
6007924,16,37
6008948,15,49490
6008948,16,34
6009924,15,49480
6009924,16,31
6010944,15,49516
6010944,16,22
6011920,15,49522
6011920,16,24
6012942,15,49523
6012942,16,43
6013920,15,49503
6013920,16,50
6014937,15,49532
6014937,16,28
6015959,15,49507
6015959,16,30
6016940,15,49490
6016940,16,22
6017957,15,49506
6017957,16,52
6018936,15,49517
6018936,16,29
6019954,15,49499
6019954,16,18
6020934,15,49500
6020934,16,46
6021953,15,49475
6021953,16,46
6022927,15,49504
6022927,16,40
6023951,15,49487
6023951,16,10
6024927,15,49511
6024927,16,57
6025946,15,49507
6025946,16,34
6026929,15,49491
6026929,16,32
6027947,15,49490
6027947,16,26
6028922,15,49511
6028922,16,41
6029938,15,49485
6029938,16,36
6030922,15,49520
6030922,16,27
6031941,15,49489
6031941,16,34
6032960,15,49517
6032960,16,24
6033936,15,49497
6033936,16,38
6034957,15,49507
6034957,16,26
6035936,15,49520
6035936,16,38
6036957,15,49485
6036957,16,51
6037929,15,49517
6037929,16,34
6038953,15,49497
6038953,16,48
6039930,15,49506
6039930,16,27
6040949,15,49498
6040949,16,31
6041931,15,49508
6041931,16,29
6042949,15,49525
6042949,16,20
6043925,15,49507
6043925,16,31
6044947,15,49484
6044947,16,41
6045920,15,49516
6045920,16,27
6048600,15,49510
6048600,16,31
6049621,15,49497
6049621,16,32
6050639,15,49511
6050639,16,34
6051620,15,49504
6051620,16,43
6052640,15,49510
6052640,16,39
