t_us,pin,raw
1000000,15,49492
1000000,16,52
1001003,15,49490
1001003,16,34
1002024,15,49500
1002024,16,41
1002999,15,49509
1002999,16,36
1004021,15,49512
1004021,16,35
1005039,15,49512
1005039,16,43
1006017,15,49509
1006017,16,24
1007039,15,49514
1007039,16,40
1008014,15,49514
1008014,16,29
1009033,15,49502
1009033,16,31
1010010,15,49511
1010010,16,46
1011033,15,49503
1011033,16,44
1012008,15,49489
1012008,16,28
1013029,15,49513
1013029,16,33
1014010,15,49502
1014010,16,27
1015027,15,49517
1015027,16,35
1016005,15,49505
1016005,16,46
1017024,15,49511
1017024,16,55
1018003,15,49510
1018003,16,45
1019022,15,49498
1019022,16,33
1019999,15,49504
1019999,16,26
1021019,15,49491
1021019,16,16
1022036,15,49489
1022036,16,41
1023017,15,49503
1023017,16,43
1024037,15,49497
1024037,16,26
1025017,15,49504
1025017,16,43
1026034,15,49516
1026034,16,64
1027012,15,49514
1027012,16,42
1028032,15,49502
1028032,16,24
1029009,15,49502
1029009,16,48
1030032,15,49497
1030032,16,36
1031008,15,49497
1031008,16,48
1032028,15,49502
1032028,16,25
1033007,15,49494
1033007,16,33
1034025,15,49486
1034025,16,19
1035004,15,49505
1035004,16,25
1036025,15,49517
1036025,16,41
1037001,15,49501
1037001,16,35
1038020,15,49504
1038020,16,52
1039041,15,49501
1039041,16,23
1040017,15,49502
1040017,16,48
1041038,15,49527
1041038,16,47
1042014,15,49489
1042014,16,29
1043037,15,49521
1043037,16,22
1044014,15,49505
1044014,16,15
1045032,15,49499
1045032,16,39
1046013,15,49497
1046013,16,45
1047031,15,49507
1047031,16,23
1048005,15,49517
1048005,16,30
1049030,15,49499
1049030,16,47
1050005,15,49479
1050005,16,30
1051025,15,49512
1051025,16,47
1052002,15,49499
1052002,16,11
1053021,15,49508
1053021,16,40
1053999,15,49509
1053999,16,46
1055020,15,49496
1055020,16,19
1056040,15,49487
1056040,16,27
1057016,15,49515
1057016,16,35
1058040,15,49481
1058040,16,33
1059014,15,49509
1059014,16,53
1060033,15,49506
1060033,16,30
1061010,15,49492
1061010,16,18
1062031,15,49494
1062031,16,17
1063013,15,49498
1063013,16,13
1064031,15,49509
1064031,16,23
1065007,15,49513
1065007,16,37
1066026,15,49515
1066026,16,45
1067004,15,49498
1067004,16,40
1068025,15,49515
1068025,16,42
1069000,15,49508
1069000,16,46
1070023,15,49523
1070023,16,22
1071003,15,49503
1071003,16,59
1072020,15,49526
1072020,16,29
1073040,15,49517
1073040,16,36
1074015,15,49499
1074015,16,57
1075037,15,49500
1075037,16,26
1076017,15,49511
1076017,16,60
1077035,15,49511
1077035,16,21
1078013,15,49505
1078013,16,44
1079032,15,49514
1079032,16,43
1080011,15,49498
1080011,16,31
1081031,15,49506
1081031,16,19
1082008,15,49530
1082008,16,7
1083025,15,49501
1083025,16,46
1084004,15,49503
1084004,16,35
1085025,15,49500
1085025,16,36
1086002,15,49514
1086002,16,30
1087024,15,49493
1087024,16,71
1088001,15,49498
1088001,16,40
1089020,15,49520
1089020,16,34
1090040,15,49521
1090040,16,41
1091017,15,49510
1091017,16,40
1092037,15,49495
1092037,16,57
1093015,15,49512
1093015,16,30
1094032,15,49507
1094032,16,25
1095010,15,49508
1095010,16,37
1096033,15,49522
1096033,16,34
1097009,15,49503
1097009,16,43
1098029,15,49518
1098029,16,36
1099007,15,49516
1099007,16,27
1100026,15,49515
1100026,16,47
1101007,15,49474
1101007,16,37
1102026,15,49474
1102026,16,69
1103001,15,49525
1103001,16,39
1104021,15,49479
1104021,16,20
1105003,15,49510
1105003,16,26
1106021,15,49501
1106021,16,32
1107040,15,49511
1107040,16,31
1108020,15,49513
1108020,16,32
1109038,15,49512
1109038,16,50
1110016,15,49509
1110016,16,42
1111034,15,49496
1111034,16,39
1112011,15,49501
1112011,16,48
1113030,15,49515
1113030,16,20
1114008,15,49496
1114008,16,42
1115031,15,49499
1115031,16,36
1116008,15,49487
1116008,16,38
1117027,15,49510
1117027,16,24
1118005,15,49517
1118005,16,50
1119027,15,49504
1119027,16,29
1119999,15,49508
1119999,16,43
1121026,15,49505
1121026,16,19
1122000,15,49493
1122000,16,21
1123023,15,49515
1123023,16,34
1124040,15,49489
1124040,16,46
1125018,15,49492
1125018,16,20
1126039,15,49509
1126039,16,39
1127015,15,49491
1127015,16,29
1128035,15,49506
1128035,16,41
1129012,15,49494
1129012,16,58
1130032,15,49502
1130032,16,31
1131011,15,49520
1131011,16,25
1132030,15,49506
1132030,16,30
1133008,15,49481
1133008,16,53
1134025,15,49506
1134025,16,25
1135007,15,49520
1135007,16,22
1136026,15,49515
1136026,16,23
1137004,15,49504
1137004,16,52
1138025,15,49512
1138025,16,33
1138999,15,49511
1138999,16,28
1140020,15,49490
1140020,16,16
1141043,15,49506
1141043,16,24
1142016,15,49501
1142016,16,43
1143039,15,49511
1143039,16,34
1144015,15,49502
1144015,16,41
1145037,15,49511
1145037,16,43
1146015,15,49510
1146015,16,32
1147032,15,49481
1147032,16,50
1148011,15,49510
1148011,16,35
1149030,15,49510
1149030,16,39
1150008,15,49499
1150008,16,31
1151027,15,49503
1151027,16,46
1152005,15,49507
1152005,16,35
1153027,15,49509
1153027,16,29
1154003,15,49519
1154003,16,24
1155023,15,49490
1155023,16,12
1156001,15,49514
1156001,16,38
1157021,15,49508
1157021,16,37
1158042,15,49513
1158042,16,34
1159019,15,49504
1159019,16,16
1160038,15,49510
1160038,16,29
1161016,15,49523
1161016,16,41
1162036,15,49483
1162036,16,30
1163014,15,49516
1163014,16,20
1164032,15,49505
1164032,16,35
1165008,15,49499
1165008,16,34
1166032,15,49502
1166032,16,42
1167007,15,49513
1167007,16,38
1168027,15,49499
1168027,16,22
1169006,15,49520
1169006,16,43
1170023,15,49495
1170023,16,28
1171003,15,49517
1171003,16,31
1172025,15,49503
1172025,16,20
1173001,15,49502
1173001,16,12
1174020,15,49500
1174020,16,18
1175040,15,49488
1175040,16,34
1176015,15,49492
1176015,16,46
1177043,15,49504
1177043,16,54
1178016,15,49516
1178016,16,15
1179034,15,49503
1179034,16,36
1180014,15,49503
1180014,16,41
1181035,15,49496
1181035,16,41
1182008,15,49506
1182008,16,19
1183030,15,49485
1183030,16,40
1184008,15,49503
1184008,16,40
1185027,15,49507
1185027,16,53
1186004,15,49505
1186004,16,49
1187025,15,49513
1187025,16,29
1188002,15,49510
1188002,16,27
1189020,15,49499
1189020,16,13
1189998,15,49521
1189998,16,39
1191018,15,49503
1191018,16,20
1192040,15,49489
1192040,16,37
1193017,15,49516
1193017,16,37
1194036,15,49490
1194036,16,38
1195016,15,49506
1195016,16,49
1196035,15,49530
1196035,16,42
1197013,15,49507
1197013,16,40
1198033,15,49511
1198033,16,38
1199009,15,49488
1199009,16,20
1200031,15,49521
1200031,16,41
1201007,15,49483
1201007,16,38
1202027,15,49499
1202027,16,55
1203004,15,49503
1203004,16,27
1204026,15,49513
1204026,16,26
1205001,15,49505
1205001,16,61
1206023,15,49505
1206023,16,46
1207000,15,49531
1207000,16,47
1208019,15,49514
1208019,16,38
1209041,15,49521
1209041,16,38
1210018,15,49490
1210018,16,21
1211039,15,49506
1211039,16,28
1212017,15,49500
1212017,16,40
1213035,15,49525
1213035,16,33
1214013,15,49498
1214013,16,29
1215029,15,49487
1215029,16,37
1216012,15,49520
1216012,16,32
1217027,15,49490
1217027,16,38
1218009,15,49504
1218009,16,45
1219026,15,49498
1219026,16,54
1220007,15,49498
1220007,16,21
1221023,15,49501
1221023,16,52
1222004,15,49480
1222004,16,24
1223024,15,49516
1223024,16,34
1224000,15,49500
1224000,16,40
1225019,15,49503
1225019,16,42
1226040,15,49517
1226040,16,36
1227017,15,49506
1227017,16,49
1228036,15,49520
1228036,16,43
1229014,15,49509
1229014,16,30
1230036,15,49492
1230036,16,34
1231013,15,49509
1231013,16,36
1232033,15,49499
1232033,16,29
1233009,15,49514
1233009,16,30
1234029,15,49508
1234029,16,48
1235006,15,49498
1235006,16,26
1236027,15,49503
1236027,16,58
1237005,15,49523
1237005,16,23
1238025,15,49509
1238025,16,38
1239002,15,49496
1239002,16,31
1240020,15,49498
1240020,16,24
1241002,15,49513
1241002,16,31
1242017,15,49519
1242017,16,35
1243041,15,49495
1243041,16,31
1244017,15,49502
1244017,16,36
1245037,15,49485
1245037,16,26
1246014,15,49498
1246014,16,40
1247035,15,49489
1247035,16,41
1248014,15,49512
1248014,16,24
1249030,15,49501
1249030,16,23
1250013,15,49496
1250013,16,43
1251028,15,49522
1251028,16,30
1252007,15,49503
1252007,16,34
1253030,15,49486
1253030,16,56
1254009,15,49500
1254009,16,31
1255022,15,49509
1255022,16,41
1256004,15,49510
1256004,16,43
1257022,15,49506
1257022,16,3
1258000,15,49507
1258000,16,55
1259022,15,49509
1259022,16,35
1260036,15,49500
1260036,16,49
1261015,15,49488
1261015,16,24
1262040,15,49515
1262040,16,36
1263016,15,49513
1263016,16,44
1264036,15,49484
1264036,16,36
1265012,15,49495
1265012,16,32
1266034,15,49491
1266034,16,42
1267009,15,49509
1267009,16,12
1268029,15,49524
1268029,16,52
1269008,15,49502
1269008,16,19
1270026,15,49494
1270026,16,30
1271004,15,49494
1271004,16,32
1272028,15,49519
1272028,16,27
1273001,15,49480
1273001,16,29
1274020,15,49508
1274020,16,36
1274999,15,49510
1274999,16,52
1276021,15,49519
1276021,16,30
1277039,15,49511
1277039,16,27
1278018,15,49499
1278018,16,41
1279035,15,49507
1279035,16,22
1280014,15,49510
1280014,16,41
1281035,15,49517
1281035,16,37
1282012,15,49515
1282012,16,23
1283032,15,49494
1283032,16,34
1284007,15,49506
1284007,16,15
1285031,15,49516
1285031,16,32
1286006,15,49507
1286006,16,37
1287029,15,49521
1287029,16,37
1288004,15,49502
1288004,16,22
1289026,15,49516
1289026,16,49
1290004,15,49518
1290004,16,47
1291024,15,49514
1291024,16,50
1291999,15,49510
1291999,16,14
1293020,15,49514
1293020,16,37
1294038,15,49517
1294038,16,40
1295017,15,49515
1295017,16,40
1296037,15,49510
1296037,16,19
1297014,15,49500
1297014,16,31
1298034,15,49505
1298034,16,36
1299013,15,49514
1299013,16,49
1300032,15,49493
1300032,16,39
1301011,15,49516
1301011,16,36
1302029,15,49494
1302029,16,42
1303008,15,49505
1303008,16,45
1304029,15,49490
1304029,16,28
1305004,15,49505
1305004,16,32
1306024,15,49505
1306024,16,40
1307003,15,49512
1307003,16,58
1308022,15,49509
1308022,16,25
1309001,15,49517
1309001,16,29
1310021,15,49504
1310021,16,28
1311042,15,49515
1311042,16,41
1312018,15,49489
1312018,16,27
1313039,15,49488
1313039,16,35
1314016,15,49511
1314016,16,36
1315033,15,49502
1315033,16,9
1316014,15,49498
1316014,16,35
1317035,15,49507
1317035,16,32
1318014,15,49537
1318014,16,32
1319031,15,49519
1319031,16,47
1320007,15,49502
1320007,16,36
1321029,15,49518
1321029,16,46
1322004,15,49514
1322004,16,47
1323026,15,49511
1323026,16,23
1324000,15,49498
1324000,16,42
1325021,15,49499
1325021,16,33
1325999,15,49493
1325999,16,34
1327022,15,49520
1327022,16,44
1328038,15,49501
1328038,16,36
1329017,15,49499
1329017,16,33
1330037,15,49517
1330037,16,54
1331017,15,49517
1331017,16,45
1332037,15,49495
1332037,16,25
1333014,15,49496
1333014,16,24
1334033,15,49494
1334033,16,41
1335008,15,49508
1335008,16,63
1336030,15,49516
1336030,16,30
1337006,15,49515
1337006,16,40
1338025,15,49510
1338025,16,46
1339007,15,49511
1339007,16,39
1340027,15,49481
1340027,16,47
1341002,15,49504
1341002,16,34
1342023,15,49506
1342023,16,22
1342998,15,49509
1342998,16,46
1344021,15,49519
1344021,16,23
1345038,15,49506
1345038,16,35
1346017,15,49503
1346017,16,31
1347038,15,49501
1347038,16,35
1348014,15,49517
1348014,16,34
1349033,15,49506
1349033,16,56
1350013,15,49518
1350013,16,40
1351033,15,49503
1351033,16,46
1352009,15,49486
1352009,16,32
1353029,15,49493
1353029,16,16
1354006,15,49503
1354006,16,39
1355030,15,49521
1355030,16,40
1356003,15,49506
1356003,16,40
1357025,15,49520
1357025,16,56
1358002,15,49519
1358002,16,58
1359019,15,49499
1359019,16,39
1360000,15,49496
1360000,16,35
1361022,15,49484
1361022,16,39
1362038,15,49488
1362038,16,32
1363016,15,49493
1363016,16,54
1364037,15,49498
1364037,16,25
1365017,15,49497
1365017,16,48
1366038,15,49502
1366038,16,41
1367012,15,49514
1367012,16,41
1368034,15,49524
1368034,16,41
1369010,15,49523
1369010,16,28
1370032,15,49485
1370032,16,33
1371009,15,49513
1371009,16,43
1372026,15,49522
1372026,16,17
1373004,15,49495
1373004,16,37
1374024,15,49519
1374024,16,49
1375001,15,49507
1375001,16,31
1376022,15,49503
1376022,16,39
1377001,15,49518
1377001,16,42
1378020,15,49513
1378020,16,11
1379040,15,49505
1379040,16,25
1380018,15,49513
1380018,16,37
1381036,15,49512
1381036,16,24
1382015,15,49504
1382015,16,44
1383032,15,49509
1383032,16,39
1384010,15,49509
1384010,16,36
1385034,15,49505
1385034,16,35
1386008,15,49492
1386008,16,18
1387029,15,49499
1387029,16,30
1388007,15,49511
1388007,16,30
1389027,15,49509
1389027,16,23
1390005,15,49513
1390005,16,31
1391026,15,49511
1391026,16,33
1392001,15,49497
1392001,16,39
1393023,15,49510
1393023,16,43
1394000,15,49501
1394000,16,42
1395019,15,49508
1395019,16,28
1396041,15,49509
1396041,16,63
1397019,15,49509
1397019,16,39
1398042,15,49507
1398042,16,26
1399015,15,49507
1399015,16,41
1400034,15,49517
1400034,16,43
1401012,15,49524
1401012,16,40
1402032,15,49502
1402032,16,38
1403007,15,49507
1403007,16,33
1404031,15,49509
1404031,16,21
1405008,15,49498
1405008,16,34
1406028,15,49483
1406028,16,25
1407004,15,49526
1407004,16,30
1408025,15,49497
1408025,16,62
1409001,15,49492
1409001,16,37
1410021,15,49489
1410021,16,48
1411001,15,49499
1411001,16,35
1412018,15,49506
1412018,16,33
1413038,15,49495
1413038,16,24
1414019,15,49520
1414019,16,52
1415038,15,49502
1415038,16,38
1416016,15,49529
1416016,16,66
1417035,15,49506
1417035,16,43
1418012,15,49529
1418012,16,27
1419031,15,49506
1419031,16,46
1420008,15,49509
1420008,16,48
1421030,15,49515
1421030,16,34
1422007,15,49511
1422007,16,26
1423028,15,49503
1423028,16,48
1424008,15,49501
1424008,16,33
1425024,15,49516
1425024,16,44
1426000,15,49516
1426000,16,29
1427021,15,49514
1427021,16,51
1427999,15,49503
1427999,16,43
1429021,15,49507
1429021,16,46
1430042,15,49487
1430042,16,19
1431019,15,49525
1431019,16,26
1432038,15,49525
1432038,16,20
1433012,15,49525
1433012,16,5
1434035,15,49482
1434035,16,17
1435014,15,49514
1435014,16,35
1436032,15,49526
1436032,16,43
1437009,15,49496
1437009,16,31
1438031,15,49507
1438031,16,23
1439009,15,49502
1439009,16,28
1440027,15,49499
1440027,16,37
1441004,15,49512
1441004,16,25
1442024,15,49513
1442024,16,37
1443002,15,49497
1443002,16,33
1444022,15,49537
1444022,16,41
1445000,15,49505
1445000,16,35
1446019,15,49511
1446019,16,53
1447042,15,49512
1447042,16,29
1448016,15,49515
1448016,16,26
1449036,15,49513
1449036,16,54
1450015,15,49490
1450015,16,57
1451034,15,49511
1451034,16,37
1452015,15,49494
1452015,16,42
1453031,15,49505
1453031,16,46
1454012,15,49509
1454012,16,43
1455028,15,49502
1455028,16,40
1456006,15,49502
1456006,16,40
1457030,15,49493
1457030,16,44
1458005,15,49499
1458005,16,39
1459024,15,49496
1459024,16,43
1460004,15,49481
1460004,16,26
1461022,15,49485
1461022,16,42
1462000,15,49522
1462000,16,19
1463021,15,49504
1463021,16,10
1464038,15,49517
1464038,16,43
1465020,15,49501
1465020,16,38
1466038,15,49498
1466038,16,29
1467015,15,49485
1467015,16,19
1468034,15,49493
1468034,16,30
1469013,15,49525
1469013,16,33
1470032,15,49489
1470032,16,33
1471009,15,49502
1471009,16,32
1472032,15,49512
1472032,16,42
1473008,15,49512
1473008,16,7
1474027,15,49504
1474027,16,33
1475005,15,49514
1475005,16,45
1476023,15,49508
1476023,16,61
1476999,15,49503
1476999,16,19
1478023,15,49504
1478023,16,39
1479001,15,49508
1479001,16,25
1480018,15,49500
1480018,16,43
1481041,15,49513
1481041,16,40
1482018,15,49521
1482018,16,36
1483038,15,49488
1483038,16,26
1484015,15,49502
1484015,16,24
1485039,15,49500
1485039,16,33
1486010,15,49517
1486010,16,28
1487030,15,49501
1487030,16,27
1488010,15,49535
1488010,16,36
1489033,15,49483
1489033,16,53
1490007,15,49521
1490007,16,23
1491029,15,49515
1491029,16,48
1492005,15,49499
1492005,16,30
1493024,15,49526
1493024,16,31
1494003,15,49514
1494003,16,20
1495025,15,49507
1495025,16,64
1495999,15,49508
1495999,16,35
1497023,15,49505
1497023,16,36
1498039,15,49523
1498039,16,47
1499019,15,49503
1499019,16,38
1500038,15,49503
1500038,16,33
1501015,15,49507
1501015,16,40
1502034,15,49498
1502034,16,49
1503012,15,49506
1503012,16,32
1504033,15,49490
1504033,16,47
1505010,15,49489
1505010,16,26
1506032,15,49485
1506032,16,31
1507007,15,49509
1507007,16,35
1508026,15,49506
1508026,16,28
1509004,15,49502
1509004,16,52
1510026,15,49506
1510026,16,28
1511000,15,49500
1511000,16,23
1512021,15,49522
1512021,16,17
1512998,15,49510
1512998,16,29
1514023,15,49506
1514023,16,38
1515041,15,49510
1515041,16,48
1516018,15,49511
1516018,16,19
1517039,15,49520
1517039,16,47
1518014,15,49495
1518014,16,6
1519035,15,49512
1519035,16,52
1520012,15,49510
1520012,16,15
1521034,15,49517
1521034,16,58
1522009,15,49528
1522009,16,41
1523031,15,49505
1523031,16,36
1524007,15,49486
1524007,16,41
1525029,15,49494
1525029,16,60
1526009,15,49508
1526009,16,32
1527025,15,49527
1527025,16,35
1528003,15,49510
1528003,16,16
1529022,15,49513
1529022,16,32
1530001,15,49501
1530001,16,34
1531022,15,49489
1531022,16,28
1532040,15,49519
1532040,16,45
1533022,15,49500
1533022,16,32
1534037,15,49500
1534037,16,32
1535015,15,49522
1535015,16,45
1536034,15,49514
1536034,16,48
1537012,15,49521
1537012,16,52
1538032,15,49508
1538032,16,32
1539009,15,49501
1539009,16,38
1540029,15,49492
1540029,16,15
1541003,15,49502
1541003,16,20
1542027,15,49508
1542027,16,44
1543005,15,49513
1543005,16,59
1544024,15,49489
1544024,16,40
1545004,15,49524
1545004,16,46
1546023,15,49513
1546023,16,31
1547000,15,49496
1547000,16,24
1548022,15,49499
1548022,16,33
1549040,15,49512
1549040,16,50
1550019,15,49510
1550019,16,45
1551038,15,49525
1551038,16,51
1552016,15,49510
1552016,16,36
1553036,15,49517
1553036,16,29
1554010,15,49502
1554010,16,38
1555031,15,49506
1555031,16,36
1556012,15,49494
1556012,16,36
1557031,15,49511
1557031,16,50
1558006,15,49510
1558006,16,23
1559028,15,49508
1559028,16,17
1560004,15,49497
1560004,16,15
1561027,15,49493
1561027,16,34
1562003,15,49504
1562003,16,49
1563021,15,49497
1563021,16,36
1564002,15,49496
1564002,16,44
1565021,15,49495
1565021,16,39
1566043,15,49490
1566043,16,25
1567017,15,49493
1567017,16,21
1568040,15,49523
1568040,16,20
1569015,15,49497
1569015,16,37
1570036,15,49509
1570036,16,46
1571012,15,49498
1571012,16,44
1572032,15,49509
1572032,16,36
1573011,15,49502
1573011,16,32
1574031,15,49511
1574031,16,33
1575009,15,49484
1575009,16,49
1576027,15,49506
1576027,16,36
1577005,15,49507
1577005,16,22
1578023,15,49501
1578023,16,24
1579003,15,49495
1579003,16,40
1580024,15,49492
1580024,16,25
1580998,15,49505
1580998,16,40
1582019,15,49476
1582019,16,37
1583042,15,49513
1583042,16,22
1584015,15,49516
1584015,16,37
1585040,15,49506
1585040,16,29
1586013,15,49510
1586013,16,46
1587035,15,49514
1587035,16,19
1588011,15,49476
1588011,16,43
1589033,15,49497
1589033,16,29
1590011,15,49508
1590011,16,55
1591032,15,49504
1591032,16,30
1592008,15,49509
1592008,16,32
1593031,15,49501
1593031,16,30
1594005,15,49512
1594005,16,68
1595028,15,49497
1595028,16,51
1596003,15,49511
1596003,16,50
1597023,15,49503
1597023,16,28
1598000,15,49510
1598000,16,25
1599021,15,49520
1599021,16,49
1600039,15,49507
1600039,16,51
1601017,15,49504
1601017,16,42
1602040,15,49501
1602040,16,41
1603013,15,49509
1603013,16,16
1604036,15,49515
1604036,16,40
1605014,15,49498
1605014,16,49
1606030,15,49511
1606030,16,38
1607009,15,49487
1607009,16,40
1608030,15,49524
1608030,16,34
1609006,15,49497
1609006,16,36
1610029,15,49490
1610029,16,10
1611005,15,49499
1611005,16,20
1612026,15,49499
1612026,16,14
1613002,15,49508
1613002,16,28
1614026,15,49503
1614026,16,27
1615001,15,49495
1615001,16,31
1616019,15,49483
1616019,16,39
1617041,15,49516
1617041,16,36
1618020,15,49509
1618020,16,47
1619040,15,49508
1619040,16,41
1620014,15,49487
1620014,16,26
1621036,15,49506
1621036,16,38
1622013,15,49503
1622013,16,31
1623037,15,49496
1623037,16,25
1624011,15,49506
1624011,16,22
1625033,15,49503
1625033,16,38
1626006,15,49497
1626006,16,31
1627024,15,49515
1627024,16,22
1628005,15,49503
1628005,16,34
1629021,15,49510
1629021,16,41
1630004,15,49488
1630004,16,23
1631022,15,49511
1631022,16,33
1632000,15,49487
1632000,16,49
1633021,15,49500
1633021,16,45
1634039,15,49484
1634039,16,40
1635016,15,49521
1635016,16,50
1636037,15,49511
1636037,16,28
1637014,15,49495
1637014,16,40
1638034,15,49514
1638034,16,35
1639013,15,49514
1639013,16,42
1640034,15,49490
1640034,16,41
1641012,15,49501
1641012,16,31
1642032,15,49513
1642032,16,38
1643006,15,49505
1643006,16,35
1644029,15,49487
1644029,16,16
1645006,15,49485
1645006,16,17
1646026,15,49510
1646026,16,31
1647002,15,49512
1647002,16,41
1648023,15,49495
1648023,16,23
1649001,15,49504
1649001,16,37
1650020,15,49514
1650020,16,42
1651042,15,49497
1651042,16,59
1652019,15,49489
1652019,16,37
1653039,15,49493
1653039,16,23
1654016,15,49504
1654016,16,20
1655036,15,49509
1655036,16,40
1656011,15,49515
1656011,16,6
1657033,15,49499
1657033,16,30
1658011,15,49486
1658011,16,46
1659030,15,49512
1659030,16,49
1660006,15,49504
1660006,16,29
1661026,15,49495
1661026,16,36
1662005,15,49475
1662005,16,39
1663026,15,49517
1663026,16,29
1664003,15,49508
1664003,16,22
1665020,15,49483
1665020,16,47
1665999,15,49495
1665999,16,41
1667019,15,49497
1667019,16,37
1668038,15,49507
1668038,16,31
1669015,15,49512
1669015,16,45
1670037,15,49493
1670037,16,21
1671017,15,49502
1671017,16,50
1672036,15,49503
1672036,16,43
1673014,15,49504
1673014,16,36
1674031,15,49502
1674031,16,50
1675013,15,49493
1675013,16,31
1676029,15,49486
1676029,16,46
1677006,15,49509
1677006,16,30
1678028,15,49499
1678028,16,44
1679005,15,49511
1679005,16,40
1680027,15,49524
1680027,16,53
1681002,15,49504
1681002,16,38
1682023,15,49495
1682023,16,34
1682998,15,49512
1682998,16,23
1684018,15,49514
1684018,16,29
1685041,15,49502
1685041,16,16
1686017,15,49487
1686017,16,31
1687039,15,49493
1687039,16,26
1688014,15,49493
1688014,16,30
1689033,15,49506
1689033,16,38
1690013,15,49517
1690013,16,21
1691029,15,49521
1691029,16,34
1692010,15,49499
1692010,16,23
1693032,15,49502
1693032,16,16
1694010,15,49521
1694010,16,41
1695024,15,49505
1695024,16,39
1696003,15,49484
1696003,16,37
1697026,15,49489
1697026,16,31
1698001,15,49497
1698001,16,40
1699023,15,49528
1699023,16,32
1700001,15,49496
1700001,16,40
1701020,15,49512
1701020,16,31
1702039,15,49507
1702039,16,52
1703018,15,49488
1703018,16,28
1704039,15,49502
1704039,16,31
1705013,15,49509
1705013,16,32
1706034,15,49509
1706034,16,35
1707015,15,49509
1707015,16,38
1708033,15,49494
1708033,16,33
1709008,15,49499
1709008,16,23
1710027,15,49510
1710027,16,22
1711009,15,49515
1711009,16,42
1712029,15,49514
1712029,16,36
1713004,15,49483
1713004,16,28
1714023,15,49508
1714023,16,30
1715002,15,49505
1715002,16,53
1716022,15,49514
1716022,16,24
1717000,15,49500
1717000,16,17
1718018,15,49509
1718018,16,28
1719039,15,49505
1719039,16,32
1720016,15,49504
1720016,16,48
1721039,15,49507
1721039,16,24
1722014,15,49513
1722014,16,41
1723034,15,49508
1723034,16,33
1724014,15,49493
1724014,16,56
1725032,15,49499
1725032,16,19
1726011,15,49496
1726011,16,36
1727029,15,49513
1727029,16,23
1728009,15,49505
1728009,16,26
1729027,15,49517
1729027,16,48
1730005,15,49509
1730005,16,9
1731025,15,49501
1731025,16,42
1732001,15,49499
1732001,16,37
1733021,15,49531
1733021,16,40
1734000,15,49496
1734000,16,42
1735022,15,49497
1735022,16,23
1736039,15,49526
1736039,16,28
1737017,15,49495
1737017,16,36
1738036,15,49505
1738036,16,31
1739014,15,49520
1739014,16,22
1740034,15,49509
1740034,16,32
1741013,15,49505
1741013,16,20
1742032,15,49511
1742032,16,19
1743009,15,49514
1743009,16,33
1744028,15,49499
1744028,16,26
1745007,15,49510
1745007,16,39
1746028,15,49502
1746028,16,32
1747006,15,49495
1747006,16,47
1748026,15,49507
1748026,16,39
1749002,15,49491
1749002,16,43
1750023,15,49474
1750023,16,19
1751000,15,49486
1751000,16,39
1752022,15,49523
1752022,16,43
1753040,15,49505
1753040,16,21
1754019,15,49503
1754019,16,42
1755037,15,49521
1755037,16,35
1756014,15,49524
1756014,16,29
1757036,15,49500
1757036,16,36
1758013,15,49502
1758013,16,20
1759030,15,49509
1759030,16,34
1760008,15,49507
1760008,16,27
1761033,15,49517
1761033,16,27
1762007,15,49519
1762007,16,27
1763026,15,49511
1763026,16,57
1764007,15,49502
1764007,16,42
1765023,15,49488
1765023,16,37
1766003,15,49520
1766003,16,34
1767021,15,49509
1767021,16,48
1768001,15,49519
1768001,16,24
1769020,15,49504
1769020,16,25
1770041,15,49511
1770041,16,46
1771018,15,49513
1771018,16,29
1772037,15,49500
1772037,16,24
1773016,15,49498
1773016,16,40
1774035,15,49513
1774035,16,29
1775015,15,49508
1775015,16,17
1776030,15,49521
1776030,16,53
1777008,15,49505
1777008,16,28
1778027,15,49495
1778027,16,40
1779009,15,49516
1779009,16,54
1780028,15,49512
1780028,16,39
1781004,15,49489
1781004,16,39
1782026,15,49483
1782026,16,30
1783001,15,49515
1783001,16,40
1784021,15,49509
1784021,16,38
1785000,15,49511
1785000,16,38
1786023,15,49504
1786023,16,43
1787044,15,49497
1787044,16,50
1788020,15,49494
1788020,16,43
1789037,15,49520
1789037,16,37
1790017,15,49491
1790017,16,42
1791037,15,49496
1791037,16,36
1792013,15,49510
1792013,16,43
1793033,15,49503
1793033,16,46
1794010,15,49511
1794010,16,50
1795027,15,49510
1795027,16,41
1796006,15,49505
1796006,16,29
1797026,15,49489
1797026,16,9
1798005,15,49508
1798005,16,36
1799026,15,49522
1799026,16,37
1800004,15,49521
1800004,16,35
1801022,15,49498
1801022,16,61
1802000,15,49491
1802000,16,61
1803021,15,49496
1803021,16,56
1804038,15,49501
1804038,16,35
1805015,15,49504
1805015,16,31
1806037,15,49508
1806037,16,33
1807017,15,49503
1807017,16,45
1808034,15,49507
1808034,16,31
1809013,15,49519
1809013,16,38
1810033,15,49494
1810033,16,38
1811009,15,49496
1811009,16,55
1812030,15,49506
1812030,16,57
1813009,15,49512
1813009,16,39
1814026,15,49532
1814026,16,44
1815005,15,49520
1815005,16,51
1816023,15,49512
1816023,16,7
1817002,15,49487
1817002,16,37
1818019,15,49515
1818019,16,24
1819002,15,49514
1819002,16,13
1820020,15,49488
1820020,16,31
1821045,15,49514
1821045,16,48
1822021,15,49511
1822021,16,47
1823036,15,49507
1823036,16,45
1824014,15,49489
1824014,16,28
1825036,15,49509
1825036,16,21
1826012,15,49492
1826012,16,26
1827033,15,49509
1827033,16,30
1828008,15,49482
1828008,16,24
1829030,15,49523
1829030,16,16
1830005,15,49519
1830005,16,40
1831026,15,49506
1831026,16,52
1832002,15,49481
1832002,16,44
1833025,15,49492
1833025,16,48
1834001,15,49514
1834001,16,28
1835024,15,49494
1835024,16,45
1836000,15,49515
1836000,16,36
1837020,15,49505
1837020,16,32
1838042,15,49516
1838042,16,52
1839019,15,49508
1839019,16,30
1840038,15,49502
1840038,16,41
1841014,15,49502
1841014,16,32
1842036,15,49504
1842036,16,47
1843012,15,49504
1843012,16,38
1844033,15,49519
1844033,16,32
1845012,15,49523
1845012,16,32
1846027,15,49496
1846027,16,48
1847006,15,49504
1847006,16,24
1848028,15,49484
1848028,16,32
1849008,15,49511
1849008,16,49
1850025,15,49503
1850025,16,27
1851001,15,49476
1851001,16,43
1852020,15,49490
1852020,16,25
1853000,15,49521
1853000,16,39
1854022,15,49497
1854022,16,46
1855040,15,49505
1855040,16,32
1856020,15,49495
1856020,16,17
1857039,15,49509
1857039,16,17
1858016,15,49499
1858016,16,38
1859039,15,49503
1859039,16,25
1860011,15,49496
1860011,16,23
1861034,15,49509
1861034,16,36
1862007,15,49514
1862007,16,14
1863027,15,49507
1863027,16,54
1864006,15,49491
1864006,16,29
1865027,15,49501
1865027,16,45
1866007,15,49513
1866007,16,27
1867025,15,49506
1867025,16,32
1868001,15,49502
1868001,16,27
1869021,15,49520
1869021,16,25
1870000,15,49495
1870000,16,37
1871018,15,49503
1871018,16,34
1872043,15,49500
1872043,16,24
1873019,15,49531
1873019,16,50
1874037,15,49495
1874037,16,32
1875016,15,49502
1875016,16,32
1876033,15,49512
1876033,16,46
1877013,15,49501
1877013,16,5
1878035,15,49509
1878035,16,41
1879011,15,49488
1879011,16,37
1880031,15,49509
1880031,16,24
1881009,15,49512
1881009,16,44
1882029,15,49506
1882029,16,48
1883006,15,49509
1883006,16,31
1884023,15,49519
1884023,16,26
1885003,15,49495
1885003,16,44
1886024,15,49518
1886024,16,24
1886999,15,49516
1886999,16,51
1888020,15,49500
1888020,16,27
1889041,15,49506
1889041,16,60
1890016,15,49505
1890016,16,43
1891035,15,49490
1891035,16,39
1892015,15,49493
1892015,16,32
1893036,15,49519
1893036,16,21
1894012,15,49523
1894012,16,30
1895033,15,49509
1895033,16,61
1896010,15,49491
1896010,16,46
1897030,15,49490
1897030,16,36
1898009,15,49503
1898009,16,30
1899026,15,49512
1899026,16,37
1900004,15,49503
1900004,16,49
1901024,15,49503
1901024,16,47
1902004,15,49505
1902004,16,23
1903023,15,49496
1903023,16,42
1903999,15,49494
1903999,16,38
1905023,15,49511
1905023,16,34
1906041,15,49490
1906041,16,43
1907018,15,49511
1907018,16,37
1908037,15,49502
1908037,16,47
1909015,15,49490
1909015,16,54
1910032,15,49512
1910032,16,21
1911013,15,49515
1911013,16,49
1912031,15,49513
1912031,16,15
1913010,15,49513
1913010,16,27
1914030,15,49508
1914030,16,36
1915007,15,49495
1915007,16,45
1916024,15,49503
1916024,16,35
1917004,15,49504
1917004,16,14
1918025,15,49507
1918025,16,36
1919003,15,49500
1919003,16,23
1920022,15,49479
1920022,16,32
1920999,15,49509
1920999,16,27
1922019,15,49517
1922019,16,25
1923036,15,49491
1923036,16,32
1924019,15,49510
1924019,16,34
1925038,15,49500
1925038,16,42
1926017,15,49487
1926017,16,41
1927036,15,49496
1927036,16,37
1928011,15,49516
1928011,16,43
1929033,15,49510
1929033,16,32
1930010,15,49489
1930010,16,50
1931029,15,49504
1931029,16,58
1932005,15,49501
1932005,16,46
1933027,15,49506
1933027,16,24
1934008,15,49515
1934008,16,34
1935026,15,49490
1935026,16,17
1936002,15,49478
1936002,16,45
1937022,15,49520
1937022,16,41
1938000,15,49521
1938000,16,42
1939023,15,49512
1939023,16,32
1940041,15,49515
1940041,16,47
1941018,15,49494
1941018,16,45
1942032,15,49503
1942032,16,37
1943020,15,49503
1943020,16,26
1944036,15,49506
1944036,16,35
1945012,15,49508
1945012,16,22
1946031,15,49530
1946031,16,42
1947010,15,49495
1947010,16,20
1948028,15,49495
1948028,16,49
1949007,15,49504
1949007,16,30
1950029,15,49489
1950029,16,24
1951007,15,49508
1951007,16,49
1952025,15,49515
1952025,16,32
1953004,15,49516
1953004,16,49
1954025,15,49507
1954025,16,51
1955000,15,49530
1955000,16,34
1956022,15,49508
1956022,16,53
1957039,15,49492
1957039,16,21
1958015,15,49492
1958015,16,25
1959038,15,49503
1959038,16,55
1960013,15,49492
1960013,16,29
1961034,15,49506
1961034,16,20
1962012,15,49495
1962012,16,54
1963034,15,49490
1963034,16,35
1964010,15,49513
1964010,16,55
1965034,15,49519
1965034,16,31
1966010,15,49515
1966010,16,58
1967027,15,49488
1967027,16,27
1968006,15,49504
1968006,16,27
1969026,15,49490
1969026,16,60
1970002,15,49521
1970002,16,55
1971022,15,49513
1971022,16,41
1972001,15,49521
1972001,16,37
1973021,15,49504
1973021,16,30
1974037,15,49499
1974037,16,23
1975018,15,49513
1975018,16,29
1976039,15,49502
1976039,16,31
1977014,15,49493
1977014,16,40
1978036,15,49515
1978036,16,33
1979012,15,49501
1979012,16,31
1980033,15,49498
1980033,16,30
1981010,15,49509
1981010,16,46
1982030,15,49537
1982030,16,38
1983008,15,49522
1983008,16,45
1984028,15,49496
1984028,16,41
1985007,15,49510
1985007,16,40
1986024,15,49513
1986024,16,45
1987001,15,49517
1987001,16,35
1988023,15,49494
1988023,16,37
1989001,15,49500
1989001,16,30
1990019,15,49505
1990019,16,36
1991042,15,49481
1991042,16,50
1992019,15,49488
1992019,16,30
1993037,15,49499
1993037,16,20
1994016,15,49514
1994016,16,51
1995033,15,49507
1995033,16,20
1996014,15,49512
1996014,16,26
1997033,15,49480
1997033,16,47
1998011,15,49490
1998011,16,13
1999032,15,49508
1999032,16,34
2000006,15,49502
2000006,16,37
2001028,15,49510
2001028,16,30
2002005,15,49527
2002005,16,58
2003025,15,49504
2003025,16,38
2004001,15,49504
2004001,16,26
2005021,15,49510
2005021,16,25
2006003,15,49517
2006003,16,32
2007022,15,49495
2007022,16,40
2008040,15,49505
2008040,16,30
2009017,15,49500
2009017,16,30
2010038,15,49504
2010038,16,34
2011014,15,49503
2011014,16,38
2012033,15,49496
2012033,16,50
2013013,15,49507
2013013,16,22
2014032,15,49510
2014032,16,45
2015011,15,49496
2015011,16,22
2016030,15,49508
2016030,16,14
2017008,15,49491
2017008,16,8
2018029,15,49489
2018029,16,33
2019006,15,49497
2019006,16,58
2020023,15,49492
2020023,16,37
2021004,15,49484
2021004,16,30
2022021,15,49506
2022021,16,24
2022999,15,49492
2022999,16,29
2024020,15,49498
2024020,16,30
2025036,15,49510
2025036,16,40
2026019,15,49512
2026019,16,38
2027036,15,49497
2027036,16,45
2028013,15,49516
2028013,16,48
2029036,15,49495
2029036,16,38
2030014,15,49508
2030014,16,11
2031032,15,49517
2031032,16,52
2032011,15,49518
2032011,16,34
2033031,15,49489
2033031,16,55
2034007,15,49498
2034007,16,39
2035027,15,49509
2035027,16,41
2036008,15,49505
2036008,16,16
2037024,15,49518
2037024,16,41
2038004,15,49478
2038004,16,53
2039023,15,49492
2039023,16,16
2039997,15,49501
2039997,16,27
2041020,15,49504
2041020,16,48
2042042,15,49521
2042042,16,56
2043015,15,49501
2043015,16,41
2044042,15,49499
2044042,16,19
2045012,15,49516
2045012,16,44
2046034,15,49490
2046034,16,29
2047011,15,49505
2047011,16,22
2048035,15,49511
2048035,16,28
2049011,15,49503
2049011,16,37
2050026,15,49508
2050026,16,36
2051007,15,49507
2051007,16,29
2052028,15,49524
2052028,16,56
2053004,15,49512
2053004,16,40
2054025,15,49483
2054025,16,50
2055003,15,49510
2055003,16,52
2056025,15,49521
2056025,16,40
2056998,15,49516
2056998,16,26
2058022,15,49502
2058022,16,32
2059042,15,49508
2059042,16,37
2060019,15,49498
2060019,16,39
2061038,15,49509
2061038,16,42
2062014,15,49501
2062014,16,14
2063035,15,49501
2063035,16,61
2064014,15,49496
2064014,16,42
2065033,15,49499
2065033,16,50
2066010,15,49500
2066010,16,22
2067029,15,49506
2067029,16,49
2068010,15,49518
2068010,16,26
2069029,15,49514
2069029,16,14
2070006,15,49526
2070006,16,30
2071027,15,49495
2071027,16,34
2072003,15,49482
2072003,16,38
2073021,15,49503
2073021,16,34
2074000,15,49518
2074000,16,43
2075020,15,49502
2075020,16,21
2076040,15,49493
2076040,16,33
2077016,15,49510
2077016,16,39
2078037,15,49503
2078037,16,49
2079015,15,49513
2079015,16,31
2080035,15,49529
2080035,16,32
2081016,15,49498
2081016,16,60
2082030,15,49502
2082030,16,52
2083010,15,49500
2083010,16,36
2084028,15,49514
2084028,16,42
2085009,15,49499
2085009,16,41
2086027,15,49500
2086027,16,47
2087007,15,49514
2087007,16,27
2088028,15,49516
2088028,16,27
2089001,15,49504
2089001,16,41
2090023,15,49514
2090023,16,39
2091002,15,49520
2091002,16,22
2092022,15,49489
2092022,16,18
2093040,15,49509
2093040,16,47
2094016,15,49495
2094016,16,33
2095037,15,49509
2095037,16,36
2096016,15,49519
2096016,16,34
2097035,15,49499
2097035,16,52
2098012,15,49489
2098012,16,24
2099031,15,49505
2099031,16,44
2100012,15,49503
2100012,16,35
2101030,15,49496
2101030,16,33
2102009,15,49512
2102009,16,49
2103026,15,49493
2103026,16,23
2104005,15,49500
2104005,16,35
2105025,15,49509
2105025,16,23
2106003,15,49499
2106003,16,36
2107024,15,49504
2107024,16,64
2107999,15,49515
2107999,16,32
2109021,15,49485
2109021,16,26
2110041,15,49497
2110041,16,22
2111018,15,49502
2111018,16,59
2112036,15,49511
2112036,16,27
2113014,15,49481
2113014,16,53
2114034,15,49521
2114034,16,14
2115012,15,49487
2115012,16,40
2116034,15,49506
2116034,16,16
2117008,15,49518
2117008,16,29
2118027,15,49507
2118027,16,26
2119006,15,49522
2119006,16,23
2120025,15,49504
2120025,16,47
2121004,15,49493
2121004,16,34
2122025,15,49482
2122025,16,41
2123005,15,49503
2123005,16,38
2124021,15,49505
2124021,16,48
2124997,15,49483
2124997,16,51
2126020,15,49527
2126020,16,35
2127041,15,49490
2127041,16,46
2128018,15,49485
2128018,16,22
2129035,15,49516
2129035,16,26
2130015,15,49512
2130015,16,47
2131035,15,49512
2131035,16,34
2132013,15,49502
2132013,16,43
2133031,15,49509
2133031,16,33
2134010,15,49518
2134010,16,35
2135030,15,49494
2135030,16,25
2136006,15,49504
2136006,16,33
2137027,15,49493
2137027,16,39
2138005,15,49507
2138005,16,36
2139025,15,49515
2139025,16,34
2140003,15,49490
2140003,16,30
2141020,15,49516
2141020,16,37
2141999,15,49504
2141999,16,36
2143020,15,49541
2143020,16,50
2144039,15,49501
2144039,16,35
2145019,15,49493
2145019,16,30
2146038,15,49488
2146038,16,43
2147015,15,49523
2147015,16,44
2148035,15,49498
2148035,16,18
2149011,15,49508
2149011,16,34
2150033,15,49509
2150033,16,22
2151009,15,49507
2151009,16,21
2152029,15,49522
2152029,16,34
2153009,15,49511
2153009,16,33
2154026,15,49516
2154026,16,32
2155006,15,49496
2155006,16,20
2156024,15,49501
2156024,16,26
2157002,15,49512
2157002,16,36
2158026,15,49506
2158026,16,39
2158999,15,49509
2158999,16,52
2160021,15,49499
2160021,16,9
2161043,15,49508
2161043,16,28
2162020,15,49511
2162020,16,36
2163040,15,49493
2163040,16,40
2164015,15,49515
2164015,16,45
2165036,15,49500
2165036,16,37
2166015,15,49499
2166015,16,44
2167032,15,49514
2167032,16,26
2168010,15,49497
2168010,16,26
2169031,15,49500
2169031,16,43
2170007,15,49508
2170007,16,52
2171028,15,49523
2171028,16,24
2172004,15,49503
2172004,16,38
2173025,15,49534
2173025,16,35
2174003,15,49511
2174003,16,40
2175023,15,49499
2175023,16,46
2176000,15,49510
2176000,16,48
2177017,15,49518
2177017,16,35
2178040,15,49505
2178040,16,40
2179017,15,49516
2179017,16,44
2180035,15,49492
2180035,16,50
2181017,15,49515
2181017,16,26
2182036,15,49501
2182036,16,38
2183013,15,49492
2183013,16,17
2184032,15,49511
2184032,16,44
2185011,15,49502
2185011,16,58
2186032,15,49497
2186032,16,49
2187010,15,49519
2187010,16,30
2188027,15,49504
2188027,16,45
2189006,15,49491
2189006,16,49
2190025,15,49504
2190025,16,37
2191001,15,49504
2191001,16,37
2192023,15,49494
2192023,16,19
2192999,15,49503
2192999,16,15
2194021,15,49504
2194021,16,19
2195042,15,49488
2195042,16,54
2196019,15,49527
2196019,16,35
2197039,15,49509
2197039,16,44
2198015,15,49500
2198015,16,23
2199034,15,49513
2199034,16,19
2200013,15,49497
2200013,16,31
2201031,15,49518
2201031,16,35
2202010,15,49500
2202010,16,37
2203028,15,49504
2203028,16,40
2204008,15,49492
2204008,16,49
2205029,15,49483
2205029,16,37
2206005,15,49487
2206005,16,22
2207026,15,49526
2207026,16,25
2208001,15,49499
2208001,16,39
2209021,15,49514
2209021,16,34
2209998,15,49504
2209998,16,47
2211020,15,49492
2211020,16,25
2212039,15,49478
2212039,16,34
2213016,15,49490
2213016,16,59
2214036,15,49509
2214036,16,26
2215017,15,49480
2215017,16,47
2216034,15,49501
2216034,16,36
2217013,15,49527
2217013,16,50
2218033,15,49509
2218033,16,59
2219013,15,49521
2219013,16,33
2220032,15,49500
2220032,16,51
2221009,15,49515
2221009,16,40
2222026,15,49490
2222026,16,34
2223006,15,49503
2223006,16,41
2224024,15,49494
2224024,16,28
2225001,15,49514
2225001,16,30
2226023,15,49500
2226023,16,39
2226998,15,49505
2226998,16,38
2228020,15,49507
2228020,16,32
2229041,15,49524
2229041,16,22
2230018,15,49499
2230018,16,16
2231037,15,49502
2231037,16,30
2232014,15,49526
2232014,16,16
2233036,15,49499
2233036,16,33
2234013,15,49483
2234013,16,28
2235033,15,49499
2235033,16,35
2236008,15,49473
2236008,16,62
2237033,15,49507
2237033,16,36
2238008,15,49505
2238008,16,24
2239029,15,49501
2239029,16,22
2240005,15,49508
2240005,16,31
2241025,15,49509
2241025,16,34
2242004,15,49505
2242004,16,55
2243023,15,49511
2243023,16,16
2243998,15,49515
2243998,16,19
2245022,15,49494
2245022,16,32
2246041,15,49513
2246041,16,47
2247018,15,49501
2247018,16,45
2248038,15,49505
2248038,16,37
2249013,15,49493
2249013,16,35
2250033,15,49521
2250033,16,45
2251011,15,49522
2251011,16,45
2252034,15,49508
2252034,16,33
2253012,15,49501
2253012,16,17
2254030,15,49501
2254030,16,32
2255006,15,49506
2255006,16,13
2256029,15,49496
2256029,16,18
2257004,15,49484
2257004,16,41
2258024,15,49491
2258024,16,38
2259003,15,49491
2259003,16,37
2260023,15,49495
2260023,16,26
2261002,15,49501
2261002,16,31
2262021,15,49515
2262021,16,24
2263041,15,49501
2263041,16,37
2264016,15,49493
2264016,16,30
2265042,15,49485
2265042,16,42
2266014,15,49504
2266014,16,36
2267038,15,49493
2267038,16,44
2268012,15,49490
2268012,16,41
2269033,15,49513
2269033,16,29
2270011,15,49511
2270011,16,15
2271029,15,49501
2271029,16,20
2272007,15,49528
2272007,16,29
2273027,15,49500
2273027,16,34
2274005,15,49503
2274005,16,30
2275027,15,49511
2275027,16,35
2276004,15,49523
2276004,16,52
2277023,15,49515
2277023,16,46
2277999,15,49528
2277999,16,38
2279021,15,49498
2279021,16,48
2280038,15,49503
2280038,16,26
2281015,15,49490
2281015,16,31
2282038,15,49490
2282038,16,50
2283014,15,49521
2283014,16,40
2284035,15,49490
2284035,16,30
2285010,15,49496
2285010,16,54
2286032,15,49476
2286032,16,41
2287010,15,49497
2287010,16,32
2288030,15,49508
2288030,16,43
2289008,15,49509
2289008,16,39
2290029,15,49500
2290029,16,30
2291005,15,49514
2291005,16,51
2292026,15,49522
2292026,16,51
2293004,15,49505
2293004,16,24
2294022,15,49510
2294022,16,52
2295002,15,49499
2295002,16,35
2296024,15,49508
2296024,16,47
2297038,15,49495
2297038,16,43
2298018,15,49499
2298018,16,33
2299039,15,49523
2299039,16,31
2300019,15,49511
2300019,16,47
2301036,15,49504
2301036,16,45
2302013,15,49504
2302013,16,42
2303035,15,49510
2303035,16,33
2304009,15,49496
2304009,16,54
2305031,15,49509
2305031,16,52
2306009,15,49499
2306009,16,39
2307030,15,49516
2307030,16,41
2308007,15,49499
2308007,16,24
2309026,15,49500
2309026,16,35
2310002,15,49473
2310002,16,58
2311021,15,49494
2311021,16,28
2311999,15,49506
2311999,16,27
2313019,15,49511
2313019,16,46
2314040,15,49497
2314040,16,32
2315019,15,49499
2315019,16,54
2316040,15,49486
2316040,16,39
2317015,15,49498
2317015,16,35
2318033,15,49518
2318033,16,19
2319012,15,49503
2319012,16,19
2320035,15,49506
2320035,16,32
2321008,15,49503
2321008,16,44
2322032,15,49514
2322032,16,35
2323009,15,49501
2323009,16,57
2324028,15,49497
2324028,16,16
2325002,15,49511
2325002,16,30
2326026,15,49497
2326026,16,62
2327000,15,49504
2327000,16,35
2328024,15,49519
2328024,16,45
2329000,15,49493
2329000,16,57
2330021,15,49519
2330021,16,13
2331040,15,49511
2331040,16,40
2332018,15,49496
2332018,16,36
2333038,15,49507
2333038,16,30
2334013,15,49499
2334013,16,36
2335036,15,49486
2335036,16,35
2336012,15,49509
2336012,16,47
2337031,15,49507
2337031,16,45
2338010,15,49514
2338010,16,44
2339033,15,49510
2339033,16,24
2340006,15,49491
2340006,16,35
2341027,15,49490
2341027,16,41
2342007,15,49499
2342007,16,55
2343028,15,49525
2343028,16,38
2344004,15,49505
2344004,16,25
2345024,15,49495
2345024,16,34
2345999,15,49491
2345999,16,31
2347017,15,49502
2347017,16,15
2348039,15,49518
2348039,16,56
2349018,15,49507
2349018,16,48
2350035,15,49513
2350035,16,42
2351018,15,49510
2351018,16,24
2352035,15,49528
2352035,16,37
2353012,15,49498
2353012,16,38
2354034,15,49513
2354034,16,34
2355011,15,49505
2355011,16,48
2356029,15,49504
2356029,16,33
2357008,15,49504
2357008,16,5
2358026,15,49495
2358026,16,29
2359005,15,49520
2359005,16,22
2360026,15,49494
2360026,16,28
2361001,15,49506
2361001,16,46
2362023,15,49506
2362023,16,31
2363003,15,49492
2363003,16,44
2364021,15,49494
2364021,16,27
2365040,15,49496
2365040,16,28
2366018,15,49488
2366018,16,45
2367036,15,49495
2367036,16,24
2368015,15,49519
2368015,16,28
2369036,15,49514
2369036,16,50
2370014,15,49500
2370014,16,36
2371032,15,49516
2371032,16,27
2372011,15,49507
2372011,16,41
2373030,15,49510
2373030,16,26
2374007,15,49482
2374007,16,42
2375029,15,49502
2375029,16,40
2376005,15,49501
2376005,16,16
2377024,15,49510
2377024,16,30
2378003,15,49494
2378003,16,27
2379021,15,49516
2379021,16,32
2380000,15,49512
2380000,16,52
2381020,15,49504
2381020,16,36
2382038,15,49516
2382038,16,35
2383016,15,49506
2383016,16,42
2384040,15,49498
2384040,16,27
2385013,15,49514
2385013,16,46
2386036,15,49502
2386036,16,31
2387010,15,49509
2387010,16,37
2388029,15,49502
2388029,16,21
2389011,15,49506
2389011,16,42
2390030,15,49507
2390030,16,43
2391006,15,49494
2391006,16,49
2392026,15,49521
2392026,16,18
2393004,15,49518
2393004,16,31
2394028,15,49500
2394028,16,33
2395000,15,49523
2395000,16,17
2396022,15,49489
2396022,16,52
2396999,15,49499
2396999,16,41
2398019,15,49479
2398019,16,30
2399039,15,49512
2399039,16,27
2400017,15,49504
2400017,16,32
2401039,15,49507
2401039,16,53
2402014,15,49500
2402014,16,20
2403037,15,49490
2403037,16,30
2404011,15,49493
2404011,16,22
2405033,15,49502
2405033,16,38
2406005,15,49495
2406005,16,39
2407030,15,49522
2407030,16,54
2408006,15,49480
2408006,16,20
2409028,15,49508
2409028,16,27
2410004,15,49499
2410004,16,22
2411025,15,49499
2411025,16,14
2412001,15,49482
2412001,16,29
2413023,15,49490
2413023,16,23
2414003,15,49493
2414003,16,50
2415023,15,49506
2415023,16,46
2416039,15,49486
2416039,16,44
2417018,15,49495
2417018,16,46
2418039,15,49499
2418039,16,29
2419016,15,49516
2419016,16,50
2420037,15,49493
2420037,16,44
2421013,15,49492
2421013,16,39
2422031,15,49500
2422031,16,37
2423010,15,49509
2423010,16,49
2424032,15,49504
2424032,16,36
2425006,15,49506
2425006,16,43
2426025,15,49500
2426025,16,35
2427006,15,49533
2427006,16,44
2428026,15,49527
2428026,16,30
2429004,15,49490
2429004,16,18
2430022,15,49516
2430022,16,38
2431001,15,49506
2431001,16,46
2432023,15,49503
2432023,16,31
2433042,15,49492
2433042,16,30
2434019,15,49507
2434019,16,32
2435038,15,49491
2435038,16,49
2436016,15,49494
2436016,16,30
2437034,15,49502
2437034,16,25
2438012,15,49506
2438012,16,12
2439035,15,49504
2439035,16,36
2440006,15,49504
2440006,16,33
2441032,15,49508
2441032,16,39
2442007,15,49498
2442007,16,23
2443026,15,49493
2443026,16,28
2444006,15,49494
2444006,16,46
2445024,15,49500
2445024,16,34
2446002,15,49488
2446002,16,46
2447021,15,49490
2447021,16,26
2447998,15,49490
2447998,16,40
2449021,15,49500
2449021,16,28
2450043,15,49513
2450043,16,40
2451015,15,49513
2451015,16,32
2452035,15,49507
2452035,16,39
2453015,15,49501
2453015,16,31
2454037,15,49497
2454037,16,41
2455011,15,49511
2455011,16,28
2456032,15,49493
2456032,16,45
2457009,15,49496
2457009,16,36
2458032,15,49503
2458032,16,43
2459007,15,49491
2459007,16,32
2460030,15,49522
2460030,16,48
2461004,15,49516
2461004,16,28
2462024,15,49515
2462024,16,33
2463002,15,49505
2463002,16,36
2464025,15,49494
2464025,16,33
2465002,15,49500
2465002,16,20
2466020,15,49499
2466020,16,42
2467041,15,49482
2467041,16,33
2468017,15,49488
2468017,16,47
2469040,15,49509
2469040,16,34
2470015,15,49509
2470015,16,40
2471031,15,49520
2471031,16,42
2472013,15,49485
2472013,16,40
2473030,15,49510
2473030,16,37
2474008,15,49507
2474008,16,24
2475031,15,49512
2475031,16,47
2476010,15,49529
2476010,16,31
2477025,15,49498
2477025,16,40
2478007,15,49502
2478007,16,16
2479024,15,49498
2479024,16,43
2480004,15,49508
2480004,16,30
2481025,15,49474
2481025,16,37
2482000,15,49502
2482000,16,47
2483019,15,49511
2483019,16,37
2484042,15,49520
2484042,16,15
2485016,15,49524
2485016,16,50
2486039,15,49513
2486039,16,52
2487015,15,49497
2487015,16,47
2488036,15,49502
2488036,16,26
2489012,15,49502
2489012,16,31
2490034,15,49512
2490034,16,44
2491008,15,49508
2491008,16,47
2492029,15,49495
2492029,16,32
2493007,15,49499
2493007,16,30
2494027,15,49497
2494027,16,14
2495003,15,49502
2495003,16,36
2496023,15,49516
2496023,16,11
2497002,15,49493
2497002,16,46
2498024,15,49492
2498024,16,32
2499001,15,49507
2499001,16,37
2500019,15,49528
2500019,16,48
2501039,15,49500
2501039,16,23
2502017,15,49513
2502017,16,35
2503036,15,49509
2503036,16,41
2504014,15,49500
2504014,16,57
2505039,15,49511
2505039,16,26
2506012,15,49498
2506012,16,39
2507032,15,49509
2507032,16,35
2508007,15,49486
2508007,16,67
2509029,15,49519
2509029,16,53
2510009,15,49488
2510009,16,45
2511028,15,49511
2511028,16,4
2512006,15,49511
2512006,16,39
2513022,15,49516
2513022,16,53
2514002,15,49519
2514002,16,43
2515023,15,49512
2515023,16,29
2516001,15,49517
2516001,16,35
2517018,15,49516
2517018,16,25
2518041,15,49505
2518041,16,30
2519018,15,49507
2519018,16,35
2520037,15,49493
2520037,16,37
2521013,15,49498
2521013,16,50
2522035,15,49497
2522035,16,25
2523013,15,49513
2523013,16,24
2524033,15,49493
2524033,16,43
2525008,15,49510
2525008,16,45
2526029,15,49499
2526029,16,54
2527010,15,49501
2527010,16,15
2528027,15,49517
2528027,16,22
2529004,15,49501
2529004,16,28
2530026,15,49508
2530026,16,37
2531002,15,49499
2531002,16,51
2532022,15,49503
2532022,16,2
2533000,15,49508
2533000,16,20
2534020,15,49490
2534020,16,20
2535040,15,49510
2535040,16,31
2536017,15,49494
2536017,16,22
2537037,15,49512
2537037,16,25
2538014,15,49511
2538014,16,26
2539036,15,49516
2539036,16,34
2540013,15,49504
2540013,16,32
2541034,15,49502
2541034,16,47
2542008,15,49522
2542008,16,33
2543030,15,49527
2543030,16,39
2544008,15,49507
2544008,16,41
2545027,15,49503
2545027,16,25
2546006,15,49505
2546006,16,10
2547023,15,49510
2547023,16,35
2548003,15,49505
2548003,16,43
2549025,15,49501
2549025,16,33
2550002,15,49519
2550002,16,34
2551022,15,49515
2551022,16,51
2552038,15,49505
2552038,16,46
2553019,15,49502
2553019,16,46
2554038,15,49511
2554038,16,24
2555016,15,49507
2555016,16,26
2556035,15,49507
2556035,16,44
2557013,15,49482
2557013,16,21
2558030,15,49516
2558030,16,53
2559010,15,49492
2559010,16,45
2560030,15,49495
2560030,16,34
2561006,15,49529
2561006,16,17
2562027,15,49504
2562027,16,51
2563006,15,49505
2563006,16,20
2564026,15,49483
2564026,16,32
2565001,15,49510
2565001,16,35
2566023,15,49517
2566023,16,41
2567000,15,49494
2567000,16,36
2568021,15,49492
2568021,16,25
2569038,15,49499
2569038,16,41
2570019,15,49501
2570019,16,40
2571038,15,49504
2571038,16,46
2572015,15,49485
2572015,16,43
2573035,15,49506
2573035,16,21
2574009,15,49500
2574009,16,31
2575031,15,49502
2575031,16,26
2576008,15,49475
2576008,16,53
2577032,15,49496
2577032,16,26
2578006,15,49512
2578006,16,22
2579029,15,49522
2579029,16,31
2580005,15,49496
2580005,16,7
2581027,15,49500
2581027,16,31
2582006,15,49513
2582006,16,46
2583022,15,49509
2583022,16,42
2584000,15,49507
2584000,16,44
2585020,15,49503
2585020,16,39
2586041,15,49493
2586041,16,44
2587017,15,49514
2587017,16,14
2588039,15,49487
2588039,16,38
2589016,15,49491
2589016,16,38
2590037,15,49512
2590037,16,19
2591013,15,49485
2591013,16,29
2592034,15,49505
2592034,16,35
2593009,15,49505
2593009,16,41
2594029,15,49531
2594029,16,17
2595007,15,49505
2595007,16,44
2596026,15,49515
2596026,16,39
2597006,15,49498
2597006,16,22
2598025,15,49511
2598025,16,44
2599004,15,49496
2599004,16,47
2600023,15,49484
2600023,16,46
2601002,15,49498
2601002,16,29
2602022,15,49501
2602022,16,48
2603043,15,49508
2603043,16,47
2604017,15,49496
2604017,16,24
2605036,15,49509
2605036,16,53
2606016,15,49504
2606016,16,18
2607033,15,49507
2607033,16,44
2608010,15,49519
2608010,16,43
2609030,15,49511
2609030,16,31
2610008,15,49511
2610008,16,27
2611028,15,49487
2611028,16,25
2612005,15,49511
2612005,16,35
2613028,15,49506
2613028,16,33
2614006,15,49502
2614006,16,35
2615027,15,49508
2615027,16,39
2616002,15,49516
2616002,16,41
2617022,15,49498
2617022,16,49
2617999,15,49494
2617999,16,46
2619021,15,49494
2619021,16,46
2620040,15,49499
2620040,16,23
2621019,15,49520
2621019,16,55
2622037,15,49491
2622037,16,29
2623016,15,49514
2623016,16,45
2624039,15,49503
2624039,16,38
2625010,15,49505
2625010,16,34
2626031,15,49512
2626031,16,51
2627010,15,49506
2627010,16,23
2628030,15,49505
2628030,16,71
2629007,15,49493
2629007,16,30
2630029,15,49502
2630029,16,56
2631006,15,49504
2631006,16,41
2632025,15,49495
2632025,16,19
2633001,15,49522
2633001,16,51
2634021,15,49513
2634021,16,44
2634998,15,49497
2634998,16,39
2636022,15,49502
2636022,16,46
2637036,15,49501
2637036,16,42
2638020,15,49500
2638020,16,21
2639036,15,49491
2639036,16,23
2640014,15,49514
2640014,16,33
2641035,15,49509
2641035,16,38
2642010,15,49493
2642010,16,37
2643033,15,49511
2643033,16,39
2644008,15,49505
2644008,16,24
2645031,15,49507
2645031,16,37
2646008,15,49508
2646008,16,44
2647029,15,49497
2647029,16,45
2648005,15,49505
2648005,16,48
2649026,15,49510
2649026,16,45
2650003,15,49508
2650003,16,18
2651023,15,49486
2651023,16,29
2652000,15,49508
2652000,16,26
2653020,15,49526
2653020,16,27
2654041,15,49497
2654041,16,55
2655019,15,49484
2655019,16,40
2656039,15,49493
2656039,16,51
2657014,15,49506
2657014,16,35
2658036,15,49516
2658036,16,42
2659013,15,49504
2659013,16,49
2660031,15,49503
2660031,16,56
2661010,15,49508
2661010,16,47
2662030,15,49494
2662030,16,38
2663007,15,49503
2663007,16,48
2664028,15,49500
2664028,16,25
2665005,15,49499
2665005,16,32
2666025,15,49492
2666025,16,27
2667002,15,49526
2667002,16,47
2668022,15,49491
2668022,16,39
2668999,15,49506
2668999,16,14
2670020,15,49535
2670020,16,36
2671039,15,49504
2671039,16,40
2672017,15,49494
2672017,16,47
2673038,15,49503
2673038,16,34
2674014,15,49481
2674014,16,32
2675036,15,49510
2675036,16,17
2676011,15,49523
2676011,16,43
2677033,15,49507
2677033,16,29
2678012,15,49477
2678012,16,40
2679029,15,49496
2679029,16,28
2680008,15,49498
2680008,16,9
2681028,15,49498
2681028,16,33
2682004,15,49501
2682004,16,30
2683027,15,49519
2683027,16,49
2684001,15,49504
2684001,16,25
2685022,15,49498
2685022,16,17
2686002,15,49481
2686002,16,26
2687020,15,49493
2687020,16,36
2688041,15,49492
2688041,16,47
2689018,15,49495
2689018,16,0
2690039,15,49481
2690039,16,43
2691014,15,49504
2691014,16,45
2692035,15,49502
2692035,16,38
2693013,15,49503
2693013,16,23
2694032,15,49510
2694032,16,43
2695010,15,49499
2695010,16,24
2696031,15,49502
2696031,16,41
2697006,15,49499
2697006,16,37
2698026,15,49507
2698026,16,37
2699004,15,49504
2699004,16,40
2700026,15,49507
2700026,16,32
2701002,15,49500
2701002,16,33
2702023,15,49484
2702023,16,36
2703002,15,49500
2703002,16,28
2704020,15,49492
2704020,16,39
2705041,15,49510
2705041,16,25
2706017,15,49502
2706017,16,49
2707039,15,49498
2707039,16,28
2708015,15,49490
2708015,16,32
2709034,15,49498
2709034,16,29
2710015,15,49485
2710015,16,41
2711030,15,49537
2711030,16,28
2712008,15,49505
2712008,16,22
2713032,15,49519
2713032,16,40
2714009,15,49486
2714009,16,22
2715026,15,49495
2715026,16,48
2716006,15,49501
2716006,16,32
2717027,15,49514
2717027,16,43
2718003,15,49508
2718003,16,49
2719028,15,49497
2719028,16,14
2719998,15,49517
2719998,16,44
2721022,15,49498
2721022,16,35
2722040,15,49500
2722040,16,41
2723019,15,49526
2723019,16,35
2724034,15,49498
2724034,16,40
2725016,15,49517
2725016,16,44
2726035,15,49504
2726035,16,22
2727015,15,49503
2727015,16,51
2728034,15,49506
2728034,16,66
2729007,15,49492
2729007,16,48
2730032,15,49486
2730032,16,44
2731007,15,49505
2731007,16,26
2732027,15,49506
2732027,16,43
2733006,15,49521
2733006,16,47
2734027,15,49508
2734027,16,27
2735003,15,49522
2735003,16,28
2736021,15,49507
2736021,16,41
2737000,15,49519
2737000,16,30
2738019,15,49516
2738019,16,53
2739040,15,49509
2739040,16,38
2740019,15,49508
2740019,16,15
2741037,15,49479
2741037,16,37
2742019,15,49493
2742019,16,25
2743035,15,49499
2743035,16,33
2744012,15,49508
2744012,16,33
2745033,15,49512
2745033,16,66
2746009,15,49489
2746009,16,22
2747031,15,49522
2747031,16,41
2748006,15,49508
2748006,16,55
2749028,15,49489
2749028,16,40
2750006,15,49513
2750006,16,53
2751024,15,49520
2751024,16,14
2752001,15,49523
2752001,16,37
2753023,15,49523
2753023,16,5
2753999,15,49496
2753999,16,38
2755020,15,49499
2755020,16,44
2756040,15,49504
2756040,16,33
2757017,15,49520
2757017,16,51
2758036,15,49502
2758036,16,28
2759020,15,49506
2759020,16,72
2760033,15,49499
2760033,16,44
2761014,15,49494
2761014,16,24
2762032,15,49481
2762032,16,22
2763012,15,49509
2763012,16,39
2764029,15,49490
2764029,16,30
2765008,15,49500
2765008,16,43
2766026,15,49506
2766026,16,32
2767006,15,49503
2767006,16,42
2768025,15,49520
2768025,16,53
2769004,15,49499
2769004,16,18
2770023,15,49490
2770023,16,47
2771001,15,49503
2771001,16,30
2772021,15,49506
2772021,16,25
2773040,15,49520
2773040,16,35
2774018,15,49491
2774018,16,30
2775037,15,49513
2775037,16,30
2776014,15,49499
2776014,16,41
2777034,15,49497
2777034,16,35
2778011,15,49508
2778011,16,19
2779032,15,49529
2779032,16,51
2780011,15,49524
2780011,16,43
2781031,15,49499
2781031,16,44
2782003,15,49495
2782003,16,44
2783025,15,49521
2783025,16,38
2784007,15,49483
2784007,16,35
2785024,15,49484
2785024,16,30
2786002,15,49495
2786002,16,29
2787022,15,49508
2787022,16,22
2787999,15,49504
2787999,16,38
2789020,15,49517
2789020,16,41
2790040,15,49509
2790040,16,60
2791017,15,49513
2791017,16,28
2792038,15,49492
2792038,16,22
2793015,15,49512
2793015,16,30
2794037,15,49510
2794037,16,22
2795014,15,49501
2795014,16,45
2796032,15,49490
2796032,16,41
2797010,15,49509
2797010,16,35
2798029,15,49505
2798029,16,45
2799008,15,49506
2799008,16,33
2800025,15,49515
2800025,16,33
2801006,15,49520
2801006,16,32
2802023,15,49505
2802023,16,18
2803003,15,49504
2803003,16,20
2804020,15,49487
2804020,16,49
2805000,15,49507
2805000,16,21
2806020,15,49498
2806020,16,41
2807040,15,49500
2807040,16,33
2808017,15,49513
2808017,16,40
2809034,15,49505
2809034,16,27
2810014,15,49507
2810014,16,50
2811033,15,49515
2811033,16,42
2812014,15,49516
2812014,16,41
2813035,15,49504
2813035,16,34
2814009,15,49495
2814009,16,46
2815030,15,49509
2815030,16,24
2816011,15,49491
2816011,16,29
2817027,15,49511
2817027,16,57
2818005,15,49499
2818005,16,40
2819025,15,49496
2819025,16,39
2819999,15,49501
2819999,16,17
2821022,15,49518
2821022,16,56
2821999,15,49498
2821999,16,27
2823024,15,49504
2823024,16,47
2824042,15,49517
2824042,16,41
2825017,15,49486
2825017,16,41
2826038,15,49508
2826038,16,19
2827014,15,49516
2827014,16,43
2828034,15,49495
2828034,16,45
2829012,15,49530
2829012,16,35
2830035,15,49508
2830035,16,62
2831007,15,49489
2831007,16,41
2832030,15,49498
2832030,16,34
2833007,15,49489
2833007,16,45
2834029,15,49528
2834029,16,11
2835003,15,49503
2835003,16,49
2836025,15,49515
2836025,16,45
2837001,15,49496
2837001,16,29
2838021,15,49505
2838021,16,39
2838999,15,49510
2838999,16,46
2840021,15,49501
2840021,16,39
2841039,15,49508
2841039,16,32
2842018,15,49497
2842018,16,47
2843038,15,49513
2843038,16,25
2844013,15,49496
2844013,16,23
2845037,15,49495
2845037,16,41
2846010,15,49516
2846010,16,23
2847033,15,49510
2847033,16,54
2848009,15,49520
2848009,16,36
2849030,15,49509
2849030,16,36
2850008,15,49510
2850008,16,43
2851031,15,49532
2851031,16,38
2852006,15,49491
2852006,16,22
2853026,15,49519
2853026,16,50
2854004,15,49512
2854004,16,36
2855024,15,49495
2855024,16,40
2856000,15,49504
2856000,16,33
2857021,15,49489
2857021,16,17
2858038,15,49518
2858038,16,45
2859020,15,49528
2859020,16,46
2860036,15,49507
2860036,16,57
2861015,15,49498
2861015,16,28
2862037,15,49513
2862037,16,14
2863014,15,49500
2863014,16,46
2864032,15,49506
2864032,16,57
2865011,15,49505
2865011,16,33
2866027,15,49508
2866027,16,32
2867008,15,49521
2867008,16,38
2868026,15,49491
2868026,16,49
2869007,15,49508
2869007,16,25
2870024,15,49485
2870024,16,46
2871003,15,49505
2871003,16,38
2872022,15,49491
2872022,16,42
2872999,15,49491
2872999,16,25
2874021,15,49505
2874021,16,38
2875042,15,49506
2875042,16,44
2876018,15,49477
2876018,16,20
2877038,15,49501
2877038,16,38
2878017,15,49496
2878017,16,37
2879034,15,49520
2879034,16,26
2880014,15,49510
2880014,16,54
2881032,15,49491
2881032,16,37
2882011,15,49512
2882011,16,36
2883029,15,49509
2883029,16,31
2884011,15,49486
2884011,16,36
2885029,15,49521
2885029,16,67
2886004,15,49489
2886004,16,27
2887024,15,49521
2887024,16,12
2888004,15,49523
2888004,16,45
2889022,15,49505
2889022,16,25
2890000,15,49535
2890000,16,44
2891021,15,49534
2891021,16,49
2892040,15,49518
2892040,16,32
2893018,15,49501
2893018,16,30
2894036,15,49509
2894036,16,51
2896122,15,49499
2896122,16,34
2897142,15,49515
2897142,16,30
2898160,15,49504
2898160,16,31
2899136,15,49503
2899136,16,17
2900161,15,49514
2900161,16,24
2901135,15,49514
2901135,16,31
2902154,15,49512
2902154,16,32
2903134,15,49496
2903134,16,35
2904153,15,49500
2904153,16,23
2905130,15,49510
2905130,16,30
2906150,15,49512
2906150,16,53
2907130,15,49496
2907130,16,24
2908148,15,49503
2908148,16,36
2909125,15,49486
2909125,16,31
2910144,15,49521
2910144,16,26
2911122,15,49493
2911122,16,44
2912145,15,49514
2912145,16,34
2913159,15,49501
2913159,16,46
2914141,15,49519
2914141,16,36
2915160,15,49498
2915160,16,21
2916138,15,49498
2916138,16,47
2917160,15,49503
2917160,16,45
2918133,15,49517
2918133,16,29
2919154,15,49519
2919154,16,33
2920133,15,49521
2920133,16,26
2921153,15,49491
2921153,16,35
2922132,15,49499
2922132,16,30
2923149,15,49491
2923149,16,48
2924128,15,49507
2924128,16,39
2925145,15,49505
2925145,16,43
2926125,15,49504
2926125,16,43
2927145,15,49508
2927145,16,26
2928123,15,49487
2928123,16,15
2929141,15,49521
2929141,16,27
2930160,15,49498
2930160,16,30
2931140,15,49508
2931140,16,51
2932160,15,49506
2932160,16,38
2933136,15,49524
2933136,16,35
2934159,15,49480
2934159,16,29
2935133,15,49510
2935133,16,36
2936155,15,49500
2936155,16,6
2937132,15,49502
2937132,16,61
2938152,15,49487
2938152,16,19
2939126,15,49519
2939126,16,40
2940152,15,49493
2940152,16,36
2941129,15,49523
2941129,16,42
2942149,15,49512
2942149,16,22
2943123,15,49511
2943123,16,27
2944147,15,49487
2944147,16,36
2945122,15,49518
2945122,16,21
2946145,15,49506
2946145,16,36
2947161,15,49496
2947161,16,28
2948139,15,49491
2948139,16,34
2949162,15,49520
2949162,16,36
2950136,15,49509
2950136,16,41
2951155,15,49509
2951155,16,34
2952137,15,49513
2952137,16,28
2953158,15,49497
2953158,16,32
2954135,15,49524
2954135,16,58
2955149,15,49510
2955149,16,22
2956130,15,49506
2956130,16,40
2957149,15,49509
2957149,16,39
2958127,15,49522
2958127,16,23
2959149,15,49522
2959149,16,45
2960125,15,49499
2960125,16,44
2961145,15,49498
2961145,16,35
2962121,15,49497
2962121,16,40
2963144,15,49517
2963144,16,50
2964163,15,49505
2964163,16,32
2965140,15,49510
2965140,16,44
2966159,15,49539
2966159,16,40
2967137,15,49509
2967137,16,33
2968155,15,49519
2968155,16,27
2969136,15,49535
2969136,16,34
2970154,15,49512
2970154,16,49
2971133,15,49508
2971133,16,40
2972152,15,49526
2972152,16,16
2973130,15,49503
2973130,16,51
2974150,15,49504
2974150,16,47
2975125,15,49474
2975125,16,33
2976145,15,49513
2976145,16,43
2977123,15,49497
2977123,16,32
2978144,15,49493
2978144,16,28
2979122,15,49504
2979122,16,27
2980142,15,49502
2980142,16,42
2981164,15,49525
2981164,16,23
2982142,15,49502
2982142,16,41
2983159,15,49492
2983159,16,41
2984138,15,49497
2984138,16,28
2985157,15,49514
2985157,16,32
2986134,15,49501
2986134,16,46
2987155,15,49517
2987155,16,22
2988133,15,49506
2988133,16,33
2989152,15,49516
2989152,16,25
2990133,15,49499
2990133,16,22
2991150,15,49530
2991150,16,26
2992126,15,49513
2992126,16,11
2993149,15,49500
2993149,16,52
2994126,15,49487
2994126,16,42
2995145,15,49490
2995145,16,37
2996122,15,49495
2996122,16,28
2997145,15,49521
2997145,16,28
2998163,15,49494
2998163,16,40
2999140,15,49500
2999140,16,43
3000159,15,49498
3000159,16,36
3001140,15,49510
3001140,16,53
3002159,15,49505
3002159,16,55
3003135,15,49516
3003135,16,49
3004156,15,49525
3004156,16,35
3005131,15,49516
3005131,16,55
3006151,15,49520
3006151,16,37
3007128,15,49505
3007128,16,40
3008149,15,49503
3008149,16,48
3009128,15,49501
3009128,16,21
3010147,15,49514
3010147,16,40
3011127,15,49511
3011127,16,52
3012144,15,49532
3012144,16,40
3013122,15,49527
3013122,16,30
3014143,15,49519
3014143,16,27
3015161,15,49504
3015161,16,40
3016140,15,49515
3016140,16,19
3017159,15,49519
3017159,16,32
3018139,15,49497
3018139,16,21
3019157,15,49496
3019157,16,24
3020134,15,49509
3020134,16,36
3021156,15,49516
3021156,16,31
3022133,15,49494
3022133,16,13
3023151,15,49508
3023151,16,30
3024128,15,49500
3024128,16,24
3025151,15,49489
3025151,16,52
3026126,15,49510
3026126,16,49
3027147,15,49497
3027147,16,28
3028125,15,49508
3028125,16,36
3029146,15,49510
3029146,16,39
3030124,15,49528
3030124,16,42
3031141,15,49498
3031141,16,64
3032162,15,49514
3032162,16,30
3033141,15,49528
3033141,16,44
3034160,15,49508
3034160,16,47
3035138,15,49500
3035138,16,29
3036156,15,49493
3036156,16,33
3037135,15,49496
3037135,16,12
3038158,15,49518
3038158,16,46
3039134,15,49515
3039134,16,24
3040151,15,49501
3040151,16,30
3041130,15,49531
3041130,16,46
3042149,15,49498
3042149,16,70
3043129,15,49501
3043129,16,30
3044147,15,49507
3044147,16,33
3045125,15,49499
3045125,16,50
3046143,15,49513
3046143,16,27
3047124,15,49501
3047124,16,39
3048139,15,49508
3048139,16,40
3049163,15,49505
3049163,16,46
3050138,15,49511
3050138,16,32
3051158,15,49518
3051158,16,42
3052135,15,49494
3052135,16,46
3053160,15,49504
3053160,16,29
3054135,15,49520
3054135,16,38
3055154,15,49492
3055154,16,22
3056132,15,49515
3056132,16,45
3057155,15,49504
3057155,16,24
3058133,15,49507
3058133,16,43
3059153,15,49502
3059153,16,22
3060128,15,49500
3060128,16,20
3061145,15,49521
3061145,16,39
3062124,15,49520
3062124,16,24
3063144,15,49520
3063144,16,27
3064124,15,49503
3064124,16,46
3065142,15,49499
3065142,16,33
3066163,15,49501
3066163,16,26
3067138,15,49513
3067138,16,45
3068163,15,49504
3068163,16,30
3069137,15,49516
3069137,16,25
3070160,15,49492
3070160,16,35
3071135,15,49497
3071135,16,34
3072154,15,49501
3072154,16,34
3073134,15,49495
3073134,16,23
3074152,15,49505
3074152,16,19
3075132,15,49514
3075132,16,31
3076150,15,49501
3076150,16,29
3077126,15,49500
3077126,16,27
3078147,15,49518
3078147,16,38
3079123,15,49513
3079123,16,64
3080144,15,49500
3080144,16,45
3081124,15,49510
3081124,16,45
3082139,15,49506
3082139,16,36
3083160,15,49501
3083160,16,44
3084140,15,49514
3084140,16,30
3085162,15,49494
3085162,16,34
3086138,15,49492
3086138,16,37
3087157,15,49517
3087157,16,35
3088136,15,49503
3088136,16,46
3089153,15,49491
3089153,16,32
3090132,15,49506
3090132,16,23
3091154,15,49516
3091154,16,42
3092129,15,49507
3092129,16,50
3093151,15,49512
3093151,16,16
3094127,15,49531
3094127,16,56
3095148,15,49506
3095148,16,34
3096124,15,49506
3096124,16,34
3097146,15,49495
3097146,16,27
3098122,15,49491
3098122,16,31
3099143,15,49491
3099143,16,52
3100162,15,49501
3100162,16,40
3101140,15,49505
3101140,16,32
3102162,15,49519
3102162,16,33
3103136,15,49494
3103136,16,56
3104155,15,49521
3104155,16,41
3105137,15,49518
3105137,16,21
3106155,15,49484
3106155,16,55
3107134,15,49491
3107134,16,49
3108155,15,49499
3108155,16,56
3109130,15,49507
3109130,16,52
3110148,15,49503
3110148,16,51
3111128,15,49503
3111128,16,31
3112147,15,49504
3112147,16,35
3113125,15,49505
3113125,16,43
3114143,15,49489
3114143,16,30
3115119,15,49539
3115119,16,18
3116141,15,49508
3116141,16,21
3117163,15,49496
3117163,16,24
3118139,15,49499
3118139,16,21
3119160,15,49508
3119160,16,23
3120136,15,49494
3120136,16,44
3121158,15,49502
3121158,16,34
3122134,15,49508
3122134,16,29
3123156,15,49519
3123156,16,58
3124131,15,49488
3124131,16,31
3125153,15,49505
3125153,16,39
3126127,15,49516
3126127,16,59
3127152,15,49508
3127152,16,31
3128131,15,49509
3128131,16,33
3129146,15,49492
3129146,16,27
3130125,15,49494
3130125,16,30
3131147,15,49522
3131147,16,27
3132124,15,49504
3132124,16,41
3133145,15,49508
3133145,16,37
3134164,15,49491
3134164,16,36
3135137,15,49512
3135137,16,27
3136159,15,49491
3136159,16,30
3137139,15,49496
3137139,16,44
3138160,15,49486
3138160,16,72
3139134,15,49511
3139134,16,33
3140155,15,49515
3140155,16,30
3141131,15,49494
3141131,16,14
3142151,15,49490
3142151,16,33
3143130,15,49505
3143130,16,36
3144150,15,49505
3144150,16,37
3145130,15,49513
3145130,16,34
3146147,15,49513
3146147,16,37
3147126,15,49518
3147126,16,29
3148146,15,49511
3148146,16,53
3149121,15,49500
3149121,16,34
3150143,15,49478
3150143,16,34
3151163,15,49505
3151163,16,19
3152141,15,49494
3152141,16,14
3153160,15,49528
3153160,16,44
3154137,15,49524
3154137,16,52
3155158,15,49514
3155158,16,38
3156133,15,49511
3156133,16,27
3157154,15,49511
3157154,16,26
3158135,15,49524
3158135,16,23
3159153,15,49513
3159153,16,25
3160131,15,49495
3160131,16,21
3161149,15,49528
3161149,16,58
3162130,15,49498
3162130,16,32
3163144,15,49499
3163144,16,13
3164124,15,49511
3164124,16,45
3165144,15,49529
3165144,16,43
3166124,15,49500
3166124,16,42
3167140,15,49507
3167140,16,21
3168165,15,49489
3168165,16,39
3169141,15,49507
3169141,16,15
3170158,15,49529
3170158,16,48
3171137,15,49499
3171137,16,45
3172156,15,49520
3172156,16,34
3173133,15,49504
3173133,16,48
3174158,15,49517
3174158,16,43
3175134,15,49496
3175134,16,34
3176155,15,49498
3176155,16,9
3177131,15,49502
3177131,16,38
3178152,15,49523
3178152,16,52
3179128,15,49492
3179128,16,52
3180148,15,49505
3180148,16,30
3181125,15,49489
3181125,16,23
3182147,15,49506
3182147,16,37
3183123,15,49504
3183123,16,61
3184142,15,49503
3184142,16,17
3185163,15,49526
3185163,16,28
3186140,15,49514
3186140,16,24
3187159,15,49515
3187159,16,33
3188139,15,49525
3188139,16,52
3189158,15,49504
3189158,16,53
3190138,15,49515
3190138,16,38
3191155,15,49518
3191155,16,44
3192136,15,49509
3192136,16,44
3193151,15,49497
3193151,16,22
3194129,15,49487
3194129,16,47
3195150,15,49502
3195150,16,34
3196128,15,49498
3196128,16,38
3197147,15,49505
3197147,16,36
3198122,15,49502
3198122,16,22
3199145,15,49486
3199145,16,27
3200121,15,49511
3200121,16,35
3201141,15,49499
3201141,16,32
3202159,15,49529
3202159,16,27
3203141,15,49507
3203141,16,53
3204160,15,49494
3204160,16,31
3205139,15,49497
3205139,16,48
3206159,15,49504
3206159,16,34
3207133,15,49498
3207133,16,20
3208154,15,49513
3208154,16,56
3209132,15,49508
3209132,16,25
3210154,15,49510
3210154,16,23
3211128,15,49507
3211128,16,38
3212151,15,49519
3212151,16,37
3213127,15,49499
3213127,16,27
3214146,15,49497
3214146,16,38
3215127,15,49498
3215127,16,30
3216147,15,49512
3216147,16,41
3217122,15,49526
3217122,16,30
3218144,15,49503
3218144,16,42
3219162,15,49508
3219162,16,32
3220139,15,49512
3220139,16,37
3221162,15,49500
3221162,16,33
3222139,15,49490
3222139,16,37
3223158,15,49492
3223158,16,13
3224137,15,49529
3224137,16,16
3225157,15,49509
3225157,16,40
3226132,15,49507
3226132,16,35
3227153,15,49503
3227153,16,18
3228131,15,49494
3228131,16,50
3229151,15,49501
3229151,16,48
3230128,15,49498
3230128,16,50
3231147,15,49501
3231147,16,20
3232122,15,49496
3232122,16,49
3233145,15,49500
3233145,16,33
3234122,15,49501
3234122,16,18
3235143,15,49491
3235143,16,48
3236163,15,49501
3236163,16,40
3237140,15,49524
3237140,16,48
3238160,15,49501
3238160,16,39
3239141,15,49507
3239141,16,31
3240159,15,49505
3240159,16,41
3241137,15,49497
3241137,16,36
3242154,15,49506
3242154,16,55
3243132,15,49501
3243132,16,31
3244153,15,49490
3244153,16,48
3245128,15,49517
3245128,16,45
3246151,15,49519
3246151,16,37
3247128,15,49494
3247128,16,32
3248147,15,49496
3248147,16,39
3249127,15,49513
3249127,16,23
3250147,15,49473
3250147,16,31
3251122,15,49500
3251122,16,48
3252142,15,49494
3252142,16,20
3253162,15,49512
3253162,16,38
3254137,15,49496
3254137,16,27
3255158,15,49505
3255158,16,29
3256136,15,49503
3256136,16,33
3257158,15,49515
3257158,16,54
3258133,15,49519
3258133,16,31
3259154,15,49509
3259154,16,42
3260128,15,49496
3260128,16,37
3261151,15,49507
3261151,16,41
3262131,15,49503
3262131,16,41
3263148,15,49507
3263148,16,54
3264127,15,49515
3264127,16,16
3265146,15,49498
3265146,16,30
3266125,15,49504
3266125,16,40
3267145,15,49506
3267145,16,46
3268122,15,49517
3268122,16,54
3269143,15,49510
3269143,16,19
3270161,15,49510
3270161,16,36
3271140,15,49501
3271140,16,22
3272161,15,49517
3272161,16,48
3273137,15,49513
3273137,16,27
3274156,15,49504
3274156,16,30
3275137,15,49502
3275137,16,44
3276157,15,49496
3276157,16,53
3277130,15,49500
3277130,16,20
3278154,15,49521
3278154,16,31
3279130,15,49485
3279130,16,47
3280147,15,49501
3280147,16,31
3281129,15,49506
3281129,16,39
3282147,15,49501
3282147,16,39
3283127,15,49511
3283127,16,26
3284144,15,49519
3284144,16,45
3285123,15,49504
3285123,16,41
3286142,15,49520
3286142,16,26
3287165,15,49493
3287165,16,29
3288141,15,49491
3288141,16,38
3289161,15,49514
3289161,16,34
3290137,15,49505
3290137,16,56
3291157,15,49491
3291157,16,30
3292135,15,49503
3292135,16,29
3293156,15,49493
3293156,16,46
3294129,15,49505
3294129,16,29
3295150,15,49525
3295150,16,36
3296130,15,49510
3296130,16,18
3297150,15,49484
3297150,16,37
3298127,15,49493
3298127,16,52
3299148,15,49493
3299148,16,51
3300124,15,49496
3300124,16,28
3301146,15,49500
3301146,16,27
3302122,15,49508
3302122,16,50
3303140,15,49513
3303140,16,44
3304163,15,49494
3304163,16,40
3305141,15,49517
3305141,16,41
3306156,15,49504
3306156,16,34
3307136,15,49480
3307136,16,47
3308157,15,49511
3308157,16,34
3309135,15,49509
3309135,16,44
3310157,15,49505
3310157,16,35
3311131,15,49514
3311131,16,12
3312150,15,49524
3312150,16,40
3313128,15,49491
3313128,16,47
3314148,15,49507
3314148,16,50
3315127,15,49499
3315127,16,16
3316147,15,49484
3316147,16,9
3317127,15,49505
3317127,16,29
3318143,15,49520
3318143,16,50
3319121,15,49506
3319121,16,30
3320143,15,49515
3320143,16,31
3321166,15,49501
3321166,16,30
3322139,15,49488
3322139,16,37
3323159,15,49503
3323159,16,32
3324138,15,49490
3324138,16,32
3325157,15,49506
3325157,16,46
3326135,15,49506
3326135,16,26
3327156,15,49503
3327156,16,39
3328130,15,49505
3328130,16,59
3329152,15,49508
3329152,16,45
3330128,15,49492
3330128,16,34
3331150,15,49503
3331150,16,32
3332129,15,49509
3332129,16,22
3333148,15,49504
3333148,16,37
3334126,15,49497
3334126,16,17
3335146,15,49510
3335146,16,35
3336123,15,49508
3336123,16,52
3337143,15,49496
3337143,16,41
3338161,15,49499
3338161,16,29
3339140,15,49511
3339140,16,13
3340163,15,49538
3340163,16,40
3341137,15,49502
3341137,16,33
3342158,15,49505
3342158,16,39
3343135,15,49518
3343135,16,46
3344156,15,49508
3344156,16,39
3345131,15,49489
3345131,16,39
3346150,15,49479
3346150,16,43
3347131,15,49500
3347131,16,39
3348149,15,49504
3348149,16,52
3349126,15,49522
3349126,16,37
3350146,15,49514
3350146,16,48
3351124,15,49493
3351124,16,40
3352147,15,49511
3352147,16,19
3353122,15,49523
3353122,16,36
3354140,15,49500
3354140,16,50
3355161,15,49505
3355161,16,40
3356142,15,49527
3356142,16,47
3357158,15,49507
3357158,16,36
3358137,15,49494
3358137,16,48
3359157,15,49483
3359157,16,35
3360135,15,49516
3360135,16,38
3361154,15,49522
3361154,16,35
3362134,15,49489
3362134,16,23
3363152,15,49488
3363152,16,38
3364128,15,49489
3364128,16,34
3365150,15,49507
3365150,16,18
3366128,15,49504
3366128,16,55
3367146,15,49511
3367146,16,43
3368122,15,49502
3368122,16,47
3369148,15,49503
3369148,16,31
3370124,15,49514
3370124,16,46
3371142,15,49504
3371142,16,55
3372162,15,49511
3372162,16,37
3373141,15,49505
3373141,16,47
3374157,15,49521
3374157,16,29
3375137,15,49491
3375137,16,27
3376157,15,49497
3376157,16,43
3377137,15,49500
3377137,16,17
3378158,15,49486
3378158,16,45
3379133,15,49504
3379133,16,30
3380154,15,49494
3380154,16,22
3381131,15,49497
3381131,16,17
3382149,15,49506
3382149,16,12
3383130,15,49495
3383130,16,33
3384146,15,49498
3384146,16,56
3385126,15,49499
3385126,16,31
3386144,15,49511
3386144,16,36
3387121,15,49513
3387121,16,64
3388142,15,49499
3388142,16,49
3389164,15,49508
3389164,16,34
3390138,15,49480
3390138,16,31
3391159,15,49479
3391159,16,24
3392136,15,49513
3392136,16,32
3393156,15,49502
3393156,16,21
3394134,15,49500
3394134,16,26
3395155,15,49516
3395155,16,40
3396135,15,49517
3396135,16,34
3397153,15,49499
3397153,16,53
3398130,15,49513
3398130,16,32
3399150,15,49515
3399150,16,38
3400126,15,49509
3400126,16,32
3401149,15,49524
3401149,16,46
3402125,15,49500
3402125,16,50
3403145,15,49505
3403145,16,41
3404123,15,49531
3404123,16,30
3405142,15,49499
3405142,16,58
3406162,15,49499
3406162,16,5
3407137,15,49506
3407137,16,19
3408162,15,49496
3408162,16,20
3409140,15,49516
3409140,16,43
3410157,15,49499
3410157,16,46
3411135,15,49507
3411135,16,24
3412156,15,49510
3412156,16,52
3413133,15,49489
3413133,16,29
3414154,15,49519
3414154,16,36
3415131,15,49486
3415131,16,36
3416150,15,49510
3416150,16,33
3417127,15,49493
3417127,16,51
3418149,15,49504
3418149,16,44
3419125,15,49522
3419125,16,49
3420145,15,49496
3420145,16,27
3421121,15,49522
3421121,16,42
3422142,15,49499
3422142,16,41
3423163,15,49504
3423163,16,29
3424143,15,49492
3424143,16,27
3425159,15,49500
3425159,16,45
3426139,15,49495
3426139,16,24
3427157,15,49500
3427157,16,46
3428136,15,49498
3428136,16,48
3429153,15,49493
3429153,16,11
3430132,15,49493
3430132,16,49
3431153,15,49514
3431153,16,42
3432129,15,49497
3432129,16,51
3433151,15,49517
3433151,16,32
3434128,15,49512
3434128,16,30
3435149,15,49498
3435149,16,42
3436126,15,49486
3436126,16,42
3437147,15,49500
3437147,16,37
3438125,15,49489
3438125,16,54
3439140,15,49496
3439140,16,32
3440161,15,49520
3440161,16,41
3441139,15,49513
3441139,16,30
3442159,15,49510
3442159,16,37
3443133,15,49511
3443133,16,25
3444157,15,49502
3444157,16,22
3445133,15,49495
3445133,16,32
3446155,15,49514
3446155,16,58
3447134,15,49512
3447134,16,18
3448153,15,49526
3448153,16,35
3449131,15,49506
3449131,16,49
3450150,15,49489
3450150,16,40
3451126,15,49513
3451126,16,8
3452149,15,49501
3452149,16,9
3453122,15,49515
3453122,16,42
3454146,15,49493
3454146,16,16
3455122,15,49497
3455122,16,32
3456147,15,49504
3456147,16,51
3457163,15,49512
3457163,16,48
3458139,15,49489
3458139,16,52
3459160,15,49511
3459160,16,42
3460136,15,49508
3460136,16,23
3461157,15,49500
3461157,16,55
3462136,15,49516
3462136,16,44
3463155,15,49506
3463155,16,34
3464134,15,49518
3464134,16,30
3465152,15,49519
3465152,16,29
3466131,15,49502
3466131,16,19
3467151,15,49503
3467151,16,25
3468127,15,49500
3468127,16,35
3469150,15,49511
3469150,16,50
3470124,15,49478
3470124,16,37
3471146,15,49489
3471146,16,7
3472120,15,49494
3472120,16,43
3473143,15,49492
3473143,16,45
3474162,15,49514
3474162,16,32
3475138,15,49515
3475138,16,23
3476160,15,49504
3476160,16,34
3477134,15,49507
3477134,16,42
3478158,15,49489
3478158,16,30
3479136,15,49528
3479136,16,19
3480153,15,49509
3480153,16,42
3481134,15,49527
3481134,16,36
3482150,15,49518
3482150,16,30
3483132,15,49493
3483132,16,33
3484151,15,49498
3484151,16,28
3485125,15,49497
3485125,16,35
3486150,15,49488
3486150,16,33
3487125,15,49501
3487125,16,12
3488144,15,49528
3488144,16,33
3489121,15,49502
3489121,16,53
3490144,15,49511
3490144,16,32
3491165,15,49533
3491165,16,32
3492138,15,49507
3492138,16,48
3493159,15,49496
3493159,16,19
3494137,15,49498
3494137,16,45
3495158,15,49472
3495158,16,29
3496137,15,49513
3496137,16,30
3497156,15,49498
3497156,16,26
3498133,15,49505
3498133,16,38
3499151,15,49496
3499151,16,37
3500130,15,49491
3500130,16,35
3501150,15,49505
3501150,16,51
3502128,15,49507
3502128,16,24
3503145,15,49519
3503145,16,24
3504124,15,49511
3504124,16,17
3505147,15,49496
3505147,16,38
3506124,15,49519
3506124,16,45
3507145,15,49500
3507145,16,15
3508163,15,49498
3508163,16,25
3509141,15,49503
3509141,16,38
3510161,15,49506
3510161,16,46
3511139,15,49510
3511139,16,46
3512157,15,49507
3512157,16,58
3513140,15,49502
3513140,16,28
3514154,15,49513
3514154,16,36
3515131,15,49518
3515131,16,35
3516155,15,49524
3516155,16,31
3517131,15,49506
3517131,16,29
3518151,15,49507
3518151,16,44
3519126,15,49523
3519126,16,37
3520147,15,49489
3520147,16,14
3521126,15,49504
3521126,16,52
3522145,15,49515
3522145,16,34
3523122,15,49505
3523122,16,53
3524143,15,49502
3524143,16,36
3525162,15,49502
3525162,16,24
3526139,15,49496
3526139,16,37
3527160,15,49522
3527160,16,38
3528140,15,49512
3528140,16,47
3529159,15,49483
3529159,16,41
3530133,15,49489
3530133,16,35
3531156,15,49510
3531156,16,47
3532133,15,49508
3532133,16,46
3533151,15,49496
3533151,16,35
3534130,15,49504
3534130,16,39
3535148,15,49498
3535148,16,28
3536127,15,49494
3536127,16,46
3537148,15,49509
3537148,16,9
3538124,15,49494
3538124,16,37
3539146,15,49498
3539146,16,48
3540123,15,49513
3540123,16,22
3541142,15,49490
3541142,16,21
3542165,15,49494
3542165,16,40
3543137,15,49491
3543137,16,34
3544162,15,49494
3544162,16,35
3545138,15,49508
3545138,16,27
3546157,15,49490
3546157,16,43
3547134,15,49525
3547134,16,58
3548157,15,49498
3548157,16,40
3549132,15,49501
3549132,16,33
3550152,15,49493
3550152,16,23
3551128,15,49508
3551128,16,32
3552150,15,49497
3552150,16,40
3553130,15,49527
3553130,16,45
3554147,15,49499
3554147,16,31
3555127,15,49523
3555127,16,38
3556142,15,49499
3556142,16,29
3557124,15,49524
3557124,16,38
3558143,15,49503
3558143,16,54
3559161,15,49500
3559161,16,31
3560139,15,49496
3560139,16,40
3561161,15,49504
3561161,16,32
3562137,15,49509
3562137,16,35
3563155,15,49504
3563155,16,30
3564134,15,49501
3564134,16,29
3565153,15,49521
3565153,16,27
3566135,15,49513
3566135,16,38
3567152,15,49493
3567152,16,46
3568130,15,49499
3568130,16,20
3569149,15,49503
3569149,16,26
3570130,15,49505
3570130,16,7
3571148,15,49514
3571148,16,33
3572123,15,49502
3572123,16,51
3573147,15,49500
3573147,16,33
3574120,15,49487
3574120,16,50
3575143,15,49506
3575143,16,23
3576162,15,49496
3576162,16,28
3577139,15,49498
3577139,16,42
3578161,15,49502
3578161,16,40
3579138,15,49504
3579138,16,26
3580157,15,49507
3580157,16,30
3581135,15,49506
3581135,16,37
3582153,15,49510
3582153,16,41
3583134,15,49518
3583134,16,25
3584152,15,49525
3584152,16,44
3585132,15,49488
3585132,16,42
3586150,15,49510
3586150,16,42
3587129,15,49504
3587129,16,50
3588145,15,49502
3588145,16,44
3589125,15,49487
3589125,16,34
3590147,15,49511
3590147,16,33
3591121,15,49490
3591121,16,44
3592142,15,49517
3592142,16,25
3593162,15,49522
3593162,16,42
3594139,15,49526
3594139,16,46
3595160,15,49511
3595160,16,46
3596135,15,49504
3596135,16,47
3597157,15,49497
3597157,16,36
3598138,15,49505
3598138,16,35
3599156,15,49515
3599156,16,42
3600133,15,49505
3600133,16,32
3601156,15,49506
3601156,16,20
3602129,15,49507
3602129,16,27
3603150,15,49495
3603150,16,31
3604125,15,49511
3604125,16,46
3605146,15,49512
3605146,16,28
3606126,15,49493
3606126,16,55
3607145,15,49488
3607145,16,37
3608123,15,49494
3608123,16,20
3609142,15,49498
3609142,16,49
3610159,15,49497
3610159,16,16
3611140,15,49489
3611140,16,38
3612160,15,49511
3612160,16,42
3613138,15,49492
3613138,16,37
3614159,15,49510
3614159,16,33
3615134,15,49517
3615134,16,17
3616152,15,49505
3616152,16,43
3617134,15,49499
3617134,16,45
3618151,15,49518
3618151,16,24
3619130,15,49506
3619130,16,22
3620150,15,49498
3620150,16,50
3621127,15,49515
3621127,16,31
3622147,15,49498
3622147,16,34
3623129,15,49498
3623129,16,29
3624145,15,49501
3624145,16,25
3625121,15,49500
3625121,16,32
3626140,15,49513
3626140,16,18
3627161,15,49498
3627161,16,45
3628141,15,49510
3628141,16,34
3629162,15,49518
3629162,16,30
3630136,15,49495
3630136,16,22
3631155,15,49508
3631155,16,24
3632135,15,49506
3632135,16,28
3633157,15,49511
3633157,16,24
3634131,15,49501
3634131,16,44
3635152,15,49500
3635152,16,41
3636130,15,49507
3636130,16,30
3637150,15,49510
3637150,16,39
3638127,15,49501
3638127,16,44
3639147,15,49513
3639147,16,15
3640126,15,49495
3640126,16,51
3641145,15,49478
3641145,16,35
3642122,15,49510
3642122,16,38
3643143,15,49529
3643143,16,25
3644164,15,49511
3644164,16,34
3645143,15,49496
3645143,16,15
3646162,15,49508
3646162,16,43
3647139,15,49492
3647139,16,21
3648156,15,49510
3648156,16,36
3649135,15,49482
3649135,16,55
3650155,15,49506
3650155,16,50
3651131,15,49517
3651131,16,23
3652153,15,49502
3652153,16,40
3653131,15,49501
3653131,16,37
3654150,15,49508
3654150,16,16
3655127,15,49496
3655127,16,35
3656150,15,49500
3656150,16,22
3657129,15,49526
3657129,16,16
3658144,15,49511
3658144,16,48
3659123,15,49490
3659123,16,35
3660142,15,49513
3660142,16,30
3661160,15,49503
3661160,16,31
3662141,15,49498
3662141,16,54
3663161,15,49516
3663161,16,57
3664137,15,49515
3664137,16,33
3665159,15,49503
3665159,16,38
3666135,15,49485
3666135,16,26
3667154,15,49511
3667154,16,50
3668135,15,49496
3668135,16,42
3669154,15,49504
3669154,16,33
3670133,15,49491
3670133,16,18
3671152,15,49505
3671152,16,59
3672128,15,49501
3672128,16,48
3673148,15,49495
3673148,16,40
3674125,15,49494
3674125,16,51
3675143,15,49491
3675143,16,43
3676124,15,49505
3676124,16,26
3677141,15,49486
3677141,16,43
3678162,15,49506
3678162,16,47
3679141,15,49503
3679141,16,39
3680160,15,49494
3680160,16,29
3681138,15,49514
3681138,16,47
3682157,15,49511
3682157,16,47
3683133,15,49520
3683133,16,26
3684155,15,49501
3684155,16,54
3685134,15,49503
3685134,16,28
3686155,15,49504
3686155,16,50
3687129,15,49510
3687129,16,32
3688153,15,49496
3688153,16,43
3689127,15,49514
3689127,16,43
3690145,15,49515
3690145,16,36
3691125,15,49505
3691125,16,36
3692146,15,49493
3692146,16,35
3693124,15,49504
3693124,16,37
3694143,15,49514
3694143,16,40
3695163,15,49498
3695163,16,31
3696138,15,49481
3696138,16,28
3697161,15,49502
3697161,16,27
3698139,15,49512
3698139,16,32
3699158,15,49497
3699158,16,31
3700137,15,49495
3700137,16,29
3701154,15,49485
3701154,16,29
3702134,15,49495
3702134,16,44
3703153,15,49491
3703153,16,52
3704128,15,49491
3704128,16,33
3705152,15,49518
3705152,16,42
3706128,15,49486
3706128,16,31
3707149,15,49513
3707149,16,34
3708125,15,49510
3708125,16,53
3709144,15,49511
3709144,16,40
3710120,15,49517
3710120,16,45
3711145,15,49507
3711145,16,38
3712163,15,49513
3712163,16,49
3713140,15,49507
3713140,16,28
3714160,15,49493
3714160,16,51
3715137,15,49505
3715137,16,40
3716157,15,49505
3716157,16,66
3717137,15,49512
3717137,16,32
3718155,15,49514
3718155,16,46
3719134,15,49509
3719134,16,21
3720150,15,49493
3720150,16,31
3721129,15,49518
3721129,16,39
3722150,15,49506
3722150,16,26
3723127,15,49505
3723127,16,42
3724148,15,49505
3724148,16,22
3725123,15,49494
3725123,16,35
3726145,15,49517
3726145,16,41
3727122,15,49504
3727122,16,24
3728141,15,49509
3728141,16,39
3729167,15,49524
3729167,16,17
3730140,15,49490
3730140,16,22
3731160,15,49502
3731160,16,56
3732136,15,49488
3732136,16,45
3733158,15,49513
3733158,16,40
3734134,15,49490
3734134,16,48
3735154,15,49513
3735154,16,12
3736132,15,49491
3736132,16,30
3737155,15,49528
3737155,16,35
3738131,15,49496
3738131,16,41
3739153,15,49495
3739153,16,36
3740124,15,49511
3740124,16,54
3741147,15,49510
3741147,16,32
3742123,15,49494
3742123,16,43
3743145,15,49506
3743145,16,35
3744120,15,49511
3744120,16,12
3745143,15,49515
3745143,16,39
3746162,15,49488
3746162,16,45
3747140,15,49505
3747140,16,42
3748159,15,49495
3748159,16,27
3749139,15,49511
3749139,16,35
3750159,15,49501
3750159,16,41
3751136,15,49505
3751136,16,33
3752158,15,49510
3752158,16,46
3753132,15,49521
3753132,16,39
3754154,15,49500
3754154,16,34
3755128,15,49506
3755128,16,22
3756149,15,49519
3756149,16,50
3757130,15,49515
3757130,16,44
3758148,15,49499
3758148,16,29
3759125,15,49509
3759125,16,59
3760145,15,49505
3760145,16,34
3761123,15,49504
3761123,16,46
3762142,15,49509
3762142,16,42
3763162,15,49524
3763162,16,41
3764142,15,49510
3764142,16,33
3765159,15,49501
3765159,16,43
3766137,15,49496
3766137,16,51
3767158,15,49493
3767158,16,46
3768135,15,49490
3768135,16,42
3769155,15,49506
3769155,16,18
3770131,15,49519
3770131,16,44
3771153,15,49493
3771153,16,22
3772128,15,49504
3772128,16,38
3773152,15,49512
3773152,16,23
3774129,15,49505
3774129,16,22
3775147,15,49494
3775147,16,45
3776123,15,49517
3776123,16,47
3777144,15,49504
3777144,16,25
3778121,15,49494
3778121,16,29
3779144,15,49510
3779144,16,27
3780164,15,49516
3780164,16,51
3781139,15,49491
3781139,16,42
3782161,15,49516
3782161,16,24
3783140,15,49506
3783140,16,29
3784155,15,49504
3784155,16,45
3785137,15,49510
3785137,16,37
3786156,15,49511
3786156,16,38
3787133,15,49493
3787133,16,39
3788153,15,49519
3788153,16,22
3789131,15,49513
3789131,16,27
3790150,15,49537
3790150,16,29
3791124,15,49510
3791124,16,30
3792148,15,49507
3792148,16,44
3793127,15,49499
3793127,16,36
3794144,15,49495
3794144,16,47
3795121,15,49490
3795121,16,15
3796141,15,49536
3796141,16,52
3797165,15,49490
3797165,16,51
3798141,15,49500
3798141,16,48
3799161,15,49523
3799161,16,53
3800138,15,49472
3800138,16,48
3801158,15,49481
3801158,16,28
3802135,15,49509
3802135,16,47
3803154,15,49497
3803154,16,31
3804133,15,49515
3804133,16,32
3805153,15,49498
3805153,16,45
3806131,15,49506
3806131,16,21
3807148,15,49499
3807148,16,32
3808125,15,49515
3808125,16,52
3809148,15,49500
3809148,16,25
3810124,15,49495
3810124,16,31
3811143,15,49494
3811143,16,29
3812124,15,49514
3812124,16,15
3813142,15,49506
3813142,16,41
3814164,15,49518
3814164,16,38
3815140,15,49505
3815140,16,40
3816160,15,49488
3816160,16,42
3817140,15,49505
3817140,16,24
3818157,15,49499
3818157,16,46
3819133,15,49509
3819133,16,30
3820155,15,49502
3820155,16,28
3821131,15,49510
3821131,16,22
3822153,15,49512
3822153,16,23
3823129,15,49494
3823129,16,20
3824149,15,49526
3824149,16,29
3825127,15,49506
3825127,16,40
3826150,15,49514
3826150,16,11
3827122,15,49508
3827122,16,38
3828145,15,49511
3828145,16,41
3829123,15,49490
3829123,16,50
3830144,15,49511
3830144,16,51
3831162,15,49515
3831162,16,44
3832143,15,49529
3832143,16,23
3833160,15,49518
3833160,16,47
3834136,15,49492
3834136,16,49
3835157,15,49501
3835157,16,24
3836134,15,49492
3836134,16,10
3837155,15,49499
3837155,16,31
3838132,15,49494
3838132,16,47
3839151,15,49512
3839151,16,27
3840132,15,49533
3840132,16,32
3841150,15,49504
3841150,16,52
3842128,15,49512
3842128,16,39
3843150,15,49517
3843150,16,35
3844123,15,49516
3844123,16,62
3845144,15,49504
3845144,16,45
3846123,15,49492
3846123,16,26
3847145,15,49502
3847145,16,34
3848161,15,49516
3848161,16,49
3849142,15,49510
3849142,16,30
3850159,15,49499
3850159,16,36
3851137,15,49512
3851137,16,39
3852158,15,49512
3852158,16,24
3853134,15,49505
3853134,16,40
3854156,15,49508
3854156,16,45
3855136,15,49503
3855136,16,55
3856155,15,49500
3856155,16,39
3857133,15,49517
3857133,16,46
3858152,15,49508
3858152,16,25
3859126,15,49505
3859126,16,35
3860148,15,49488
3860148,16,22
3861124,15,49508
3861124,16,26
3862146,15,49490
3862146,16,44
3863120,15,49508
3863120,16,30
3864142,15,49488
3864142,16,20
3865163,15,49495
3865163,16,47
3866140,15,49493
3866140,16,46
3867158,15,49501
3867158,16,33
3868136,15,49513
3868136,16,41
3869157,15,49499
3869157,16,19
3870134,15,49496
3870134,16,33
3871155,15,49502
3871155,16,50
3872134,15,49498
3872134,16,39
3873154,15,49517
3873154,16,40
3874130,15,49503
3874130,16,36
3875149,15,49506
3875149,16,36
3876126,15,49496
3876126,16,43
3877146,15,49490
3877146,16,39
3878125,15,49511
3878125,16,12
3879145,15,49518
3879145,16,26
3880121,15,49518
3880121,16,18
3881141,15,49518
3881141,16,40
3882163,15,49511
3882163,16,44
3883138,15,49509
3883138,16,40
3884160,15,49504
3884160,16,34
3885139,15,49510
3885139,16,23
3886156,15,49510
3886156,16,33
3887136,15,49498
3887136,16,35
3888154,15,49491
3888154,16,18
3889133,15,49495
3889133,16,24
3890151,15,49495
3890151,16,50
3891128,15,49508
3891128,16,30
3892149,15,49510
3892149,16,36
3893128,15,49502
3893128,16,44
3894144,15,49519
3894144,16,43
3895125,15,49486
3895125,16,20
3896146,15,49489
3896146,16,30
3897123,15,49497
3897123,16,48
3898145,15,49493
3898145,16,38
3899165,15,49494
3899165,16,44
3900140,15,49496
3900140,16,61
3901159,15,49489
3901159,16,42
3902136,15,49505
3902136,16,34
3903154,15,49494
3903154,16,34
3904135,15,49480
3904135,16,36
3905155,15,49495
3905155,16,18
3906134,15,49501
3906134,16,21
3907152,15,49512
3907152,16,61
3908132,15,49495
3908132,16,35
3909148,15,49496
3909148,16,63
3910127,15,49480
3910127,16,21
3911148,15,49516
3911148,16,28
3912128,15,49477
3912128,16,34
3913144,15,49509
3913144,16,26
3914121,15,49488
3914121,16,14
3915143,15,49500
3915143,16,39
3916164,15,49506
3916164,16,41
3917139,15,49511
3917139,16,34
3918160,15,49500
3918160,16,52
3919137,15,49508
3919137,16,24
3920157,15,49525
3920157,16,57
3921135,15,49505
3921135,16,32
3922154,15,49503
3922154,16,24
3923136,15,49508
3923136,16,23
3924152,15,49517
3924152,16,55
3925132,15,49498
3925132,16,23
3926151,15,49500
3926151,16,28
3927126,15,49497
3927126,16,34
3928147,15,49502
3928147,16,12
3929122,15,49517
3929122,16,34
3930145,15,49515
3930145,16,24
3931123,15,49523
3931123,16,28
3932142,15,49502
3932142,16,34
3933161,15,49524
3933161,16,51
3934141,15,49518
3934141,16,35
3935161,15,49513
3935161,16,21
3936138,15,49495
3936138,16,30
3937161,15,49507
3937161,16,50
3938135,15,49506
3938135,16,41
3939155,15,49506
3939155,16,43
3940133,15,49493
3940133,16,18
3941155,15,49522
3941155,16,33
3942130,15,49518
3942130,16,49
3943151,15,49486
3943151,16,34
3944128,15,49495
3944128,16,46
3945151,15,49501
3945151,16,13
3946126,15,49517
3946126,16,35
3947147,15,49499
3947147,16,48
3948120,15,49496
3948120,16,38
3949143,15,49512
3949143,16,38
3950165,15,49507
3950165,16,33
3951141,15,49482
3951141,16,50
3952158,15,49492
3952158,16,40
3953137,15,49506
3953137,16,28
3954157,15,49501
3954157,16,17
3955136,15,49490
3955136,16,27
3956156,15,49506
3956156,16,24
3957135,15,49500
3957135,16,37
3958150,15,49507
3958150,16,26
3959132,15,49507
3959132,16,48
3960149,15,49515
3960149,16,36
3961127,15,49489
3961127,16,6
3962146,15,49506
3962146,16,31
3963123,15,49496
3963123,16,37
3964145,15,49501
3964145,16,33
3965123,15,49501
3965123,16,18
3966143,15,49490
3966143,16,38
3967163,15,49505
3967163,16,23
3968141,15,49488
3968141,16,23
3969160,15,49507
3969160,16,47
3970136,15,49517
3970136,16,31
3971158,15,49508
3971158,16,32
3972137,15,49505
3972137,16,26
3973156,15,49504
3973156,16,42
3974133,15,49513
3974133,16,32
3975153,15,49513
3975153,16,49
3976130,15,49489
3976130,16,38
3977150,15,49493
3977150,16,33
3978129,15,49502
3978129,16,33
3979145,15,49517
3979145,16,35
3980123,15,49503
3980123,16,55
3981142,15,49497
3981142,16,38
3982121,15,49527
3982121,16,45
3983146,15,49521
3983146,16,36
3984161,15,49495
3984161,16,34
3985140,15,49500
3985140,16,47
3986159,15,49514
3986159,16,38
3987136,15,49502
3987136,16,39
3988154,15,49500
3988154,16,32
3989135,15,49494
3989135,16,31
3990155,15,49502
3990155,16,32
3991130,15,49500
3991130,16,50
3992151,15,49517
3992151,16,33
3993132,15,49500
3993132,16,16
3994152,15,49502
3994152,16,46
3995127,15,49509
3995127,16,37
3996148,15,49507
3996148,16,56
3997124,15,49508
3997124,16,47
3998146,15,49509
3998146,16,52
3999123,15,49489
3999123,16,40
4000142,15,49504
4000142,16,42
4001162,15,49498
4001162,16,25
4002141,15,49491
4002141,16,37
4003159,15,49500
4003159,16,39
4004136,15,49491
4004136,16,25
4005158,15,49486
4005158,16,38
4006136,15,49499
4006136,16,34
4007153,15,49494
4007153,16,53
4008131,15,49504
4008131,16,52
4009152,15,49497
4009152,16,47
4010130,15,49522
4010130,16,51
4011147,15,49525
4011147,16,40
4012123,15,49504
4012123,16,58
4013145,15,49510
4013145,16,34
4014125,15,49496
4014125,16,20
4015144,15,49500
4015144,16,22
4016121,15,49505
4016121,16,31
4017143,15,49512
4017143,16,38
4018164,15,49482
4018164,16,37
4019139,15,49496
4019139,16,39
4020159,15,49520
4020159,16,40
4021138,15,49493
4021138,16,34
4022159,15,49520
4022159,16,37
4023136,15,49515
4023136,16,10
4024153,15,49514
4024153,16,42
4025136,15,49497
4025136,16,40
4026153,15,49514
4026153,16,35
4027127,15,49495
4027127,16,43
4028152,15,49506
4028152,16,33
4029128,15,49507
4029128,16,37
4030147,15,49500
4030147,16,39
4031125,15,49505
4031125,16,32
4032143,15,49507
4032143,16,36
4033122,15,49495
4033122,16,36
4034143,15,49515
4034143,16,27
4035163,15,49501
4035163,16,48
4036143,15,49498
4036143,16,38
4037163,15,49502
4037163,16,16
4038137,15,49514
4038137,16,46
4039156,15,49503
4039156,16,48
4040135,15,49512
4040135,16,31
4041156,15,49533
4041156,16,48
4042134,15,49525
4042134,16,17
4043156,15,49509
4043156,16,29
4044127,15,49501
4044127,16,45
4045150,15,49502
4045150,16,34
4046129,15,49516
4046129,16,28
4047147,15,49514
4047147,16,31
4048125,15,49495
4048125,16,26
4049146,15,49500
4049146,16,43
4050122,15,49485
4050122,16,21
4051140,15,49498
4051140,16,42
4052163,15,49502
4052163,16,32
4053138,15,49512
4053138,16,37
4054161,15,49505
4054161,16,21
4055139,15,49497
4055139,16,46
4056158,15,49518
4056158,16,43
4057135,15,49513
4057135,16,27
4058154,15,49513
4058154,16,34
4059132,15,49491
4059132,16,34
4060152,15,49514
4060152,16,50
4061131,15,49482
4061131,16,54
4062153,15,49487
4062153,16,15
4063128,15,49482
4063128,16,27
4064146,15,49510
4064146,16,29
4065123,15,49528
4065123,16,5
4066145,15,49508
4066145,16,33
4067119,15,49489
4067119,16,38
4068140,15,49520
4068140,16,40
4069160,15,49490
4069160,16,36
4070142,15,49513
4070142,16,36
4071160,15,49507
4071160,16,37
4072139,15,49509
4072139,16,11
4073157,15,49505
4073157,16,34
4074134,15,49494
4074134,16,38
4075155,15,49519
4075155,16,39
4076131,15,49503
4076131,16,55
4077154,15,49524
4077154,16,47
4078131,15,49540
4078131,16,18
4079153,15,49513
4079153,16,9
4080125,15,49480
4080125,16,23
4081148,15,49511
4081148,16,38
4082124,15,49501
4082124,16,35
4083143,15,49491
4083143,16,29
4084125,15,49501
4084125,16,43
4085140,15,49514
4085140,16,42
4086164,15,49508
4086164,16,28
4087143,15,49501
4087143,16,35
4088161,15,49493
4088161,16,41
4089138,15,49491
4089138,16,28
4090158,15,49493
4090158,16,35
4091136,15,49505
4091136,16,35
4092151,15,49497
4092151,16,50
4093132,15,49504
4093132,16,50
4094153,15,49486
4094153,16,34
4095132,15,49504
4095132,16,31
4096150,15,49498
4096150,16,37
4097128,15,49519
4097128,16,30
4098147,15,49496
4098147,16,50
4099127,15,49512
4099127,16,23
4100145,15,49494
4100145,16,45
4101122,15,49511
4101122,16,56
4102142,15,49507
4102142,16,34
4103161,15,49525
4103161,16,43
4104144,15,49513
4104144,16,44
4105160,15,49512
4105160,16,45
4106140,15,49507
4106140,16,41
4107156,15,49504
4107156,16,34
4108135,15,49514
4108135,16,45
4109156,15,49524
4109156,16,30
4110133,15,49487
4110133,16,22
4111152,15,49521
4111152,16,34
4112130,15,49545
4112130,16,46
4113150,15,49501
4113150,16,30
4114127,15,49476
4114127,16,35
4115149,15,49506
4115149,16,47
4116123,15,49521
4116123,16,25
4117145,15,49490
4117145,16,35
4118123,15,49505
4118123,16,45
4119143,15,49509
4119143,16,35
4120163,15,49502
4120163,16,36
4121138,15,49496
4121138,16,28
4122160,15,49501
4122160,16,38
4123139,15,49525
4123139,16,37
4124159,15,49524
4124159,16,40
4125135,15,49502
4125135,16,38
4126158,15,49511
4126158,16,36
4127132,15,49507
4127132,16,31
4128152,15,49512
4128152,16,32
4129132,15,49485
4129132,16,40
4130149,15,49510
4130149,16,53
4131128,15,49518
4131128,16,40
4132147,15,49501
4132147,16,19
4133125,15,49497
4133125,16,36
4134143,15,49509
4134143,16,33
4135123,15,49498
4135123,16,44
4136147,15,49495
4136147,16,38
4137161,15,49500
4137161,16,32
4138140,15,49499
4138140,16,32
4139158,15,49511
4139158,16,48
4140138,15,49500
4140138,16,36
4141159,15,49503
4141159,16,43
4142137,15,49488
4142137,16,30
4143157,15,49495
4143157,16,19
4144133,15,49514
4144133,16,34
4145150,15,49512
4145150,16,33
4146128,15,49499
4146128,16,33
4147148,15,49508
4147148,16,45
4148128,15,49481
4148128,16,39
4149148,15,49522
4149148,16,35
4150125,15,49503
4150125,16,31
4151145,15,49498
4151145,16,27
4152119,15,49504
4152119,16,27
4153142,15,49499
4153142,16,47
4154161,15,49505
4154161,16,43
4155140,15,49518
4155140,16,36
4156163,15,49505
4156163,16,39
4157138,15,49504
4157138,16,31
4158158,15,49508
4158158,16,33
4159135,15,49503
4159135,16,44
4160153,15,49499
4160153,16,46
4161132,15,49490
4161132,16,32
4162153,15,49504
4162153,16,47
4163129,15,49509
4163129,16,40
4164152,15,49513
4164152,16,34
4165128,15,49512
4165128,16,37
4166144,15,49507
4166144,16,27
4167126,15,49498
4167126,16,14
4168145,15,49504
4168145,16,37
4169127,15,49497
4169127,16,54
4170143,15,49514
4170143,16,22
4171160,15,49480
4171160,16,37
4172138,15,49513
4172138,16,32
4173159,15,49513
4173159,16,59
4174137,15,49515
4174137,16,37
4175160,15,49494
4175160,16,48
4176135,15,49515
4176135,16,61
4177155,15,49506
4177155,16,54
4178133,15,49499
4178133,16,16
4179154,15,49479
4179154,16,47
4180135,15,49518
4180135,16,32
4181151,15,49513
4181151,16,46
4182127,15,49518
4182127,16,50
4183150,15,49528
4183150,16,59
4184129,15,49523
4184129,16,50
4185143,15,49507
4185143,16,43
4186125,15,49505
4186125,16,37
4187143,15,49512
4187143,16,55
4188160,15,49503
4188160,16,21
4189140,15,49489
4189140,16,44
4190157,15,49500
4190157,16,50
4191139,15,49499
4191139,16,22
4192156,15,49497
4192156,16,39
4193136,15,49504
4193136,16,54
4194156,15,49513
4194156,16,32
4195133,15,49501
4195133,16,39
4196153,15,49511
4196153,16,42
4197128,15,49501
4197128,16,45
4198150,15,49502
4198150,16,39
4199127,15,49499
4199127,16,20
4200147,15,49504
4200147,16,44
4201127,15,49513
4201127,16,45
4202144,15,49495
4202144,16,17
4203123,15,49506
4203123,16,31
4204141,15,49517
4204141,16,46
4205161,15,49497
4205161,16,41
4206139,15,49513
4206139,16,31
4207162,15,49500
4207162,16,56
4208136,15,49499
4208136,16,43
4209155,15,49503
4209155,16,42
4210136,15,49501
4210136,16,31
4211153,15,49511
4211153,16,34
4212128,15,49524
4212128,16,41
4213152,15,49488
4213152,16,31
4214128,15,49506
4214128,16,8
4215150,15,49514
4215150,16,44
4216125,15,49484
4216125,16,21
4217150,15,49523
4217150,16,13
4218127,15,49491
4218127,16,47
4219146,15,49498
4219146,16,30
4220126,15,49499
4220126,16,23
4221141,15,49514
4221141,16,59
4222162,15,49492
4222162,16,35
4223138,15,49532
4223138,16,27
4224161,15,49514
4224161,16,30
4225136,15,49504
4225136,16,43
4226157,15,49496
4226157,16,38
4227135,15,49504
4227135,16,39
4228155,15,49496
4228155,16,18
4229130,15,49511
4229130,16,29
4230152,15,49493
4230152,16,36
4231127,15,49494
4231127,16,34
4232148,15,49500
4232148,16,36
4233127,15,49505
4233127,16,36
4234146,15,49513
4234146,16,29
4235123,15,49523
4235123,16,52
4236142,15,49520
4236142,16,25
4237122,15,49506
4237122,16,48
4238143,15,49510
4238143,16,18
4239164,15,49509
4239164,16,49
4240140,15,49497
4240140,16,35
4241161,15,49513
4241161,16,48
4242139,15,49511
4242139,16,43
4243159,15,49504
4243159,16,35
4244134,15,49501
4244134,16,23
4245154,15,49488
4245154,16,31
4246132,15,49507
4246132,16,16
4247153,15,49507
4247153,16,35
4248129,15,49520
4248129,16,41
4249150,15,49497
4249150,16,36
4250127,15,49507
4250127,16,29
4251149,15,49508
4251149,16,37
4252125,15,49507
4252125,16,35
4253141,15,49496
4253141,16,32
4254121,15,49503
4254121,16,40
4255143,15,49502
4255143,16,26
4256163,15,49509
4256163,16,48
4257140,15,49505
4257140,16,21
4258162,15,49491
4258162,16,24
4259136,15,49499
4259136,16,22
4260156,15,49515
4260156,16,34
4261134,15,49482
4261134,16,27
4262155,15,49493
4262155,16,30
4263133,15,49498
4263133,16,27
4264155,15,49506
4264155,16,43
4265129,15,49509
4265129,16,30
4266151,15,49497
4266151,16,25
4267127,15,49515
4267127,16,38
4268147,15,49503
4268147,16,30
4269127,15,49498
4269127,16,49
4270146,15,49519
4270146,16,24
4271121,15,49512
4271121,16,41
4272142,15,49508
4272142,16,35
4273166,15,49509
4273166,16,28
4274140,15,49521
4274140,16,33
4275158,15,49502
4275158,16,27
4276141,15,49499
4276141,16,33
4277157,15,49512
4277157,16,23
4278136,15,49495
4278136,16,31
4279155,15,49495
4279155,16,28
4280135,15,49494
4280135,16,32
4281154,15,49514
4281154,16,41
4282129,15,49500
4282129,16,34
4283148,15,49505
4283148,16,34
4284129,15,49493
4284129,16,35
4285146,15,49493
4285146,16,41
4286125,15,49506
4286125,16,42
4287147,15,49508
4287147,16,46
4288124,15,49513
4288124,16,15
4289144,15,49508
4289144,16,20
4290162,15,49510
4290162,16,36
4291140,15,49524
4291140,16,30
4292159,15,49520
4292159,16,32
4293135,15,49513
4293135,16,40
4294156,15,49495
4294156,16,31
4295134,15,49490
4295134,16,44
4296155,15,49498
4296155,16,30
4297133,15,49500
4297133,16,34
4298153,15,49488
4298153,16,16
4299131,15,49508
4299131,16,60
4300148,15,49504
4300148,16,27
4301126,15,49505
4301126,16,72
4302147,15,49489
4302147,16,36
4303122,15,49502
4303122,16,58
4304144,15,49499
4304144,16,58
4305121,15,49482
4305121,16,41
4306142,15,49494
4306142,16,33
4307162,15,49491
4307162,16,51
4308137,15,49499
4308137,16,46
4309163,15,49522
4309163,16,27
4310138,15,49507
4310138,16,35
4311158,15,49510
4311158,16,36
4312135,15,49512
4312135,16,32
4313155,15,49491
4313155,16,33
4314129,15,49511
4314129,16,43
4315154,15,49481
4315154,16,38
4316131,15,49514
4316131,16,56
4317151,15,49495
4317151,16,37
4318128,15,49494
4318128,16,59
4319146,15,49509
4319146,16,13
4320125,15,49523
4320125,16,38
4321146,15,49487
4321146,16,42
4322122,15,49488
4322122,16,52
4323142,15,49512
4323142,16,19
4324163,15,49522
4324163,16,42
4325139,15,49507
4325139,16,44
4326160,15,49508
4326160,16,22
4327136,15,49511
4327136,16,32
4328157,15,49519
4328157,16,18
4329133,15,49509
4329133,16,33
4330158,15,49492
4330158,16,25
4331132,15,49499
4331132,16,29
4332152,15,49501
4332152,16,15
4333132,15,49519
4333132,16,26
4334153,15,49501
4334153,16,32
4335129,15,49512
4335129,16,36
4336147,15,49503
4336147,16,45
4337125,15,49504
4337125,16,47
4338146,15,49506
4338146,16,28
4339123,15,49506
4339123,16,28
4340142,15,49494
4340142,16,33
4341164,15,49507
4341164,16,24
4342141,15,49511
4342141,16,45
4343159,15,49498
4343159,16,34
4344135,15,49507
4344135,16,46
4345158,15,49479
4345158,16,38
4346137,15,49506
4346137,16,33
4347154,15,49521
4347154,16,35
4348132,15,49526
4348132,16,41
4349153,15,49500
4349153,16,65
4350128,15,49500
4350128,16,30
4351151,15,49509
4351151,16,40
4352129,15,49527
4352129,16,35
4353148,15,49512
4353148,16,28
4354124,15,49496
4354124,16,50
4355144,15,49510
4355144,16,38
4356126,15,49517
4356126,16,40
4357142,15,49496
4357142,16,33
4358164,15,49483
4358164,16,37
4359142,15,49521
4359142,16,63
4360158,15,49500
4360158,16,42
4361137,15,49498
4361137,16,17
4362158,15,49512
4362158,16,36
4363134,15,49514
4363134,16,28
4364155,15,49509
4364155,16,33
4365133,15,49510
4365133,16,18
4366151,15,49505
4366151,16,21
4367132,15,49524
4367132,16,20
4368149,15,49501
4368149,16,36
4369130,15,49516
4369130,16,33
4370148,15,49503
4370148,16,38
4371122,15,49533
4371122,16,34
4372145,15,49507
4372145,16,32
4373121,15,49519
4373121,16,31
4374145,15,49510
4374145,16,34
4375160,15,49503
4375160,16,42
4376142,15,49487
4376142,16,43
4377161,15,49498
4377161,16,49
4378139,15,49525
4378139,16,23
4379158,15,49508
4379158,16,41
4380135,15,49506
4380135,16,31
4381155,15,49523
4381155,16,29
4382132,15,49484
4382132,16,45
4383153,15,49522
4383153,16,47
4384128,15,49485
4384128,16,40
4385148,15,49501
4385148,16,54
4386128,15,49507
4386128,16,18
4387149,15,49507
4387149,16,43
4388125,15,49502
4388125,16,20
4389147,15,49516
4389147,16,40
4390119,15,49502
4390119,16,38
4391141,15,49507
4391141,16,43
4392162,15,49533
4392162,16,36
4393141,15,49494
4393141,16,54
4394159,15,49512
4394159,16,44
4395135,15,49516
4395135,16,52
4396158,15,49489
4396158,16,38
4397136,15,49497
4397136,16,58
4398156,15,49491
4398156,16,52
4399134,15,49496
4399134,16,23
4400150,15,49518
4400150,16,33
4401127,15,49508
4401127,16,33
4402150,15,49498
4402150,16,41
4403128,15,49513
4403128,16,35
4404148,15,49482
4404148,16,38
4405124,15,49507
4405124,16,30
4406144,15,49490
4406144,16,43
4407122,15,49488
4407122,16,26
4408142,15,49503
4408142,16,37
4409162,15,49488
4409162,16,41
4410138,15,49488
4410138,16,40
4411161,15,49502
4411161,16,48
4412135,15,49507
4412135,16,22
4413159,15,49498
4413159,16,44
4414133,15,49506
4414133,16,40
4415156,15,49500
4415156,16,40
4416132,15,49517
4416132,16,24
4417152,15,49503
4417152,16,48
4418130,15,49497
4418130,16,38
4419149,15,49516
4419149,16,31
4420126,15,49498
4420126,16,53
4421147,15,49515
4421147,16,30
4422126,15,49497
4422126,16,22
4423145,15,49509
4423145,16,32
4424123,15,49505
4424123,16,58
4425144,15,49518
4425144,16,52
4426163,15,49508
4426163,16,42
4427142,15,49506
4427142,16,25
4428161,15,49487
4428161,16,22
4429137,15,49511
4429137,16,22
4430156,15,49505
4430156,16,31
4431133,15,49516
4431133,16,41
4432156,15,49504
4432156,16,32
4433131,15,49519
4433131,16,28
4434150,15,49494
4434150,16,34
4435130,15,49515
4435130,16,22
4436150,15,49499
4436150,16,53
4437128,15,49483
4437128,16,18
4438149,15,49491
4438149,16,23
4439125,15,49504
4439125,16,16
4440143,15,49505
4440143,16,41
4441122,15,49481
4441122,16,32
4442143,15,49516
4442143,16,37
4443161,15,49529
4443161,16,42
4444139,15,49517
4444139,16,18
4445161,15,49507
4445161,16,37
4446138,15,49512
4446138,16,46
4447157,15,49517
4447157,16,30
4448137,15,49493
4448137,16,41
4449157,15,49517
4449157,16,53
4450135,15,49500
4450135,16,31
4451153,15,49512
4451153,16,33
4452133,15,49490
4452133,16,9
4453153,15,49522
4453153,16,21
4454128,15,49505
4454128,16,39
4455148,15,49476
4455148,16,49
4456126,15,49490
4456126,16,47
4457142,15,49508
4457142,16,37
4458122,15,49483
4458122,16,30
4459147,15,49510
4459147,16,37
4460161,15,49515
4460161,16,44
4461142,15,49510
4461142,16,29
4462160,15,49507
4462160,16,30
4463139,15,49501
4463139,16,32
4464154,15,49501
4464154,16,41
4465132,15,49484
4465132,16,43
4466154,15,49508
4466154,16,34
4467130,15,49518
4467130,16,30
4468154,15,49505
4468154,16,34
4469131,15,49494
4469131,16,25
4470150,15,49493
4470150,16,42
4471127,15,49494
4471127,16,58
4472150,15,49515
4472150,16,23
4473126,15,49519
4473126,16,35
4474143,15,49497
4474143,16,31
4475122,15,49510
4475122,16,23
4476143,15,49490
4476143,16,41
4477161,15,49522
4477161,16,38
4478142,15,49489
4478142,16,28
4479159,15,49487
4479159,16,33
4480138,15,49485
4480138,16,38
4481158,15,49487
4481158,16,35
4482136,15,49487
4482136,16,44
4483157,15,49491
4483157,16,40
4484132,15,49497
4484132,16,43
4485151,15,49511
4485151,16,36
4486128,15,49508
4486128,16,23
4487150,15,49490
4487150,16,24
4488127,15,49516
4488127,16,51
4489147,15,49496
4489147,16,39
4490123,15,49514
4490123,16,20
4491147,15,49507
4491147,16,41
4492124,15,49497
4492124,16,33
4493144,15,49482
4493144,16,41
4494164,15,49503
4494164,16,35
4495140,15,49516
4495140,16,15
4496159,15,49498
4496159,16,24
4497136,15,49514
4497136,16,37
4498158,15,49500
4498158,16,33
4499136,15,49499
4499136,16,29
4500153,15,49510
4500153,16,29
4501133,15,49518
4501133,16,43
4502152,15,49503
4502152,16,43
4503130,15,49493
4503130,16,60
4504148,15,49506
4504148,16,32
4505130,15,49499
4505130,16,29
4506144,15,49524
4506144,16,46
4507123,15,49495
4507123,16,28
4508147,15,49472
4508147,16,17
4509123,15,49504
4509123,16,42
4510142,15,49519
4510142,16,28
4511160,15,49501
4511160,16,36
4512141,15,49507
4512141,16,23
4513158,15,49514
4513158,16,35
4514140,15,49518
4514140,16,42
4515157,15,49492
4515157,16,25
4516136,15,49506
4516136,16,54
4517154,15,49494
4517154,16,45
4518133,15,49497
4518133,16,41
4519154,15,49499
4519154,16,22
4520131,15,49479
4520131,16,33
4521151,15,49485
4521151,16,39
4522128,15,49497
4522128,16,36
4523146,15,49509
4523146,16,43
4524127,15,49501
4524127,16,42
4525146,15,49503
4525146,16,34
4526123,15,49502
4526123,16,44
4527141,15,49513
4527141,16,30
4528164,15,49502
4528164,16,45
4529139,15,49495
4529139,16,16
4530161,15,49508
4530161,16,48
4531140,15,49510
4531140,16,39
4532158,15,49501
4532158,16,34
4533137,15,49485
4533137,16,35
4534154,15,49503
4534154,16,65
4535129,15,49511
4535129,16,32
4536152,15,49515
4536152,16,27
4537130,15,49483
4537130,16,34
4538147,15,49488
4538147,16,33
4539128,15,49493
4539128,16,39
4540150,15,49504
4540150,16,19
4541127,15,49489
4541127,16,25
4542146,15,49520
4542146,16,47
4543124,15,49497
4543124,16,35
4544143,15,49509
4544143,16,58
4545161,15,49503
4545161,16,26
4546139,15,49497
4546139,16,20
4547161,15,49514
4547161,16,56
4548137,15,49507
4548137,16,18
4549156,15,49499
4549156,16,41
4550135,15,49528
4550135,16,52
4551155,15,49519
4551155,16,26
4552136,15,49504
4552136,16,50
4553151,15,49511
4553151,16,51
4554130,15,49517
4554130,16,34
4555148,15,49511
4555148,16,18
4556128,15,49492
4556128,16,26
4557149,15,49501
4557149,16,20
4558127,15,49501
4558127,16,36
4559143,15,49522
4559143,16,31
4560122,15,49510
4560122,16,35
4561141,15,49504
4561141,16,24
4562164,15,49513
4562164,16,13
4563136,15,49498
4563136,16,31
4564161,15,49536
4564161,16,38
4565136,15,49526
4565136,16,45
4566159,15,49511
4566159,16,40
4567134,15,49519
4567134,16,42
4568156,15,49499
4568156,16,52
4569131,15,49502
4569131,16,32
4570152,15,49507
4570152,16,43
4571128,15,49494
4571128,16,35
4572149,15,49488
4572149,16,22
4573129,15,49501
4573129,16,39
4574146,15,49505
4574146,16,15
4575125,15,49489
4575125,16,48
4576144,15,49497
4576144,16,34
4577125,15,49491
4577125,16,56
4578142,15,49508
4578142,16,52
4579162,15,49493
4579162,16,55
4580138,15,49521
4580138,16,46
4581159,15,49500
4581159,16,33
4582140,15,49508
4582140,16,62
4583158,15,49493
4583158,16,38
4584136,15,49496
4584136,16,52
4585157,15,49495
4585157,16,33
4586133,15,49511
4586133,16,38
4587151,15,49492
4587151,16,34
4588133,15,49498
4588133,16,39
4589150,15,49487
4589150,16,46
4590126,15,49509
4590126,16,22
4591148,15,49522
4591148,16,36
4592125,15,49516
4592125,16,33
4593144,15,49473
4593144,16,21
4594125,15,49513
4594125,16,39
4595141,15,49509
4595141,16,33
4596163,15,49490
4596163,16,31
4597143,15,49510
4597143,16,41
4598160,15,49509
4598160,16,29
4599137,15,49520
4599137,16,37
4600157,15,49503
4600157,16,47
4601137,15,49514
4601137,16,35
4602155,15,49510
4602155,16,31
4603131,15,49499
4603131,16,18
4604152,15,49506
4604152,16,26
4605131,15,49495
4605131,16,36
4606149,15,49512
4606149,16,40
4607126,15,49492
4607126,16,28
4608149,15,49499
4608149,16,40
4609123,15,49537
4609123,16,40
4610142,15,49502
4610142,16,30
4611122,15,49517
4611122,16,43
4612144,15,49510
4612144,16,46
4613162,15,49504
4613162,16,24
4614138,15,49500
4614138,16,28
4615161,15,49501
4615161,16,45
4616140,15,49487
4616140,16,37
4617158,15,49506
4617158,16,33
4618134,15,49485
4618134,16,39
4619155,15,49485
4619155,16,51
4620134,15,49514
4620134,16,49
4621151,15,49503
4621151,16,26
4622129,15,49507
4622129,16,23
4623154,15,49503
4623154,16,55
4624127,15,49494
4624127,16,31
4625147,15,49495
4625147,16,46
4626128,15,49510
4626128,16,30
4627145,15,49504
4627145,16,42
4628121,15,49520
4628121,16,20
4629145,15,49484
4629145,16,5
4630163,15,49512
4630163,16,38
4631143,15,49516
4631143,16,35
4632161,15,49493
4632161,16,35
4633138,15,49507
4633138,16,41
4634158,15,49505
4634158,16,47
4635135,15,49502
4635135,16,12
4636157,15,49511
4636157,16,33
4637131,15,49517
4637131,16,28
4638153,15,49483
4638153,16,48
4639132,15,49515
4639132,16,57
4640152,15,49496
4640152,16,25
4641127,15,49492
4641127,16,36
4642147,15,49512
4642147,16,36
4643126,15,49493
4643126,16,21
4644147,15,49510
4644147,16,55
4645122,15,49492
4645122,16,31
4646141,15,49483
4646141,16,27
4647162,15,49496
4647162,16,30
4648140,15,49515
4648140,16,39
4649161,15,49532
4649161,16,41
4650136,15,49503
4650136,16,53
4651158,15,49498
4651158,16,48
4652135,15,49510
4652135,16,41
4653155,15,49524
4653155,16,40
4654136,15,49523
4654136,16,30
4655155,15,49505
4655155,16,41
4656127,15,49502
4656127,16,34
4657150,15,49512
4657150,16,35
4658127,15,49496
4658127,16,44
4659148,15,49492
4659148,16,24
4660125,15,49513
4660125,16,24
4661144,15,49482
4661144,16,39
4662121,15,49509
4662121,16,29
4663143,15,49498
4663143,16,42
4664164,15,49475
4664164,16,26
4665139,15,49497
4665139,16,25
4666160,15,49492
4666160,16,40
4667135,15,49496
4667135,16,24
4668157,15,49494
4668157,16,32
4669136,15,49497
4669136,16,18
4670155,15,49534
4670155,16,36
4671134,15,49510
4671134,16,61
4672153,15,49500
4672153,16,33
4673131,15,49510
4673131,16,21
4674150,15,49501
4674150,16,40
4675125,15,49516
4675125,16,46
4676149,15,49507
4676149,16,34
4677123,15,49529
4677123,16,54
4678146,15,49500
4678146,16,61
4679124,15,49511
4679124,16,32
4680143,15,49488
4680143,16,44
4681163,15,49512
4681163,16,41
4682141,15,49522
4682141,16,37
4683161,15,49510
4683161,16,46
4684137,15,49496
4684137,16,37
4685158,15,49507
4685158,16,37
4686134,15,49510
4686134,16,41
4687156,15,49517
4687156,16,47
4688132,15,49491
4688132,16,41
4689150,15,49497
4689150,16,43
4690133,15,49500
4690133,16,36
4691149,15,49499
4691149,16,45
4692129,15,49506
4692129,16,34
4693146,15,49513
4693146,16,49
4694127,15,49487
4694127,16,28
4695144,15,49522
4695144,16,20
4696124,15,49532
4696124,16,17
4697140,15,49493
4697140,16,37
4698160,15,49512
4698160,16,40
4699140,15,49498
4699140,16,35
4700158,15,49502
4700158,16,50
4701141,15,49506
4701141,16,36
4702159,15,49489
4702159,16,30
4703135,15,49511
4703135,16,41
4704156,15,49495
4704156,16,54
4705134,15,49513
4705134,16,36
4706150,15,49489
4706150,16,44
4707132,15,49503
4707132,16,32
4708149,15,49506
4708149,16,30
4709127,15,49488
4709127,16,26
4710146,15,49511
4710146,16,34
4711122,15,49503
4711122,16,47
4712145,15,49528
4712145,16,63
4713121,15,49501
4713121,16,28
4714144,15,49480
4714144,16,38
4715165,15,49497
4715165,16,40
4716142,15,49518
4716142,16,32
4717159,15,49525
4717159,16,45
4718136,15,49518
4718136,16,32
4719156,15,49509
4719156,16,11
4720135,15,49500
4720135,16,33
4721155,15,49506
4721155,16,58
4722132,15,49508
4722132,16,26
4723153,15,49488
4723153,16,31
4724130,15,49512
4724130,16,37
4725147,15,49512
4725147,16,30
4726127,15,49499
4726127,16,32
4727146,15,49493
4727146,16,45
4728127,15,49506
4728127,16,56
4729145,15,49509
4729145,16,43
4730123,15,49501
4730123,16,47
4731141,15,49507
4731141,16,35
4732161,15,49526
4732161,16,24
4733142,15,49506
4733142,16,34
4734158,15,49493
4734158,16,52
4735136,15,49497
4735136,16,31
4736158,15,49495
4736158,16,44
4737133,15,49515
4737133,16,42
4738156,15,49481
4738156,16,43
4739133,15,49513
4739133,16,41
4740152,15,49511
4740152,16,22
4741132,15,49515
4741132,16,43
4742152,15,49507
4742152,16,30
4743128,15,49493
4743128,16,42
4744147,15,49503
4744147,16,47
4745127,15,49513
4745127,16,37
4746145,15,49496
4746145,16,37
4747124,15,49508
4747124,16,21
4748142,15,49499
4748142,16,63
4749160,15,49527
4749160,16,28
4750141,15,49513
4750141,16,45
4751158,15,49527
4751158,16,22
4752136,15,49487
4752136,16,33
4753158,15,49514
4753158,16,24
4754135,15,49500
4754135,16,57
4755152,15,49507
4755152,16,33
4756133,15,49517
4756133,16,40
4757155,15,49500
4757155,16,48
4758130,15,49508
4758130,16,52
4759150,15,49494
4759150,16,23
4760128,15,49520
4760128,16,29
4761148,15,49501
4761148,16,27
4762125,15,49503
4762125,16,37
4763145,15,49487
4763145,16,48
4764122,15,49486
4764122,16,11
4765144,15,49518
4765144,16,25
4766162,15,49527
4766162,16,36
4767142,15,49513
4767142,16,29
4768160,15,49523
4768160,16,54
4769138,15,49499
4769138,16,46
4770159,15,49504
4770159,16,39
4771136,15,49502
4771136,16,0
4772157,15,49504
4772157,16,49
4773135,15,49528
4773135,16,47
4774151,15,49505
4774151,16,35
4775130,15,49510
4775130,16,25
4776149,15,49506
4776149,16,46
4777126,15,49481
4777126,16,16
4778147,15,49506
4778147,16,37
4779125,15,49521
4779125,16,40
4780145,15,49514
4780145,16,38
4781122,15,49517
4781122,16,34
4782144,15,49506
4782144,16,41
4783161,15,49514
4783161,16,28
4784141,15,49510
4784141,16,55
4785159,15,49495
4785159,16,36
4786139,15,49481
4786139,16,34
4787157,15,49514
4787157,16,0
4788134,15,49497
4788134,16,41
4789156,15,49512
4789156,16,38
4790131,15,49493
4790131,16,42
4791154,15,49499
4791154,16,33
4792130,15,49512
4792130,16,44
4793150,15,49490
4793150,16,29
4794128,15,49479
4794128,16,10
4795148,15,49511
4795148,16,27
4796124,15,49507
4796124,16,11
4797145,15,49502
4797145,16,40
4798123,15,49509
4798123,16,50
4799144,15,49512
4799144,16,9
4800163,15,49500
4800163,16,22
4801141,15,49482
4801141,16,24
4802159,15,49491
4802159,16,45
4803136,15,49479
4803136,16,41
4804158,15,49499
4804158,16,61
4805137,15,49512
4805137,16,36
4806153,15,49525
4806153,16,39
4807135,15,49498
4807135,16,37
4808151,15,49505
4808151,16,37
4809131,15,49517
4809131,16,38
4810152,15,49498
4810152,16,40
4811127,15,49508
4811127,16,15
4812149,15,49512
4812149,16,7
4813126,15,49503
4813126,16,51
4814145,15,49493
4814145,16,44
4815120,15,49495
4815120,16,39
4816144,15,49484
4816144,16,23
4817163,15,49516
4817163,16,53
4818142,15,49507
4818142,16,9
4819158,15,49509
4819158,16,42
4820139,15,49498
4820139,16,28
4821157,15,49497
4821157,16,45
4822135,15,49483
4822135,16,20
4823155,15,49492
4823155,16,30
4824134,15,49493
4824134,16,38
4825152,15,49507
4825152,16,38
4826130,15,49517
4826130,16,36
4827148,15,49491
4827148,16,44
4828129,15,49511
4828129,16,47
4829148,15,49514
4829148,16,43
4830123,15,49502
4830123,16,43
4831143,15,49499
4831143,16,26
4832126,15,49516
4832126,16,51
4833142,15,49512
4833142,16,45
4834164,15,49515
4834164,16,18
4835140,15,49499
4835140,16,32
4836159,15,49491
4836159,16,50
4837137,15,49497
4837137,16,32
4838159,15,49512
4838159,16,23
4839134,15,49504
4839134,16,24
4840154,15,49502
4840154,16,32
4841134,15,49517
4841134,16,48
4842153,15,49494
4842153,16,27
4843128,15,49493
4843128,16,45
4844152,15,49502
4844152,16,32
4845128,15,49509
4845128,16,12
4846149,15,49510
4846149,16,41
4847124,15,49507
4847124,16,34
4848144,15,49503
4848144,16,55
4849122,15,49500
4849122,16,42
4850142,15,49506
4850142,16,21
4851162,15,49503
4851162,16,46
4852141,15,49503
4852141,16,30
4853159,15,49501
4853159,16,41
4854141,15,49497
4854141,16,36
4855156,15,49478
4855156,16,47
4856135,15,49508
4856135,16,19
4857156,15,49503
4857156,16,33
4858131,15,49479
4858131,16,35
4859155,15,49505
4859155,16,56
4860132,15,49500
4860132,16,51
4861149,15,49512
4861149,16,46
4862127,15,49511
4862127,16,57
4863146,15,49514
4863146,16,32
4864127,15,49523
4864127,16,39
4865144,15,49502
4865144,16,16
4866123,15,49504
4866123,16,30
4867142,15,49508
4867142,16,27
4868164,15,49509
4868164,16,34
4869142,15,49523
4869142,16,36
4870159,15,49512
4870159,16,30
4871136,15,49507
4871136,16,20
4872155,15,49503
4872155,16,44
4873135,15,49518
4873135,16,48
4874156,15,49512
4874156,16,35
4875132,15,49514
4875132,16,29
4876152,15,49509
4876152,16,36
4877129,15,49509
4877129,16,47
4878148,15,49523
4878148,16,28
4879127,15,49519
4879127,16,12
4880146,15,49509
4880146,16,43
4881125,15,49517
4881125,16,42
4882145,15,49494
4882145,16,23
4883123,15,49517
4883123,16,30
4884144,15,49512
4884144,16,36
4885163,15,49506
4885163,16,48
4886141,15,49506
4886141,16,46
4887161,15,49519
4887161,16,21
4888136,15,49517
4888136,16,50
4889160,15,49494
4889160,16,32
4890131,15,49503
4890131,16,53
4891156,15,49506
4891156,16,43
4892132,15,49513
4892132,16,37
4893153,15,49487
4893153,16,29
4894129,15,49493
4894129,16,48
4895150,15,49520
4895150,16,21
4896127,15,49499
4896127,16,26
4897148,15,49492
4897148,16,39
4898124,15,49498
4898124,16,33
4899146,15,49487
4899146,16,31
4900123,15,49500
4900123,16,52
4901141,15,49514
4901141,16,27
4902162,15,49510
4902162,16,21
4903140,15,49498
4903140,16,43
4904160,15,49506
4904160,16,36
4905139,15,49510
4905139,16,48
4906159,15,49507
4906159,16,44
4907135,15,49513
4907135,16,31
4908152,15,49507
4908152,16,33
4909133,15,49517
4909133,16,34
4910151,15,49504
4910151,16,36
4911131,15,49492
4911131,16,26
4912147,15,49496
4912147,16,49
4913127,15,49504
4913127,16,32
4914147,15,49509
4914147,16,44
4915128,15,49511
4915128,16,27
4916144,15,49518
4916144,16,31
4917121,15,49501
4917121,16,51
4918143,15,49507
4918143,16,22
4919162,15,49504
4919162,16,42
4920138,15,49525
4920138,16,24
4921159,15,49497
4921159,16,56
4922138,15,49504
4922138,16,38
4923156,15,49502
4923156,16,45
4924136,15,49494
4924136,16,40
4925156,15,49515
4925156,16,24
4926133,15,49490
4926133,16,41
4927150,15,49529
4927150,16,28
4928132,15,49504
4928132,16,42
4929148,15,49479
4929148,16,17
4930128,15,49525
4930128,16,22
4931149,15,49506
4931149,16,36
4932124,15,49543
4932124,16,41
4933148,15,49503
4933148,16,40
4934124,15,49506
4934124,16,38
4935145,15,49512
4935145,16,36
4936160,15,49494
4936160,16,34
4937140,15,49499
4937140,16,36
4938162,15,49500
4938162,16,36
4939138,15,49517
4939138,16,50
4940159,15,49511
4940159,16,47
4941134,15,49515
4941134,16,38
4942158,15,49506
4942158,16,46
4943133,15,49491
4943133,16,37
4944153,15,49493
4944153,16,30
4945131,15,49497
4945131,16,28
4946151,15,49483
4946151,16,16
4947126,15,49535
4947126,16,19
4948147,15,49529
4948147,16,35
4949123,15,49507
4949123,16,46
4950147,15,49513
4950147,16,45
4951123,15,49503
4951123,16,35
4952142,15,49473
4952142,16,50
4953161,15,49490
4953161,16,53
4954140,15,49521
4954140,16,37
4955160,15,49509
4955160,16,35
4956136,15,49495
4956136,16,11
4957155,15,49512
4957155,16,38
4958137,15,49504
4958137,16,37
4959153,15,49514
4959153,16,35
4960131,15,49507
4960131,16,44
4961154,15,49508
4961154,16,38
4962127,15,49493
4962127,16,36
4963151,15,49501
4963151,16,11
4964127,15,49485
4964127,16,33
4965147,15,49513
4965147,16,25
4966124,15,49509
4966124,16,38
4967145,15,49529
4967145,16,43
4968122,15,49503
4968122,16,2
4969141,15,49505
4969141,16,65
4970162,15,49506
4970162,16,45
4971142,15,49491
4971142,16,54
4972158,15,49515
4972158,16,40
4973137,15,49501
4973137,16,31
4974158,15,49498
4974158,16,29
4975135,15,49519
4975135,16,35
4976154,15,49510
4976154,16,25
4977130,15,49506
4977130,16,27
4978150,15,49485
4978150,16,34
4979129,15,49499
4979129,16,49
4980151,15,49507
4980151,16,30
4981127,15,49520
4981127,16,51
4982149,15,49503
4982149,16,39
4983124,15,49509
4983124,16,28
4984144,15,49505
4984144,16,25
4985122,15,49508
4985122,16,56
4986142,15,49508
4986142,16,35
4987164,15,49497
4987164,16,39
4988142,15,49500
4988142,16,39
4989161,15,49494
4989161,16,26
4990137,15,49507
4990137,16,36
4991156,15,49511
4991156,16,47
4992135,15,49490
4992135,16,45
4993156,15,49500
4993156,16,44
4994133,15,49496
4994133,16,52
4995155,15,49491
4995155,16,41
4996129,15,49514
4996129,16,18
4997154,15,49497
4997154,16,34
4998123,15,49496
4998123,16,31
4999147,15,49511
4999147,16,48
5000126,15,49491
5000126,16,39
5001145,15,49497
5001145,16,41
5002121,15,49513
5002121,16,32
5003140,15,49509
5003140,16,37
5004161,15,49519
5004161,16,44
5005142,15,49479
5005142,16,35
5006160,15,49499
5006160,16,18
5007137,15,49519
5007137,16,18
5008158,15,49484
5008158,16,17
5009137,15,49504
5009137,16,43
5010156,15,49496
5010156,16,23
5011134,15,49492
5011134,16,45
5012153,15,49503
5012153,16,37
5013131,15,49505
5013131,16,47
5014150,15,49506
5014150,16,29
5015127,15,49509
5015127,16,23
5016148,15,49515
5016148,16,43
5017126,15,49514
5017126,16,25
5018146,15,49507
5018146,16,42
5019121,15,49500
5019121,16,42
5020143,15,49482
5020143,16,19
5021164,15,49502
5021164,16,19
5022140,15,49514
5022140,16,46
5023158,15,49506
5023158,16,44
5024136,15,49521
5024136,16,33
5025159,15,49518
5025159,16,21
5026138,15,49513
5026138,16,38
5027153,15,49507
5027153,16,47
5028131,15,49505
5028131,16,39
5029154,15,49497
5029154,16,36
5030127,15,49504
5030127,16,17
5031151,15,49500
5031151,16,54
5032129,15,49512
5032129,16,38
5033148,15,49500
5033148,16,49
5034127,15,49502
5034127,16,30
5035144,15,49502
5035144,16,30
5036123,15,49500
5036123,16,19
5037143,15,49498
5037143,16,50
5038164,15,49497
5038164,16,22
5039138,15,49518
5039138,16,64
5040158,15,49501
5040158,16,61
5041136,15,49499
5041136,16,32
5042157,15,49525
5042157,16,40
5043131,15,49507
5043131,16,27
5044155,15,49492
5044155,16,53
5045132,15,49504
5045132,16,27
5046154,15,49494
5046154,16,20
5047130,15,49515
5047130,16,26
5048149,15,49494
5048149,16,33
5049127,15,49491
5049127,16,34
5050149,15,49501
5050149,16,18
5051126,15,49509
5051126,16,52
5052146,15,49496
5052146,16,36
5053121,15,49510
5053121,16,49
5054142,15,49494
5054142,16,35
5055162,15,49510
5055162,16,37
5056141,15,49512
5056141,16,49
5057158,15,49508
5057158,16,48
5058138,15,49498
5058138,16,53
5059156,15,49523
5059156,16,30
5060134,15,49498
5060134,16,36
5061157,15,49504
5061157,16,23
5062131,15,49495
5062131,16,19
5063152,15,49511
5063152,16,29
5064131,15,49487
5064131,16,39
5065151,15,49506
5065151,16,36
5066126,15,49507
5066126,16,34
5067148,15,49505
5067148,16,23
5068123,15,49502
5068123,16,37
5069144,15,49496
5069144,16,30
5070125,15,49499
5070125,16,41
5071139,15,49513
5071139,16,25
5072161,15,49506
5072161,16,28
5073140,15,49519
5073140,16,24
5074161,15,49523
5074161,16,23
5075137,15,49528
5075137,16,28
5076156,15,49511
5076156,16,24
5077133,15,49497
5077133,16,42
5078156,15,49505
5078156,16,25
5079133,15,49505
5079133,16,29
5080151,15,49496
5080151,16,47
5081131,15,49501
5081131,16,25
5082152,15,49495
5082152,16,35
5083126,15,49514
5083126,16,46
5084148,15,49516
5084148,16,39
5085126,15,49504
5085126,16,52
5086145,15,49501
5086145,16,26
5087120,15,49508
5087120,16,51
5088143,15,49490
5088143,16,45
5089164,15,49502
5089164,16,47
5090139,15,49502
5090139,16,52
5091161,15,49519
5091161,16,33
5092136,15,49509
5092136,16,47
5093159,15,49502
5093159,16,26
5094134,15,49507
5094134,16,35
5095155,15,49500
5095155,16,30
5096133,15,49512
5096133,16,30
5097154,15,49498
5097154,16,40
5098131,15,49513
5098131,16,47
5099148,15,49508
5099148,16,40
5100127,15,49510
5100127,16,20
5101148,15,49501
5101148,16,43
5102125,15,49499
5102125,16,43
5103147,15,49526
5103147,16,33
5104125,15,49485
5104125,16,55
5105142,15,49490
5105142,16,36
5106159,15,49500
5106159,16,43
5107140,15,49499
5107140,16,29
5108159,15,49511
5108159,16,27
5109135,15,49500
5109135,16,31
5110158,15,49504
5110158,16,47
5111133,15,49517
5111133,16,36
5112156,15,49519
5112156,16,54
5113132,15,49512
5113132,16,25
5114153,15,49499
5114153,16,28
5115130,15,49466
5115130,16,31
5116149,15,49506
5116149,16,34
5117131,15,49492
5117131,16,49
5118149,15,49508
5118149,16,23
5119125,15,49496
5119125,16,33
5120147,15,49487
5120147,16,45
5121122,15,49504
5121122,16,23
5122143,15,49506
5122143,16,37
5123161,15,49513
5123161,16,42
5124140,15,49496
5124140,16,36
5125159,15,49510
5125159,16,12
5126136,15,49489
5126136,16,17
5127159,15,49495
5127159,16,40
5128137,15,49507
5128137,16,21
5129154,15,49487
5129154,16,41
5130132,15,49516
5130132,16,55
5131154,15,49507
5131154,16,26
5132131,15,49527
5132131,16,29
5133150,15,49517
5133150,16,57
5134128,15,49498
5134128,16,18
5135148,15,49515
5135148,16,24
5136125,15,49525
5136125,16,46
5137145,15,49507
5137145,16,46
5138124,15,49492
5138124,16,32
5139143,15,49492
5139143,16,29
5140161,15,49509
5140161,16,43
5141138,15,49489
5141138,16,55
5142160,15,49518
5142160,16,17
5143138,15,49507
5143138,16,39
5144157,15,49508
5144157,16,41
5145134,15,49525
5145134,16,37
5146155,15,49505
5146155,16,45
5147131,15,49518
5147131,16,25
5148152,15,49512
5148152,16,44
5149130,15,49501
5149130,16,20
5150150,15,49512
5150150,16,37
5151127,15,49515
5151127,16,31
5152146,15,49500
5152146,16,37
5153127,15,49507
5153127,16,28
5154143,15,49503
5154143,16,50
5155125,15,49495
5155125,16,28
5156143,15,49489
5156143,16,30
5157164,15,49481
5157164,16,41
5158141,15,49502
5158141,16,26
5159161,15,49514
5159161,16,41
5160139,15,49499
5160139,16,20
5161158,15,49503
5161158,16,56
5162134,15,49502
5162134,16,41
5163154,15,49475
5163154,16,22
5164131,15,49482
5164131,16,50
5165152,15,49501
5165152,16,26
5166133,15,49496
5166133,16,35
5167151,15,49502
5167151,16,31
5168127,15,49502
5168127,16,49
5169149,15,49481
5169149,16,26
5170124,15,49496
5170124,16,41
5171148,15,49518
5171148,16,49
5172123,15,49527
5172123,16,40
5173144,15,49509
5173144,16,48
5174164,15,49497
5174164,16,27
5175140,15,49509
5175140,16,34
5176158,15,49519
5176158,16,50
5177137,15,49521
5177137,16,42
5178157,15,49504
5178157,16,40
5179133,15,49508
5179133,16,49
5180155,15,49498
5180155,16,34
5181131,15,49511
5181131,16,36
5182152,15,49513
5182152,16,33
5183129,15,49511
5183129,16,41
5184149,15,49507
5184149,16,37
5185125,15,49509
5185125,16,34
5186148,15,49500
5186148,16,13
5187126,15,49517
5187126,16,21
5188145,15,49514
5188145,16,43
5189122,15,49495
5189122,16,47
5190142,15,49494
5190142,16,25
5191161,15,49492
5191161,16,49
5192136,15,49515
5192136,16,26
5193158,15,49501
5193158,16,36
5194137,15,49517
5194137,16,49
5195157,15,49504
5195157,16,39
5196134,15,49488
5196134,16,37
5197154,15,49495
5197154,16,39
5198133,15,49498
5198133,16,39
5199156,15,49492
5199156,16,24
5200128,15,49510
5200128,16,47
5201151,15,49504
5201151,16,30
5202126,15,49494
5202126,16,29
5203146,15,49510
5203146,16,36
5204126,15,49504
5204126,16,42
5205143,15,49507
5205143,16,22
5206124,15,49510
5206124,16,49
5207141,15,49480
5207141,16,33
5208161,15,49505
5208161,16,53
5209139,15,49506
5209139,16,30
5210158,15,49516
5210158,16,24
5211137,15,49510
5211137,16,22
5212158,15,49502
5212158,16,34
5213135,15,49501
5213135,16,27
5214156,15,49526
5214156,16,53
5215133,15,49519
5215133,16,26
5216151,15,49507
5216151,16,42
5217130,15,49504
5217130,16,38
5218150,15,49507
5218150,16,42
5219126,15,49500
5219126,16,42
5220146,15,49486
5220146,16,56
5221123,15,49508
5221123,16,11
5222146,15,49501
5222146,16,25
5223123,15,49508
5223123,16,38
5224146,15,49524
5224146,16,42
5225163,15,49503
5225163,16,44
5226143,15,49488
5226143,16,49
5227162,15,49517
5227162,16,36
5228137,15,49511
5228137,16,43
5229158,15,49504
5229158,16,31
5230135,15,49484
5230135,16,42
5231155,15,49525
5231155,16,44
5232130,15,49500
5232130,16,42
5233152,15,49511
5233152,16,31
5234128,15,49505
5234128,16,35
5235150,15,49520
5235150,16,29
5236126,15,49515
5236126,16,46
5237149,15,49499
5237149,16,34
5238128,15,49510
5238128,16,34
5239147,15,49508
5239147,16,41
5240124,15,49512
5240124,16,13
5241144,15,49511
5241144,16,22
5242161,15,49512
5242161,16,20
5243140,15,49506
5243140,16,29
5244159,15,49498
5244159,16,37
5245137,15,49514
5245137,16,35
5246156,15,49488
5246156,16,30
5247133,15,49519
5247133,16,56
5248152,15,49502
5248152,16,19
5249132,15,49504
5249132,16,29
5250151,15,49505
5250151,16,36
5251131,15,49526
5251131,16,33
5252151,15,49500
5252151,16,26
5253126,15,49480
5253126,16,18
5254148,15,49518
5254148,16,45
5255123,15,49519
5255123,16,38
5256144,15,49490
5256144,16,50
5257123,15,49509
5257123,16,44
5258145,15,49497
5258145,16,28
5259162,15,49509
5259162,16,43
5260140,15,49491
5260140,16,55
5261160,15,49514
5261160,16,47
5262138,15,49505
5262138,16,33
5263158,15,49487
5263158,16,15
5264135,15,49503
5264135,16,34
5265156,15,49513
5265156,16,31
5266133,15,49502
5266133,16,33
5267152,15,49521
5267152,16,18
5268130,15,49517
5268130,16,27
5269149,15,49511
5269149,16,33
5270127,15,49495
5270127,16,31
5271146,15,49488
5271146,16,38
5272124,15,49512
5272124,16,40
5273146,15,49503
5273146,16,52
5274122,15,49499
5274122,16,24
5275144,15,49494
5275144,16,32
5276162,15,49487
5276162,16,49
5277141,15,49496
5277141,16,21
5278162,15,49511
5278162,16,50
5279138,15,49502
5279138,16,28
5280157,15,49510
5280157,16,39
5281135,15,49516
5281135,16,39
5282156,15,49519
5282156,16,29
5283131,15,49510
5283131,16,15
5284152,15,49498
5284152,16,29
5285130,15,49494
5285130,16,21
5286152,15,49508
5286152,16,28
5287127,15,49511
5287127,16,43
5288146,15,49499
5288146,16,23
5289125,15,49509
5289125,16,41
5290142,15,49519
5290142,16,64
5291122,15,49493
5291122,16,15
5292141,15,49514
5292141,16,36
5293165,15,49520
5293165,16,32
5294140,15,49511
5294140,16,44
5295159,15,49523
5295159,16,48
5296139,15,49495
5296139,16,32
5297159,15,49501
5297159,16,43
5298134,15,49514
5298134,16,31
5299155,15,49503
5299155,16,43
5300130,15,49489
5300130,16,29
5301153,15,49518
5301153,16,34
5302130,15,49508
5302130,16,45
5303149,15,49522
5303149,16,48
5304130,15,49509
5304130,16,40
5305148,15,49490
5305148,16,19
5306127,15,49502
5306127,16,56
5307144,15,49497
5307144,16,18
5308122,15,49487
5308122,16,22
5309141,15,49514
5309141,16,31
5310161,15,49486
5310161,16,44
5311142,15,49512
5311142,16,22
5312159,15,49487
5312159,16,24
5313138,15,49508
5313138,16,47
5314159,15,49502
5314159,16,43
5315134,15,49527
5315134,16,23
5316157,15,49512
5316157,16,31
5317131,15,49498
5317131,16,35
5318155,15,49523
5318155,16,44
5319129,15,49516
5319129,16,46
5320152,15,49496
5320152,16,32
5321126,15,49502
5321126,16,40
5322148,15,49522
5322148,16,28
5323123,15,49518
5323123,16,27
5324146,15,49517
5324146,16,46
5325123,15,49493
5325123,16,52
5326143,15,49490
5326143,16,51
5327165,15,49512
5327165,16,55
5328140,15,49489
5328140,16,34
5329160,15,49498
5329160,16,36
5330135,15,49511
5330135,16,56
5331158,15,49495
5331158,16,52
5332135,15,49495
5332135,16,43
5333154,15,49484
5333154,16,25
5334132,15,49504
5334132,16,38
5335153,15,49492
5335153,16,48
5336129,15,49511
5336129,16,26
5337151,15,49494
5337151,16,32
5338129,15,49513
5338129,16,54
5339151,15,49510
5339151,16,26
5340123,15,49516
5340123,16,47
5341144,15,49489
5341144,16,39
5342123,15,49500
5342123,16,37
5343143,15,49486
5343143,16,40
5344161,15,49501
5344161,16,27
5345141,15,49500
5345141,16,28
5346160,15,49518
5346160,16,20
5347138,15,49504
5347138,16,34
5348158,15,49501
5348158,16,22
5349134,15,49517
5349134,16,52
5350156,15,49515
5350156,16,46
5351131,15,49511
5351131,16,24
5352155,15,49481
5352155,16,22
5353133,15,49506
5353133,16,37
5354146,15,49494
5354146,16,25
5355129,15,49503
5355129,16,29
5356151,15,49499
5356151,16,54
5357122,15,49489
5357122,16,39
5358145,15,49515
5358145,16,41
5359120,15,49509
5359120,16,30
5360141,15,49510
5360141,16,28
5361164,15,49487
5361164,16,43
5362140,15,49507
5362140,16,41
5363159,15,49503
5363159,16,17
5364135,15,49502
5364135,16,43
5365156,15,49508
5365156,16,56
5366136,15,49487
5366136,16,25
5367156,15,49496
5367156,16,41
5368132,15,49490
5368132,16,39
5369152,15,49515
5369152,16,32
5370131,15,49494
5370131,16,23
5371150,15,49498
5371150,16,54
5372129,15,49498
5372129,16,22
5373147,15,49515
5373147,16,33
5374122,15,49508
5374122,16,43
5375145,15,49514
5375145,16,32
5376121,15,49501
5376121,16,26
5377145,15,49501
5377145,16,38
5378163,15,49503
5378163,16,38
5379140,15,49496
5379140,16,32
5380161,15,49513
5380161,16,27
5381138,15,49485
5381138,16,38
5382156,15,49497
5382156,16,30
5383134,15,49503
5383134,16,38
5384158,15,49517
5384158,16,50
5385133,15,49517
5385133,16,27
5386150,15,49524
5386150,16,30
5387131,15,49510
5387131,16,36
5388153,15,49523
5388153,16,36
5389127,15,49498
5389127,16,20
5390146,15,49502
5390146,16,32
5391124,15,49524
5391124,16,11
5392146,15,49495
5392146,16,42
5393123,15,49514
5393123,16,25
5394145,15,49498
5394145,16,50
5395162,15,49510
5395162,16,12
5396140,15,49492
5396140,16,32
5397164,15,49500
5397164,16,42
5398138,15,49500
5398138,16,28
5399156,15,49527
5399156,16,17
5400137,15,49515
5400137,16,40
5401156,15,49489
5401156,16,32
5402133,15,49506
5402133,16,22
5403152,15,49502
5403152,16,22
5404130,15,49509
5404130,16,48
5405152,15,49515
5405152,16,38
5406124,15,49506
5406124,16,30
5407147,15,49516
5407147,16,42
5408127,15,49504
5408127,16,20
5409145,15,49506
5409145,16,32
5410122,15,49493
5410122,16,25
5411142,15,49524
5411142,16,40
5412162,15,49517
5412162,16,16
5413139,15,49502
5413139,16,32
5414159,15,49502
5414159,16,32
5415139,15,49525
5415139,16,26
5416156,15,49496
5416156,16,41
5417134,15,49502
5417134,16,16
5418157,15,49501
5418157,16,46
5419131,15,49505
5419131,16,30
5420152,15,49511
5420152,16,29
5421133,15,49507
5421133,16,33
5422150,15,49492
5422150,16,41
5423128,15,49513
5423128,16,38
5424149,15,49519
5424149,16,39
5425124,15,49518
5425124,16,49
5426145,15,49507
5426145,16,12
5427118,15,49511
5427118,16,44
5428146,15,49490
5428146,16,31
5429161,15,49497
5429161,16,35
5430138,15,49497
5430138,16,31
5431159,15,49492
5431159,16,39
5432135,15,49501
5432135,16,27
5433159,15,49499
5433159,16,11
5434134,15,49500
5434134,16,39
5435155,15,49489
5435155,16,19
5436135,15,49486
5436135,16,40
5437155,15,49480
5437155,16,29
5438130,15,49511
5438130,16,36
5439149,15,49483
5439149,16,44
5440127,15,49504
5440127,16,37
5441145,15,49517
5441145,16,24
5442125,15,49511
5442125,16,35
5443146,15,49514
5443146,16,29
5444123,15,49494
5444123,16,35
5445140,15,49508
5445140,16,36
5446161,15,49509
5446161,16,42
5447138,15,49506
5447138,16,28
5448159,15,49486
5448159,16,46
5449140,15,49525
5449140,16,38
5450964,15,49502
5450964,16,67
5451983,15,49502
5451983,16,26
5453005,15,49498
5453005,16,40
5453984,15,49510
5453984,16,35
5455003,15,49498
5455003,16,53
5455981,15,49502
5455981,16,29
5457001,15,49511
5457001,16,50
5457979,15,49504
5457979,16,26
5458995,15,49492
5458995,16,39
5459977,15,49518
5459977,16,46
5460995,15,49520
5460995,16,44
5461974,15,49511
5461974,16,53
5462993,15,49504
5462993,16,33
5463973,15,49509
5463973,16,36
5464991,15,49514
5464991,16,40
5465969,15,49498
5465969,16,40
5466989,15,49504
5466989,16,11
5467964,15,49514
5467964,16,43
5468985,15,49523
5468985,16,19
5470004,15,49509
5470004,16,46
5470982,15,49500
5470982,16,45
5472005,15,49478
5472005,16,28
5472978,15,49502
5472978,16,32
5474000,15,49512
5474000,16,24
5474975,15,49512
5474975,16,38
5475997,15,49507
5475997,16,52
5476974,15,49491
5476974,16,36
5477994,15,49490
5477994,16,44
5478973,15,49517
5478973,16,22
5479994,15,49502
5479994,16,29
5480970,15,49500
5480970,16,21
5481992,15,49486
5481992,16,46
5482965,15,49511
5482965,16,24
5483986,15,49490
5483986,16,38
5484964,15,49500
5484964,16,34
5485984,15,49500
5485984,16,22
5487006,15,49529
5487006,16,34
5487984,15,49501
5487984,16,49
5489003,15,49499
5489003,16,43
5489980,15,49516
5489980,16,27
5491003,15,49509
5491003,16,36
5491977,15,49503
5491977,16,49
5492997,15,49492
5492997,16,30
5493974,15,49495
5493974,16,27
5494994,15,49506
5494994,16,23
5495975,15,49499
5495975,16,33
5496993,15,49504
5496993,16,54
5497969,15,49497
5497969,16,38
5498990,15,49517
5498990,16,38
5499968,15,49502
5499968,16,34
5500987,15,49508
5500987,16,30
5501964,15,49516
5501964,16,27
5502986,15,49494
5502986,16,25
5504004,15,49528
5504004,16,39
5504984,15,49523
5504984,16,55
5506003,15,49523
5506003,16,52
5506980,15,49516
5506980,16,56
5508001,15,49498
5508001,16,28
5508977,15,49512
5508977,16,38
5509995,15,49511
5509995,16,42
5510978,15,49501
5510978,16,26
5511992,15,49497
5511992,16,35
5512971,15,49522
5512971,16,25
5513992,15,49499
5513992,16,59
5514969,15,49498
5514969,16,52
5515991,15,49519
5515991,16,22
5516968,15,49485
5516968,16,32
5517987,15,49499
5517987,16,39
5518967,15,49523
5518967,16,40
5519987,15,49516
5519987,16,33
5521004,15,49478
5521004,16,47
5521985,15,49508
5521985,16,29
5523003,15,49499
5523003,16,26
5523976,15,49508
5523976,16,50
5524999,15,49519
5524999,16,45
5525978,15,49480
5525978,16,29
5526999,15,49496
5526999,16,39
5527973,15,49500
5527973,16,21
5528997,15,49490
5528997,16,20
5529971,15,49492
5529971,16,28
5530993,15,49509
5530993,16,21
5531971,15,49503
5531971,16,43
5532988,15,49510
5532988,16,32
5533967,15,49523
5533967,16,41
5534986,15,49499
5534986,16,15
5535961,15,49496
5535961,16,37
5536983,15,49501
5536983,16,40
5538005,15,49525
5538005,16,45
5538980,15,49491
5538980,16,32
5540004,15,49505
5540004,16,42
5540981,15,49509
5540981,16,27
5542003,15,49490
5542003,16,26
5542979,15,49507
5542979,16,36
5543997,15,49501
5543997,16,58
5544972,15,49505
5544972,16,39
5545995,15,49481
5545995,16,35
5546970,15,49490
5546970,16,32
5547994,15,49497
5547994,16,32
5548969,15,49511
5548969,16,17
5549988,15,49521
5549988,16,47
5550967,15,49518
5550967,16,33
5551990,15,49498
5551990,16,42
5552964,15,49506
5552964,16,23
5553985,15,49509
5553985,16,21
5555005,15,49501
5555005,16,49
5555982,15,49499
5555982,16,14
5557000,15,49519
5557000,16,33
5557984,15,49515
5557984,16,32
5559002,15,49497
5559002,16,51
5559980,15,49490
5559980,16,30
5560998,15,49491
5560998,16,35
5561975,15,49496
5561975,16,31
5562996,15,49501
5562996,16,33
5563971,15,49498
5563971,16,51
5564994,15,49528
5564994,16,23
5565971,15,49507
5565971,16,49
5566989,15,49505
5566989,16,49
5567967,15,49522
5567967,16,33
5568990,15,49501
5568990,16,14
5569964,15,49514
5569964,16,31
5570986,15,49503
5570986,16,42
5572005,15,49504
5572005,16,48
5572983,15,49517
5572983,16,47
5574003,15,49511
5574003,16,29
5574977,15,49504
5574977,16,28
5576000,15,49505
5576000,16,45
5576978,15,49484
5576978,16,41
5577998,15,49494
5577998,16,48
5578976,15,49508
5578976,16,46
5579996,15,49521
5579996,16,34
5580971,15,49494
5580971,16,23
5581993,15,49494
5581993,16,46
5582969,15,49525
5582969,16,38
5583993,15,49496
5583993,16,36
5584970,15,49503
5584970,16,37
5585987,15,49513
5585987,16,50
5586965,15,49496
5586965,16,33
5587985,15,49502
5587985,16,30
5589007,15,49500
5589007,16,30
5589982,15,49531
5589982,16,30
5591002,15,49492
5591002,16,32
5591979,15,49487
5591979,16,41
5593001,15,49505
5593001,16,27
5593977,15,49511
5593977,16,37
5594996,15,49506
5594996,16,36
5595974,15,49501
5595974,16,14
5596995,15,49513
5596995,16,34
5597973,15,49506
5597973,16,26
5598992,15,49500
5598992,16,42
5599971,15,49497
5599971,16,30
5600990,15,49481
5600990,16,36
5601969,15,49501
5601969,16,42
5602989,15,49511
5602989,16,32
5603964,15,49504
5603964,16,41
5604985,15,49506
5604985,16,33
5606003,15,49501
5606003,16,18
5606982,15,49522
5606982,16,46
5608004,15,49502
5608004,16,43
5608981,15,49500
5608981,16,11
5609997,15,49500
5609997,16,38
5610978,15,49489
5610978,16,36
5611998,15,49517
5611998,16,33
5612978,15,49509
5612978,16,35
5613993,15,49490
5613993,16,40
5614973,15,49516
5614973,16,25
5615993,15,49522
5615993,16,44
5616969,15,49506
5616969,16,31
5617991,15,49504
5617991,16,21
5618967,15,49518
5618967,16,25
5619988,15,49517
5619988,16,45
5620966,15,49518
5620966,16,51
5621984,15,49479
5621984,16,36
5623005,15,49511
5623005,16,48
5623983,15,49507
5623983,16,43
5625003,15,49507
5625003,16,37
5625978,15,49499
5625978,16,40
5626999,15,49514
5626999,16,38
5627976,15,49508
5627976,16,40
5628998,15,49503
5628998,16,32
5629976,15,49498
5629976,16,49
5630994,15,49526
5630994,16,37
5631972,15,49506
5631972,16,21
5632992,15,49508
5632992,16,27
5633969,15,49501
5633969,16,20
5634992,15,49491
5634992,16,49
5635969,15,49511
5635969,16,37
5636985,15,49526
5636985,16,33
5637965,15,49511
5637965,16,40
5638984,15,49510
5638984,16,56
5640008,15,49509
5640008,16,17
5640986,15,49500
5640986,16,39
5642002,15,49520
5642002,16,51
5642982,15,49503
5642982,16,36
5644003,15,49495
5644003,16,40
5644980,15,49485
5644980,16,37
5645999,15,49492
5645999,16,19
5646974,15,49490
5646974,16,42
5647996,15,49518
5647996,16,34
5648973,15,49498
5648973,16,19
5649995,15,49502
5649995,16,36
5650968,15,49508
5650968,16,29
5651993,15,49519
5651993,16,48
5652967,15,49492
5652967,16,13
5653987,15,49512
5653987,16,45
5654964,15,49523
5654964,16,41
5655987,15,49498
5655987,16,42
5657005,15,49491
5657005,16,43
5657981,15,49492
5657981,16,35
5659005,15,49506
5659005,16,21
5659980,15,49518
5659980,16,43
5661002,15,49499
5661002,16,24
5661979,15,49497
5661979,16,16
5662998,15,49514
5662998,16,28
5663973,15,49491
5663973,16,48
5664997,15,49521
5664997,16,17
5665972,15,49516
5665972,16,54
5666991,15,49512
5666991,16,37
5667971,15,49504
5667971,16,36
5668988,15,49498
5668988,16,34
5669968,15,49516
5669968,16,37
5670987,15,49499
5670987,16,46
5671965,15,49502
5671965,16,37
5672986,15,49501
5672986,16,25
5674006,15,49499
5674006,16,51
5674979,15,49502
5674979,16,55
5676001,15,49507
5676001,16,38
5676982,15,49503
5676982,16,45
5678001,15,49509
5678001,16,40
5678977,15,49493
5678977,16,63
5679996,15,49512
5679996,16,33
5680976,15,49486
5680976,16,35
5681996,15,49509
5681996,16,22
5682973,15,49504
5682973,16,24
5683993,15,49493
5683993,16,35
5684969,15,49529
5684969,16,38
5685990,15,49499
5685990,16,32
5686967,15,49482
5686967,16,37
5687990,15,49491
5687990,16,50
5688965,15,49519
5688965,16,29
5689984,15,49498
5689984,16,41
5691003,15,49500
5691003,16,20
5691980,15,49498
5691980,16,30
5693005,15,49499
5693005,16,24
5693980,15,49515
5693980,16,43
5694999,15,49497
5694999,16,49
5695979,15,49520
5695979,16,23
5696995,15,49519
5696995,16,42
5697974,15,49492
5697974,16,47
5698993,15,49498
5698993,16,33
5699972,15,49502
5699972,16,27
5700994,15,49521
5700994,16,44
5701968,15,49509
5701968,16,43
5702991,15,49503
5702991,16,27
5703970,15,49526
5703970,16,52
5704988,15,49497
5704988,16,49
5705962,15,49504
5705962,16,22
5706985,15,49530
5706985,16,48
5708007,15,49488
5708007,16,29
5708985,15,49490
5708985,16,23
5710002,15,49501
5710002,16,24
5710977,15,49481
5710977,16,36
5712001,15,49500
5712001,16,44
5712976,15,49502
5712976,16,59
5714000,15,49521
5714000,16,34
5714978,15,49507
5714978,16,33
5715993,15,49490
5715993,16,41
5716972,15,49498
5716972,16,59
5717995,15,49504
5717995,16,31
5718974,15,49509
5718974,16,41
5719989,15,49505
5719989,16,45
5720967,15,49512
5720967,16,55
5721985,15,49514
5721985,16,35
5722965,15,49499
5722965,16,53
5723984,15,49507
5723984,16,33
5725006,15,49520
5725006,16,17
5725980,15,49504
5725980,16,32
5727002,15,49503
5727002,16,37
5727978,15,49513
5727978,16,36
5728997,15,49506
5728997,16,37
5729977,15,49500
5729977,16,13
5731000,15,49512
5731000,16,39
5731978,15,49489
5731978,16,40
5732998,15,49507
5732998,16,28
5733970,15,49500
5733970,16,38
5734995,15,49516
5734995,16,43
5735970,15,49483
5735970,16,46
5736990,15,49503
5736990,16,28
5737965,15,49502
5737965,16,33
5738987,15,49486
5738987,16,30
5739965,15,49509
5739965,16,42
5740983,15,49508
5740983,16,22
5742006,15,49521
5742006,16,50
5742982,15,49495
5742982,16,31
5744001,15,49516
5744001,16,42
5744980,15,49525
5744980,16,59
5745998,15,49518
5745998,16,37
5746977,15,49500
5746977,16,25
5747996,15,49506
5747996,16,36
5748975,15,49493
5748975,16,16
5749993,15,49505
5749993,16,47
5750971,15,49498
5750971,16,36
5751996,15,49513
5751996,16,34
5752972,15,49509
5752972,16,15
5753990,15,49510
5753990,16,23
5754967,15,49491
5754967,16,47
5755987,15,49529
5755987,16,30
5756964,15,49502
5756964,16,36
5757986,15,49513
5757986,16,33
5759008,15,49505
5759008,16,34
5759982,15,49502
5759982,16,36
5761004,15,49536
5761004,16,33
5761978,15,49503
5761978,16,43
5763003,15,49488
5763003,16,28
5763977,15,49515
5763977,16,46
5764995,15,49502
5764995,16,31
5765972,15,49503
5765972,16,35
5766994,15,49501
5766994,16,39
5767973,15,49531
5767973,16,32
5768991,15,49493
5768991,16,21
5769970,15,49505
5769970,16,29
5770989,15,49494
5770989,16,33
5771969,15,49512
5771969,16,38
5772986,15,49494
5772986,16,28
5773965,15,49493
5773965,16,30
5774986,15,49522
5774986,16,37
5776004,15,49480
5776004,16,23
5776981,15,49512
5776981,16,33
5778005,15,49489
5778005,16,47
5778978,15,49495
5778978,16,41
5780000,15,49494
5780000,16,27
5780977,15,49501
5780977,16,23
5781998,15,49515
5781998,16,47
5782976,15,49482
5782976,16,51
5783994,15,49508
5783994,16,45
5784975,15,49507
5784975,16,47
5785995,15,49503
5785995,16,20
5786970,15,49528
5786970,16,44
5787993,15,49516
5787993,16,45
5788969,15,49485
5788969,16,56
5789990,15,49493
5789990,16,71
5790964,15,49496
5790964,16,42
5791987,15,49486
5791987,16,47
5793006,15,49504
5793006,16,50
5793982,15,49487
5793982,16,25
5795003,15,49488
5795003,16,34
5795978,15,49498
5795978,16,44
5797000,15,49508
5797000,16,53
5797977,15,49518
5797977,16,30
5798995,15,49486
5798995,16,30
5799977,15,49509
5799977,16,33
5800995,15,49516
5800995,16,43
5801976,15,49490
5801976,16,49
5802992,15,49519
5802992,16,31
5803970,15,49514
5803970,16,47
5804990,15,49522
5804990,16,31
5805970,15,49506
5805970,16,34
5806988,15,49471
5806988,16,52
5807963,15,49514
5807963,16,29
5808984,15,49528
5808984,16,24
5810006,15,49504
5810006,16,20
5810982,15,49507
5810982,16,32
5812003,15,49502
5812003,16,37
5812980,15,49513
5812980,16,28
5814000,15,49517
5814000,16,30
5814978,15,49479
5814978,16,26
5815998,15,49513
5815998,16,43
5816975,15,49506
5816975,16,16
5817994,15,49504
5817994,16,36
5818972,15,49500
5818972,16,35
5819994,15,49494
5819994,16,31
5820972,15,49503
5820972,16,26
5821990,15,49524
5821990,16,30
5822964,15,49520
5822964,16,46
5823988,15,49511
5823988,16,39
5824963,15,49503
5824963,16,13
5825983,15,49511
5825983,16,17
5827006,15,49506
5827006,16,32
5827982,15,49505
5827982,16,32
5829003,15,49503
5829003,16,40
5829979,15,49511
5829979,16,19
5831000,15,49507
5831000,16,40
5831977,15,49511
5831977,16,48
5832993,15,49505
5832993,16,14
5833974,15,49519
5833974,16,34
5834997,15,49504
5834997,16,37
5835971,15,49510
5835971,16,35
5836993,15,49487
5836993,16,9
5837969,15,49495
5837969,16,47
5838989,15,49481
5838989,16,43
5839970,15,49514
5839970,16,31
5840986,15,49509
5840986,16,29
5841966,15,49507
5841966,16,38
5842987,15,49520
5842987,16,31
5844006,15,49518
5844006,16,30
5844982,15,49506
5844982,16,36
5846002,15,49522
5846002,16,35
5846978,15,49484
5846978,16,34
5848001,15,49504
5848001,16,30
5848979,15,49515
5848979,16,35
5849997,15,49524
5849997,16,51
5850976,15,49519
5850976,16,51
5851997,15,49499
5851997,16,45
5852972,15,49498
5852972,16,43
5853990,15,49510
5853990,16,27
5854968,15,49500
5854968,16,59
5855990,15,49471
5855990,16,42
5856969,15,49505
5856969,16,36
5857987,15,49504
5857987,16,31
5858966,15,49518
5858966,16,50
5859987,15,49518
5859987,16,42
5861003,15,49508
5861003,16,48
5861982,15,49508
5861982,16,28
5863005,15,49531
5863005,16,29
5863980,15,49496
5863980,16,38
5865001,15,49512
5865001,16,28
5865977,15,49502
5865977,16,38
5866998,15,49506
5866998,16,26
5867972,15,49496
5867972,16,24
5868994,15,49492
5868994,16,28
5869971,15,49502
5869971,16,31
5870992,15,49529
5870992,16,42
5871970,15,49501
5871970,16,53
5872990,15,49534
5872990,16,43
5873969,15,49497
5873969,16,44
5874989,15,49513
5874989,16,47
5875964,15,49515
5875964,16,52
5876988,15,49506
5876988,16,14
5878006,15,49514
5878006,16,38
5878980,15,49501
5878980,16,22
5880003,15,49535
5880003,16,42
5880978,15,49516
5880978,16,58
5882000,15,49500
5882000,16,45
5882977,15,49523
5882977,16,47
5883997,15,49504
5883997,16,19
5884976,15,49509
5884976,16,38
5885993,15,49511
5885993,16,50
5886972,15,49503
5886972,16,41
5887993,15,49492
5887993,16,22
5888969,15,49521
5888969,16,0
5889988,15,49510
5889988,16,49
5890967,15,49517
5890967,16,52
5891989,15,49517
5891989,16,48
5892965,15,49514
5892965,16,24
5893984,15,49512
5893984,16,47
5895004,15,49489
5895004,16,26
5895980,15,49509
5895980,16,48
5897003,15,49497
5897003,16,39
5897980,15,49504
5897980,16,16
5899001,15,49509
5899001,16,57
5899976,15,49509
5899976,16,63
5900999,15,49512
5900999,16,51
5901972,15,49505
5901972,16,50
5902994,15,49495
5902994,16,48
5903972,15,49508
5903972,16,49
5904993,15,49491
5904993,16,32
5905970,15,49516
5905970,16,47
5906990,15,49489
5906990,16,32
5907967,15,49483
5907967,16,16
5908988,15,49504
5908988,16,34
5909965,15,49512
5909965,16,34
5910987,15,49511
5910987,16,26
5912005,15,49520
5912005,16,21
5912981,15,49499
5912981,16,44
5914000,15,49520
5914000,16,41
5914978,15,49507
5914978,16,37
5915999,15,49509
5915999,16,45
5916979,15,49498
5916979,16,45
5917996,15,49498
5917996,16,36
5918975,15,49507
5918975,16,49
5919997,15,49519
5919997,16,32
5920975,15,49503
5920975,16,49
5921991,15,49516
5921991,16,19
5922970,15,49503
5922970,16,39
5923989,15,49498
5923989,16,25
5924969,15,49505
5924969,16,29
5925987,15,49513
5925987,16,45
5926967,15,49504
5926967,16,38
5927986,15,49511
5927986,16,43
5929005,15,49495
5929005,16,31
5929983,15,49485
5929983,16,36
5931005,15,49500
5931005,16,47
5931981,15,49516
5931981,16,48
5933000,15,49504
5933000,16,37
5933979,15,49498
5933979,16,15
5934998,15,49504
5934998,16,31
5935978,15,49503
5935978,16,21
5936995,15,49494
5936995,16,69
5937973,15,49519
5937973,16,30
5938993,15,49523
5938993,16,27
5939971,15,49512
5939971,16,21
5940993,15,49515
5940993,16,46
5941968,15,49495
5941968,16,28
5942986,15,49496
5942986,16,38
5943966,15,49497
5943966,16,17
5944983,15,49506
5944983,16,50
5946003,15,49496
5946003,16,34
5946984,15,49508
5946984,16,43
5948003,15,49510
5948003,16,30
5948979,15,49489
5948979,16,21
5950002,15,49494
5950002,16,46
5950975,15,49508
5950975,16,8
5951999,15,49491
5951999,16,30
5952975,15,49486
5952975,16,16
5953995,15,49511
5953995,16,37
5954974,15,49504
5954974,16,31
5955994,15,49495
5955994,16,53
5956970,15,49499
5956970,16,34
5957991,15,49512
5957991,16,46
5958970,15,49520
5958970,16,46
5959989,15,49514
5959989,16,38
5960965,15,49510
5960965,16,32
5961985,15,49496
5961985,16,41
5963003,15,49498
5963003,16,49
5963985,15,49505
5963985,16,32
5965002,15,49508
5965002,16,36
5965981,15,49518
5965981,16,43
5967000,15,49498
5967000,16,43
5967975,15,49504
5967975,16,28
5968997,15,49501
5968997,16,42
5969975,15,49512
5969975,16,34
5970996,15,49510
5970996,16,42
5971973,15,49517
5971973,16,55
5972995,15,49499
5972995,16,33
5973969,15,49533
5973969,16,29
5974989,15,49501
5974989,16,23
5975966,15,49487
5975966,16,21
5976987,15,49496
5976987,16,58
5977963,15,49502
5977963,16,31
5978987,15,49515
5978987,16,31
5980005,15,49498
5980005,16,43
5980982,15,49512
5980982,16,40
5982003,15,49524
5982003,16,37
5982980,15,49489
5982980,16,25
5984000,15,49507
5984000,16,40
5984976,15,49527
5984976,16,43
5985997,15,49494
5985997,16,34
5986976,15,49494
5986976,16,18
5987996,15,49502
5987996,16,17
5988972,15,49504
5988972,16,39
5989993,15,49528
5989993,16,11
5990970,15,49507
5990970,16,30
5991989,15,49512
5991989,16,34
5992966,15,49505
5992966,16,55
5993988,15,49491
5993988,16,32
5994963,15,49508
5994963,16,51
5995985,15,49478
5995985,16,26
5997006,15,49505
5997006,16,37
5997984,15,49498
5997984,16,26
5999002,15,49510
5999002,16,58
5999983,15,49517
5999983,16,14
6001001,15,49504
6001001,16,34
