t_us,pin,raw
1000000,15,32686
1000000,16,32713
1000280,15,32955
1000280,16,36036
1000536,15,33048
1000536,16,36618
1000791,15,33084
1000791,16,35409
1001000,15,33061
1001000,16,34748
1001258,15,33139
1001258,16,35471
1001513,15,33250
1001513,16,36701
1001767,15,33239
1001767,16,36075
1002024,15,33128
1002024,16,33293
1002276,15,33000
1002276,16,30529
1002534,15,32978
1002534,16,30030
1002789,15,33099
1002789,16,31619
1003001,15,33197
1003001,16,32884
1003253,15,33240
1003253,16,32940
1003511,15,33252
1003511,16,32118
1003765,15,33362
1003765,16,32739
1004020,15,33562
1004020,16,35429
1004275,15,33770
1004275,16,38442
1004531,15,33853
1004531,16,39265
1004784,15,33799
1004784,16,37788
1005040,15,33698
1005040,16,36083
1005250,15,33674
1005250,16,35875
1005506,15,33720
1005506,16,36627
1005761,15,33683
1005761,16,36393
1006017,15,33520
1006017,16,34125
1006273,15,33362
1006273,16,31260
1006526,15,33304
1006526,16,30342
1006783,15,33381
1006783,16,31917
1007035,15,33489
1007035,16,33980
1007249,15,33522
1007249,16,34622
1007508,15,33528
1007508,16,34041
1007758,15,33500
1007758,16,33981
1008015,15,33613
1008015,16,35810
1008269,15,33741
1008269,16,38420
1008523,15,33781
1008523,16,39354
1008779,15,33640
1008779,16,37739
1009037,15,33451
1009037,16,35161
1009291,15,33334
1009291,16,33981
1009503,15,33288
1009503,16,34244
1009757,15,33239
1009757,16,34340
1010011,15,33076
1010011,16,32795
1010266,15,32877
1010266,16,30221
1010522,15,32775
1010522,16,29013
1010781,15,32793
1010781,16,30385
1011030,15,32921
1011030,16,32870
1011289,15,32979
1011289,16,34236
1011499,15,32944
1011499,16,33952
1011754,15,32876
1011754,16,33352
1012011,15,32874
1012011,16,34189
1012264,15,32950
1012264,16,36179
1012521,15,32929
1012521,16,37145
1012775,15,32794
1012775,16,35613
1013031,15,32574
1013031,16,32621
1013286,15,32399
1013286,16,30649
1013540,15,32309
1013540,16,30602
1013754,15,32286
1013754,16,31035
1014007,15,32164
1014007,16,30375
1014262,15,32031
1014262,16,28474
1014517,15,31922
1014517,16,27235
1014774,15,31969
1014774,16,28376
1015025,15,32074
1015025,16,31106
1015284,15,32186
1015284,16,33162
1015537,15,32183
1015537,16,33130
1015754,15,32132
1015754,16,32362
1016004,15,32106
1016004,16,32288
1016263,15,32133
1016263,16,33593
1016514,15,32156
1016514,16,34570
1016770,15,32057
1016770,16,33404
1017025,15,31849
1017025,16,30493
1017283,15,31677
1017283,16,28073
1017534,15,31628
1017534,16,27799
1017791,15,31665
1017791,16,28747
1018000,15,31664
1018000,16,29021
1018258,15,31609
1018258,16,28075
1018512,15,31570
1018512,16,27088
1018768,15,31627
1018768,16,27991
1019022,15,31830
1019022,16,30771
1019279,15,31997
1019279,16,33309
1019530,15,32034
1019530,16,33766
1019788,15,32000
1019788,16,32650
1020002,15,31974
1020002,16,32024
1020254,15,32043
1020254,16,32572
1020511,15,32103
1020511,16,33528
1020766,15,32063
1020766,16,32872
1021018,15,31927
1021018,16,30397
1021277,15,31824
1021277,16,27883
1021532,15,31809
1021532,16,27424
1021786,15,31902
1021786,16,28824
1022039,15,32014
1022039,16,30030
1022252,15,32076
1022252,16,30016
1022510,15,32079
1022510,16,29392
1022762,15,32201
1022762,16,29999
1023018,15,32410
1023018,16,32496
1023271,15,32591
1023271,16,35181
1023528,15,32680
1023528,16,36061
1023785,15,32696
1023785,16,34808
1024039,15,32661
1024039,16,33437
1024250,15,32677
1024250,16,33322
1024506,15,32755
1024506,16,34052
1024762,15,32756
1024762,16,33903
1025013,15,32696
1025013,16,32018
1025269,15,32585
1025269,16,29650
1025523,15,32590
1025523,16,28987
1025780,15,32747
1025780,16,30505
1026037,15,32879
1026037,16,32522
1026290,15,32990
1026290,16,33194
1026502,15,33025
1026502,16,32928
1026758,15,33118
1026758,16,33122
1027013,15,33261
1027013,16,34929
1027271,15,33444
1027271,16,37438
1027523,15,33555
1027523,16,38382
1027779,15,33516
1027779,16,37127
1028034,15,33408
1028034,16,35062
1028286,15,33388
1028286,16,34201
1028498,15,33416
1028498,16,34490
1028756,15,33417
1028756,16,34746
1029012,15,33354
1029012,16,33473
1029263,15,33259
1029263,16,31407
1029520,15,33230
1029520,16,30518
1029774,15,33326
1029774,16,31861
1030030,15,33463
1030030,16,34247
1030286,15,33588
1030286,16,35613
1030539,15,33603
1030539,16,35440
1030755,15,33604
1030755,16,35194
1031011,15,33673
1031011,16,36099
1031262,15,33761
1031262,16,37952
1031518,15,33781
1031518,16,38880
1031774,15,33737
1031774,16,37591
1032028,15,33544
1032028,16,35059
1032284,15,33421
1032284,16,33411
1032537,15,33392
1032537,16,33377
1032748,15,33350
1032748,16,33730
1033006,15,33309
1033006,16,33203
1033257,15,33186
1033257,16,31571
1033515,15,33112
1033515,16,30545
1033767,15,33128
1033767,16,31565
1034025,15,33245
1034025,16,34045
1034279,15,33344
1034279,16,35844
1034535,15,33326
1034535,16,35853
1034789,15,33248
1034789,16,35057
1035003,15,33222
1035003,16,35080
1035257,15,33247
1035257,16,36165
1035513,15,33217
1035513,16,36942
1035768,15,33114
1035768,16,35794
1036021,15,32895
1036021,16,33138
1036278,15,32713
1036278,16,30882
1036531,15,32623
1036531,16,30506
1036789,15,32612
1036789,16,31198
1036999,15,32547
1036999,16,31328
1037255,15,32474
1037255,16,30381
1037509,15,32375
1037509,16,29402
1037764,15,32395
1037764,16,30102
1038022,15,32491
1038022,16,32452
1038275,15,32588
1038275,16,34530
1038532,15,32569
1038532,16,34791
1038785,15,32487
1038785,16,33691
1039040,15,32376
1039040,16,32985
1039252,15,32376
1039252,16,33335
1039504,15,32355
1039504,16,33912
1039762,15,32249
1039762,16,33163
1040017,15,32057
1040017,16,30760
1040271,15,31883
1040271,16,28387
1040528,15,31807
1040528,16,27774
1040783,15,31827
1040783,16,28788
1041038,15,31863
1041038,16,29666
1041249,15,31845
1041249,16,29538
1041503,15,31790
1041503,16,28866
1041761,15,31829
1041761,16,29301
1042013,15,31947
1042013,16,31346
1042269,15,32054
1042269,16,33599
1042526,15,32103
1042526,16,34190
1042778,15,32045
1042778,16,33052
1043034,15,31965
1043034,16,31678
1043290,15,31960
1043290,16,31507
1043502,15,31934
1043502,16,31893
1043758,15,31897
1043758,16,31633
1044012,15,31798
1044012,16,29827
1044268,15,31677
1044268,16,27666
1044522,15,31650
1044522,16,26989
1044779,15,31745
1044779,16,28261
1045034,15,31847
1045034,16,29925
1045286,15,31936
1045286,16,30552
1045500,15,31947
1045500,16,30306
1045754,15,32017
1045754,16,30509
1046009,15,32155
1046009,16,32125
1046265,15,32304
1046265,16,34269
1046522,15,32372
1046522,16,35149
1046776,15,32374
1046776,16,34047
1047034,15,32312
1047034,16,32239
1047284,15,32285
1047284,16,31510
1047541,15,32324
1047541,16,31854
1047750,15,32354
1047750,16,31985
1048006,15,32320
1048006,16,30907
1048260,15,32271
1048260,16,29173
1048517,15,32267
1048517,16,28470
1048773,15,32409
1048773,16,29791
1049028,15,32564
1049028,16,31999
1049280,15,32685
1049280,16,33322
1049538,15,32773
1049538,16,33311
1049748,15,32824
1049748,16,33259
1050003,15,32935
1050003,16,34200
1050259,15,33092
1050259,16,35992
1050516,15,33157
1050516,16,36943
1050769,15,33156
1050769,16,35962
1051026,15,33054
1051026,16,33841
1051280,15,33015
1051280,16,32502
1051537,15,33032
1051537,16,32643
1051791,15,33085
1051791,16,33063
1052001,15,33072
1052001,16,32722
1052257,15,33028
1052257,16,31439
1052511,15,33045
1052511,16,30749
1052766,15,33150
1052766,16,31838
1053022,15,33316
1053022,16,34185
1053277,15,33452
1053277,16,35942
1053534,15,33514
1053534,16,36130
1053787,15,33503
1053787,16,35665
1054001,15,33570
1054001,16,35842
1054253,15,33619
1054253,16,36932
1054511,15,33687
1054511,16,37705
1054766,15,33610
1054766,16,36829
1055019,15,33476
1055019,16,34615
1055275,15,33383
1055275,16,32766
1055530,15,33334
1055530,16,32499
1055783,15,33367
1055783,16,33184
1056040,15,33364
1056040,16,33302
1056254,15,33340
1056254,16,32652
1056508,15,33279
1056508,16,31943
1056762,15,33323
1056762,16,32671
1057018,15,33441
1057018,16,34799
1057270,15,33555
1057270,16,36707
1057527,15,33558
1057527,16,37050
1057781,15,33497
1057781,16,36148
1058037,15,33422
1058037,16,35562
1058250,15,33442
1058250,16,35845
1058507,15,33413
1058507,16,36366
1058760,15,33327
1058760,16,35608
1059016,15,33144
1059016,16,33478
1059270,15,32985
1059270,16,31366
1059525,15,32924
1059525,16,30771
1059782,15,32896
1059782,16,31619
1060034,15,32904
1060034,16,32341
1060291,15,32863
1060291,16,32070
1060501,15,32815
1060501,16,31574
1060758,15,32787
1060758,16,31896
1061014,15,32860
1061014,16,33657
1061268,15,32957
1061268,16,35537
1061523,15,32934
1061523,16,35958
1061777,15,32856
1061777,16,34843
1062033,15,32707
1062033,16,33519
1062290,15,32652
1062290,16,33235
1062498,15,32604
1062498,16,33427
1062753,15,32521
1062753,16,33023
1063012,15,32355
1063012,16,31244
1063264,15,32203
1063264,16,29182
1063519,15,32105
1063519,16,28456
1063772,15,32136
1063772,16,29392
1064031,15,32179
1064031,16,30729
1064286,15,32179
1064286,16,31105
1064538,15,32138
1064538,16,30765
1064751,15,32142
1064751,16,30847
1065009,15,32156
1065009,16,32176
1065264,15,32288
1065264,16,33923
1065518,15,32263
1065518,16,34503
1065772,15,32186
1065772,16,33389
1066026,15,32055
1066026,16,31639
1066280,15,31982
1066280,16,30788
1066538,15,31956
1066538,16,30910
1066749,15,31943
1066749,16,30868
1067001,15,31875
1067001,16,29794
1067260,15,31739
1067260,16,28076
1067515,15,31696
1067515,16,27371
1067773,15,31745
1067773,16,28456
1068025,15,31865
1068025,16,30256
1068278,15,31948
1068278,16,31332
1068535,15,31985
1068535,16,31306
1068790,15,32008
1068790,16,31246
1069002,15,32051
1069002,16,31972
1069256,15,32143
1069256,16,33447
1069512,15,32215
1069512,16,34187
1069767,15,32174
1069767,16,33270
1070025,15,32085
1070025,16,31374
1070276,15,32032
1070276,16,30140
1070534,15,31996
1070534,16,30159
1070788,15,32045
1070788,16,30508
1071000,15,32058
1071000,16,30166
1071255,15,32033
1071255,16,29053
1071509,15,32018
1071509,16,28495
1071766,15,32128
1071766,16,29528
1072022,15,32306
1072022,16,31634
1072278,15,32457
1072278,16,33242
1072531,15,32519
1072531,16,33509
1072787,15,32550
1072787,16,33196
1073040,15,32613
1073040,16,33533
1073253,15,32719
1073253,16,34472
1073510,15,32772
1073510,16,35218
1073762,15,32763
1073762,16,34502
1074015,15,32691
1074015,16,32645
1074272,15,32644
1074272,16,31100
1074528,15,32622
1074528,16,30974
1074781,15,32731
1074781,16,31653
1075037,15,32761
1075037,16,31876
1075250,15,32780
1075250,16,31407
1075506,15,32805
1075506,16,30977
1075762,15,32913
1075762,16,31804
1076015,15,33053
1076015,16,33849
1076271,15,33197
1076271,16,35703
1076524,15,33303
1076524,16,36143
1076779,15,33307
1076779,16,35542
1077034,15,33326
1077034,16,35185
1077290,15,33374
1077290,16,35697
1077502,15,33399
1077502,16,36135
1077753,15,33379
1077753,16,35623
1078013,15,33278
1078013,16,33841
1078268,15,33212
1078268,16,32126
1078526,15,33183
1078526,16,31749
1078779,15,33232
1078779,16,32613
1079033,15,33317
1079033,16,33369
1079287,15,33296
1079287,16,33289
1079499,15,33336
1079499,16,32981
1079757,15,33380
1079757,16,33461
1080011,15,33464
1080011,16,35121
1080267,15,33592
1080267,16,36930
1080521,15,33608
1080521,16,37403
1080777,15,33569
1080777,16,36528
1081031,15,33512
1081031,16,35457
1081284,15,33468
1081284,16,35256
1081538,15,33446
1081538,16,35493
1081754,15,33405
1081754,16,35122
1082012,15,33283
1082012,16,33565
1082263,15,33154
1082263,16,31817
1082514,15,33102
1082514,16,31211
1082773,15,33112
1082773,16,32066
1083026,15,33164
1083026,16,33260
1083279,15,33152
1083279,16,33641
1083538,15,33142
1083538,16,33338
1083751,15,33144
1083751,16,33460
1084005,15,33189
1084005,16,34618
1084260,15,33216
1084260,16,36130
1084514,15,33226
1084514,16,36577
1084770,15,33123
1084770,16,35532
1085026,15,33014
1085026,16,33958
1085279,15,32911
1085279,16,33136
1085533,15,32837
1085533,16,33104
1085791,15,32755
1085791,16,32861
1086002,15,32672
1086002,16,31895
1086260,15,32538
1086260,16,30264
1086510,15,32462
1086510,16,29560
1086767,15,32478
1086767,16,30366
1087022,15,32510
1087022,16,31873
1087276,15,32546
1087276,16,32712
1087530,15,32509
1087530,16,32611
1087789,15,32467
1087789,16,32483
1088000,15,32470
1088000,16,33016
1088256,15,32522
1088256,16,34182
1088509,15,32524
1088509,16,34670
1088763,15,32398
1088763,16,33710
1089021,15,32271
1089021,16,31867
1089272,15,32172
1089272,16,30614
1089527,15,32103
1089527,16,30452
1089782,15,32071
1089782,16,30584
1090042,15,32004
1090042,16,29947
1090253,15,31936
1090253,16,29003
1090505,15,31867
1090505,16,28379
1090763,15,31911
1090763,16,29169
1091018,15,32004
1091018,16,30906
1091272,15,32073
1091272,16,32186
1091526,15,32078
1091526,16,32312
1091781,15,32080
1091781,16,31976
1092039,15,32096
1092039,16,32176
1092251,15,32117
1092251,16,32854
1092506,15,32134
1092506,16,33400
1092763,15,32104
1092763,16,32624
1093016,15,31969
1093016,16,30843
1093271,15,31895
1093271,16,29394
1093524,15,31870
1093524,16,29197
1093781,15,31922
1093781,16,29719
1094037,15,31912
1094037,16,29835
1094293,15,31911
1094293,16,29273
1094506,15,31916
1094506,16,28960
1094759,15,32013
1094759,16,29694
1095012,15,32134
1095012,16,31493
1095266,15,32256
1095266,16,33088
1095521,15,32321
1095521,16,33503
1095778,15,32314
1095778,16,32993
1096033,15,32328
1096033,16,32705
1096286,15,32377
1096286,16,33144
1096502,15,32441
1096502,16,33546
1096757,15,32439
1096757,16,33073
1097010,15,32371
1097010,16,31556
1097265,15,32301
1097265,16,30061
1097519,15,32317
1097519,16,29798
1097776,15,32393
1097776,16,30597
1098029,15,32498
1098029,16,31332
1098285,15,32534
1098285,16,31372
1098542,15,32553
1098542,16,31239
1098754,15,32648
1098754,16,31773
1099007,15,32785
1099007,16,33388
1099261,15,32916
1099261,16,35061
1099521,15,33016
1099521,16,35637
1099773,15,33018
1099773,16,34976
1100029,15,32991
1100029,16,34193
1100280,15,33013
1100280,16,34133
1100535,15,33069
1100535,16,34418
1100750,15,33067
1100750,16,34171
1101005,15,33023
1101005,16,32952
1101258,15,32960
1101258,16,31534
1101515,15,32967
1101515,16,31116
1101767,15,33037
1101767,16,31981
1102025,15,33154
1102025,16,33212
1102279,15,33213
1102279,16,33698
1102534,15,33250
1102534,16,33622
1102791,15,33282
1102791,16,34042
1103003,15,33369
1103003,16,35066
1103258,15,33495
1103258,16,36530
1103512,15,33516
1103512,16,37060
1103767,15,33478
1103767,16,36286
1104020,15,33407
1104020,16,35007
1104275,15,33398
1104275,16,34378
1104532,15,33388
1104532,16,34423
1104790,15,33365
1104790,16,34277
1105000,15,33298
1105000,16,33483
1105256,15,33227
1105256,16,32189
1105513,15,33205
1105513,16,31641
1105764,15,33222
1105764,16,32453
1106021,15,33288
1106021,16,33872
1106275,15,33372
1106275,16,34708
1106528,15,33336
1106528,16,34658
1106783,15,33339
1106783,16,34616
1107039,15,33371
1107039,16,35302
1107254,15,33409
1107254,16,36228
1107506,15,33398
1107506,16,36656
1107764,15,33317
1107764,16,35767
1108018,15,33197
1108018,16,34155
1108272,15,33098
1108272,16,33060
1108529,15,33022
1108529,16,32863
1108782,15,32987
1108782,16,32919
1109037,15,32904
1109037,16,32342
1109251,15,32856
1109251,16,31455
1109504,15,32780
1109504,16,30880
1109761,15,32768
1109761,16,31544
1110017,15,32843
1110017,16,33024
1110265,15,32858
1110265,16,34047
1110523,15,32871
1110523,16,34150
1110781,15,32826
1110781,16,33757
1111036,15,32785
1111036,16,33895
1111290,15,32786
1111290,16,34476
1111505,15,32752
1111505,16,34698
1111757,15,32644
1111757,16,33904
1112013,15,32512
1112013,16,32202
1112264,15,32402
1112264,16,30839
1112522,15,32343
1112522,16,30470
1112777,15,32304
1112777,16,30766
1113030,15,32266
1113030,16,30749
1113285,15,32200
1113285,16,30121
1113502,15,32176
1113502,16,29749
1113753,15,32169
1113753,16,30280
1114008,15,32242
1114008,16,31733
1114268,15,32292
1114268,16,33057
1114517,15,32302
1114517,16,33285
1114778,15,32241
1114778,16,32706
1115029,15,32191
1115029,16,32332
1115284,15,32189
1115284,16,32557
1115541,15,32158
1115541,16,32757
1115753,15,32120
1115753,16,32221
1116008,15,32006
1116008,16,30727
1116261,15,31924
1116261,16,29306
1116518,15,31900
1116518,16,28929
1116776,15,31899
1116776,16,29518
1117027,15,31938
1117027,16,30050
1117284,15,31955
1117284,16,29995
1117538,15,31952
1117538,16,29827
1117751,15,31985
1117751,16,30235
1118006,15,32081
1118006,16,31598
1118260,15,32162
1118260,16,33012
1118515,15,32205
1118515,16,33429
1118771,15,32203
1118771,16,32809
1119025,15,32172
1119025,16,32079
1119280,15,32161
1119280,16,31967
1119537,15,32198
1119537,16,32164
1119791,15,32172
1119791,16,31759
1120000,15,32133
1120000,16,30798
1120259,15,32065
1120259,16,29499
1120513,15,32084
1120513,16,29179
1120767,15,32139
1120767,16,29943
1121024,15,32247
1121024,16,31033
1121276,15,32290
1121276,16,31503
1121533,15,32375
1121533,16,31520
1121787,15,32419
1121787,16,31933
1122001,15,32524
1122001,16,32914
1122254,15,32640
1122254,16,34247
1122510,15,32693
1122510,16,34801
1122766,15,32715
1122766,16,34165
1123018,15,32692
1123018,16,33144
1123273,15,32677
1123273,16,32640
1123532,15,32708
1123532,16,32776
1123784,15,32748
1123784,16,32686
1124038,15,32708
1124038,16,31906
1124255,15,32684
1124255,16,31038
1124506,15,32713
1124506,16,30704
1124761,15,32805
1124761,16,31519
1125018,15,32927
1125018,16,32894
1125273,15,33001
1125273,16,33751
1125527,15,33084
1125527,16,33911
1125780,15,33105
1125780,16,34020
1126036,15,33189
1126036,16,34799
1126252,15,33262
1126252,16,35706
1126508,15,33317
1126508,16,36206
1126759,15,33289
1126759,16,35544
1127016,15,33233
1127016,16,34260
1127271,15,33204
1127271,16,33388
1127522,15,33200
1127522,16,33337
1127781,15,33206
1127781,16,33465
1128034,15,33183
1128034,16,33063
1128290,15,33158
1128290,16,32276
1128502,15,33141
1128502,16,32036
1128757,15,33239
1128757,16,32730
1129012,15,33307
1129012,16,34138
1129266,15,33376
1129266,16,35224
1129523,15,33402
1129523,16,35401
1129778,15,33411
1129778,16,35171
1130032,15,33400
1130032,16,35374
1130288,15,33449
1130288,16,35988
1130501,15,33458
1130501,16,36224
1130757,15,33390
1130757,16,35555
1131010,15,33283
1131010,16,34137
1131265,15,33185
1131265,16,32925
1131522,15,33138
1131522,16,32643
1131777,15,33137
1131777,16,32930
1132027,15,33114
1132027,16,32913
1132289,15,33044
1132289,16,32380
1132541,15,33038
1132541,16,32108
1132753,15,33054
1132753,16,32615
1133005,15,33097
1133005,16,33887
1133261,15,33150
1133261,16,35018
1133518,15,33141
1133518,16,35232
1133770,15,33067
1133770,16,34714
1134028,15,33043
1134028,16,34339
1134283,15,33001
1134283,16,34510
1134540,15,32958
1134540,16,34582
1134750,15,32888
1134750,16,33999
1135005,15,32770
1135005,16,32618
1135261,15,32671
1135261,16,31280
1135515,15,32582
1135515,16,30864
1135771,15,32563
1135771,16,31259
1136027,15,32564
1136027,16,31651
1136278,15,32521
1136278,16,31494
1136535,15,32502
1136535,16,31261
1136789,15,32490
1136789,16,31711
1137004,15,32529
1137004,16,32669
1137259,15,32561
1137259,16,33815
1137511,15,32547
1137511,16,34094
1137767,15,32474
1137767,16,33422
1138024,15,32401
1138024,16,32637
1138276,15,32366
1138276,16,32410
1138532,15,32319
1138532,16,32430
1138788,15,32275
1138788,16,31881
1139001,15,32168
1139001,16,30920
1139255,15,32083
1139255,16,29659
1139509,15,32037
1139509,16,29237
1139769,15,32072
1139769,16,29818
1140018,15,32073
1140018,16,30603
1140275,15,32077
1140275,16,30939
1140531,15,32109
1140531,16,30851
1140784,15,32089
1140784,16,31110
1141041,15,32159
1141041,16,32101
1141252,15,32201
1141252,16,32993
1141508,15,32209
1141508,16,33380
1141763,15,32193
1141763,16,32738
1142018,15,32120
1142018,16,31712
1142275,15,32092
1142275,16,31186
1142528,15,32081
1142528,16,31189
1142782,15,32079
1142782,16,31020
1143037,15,32036
1143037,16,30237
1143249,15,31972
1143249,16,29445
1143505,15,31983
1143505,16,29072
1143760,15,32044
1143760,16,29781
1144016,15,32124
1144016,16,30971
1144270,15,32178
1144270,16,31720
1144527,15,32231
1144527,16,31846
1144781,15,32269
1144781,16,31985
1145035,15,32341
1145035,16,32657
1145287,15,32406
1145287,16,33560
1145504,15,32466
1145504,16,33882
1145759,15,32446
1145759,16,33333
1146013,15,32408
1146013,16,32206
1146267,15,32395
1146267,16,31445
1146524,15,32410
1146524,16,31409
1146776,15,32435
1146776,16,31570
1147029,15,32442
1147029,16,31270
1147287,15,32445
1147287,16,30650
1147502,15,32476
1147502,16,30505
1147757,15,32554
1147757,16,31233
1148010,15,32661
1148010,16,32558
1148263,15,32770
1148263,16,33591
1148519,15,32853
1148519,16,33881
1148776,15,32854
1148776,16,33805
1149031,15,32923
1149031,16,34092
1149283,15,32999
1149283,16,34718
1149539,15,33030
1149539,16,35009
1149752,15,33019
1149752,16,34535
1150006,15,32962
1150006,16,33388
1150262,15,32964
1150262,16,32409
1150517,15,32949
1150517,16,32281
1150773,15,32991
1150773,16,32625
1151028,15,33018
1151028,16,32711
1151282,15,33008
1151282,16,32403
1151541,15,33066
1151541,16,32295
1151752,15,33114
1151752,16,32885
1152007,15,33194
1152007,16,34133
1152261,15,33284
1152261,16,35276
1152515,15,33331
1152515,16,35558
1152768,15,33337
1152768,16,35268
1153024,15,33327
1153024,16,35038
1153282,15,33345
1153282,16,35282
1153535,15,33358
1153535,16,35417
1153791,15,33311
1153791,16,34840
1154003,15,33245
1154003,16,33847
1154255,15,33179
1154255,16,32737
1154512,15,33183
1154512,16,32440
1154767,15,33159
1154767,16,32871
1155023,15,33190
1155023,16,33270
1155277,15,33186
1155277,16,33221
1155530,15,33175
1155530,16,33091
1155787,15,33197
1155787,16,33588
1156000,15,33248
1156000,16,34490
1156252,15,33320
1156252,16,35505
1156509,15,33315
1156509,16,35795
1156762,15,33255
1156762,16,35236
1157021,15,33211
1157021,16,34583
1157276,15,33166
1157276,16,34362
1157530,15,33127
1157530,16,34304
1157785,15,33040
1157785,16,33855
1158039,15,32957
1158039,16,32760
1158250,15,32873
1158250,16,31832
1158509,15,32837
1158509,16,31399
1158765,15,32834
1158765,16,31840
1159017,15,32826
1159017,16,32525
1159275,15,32816
1159275,16,32772
1159530,15,32789
1159530,16,32661
1159780,15,32778
1159780,16,32875
1160038,15,32800
1160038,16,33682
1160251,15,32842
1160251,16,34398
1160506,15,32800
1160506,16,34656
1160758,15,32743
1160758,16,33976
1161017,15,32657
1161017,16,32979
1161272,15,32575
1161272,16,32417
1161526,15,32506
1161526,16,32256
1161778,15,32455
1161778,16,32006
1162033,15,32389
1162033,16,31212
1162288,15,32300
1162288,16,30260
1162503,15,32268
1162503,16,29956
1162756,15,32249
1162756,16,30467
1163012,15,32311
1163012,16,31372
1163267,15,32292
1163267,16,31945
1163520,15,32305
1163520,16,31979
1163775,15,32292
1163775,16,32005
1164033,15,32310
1164033,16,32476
1164288,15,32323
1164288,16,33183
1164499,15,32322
1164499,16,33363
1164755,15,32248
1164755,16,32724
1165007,15,32167
1165007,16,31638
1165263,15,32116
1165263,16,30860
1165517,15,32079
1165517,16,30674
1165776,15,32088
1165776,16,30691
1166032,15,32067
1166032,16,30285
1166284,15,31979
1166284,16,29687
1166539,15,32005
1166539,16,29501
1166753,15,32029
1166753,16,30042
1167006,15,32096
1167006,16,31146
1167261,15,32172
1167261,16,32029
1167518,15,32206
1167518,16,32194
1167772,15,32232
1167772,16,32106
1168029,15,32229
1168029,16,32322
1168281,15,32285
1168281,16,32842
1168538,15,32312
1168538,16,33025
1168752,15,32288
1168752,16,32545
1169004,15,32224
1169004,16,31527
1169260,15,32198
1169260,16,30662
1169513,15,32181
1169513,16,30491
1169771,15,32216
1169771,16,30789
1170026,15,32251
1170026,16,30864
1170281,15,32271
1170281,16,30603
1170535,15,32296
1170535,16,30570
1170790,15,32353
1170790,16,31268
1171003,15,32482
1171003,16,32271
1171255,15,32566
1171255,16,33307
1171514,15,32611
1171514,16,33629
1171766,15,32638
1171766,16,33427
1172022,15,32659
1172022,16,33302
1172279,15,32700
1172279,16,33582
1172533,15,32732
1172533,16,33734
1172790,15,32729
1172790,16,33301
1173000,15,32716
1173000,16,32495
1173258,15,32665
1173258,16,31586
1173511,15,32687
1173511,16,31409
1173766,15,32749
1173766,16,31862
1174020,15,32810
1174020,16,32330
1174274,15,32827
1174274,16,32394
1174529,15,32886
1174529,16,32424
1174785,15,32941
1174785,16,33003
1175041,15,33025
1175041,16,34071
1175253,15,33115
1175253,16,34915
1175507,15,33156
1175507,16,35281
1175762,15,33168
1175762,16,34919
1176019,15,33159
1176019,16,34444
1176273,15,33161
1176273,16,34353
1176528,15,33176
1176528,16,34431
1176781,15,33175
1176781,16,34083
1177035,15,33118
1177035,16,33205
1177251,15,33094
1177251,16,32479
1177505,15,33100
1177505,16,32224
1177759,15,33110
1177759,16,32740
1178011,15,33177
1178011,16,33416
1178271,15,33206
1178271,16,33742
1178523,15,33201
1178523,16,33767
1178779,15,33255
1178779,16,34036
1179035,15,33309
1179035,16,34843
1179289,15,33332
1179289,16,35657
1179502,15,33353
1179502,16,35835
1179758,15,33330
1179758,16,35318
1180012,15,33261
1180012,16,34504
1180269,15,33195
1180269,16,34031
1180523,15,33179
1180523,16,33937
1180780,15,33136
1180780,16,33709
1181032,15,33093
1181032,16,33027
1181287,15,33022
1181287,16,32213
1181498,15,32996
1181498,16,31984
1181757,15,33013
1181757,16,32442
1182010,15,33039
1182010,16,33264
1182267,15,33053
1182267,16,33764
1182519,15,33045
1182519,16,33794
1182775,15,33025
1182775,16,33839
1183031,15,33005
1183031,16,34246
1183282,15,33030
1183282,16,34815
1183540,15,33008
1183540,16,34881
1183753,15,32958
1183753,16,34328
1184006,15,32837
1184006,16,33305
1184261,15,32779
1184261,16,32534
1184517,15,32709
1184517,16,32301
1184772,15,32675
1184772,16,32215
1185030,15,32624
1185030,16,31789
1185282,15,32546
1185282,16,31160
1185534,15,32523
1185534,16,30975
1185751,15,32502
1185751,16,31364
1186005,15,32533
1186005,16,32256
1186262,15,32580
1186262,16,32941
1186517,15,32554
1186517,16,33019
1186771,15,32513
1186771,16,32863
1187025,15,32492
1187025,16,32942
1187283,15,32497
1187283,16,33280
1187536,15,32469
1187536,16,33323
1187793,15,32416
1187793,16,32644
1188004,15,32325
1188004,16,31739
1188254,15,32261
1188254,16,30878
1188513,15,32202
1188513,16,30621
1188769,15,32202
1188769,16,30733
1189020,15,32161
1189020,16,30678
1189277,15,32134
1189277,16,30365
1189532,15,32128
1189532,16,30243
1189787,15,32154
1189787,16,30780
1189999,15,32199
1189999,16,31563
1190255,15,32232
1190255,16,32396
1190511,15,32248
1190511,16,32617
1190764,15,32250
1190764,16,32376
1191021,15,32230
1191021,16,32189
1191274,15,32222
1191274,16,32335
1191526,15,32215
1191526,16,32399
1191785,15,32220
1191785,16,31896
1192041,15,32137
1192041,16,30952
1192252,15,32120
1192252,16,30272
1192508,15,32092
1192508,16,30048
1192764,15,32115
1192764,16,30390
1193017,15,32158
1193017,16,30735
1193274,15,32171
1193274,16,30796
1193529,15,32205
1193529,16,30792
1193781,15,32242
1193781,16,31279
1194038,15,32342
1194038,16,32256
1194251,15,32409
1194251,16,33002
1194504,15,32453
1194504,16,33328
1194758,15,32445
1194758,16,33007
1195014,15,32455
1195014,16,32618
1195274,15,32479
1195274,16,32549
1195524,15,32471
1195524,16,32613
1195782,15,32487
1195782,16,32328
1196032,15,32442
1196032,16,31609
1196289,15,32448
1196289,16,30904
1196503,15,32460
1196503,16,30808
1196757,15,32528
1196757,16,31308
1197013,15,32573
1197013,16,31996
1197266,15,32623
1197266,16,32345
1197524,15,32707
1197524,16,32459
1197778,15,32732
1197778,16,32838
1198031,15,32822
1198031,16,33619
1198287,15,32883
1198287,16,34411
1198500,15,32955
1198500,16,34652
1198754,15,32937
1198754,16,34296
1199012,15,32948
1199012,16,33671
1199265,15,32936
1199265,16,33333
1199520,15,32969
1199520,16,33349
1199774,15,32959
1199774,16,33216
1200028,15,32933
1200028,16,32717
1200284,15,32922
1200284,16,32129
1200541,15,32957
1200541,16,32038
1200749,15,33003
1200749,16,32509
1201006,15,33063
1201006,16,33342
1201262,15,33119
1201262,16,33912
1201518,15,33160
1201518,16,34080
1201774,15,33195
1201774,16,34206
1202027,15,33247
1202027,16,34700
1202282,15,33268
1202282,16,35293
1202537,15,33271
1202537,16,35419
1202750,15,33259
1202750,16,35008
1203004,15,33189
1203004,16,34195
1203260,15,33179
1203260,16,33563
1203514,15,33169
1203514,16,33465
1203771,15,33161
1203771,16,33421
1204025,15,33113
1204025,16,33130
1204281,15,33092
1204281,16,32633
1204535,15,33068
1204535,16,32514
1204788,15,33103
1204788,16,33037
1205004,15,33152
1205004,16,33760
1205258,15,33213
1205258,16,34420
1205511,15,33154
1205511,16,34574
1205769,15,33159
1205769,16,34440
1206023,15,33177
1206023,16,34571
1206277,15,33173
1206277,16,34860
1206532,15,33151
1206532,16,34881
1206790,15,33084
1206790,16,34273
1206999,15,33014
1206999,16,33482
1207259,15,32939
1207259,16,32676
1207511,15,32896
1207511,16,32425
1207767,15,32857
1207767,16,32488
1208022,15,32829
1208022,16,32416
1208275,15,32812
1208275,16,32094
1208529,15,32781
1208529,16,31951
1208785,15,32762
1208785,16,32383
1209041,15,32796
1209041,16,33202
1209252,15,32814
1209252,16,33757
1209506,15,32778
1209506,16,33877
1209761,15,32752
1209761,16,33585
1210017,15,32714
1210017,16,33369
1210271,15,32672
1210271,16,33394
1210528,15,32659
1210528,16,33337
1210784,15,32598
1210784,16,32830
1211037,15,32481
1211037,16,31887
1211251,15,32444
1211251,16,31180
1211507,15,32383
1211507,16,30873
1211760,15,32370
1211760,16,31087
1212015,15,32346
1212015,16,31314
1212272,15,32342
1212272,16,31273
1212524,15,32326
1212524,16,31171
1212780,15,32330
1212780,16,31522
1213032,15,32367
1213032,16,32271
1213290,15,32382
1213290,16,32922
1213501,15,32387
1213501,16,33029
1213758,15,32352
1213758,16,32683
1214014,15,32303
1214014,16,32217
1214266,15,32280
1214266,16,32038
1214522,15,32264
1214522,16,32001
1214776,15,32218
1214776,16,31650
1215033,15,32171
1215033,16,30875
1215287,15,32089
1215287,16,30208
1215500,15,32108
1215500,16,30038
1215755,15,32111
1215755,16,30396
1216006,15,32141
1216006,16,30940
1216263,15,32170
1216263,16,31181
1216520,15,32198
1216520,16,31250
1216775,15,32213
1216775,16,31532
1217033,15,32274
1217033,16,32229
1217287,15,32324
1217287,16,32839
1217540,15,32334
1217540,16,33004
1217753,15,32336
1217753,16,32658
1218008,15,32317
1218008,16,32083
1218262,15,32287
1218262,16,31759
1218517,15,32273
1218517,16,31727
1218775,15,32299
1218775,16,31579
1219026,15,32290
1219026,16,31100
1219282,15,32282
1219282,16,30594
1219537,15,32294
1219537,16,30550
1219748,15,32328
1219748,16,30957
1220004,15,32424
1220004,16,31744
1220260,15,32483
1220260,16,32261
1220514,15,32516
1220514,16,32455
1220770,15,32567
1220770,16,32648
1221026,15,32625
1221026,16,33121
1221283,15,32684
1221283,16,33703
1221536,15,32739
1221536,16,33891
1221791,15,32698
1221791,16,33430
1222001,15,32698
1222001,16,32890
1222257,15,32696
1222257,16,32415
1222514,15,32718
1222514,16,32350
1222766,15,32743
1222766,16,32404
1223023,15,32747
1223023,16,32193
1223278,15,32755
1223278,16,31866
1223533,15,32789
1223533,16,31881
1223789,15,32832
1223789,16,32432
1224001,15,32886
1224001,16,33154
1224255,15,32977
1224255,16,33834
1224511,15,32985
1224511,16,34064
1224763,15,33029
1224763,16,34077
1225017,15,33073
1225017,16,34266
1225274,15,33108
1225274,16,34640
1225529,15,33126
1225529,16,34776
1225784,15,33106
1225784,16,34301
1226040,15,33081
1226040,16,33560
1226254,15,33070
1226254,16,33037
1226509,15,33046
1226509,16,32903
1226762,15,33082
1226762,16,33073
1227021,15,33085
1227021,16,33066
1227275,15,33071
1227275,16,32880
1227526,15,33085
1227526,16,32870
1227782,15,33126
1227782,16,33350
1228037,15,33186
1228037,16,34138
1228248,15,33202
1228248,16,34678
1228505,15,33230
1228505,16,34882
1228758,15,33213
1228758,16,34685
1229017,15,33216
1229017,16,34575
1229271,15,33209
1229271,16,34615
1229526,15,33191
1229526,16,34618
1229782,15,33133
1229782,16,34186
1230039,15,33083
1230039,16,33326
1230290,15,33036
1230290,16,32704
1230504,15,33005
1230504,16,32554
1230758,15,33001
1230758,16,32722
1231016,15,33018
1231016,16,32924
1231269,15,32983
1231269,16,32883
1231520,15,32959
1231520,16,32868
1231778,15,32948
1231778,16,33162
1232033,15,32978
1232033,16,33843
1232288,15,33013
1232288,16,34351
1232502,15,32997
1232502,16,34462
1232754,15,32956
1232754,16,34119
1233009,15,32899
1233009,16,33681
1233261,15,32860
1233261,16,33472
1233522,15,32818
1233522,16,33367
1233773,15,32755
1233773,16,32993
1234032,15,32694
1234032,16,32243
1234287,15,32614
1234287,16,31572
1234539,15,32577
1234539,16,31396
1234753,15,32578
1234753,16,31617
1235009,15,32566
1235009,16,32008
1235259,15,32562
1235259,16,32184
1235518,15,32553
1235518,16,32156
1235776,15,32542
1235776,16,32354
1236027,15,32560
1236027,16,32844
1236283,15,32561
1236283,16,33335
1236540,15,32558
1236540,16,33373
1236752,15,32517
1236752,16,33016
1237003,15,32436
1237003,16,32402
1237259,15,32389
1237259,16,32008
1237514,15,32372
1237514,16,31848
1237771,15,32335
1237771,16,31629
1238025,15,32262
1238025,16,31078
1238281,15,32205
1238281,16,30574
1238536,15,32206
1238536,16,30416
1238791,15,32204
1238791,16,30846
1239002,15,32249
1239002,16,31336
1239258,15,32269
1239258,16,31729
1239515,15,32292
1239515,16,31817
1239769,15,32269
1239769,16,31914
1240023,15,32280
1240023,16,32274
1240279,15,32311
1240279,16,32699
1240531,15,32332
1240531,16,32771
1240788,15,32289
1240788,16,32310
1241001,15,32257
1241001,16,31744
1241255,15,32220
1241255,16,31280
1241509,15,32208
1241509,16,31165
1241762,15,32195
1241762,16,31124
1242022,15,32195
1242022,16,30915
1242275,15,32208
1242275,16,30576
1242532,15,32226
1242532,16,30569
1242785,15,32262
1242785,16,31070
1243040,15,32330
1243040,16,31789
1243256,15,32357
1243256,16,32266
1243507,15,32408
1243507,16,32471
1243763,15,32426
1243763,16,32498
1244018,15,32456
1244018,16,32681
1244274,15,32495
1244274,16,33002
1244529,15,32512
1244529,16,33118
1244784,15,32512
1244784,16,32741
1245039,15,32508
1245039,16,32078
1245250,15,32468
1245250,16,31668
1245503,15,32498
1245503,16,31574
1245763,15,32531
1245763,16,31713
1246018,15,32545
1246018,16,31775
1246269,15,32560
1246269,16,31685
1246528,15,32600
1246528,16,31749
1246778,15,32672
1246778,16,32209
1247035,15,32730
1247035,16,33004
1247288,15,32794
1247288,16,33645
1247503,15,32829
1247503,16,33810
1247756,15,32845
1247756,16,33725
1248012,15,32866
1248012,16,33702
1248265,15,32913
1248265,16,33863
1248523,15,32919
1248523,16,33901
1248778,15,32945
1248778,16,33589
1249031,15,32906
1249031,16,32941
1249285,15,32906
1249285,16,32454
1249500,15,32914
1249500,16,32388
1249756,15,32917
1249756,16,32618
1250012,15,32987
1250012,16,32893
1250264,15,32981
1250264,16,32975
1250522,15,33023
1250522,16,33025
1250777,15,33059
1250777,16,33410
1251031,15,33098
1251031,16,34094
1251286,15,33153
1251286,16,34708
1251539,15,33177
1251539,16,34809
1251754,15,33184
1251754,16,34608
1252008,15,33176
1252008,16,34288
1252265,15,33156
1252265,16,34188
1252515,15,33128
1252515,16,34172
1252771,15,33141
1252771,16,33855
1253026,15,33073
1253026,16,33275
1253282,15,33052
1253282,16,32736
1253539,15,33048
1253539,16,32619
1253749,15,33041
1253749,16,32864
1254004,15,33052
1254004,16,33259
1254262,15,33076
1254262,16,33455
1254516,15,33073
1254516,16,33528
1254772,15,33105
1254772,16,33713
1255025,15,33088
1255025,16,34199
1255280,15,33126
1255280,16,34630
1255538,15,33121
1255538,16,34672
1255789,15,33080
1255789,16,34284
1256005,15,33021
1256005,16,33839
1256256,15,32986
1256256,16,33486
1256514,15,32944
1256514,16,33336
1256769,15,32901
1256769,16,33093
1257021,15,32849
1257021,16,32615
1257277,15,32807
1257277,16,32117
1257532,15,32758
1257532,16,31964
1257787,15,32788
1257787,16,32281
1258000,15,32776
1258000,16,32693
1258253,15,32793
1258253,16,33013
1258507,15,32782
1258507,16,33063
1258765,15,32732
1258765,16,33087
1259019,15,32752
1259019,16,33348
1259274,15,32743
1259274,16,33648
1259531,15,32724
1259531,16,33654
1259785,15,32642
1259785,16,33182
1260036,15,32625
1260036,16,32541
1260254,15,32557
1260254,16,32119
1260508,15,32520
1260508,16,31926
1260763,15,32466
1260763,16,31801
1261016,15,32427
1261016,16,31534
1261274,15,32404
1261274,16,31145
1261527,15,32373
1261527,16,31060
1261785,15,32363
1261785,16,31401
1262039,15,32409
1262039,16,31965
1262254,15,32409
1262254,16,32328
1262507,15,32394
1262507,16,32435
1262757,15,32409
1262757,16,32370
1263017,15,32386
1263017,16,32444
1263270,15,32386
1263270,16,32652
1263521,15,32369
1263521,16,32641
1263779,15,32313
1263779,16,32224
1264034,15,32299
1264034,16,31578
1264288,15,32249
1264288,16,31083
1264503,15,32222
1264503,16,30944
1264757,15,32219
1264757,16,31017
1265012,15,32216
1265012,16,31003
1265269,15,32212
1265269,16,30832
1265521,15,32211
1265521,16,30844
1265778,15,32249
1265778,16,31227
1266033,15,32276
1266033,16,31869
1266286,15,32342
1266286,16,32353
1266500,15,32351
1266500,16,32526
1266752,15,32353
1266752,16,32417
1267012,15,32375
1267012,16,32352
1267267,15,32369
1267267,16,32464
1267518,15,32367
1267518,16,32458
1267774,15,32376
1267774,16,32155
1268029,15,32367
1268029,16,31580
1268286,15,32342
1268286,16,31116
1268540,15,32365
1268540,16,31054
1268751,15,32356
1268751,16,31288
1269007,15,32377
1269007,16,31525
1269261,15,32430
1269261,16,31635
1269516,15,32463
1269516,16,31721
1269772,15,32518
1269772,16,32071
1270027,15,32563
1270027,16,32724
1270281,15,32620
1270281,16,33267
1270537,15,32652
1270537,16,33442
1270751,15,32692
1270751,16,33303
1271004,15,32682
1271004,16,33083
1271262,15,32701
1271262,16,33041
1271516,15,32704
1271516,16,33035
1271771,15,32729
1271771,16,32833
1272027,15,32720
1272027,16,32370
1272280,15,32723
1272280,16,31986
1272536,15,32742
1272536,16,31979
1272790,15,32772
1272790,16,32311
1273004,15,32831
1273004,16,32648
1273260,15,32843
1273260,16,32928
1273512,15,32892
1273512,16,33057
1273766,15,32948
1273766,16,33330
1274024,15,32976
1274024,16,33840
1274278,15,33031
1274278,16,34356
1274531,15,33069
1274531,16,34448
1274788,15,33062
1274788,16,34168
1275001,15,33037
1275001,16,33859
1275256,15,33047
1275256,16,33625
1275513,15,33051
1275513,16,33556
1275765,15,33039
1275765,16,33415
1276021,15,33008
1276021,16,33053
1276278,15,33011
1276278,16,32687
1276530,15,33035
1276530,16,32650
1276787,15,33036
1276787,16,33016
1277043,15,33070
1277043,16,33518
1277255,15,33114
1277255,16,33755
1277506,15,33102
1277506,16,33884
1277758,15,33130
1277758,16,34005
1278016,15,33149
1278016,16,34286
1278271,15,33162
1278271,16,34617
1278530,15,33167
1278530,16,34645
1278785,15,33106
1278785,16,34266
1279040,15,33090
1279040,16,33729
1279250,15,33032
1279250,16,33385
1279503,15,33026
1279503,16,33244
1279758,15,33004
1279758,16,33129
1280014,15,32963
1280014,16,32890
1280272,15,32931
1280272,16,32569
1280526,15,32940
1280526,16,32521
1280782,15,32923
1280782,16,32814
1281037,15,32952
1281037,16,33339
1281291,15,32942
1281291,16,33675
1281501,15,32957
1281501,16,33731
1281759,15,32916
1281759,16,33679
1282014,15,32899
1282014,16,33744
1282268,15,32907
1282268,16,33888
1282522,15,32876
1282522,16,33821
1282776,15,32817
1282776,16,33401
1283032,15,32735
1283032,16,32765
1283288,15,32695
1283288,16,32286
1283500,15,32666
1283500,16,32126
1283753,15,32649
1283753,16,32111
1284011,15,32604
1284011,16,32020
1284266,15,32587
1284266,16,31833
1284521,15,32567
1284521,16,31797
1284775,15,32562
1284775,16,32049
1285032,15,32583
1285032,16,32565
1285286,15,32594
1285286,16,32941
1285542,15,32536
1285542,16,32996
1285752,15,32540
1285752,16,32864
1286008,15,32504
1286008,16,32711
1286263,15,32499
1286263,16,32709
1286518,15,32480
1286518,16,32622
1286773,15,32440
1286773,16,32301
1287025,15,32370
1287025,16,31698
1287281,15,32319
1287281,16,31208
1287541,15,32282
1287541,16,31050
1287752,15,32303
1287752,16,31164
1288007,15,32313
1288007,16,31309
1288259,15,32311
1288259,16,31302
1288515,15,32300
1288515,16,31337
1288768,15,32307
1288768,16,31579
1289027,15,32326
1289027,16,32102
1289281,15,32370
1289281,16,32539
1289535,15,32372
1289535,16,32615
1289789,15,32353
1289789,16,32361
1290002,15,32330
1290002,16,32171
1290255,15,32320
1290255,16,32069
1290513,15,32312
1290513,16,32036
1290765,15,32305
1290765,16,31774
1291021,15,32279
1291021,16,31309
1291278,15,32260
1291278,16,30924
1291534,15,32270
1291534,16,30880
1291786,15,32304
1291786,16,31151
1292001,15,32320
1292001,16,31458
1292255,15,32364
1292255,16,31656
1292509,15,32365
1292509,16,31781
1292764,15,32410
1292764,16,32041
1293020,15,32461
1293020,16,32476
1293274,15,32492
1293274,16,32916
1293529,15,32529
1293529,16,33033
1293785,15,32514
1293785,16,32790
1294040,15,32528
1294040,16,32492
1294256,15,32521
1294256,16,32345
1294511,15,32547
1294511,16,32281
1294760,15,32536
1294760,16,32191
1295018,15,32526
1295018,16,31907
1295273,15,32544
1295273,16,31601
1295527,15,32579
1295527,16,31616
1295782,15,32597
1295782,16,31998
1296037,15,32674
1296037,16,32476
1296251,15,32702
1296251,16,32794
1296506,15,32742
1296506,16,32973
1296761,15,32790
1296761,16,33128
1297015,15,32834
1297015,16,33487
1297271,15,32846
1297271,16,33797
1297524,15,32864
1297524,16,33906
1297779,15,32891
1297779,16,33643
1298034,15,32883
1298034,16,33235
1298292,15,32894
1298292,16,32983
1298503,15,32899
1298503,16,32925
1298757,15,32912
1298757,16,32894
1299013,15,32900
1299013,16,32767
1299266,15,32897
1299266,16,32570
1299523,15,32918
1299523,16,32585
1299775,15,32971
1299775,16,32966
1300034,15,33018
1300034,16,33486
1300290,15,33034
1300290,16,33872
1300500,15,33080
1300500,16,33998
1300757,15,33072
1300757,16,34015
1301010,15,33097
1301010,16,34145
1301266,15,33112
1301266,16,34342
1301522,15,33107
1301522,16,34371
1301774,15,33092
1301774,16,34052
1302028,15,33056
1302028,16,33539
1302285,15,33048
1302285,16,33168
1302540,15,33024
1302540,16,33063
1302752,15,33008
1302752,16,33101
1303009,15,33016
1303009,16,33074
1303262,15,33003
1303262,16,32957
1303517,15,32999
1303517,16,32917
1303773,15,33018
1303773,16,33250
1304029,15,33019
1304029,16,33729
1304284,15,33059
1304284,16,34093
1304538,15,33055
1304538,16,34155
1304751,15,33031
1304751,16,34028
1305006,15,33001
1305006,16,33935
1305260,15,33010
1305260,16,33922
1305515,15,32969
1305515,16,33845
1305773,15,32933
1305773,16,33496
1306024,15,32860
1306024,16,32962
1306280,15,32838
1306280,16,32515
1306537,15,32810
1306537,16,32376
1306791,15,32793
1306791,16,32479
1307001,15,32788
1307001,16,32542
1307255,15,32766
1307255,16,32518
1307512,15,32748
1307512,16,32506
1307765,15,32736
1307765,16,32694
1308024,15,32752
1308024,16,33136
1308276,15,32753
1308276,16,33434
1308535,15,32739
1308535,16,33462
1308786,15,32727
1308786,16,33222
1309000,15,32653
1309000,16,33016
1309255,15,32652
1309255,16,32819
1309510,15,32612
1309510,16,32710
1309764,15,32562
1309764,16,32407
1310021,15,32512
1310021,16,31922
1310277,15,32486
1310277,16,31495
1310529,15,32439
1310529,16,31380
1310785,15,32427
1310785,16,31565
1311039,15,32428
1311039,16,31797
1311252,15,32437
1311252,16,31890
1311508,15,32422
1311508,16,31918
1311761,15,32433
1311761,16,32064
1312019,15,32440
1312019,16,32416
1312276,15,32441
1312276,16,32710
1312524,15,32426
1312524,16,32754
1312783,15,32416
1312783,16,32464
1313040,15,32381
1313040,16,32101
1313253,15,32340
1313253,16,31890
1313505,15,32352
1313505,16,31779
1313761,15,32307
1313761,16,31641
1314017,15,32290
1314017,16,31299
1314270,15,32256
1314270,16,30983
1314524,15,32249
1314524,16,30958
1314781,15,32283
1314781,16,31239
1315036,15,32310
1315036,16,31628
1315292,15,32339
1315292,16,31875
1315502,15,32339
1315502,16,31950
1315758,15,32369
1315758,16,32086
1316014,15,32381
1316014,16,32358
1316267,15,32416
1316267,16,32647
1316523,15,32415
1316523,16,32708
1316777,15,32424
1316777,16,32433
1317032,15,32406
1317032,16,32052
1317287,15,32401
1317287,16,31821
1317500,15,32382
1317500,16,31739
1317755,15,32410
1317755,16,31701
1318009,15,32409
1318009,16,31579
1318266,15,32424
1318266,16,31417
1318521,15,32462
1318521,16,31442
1318774,15,32471
1318774,16,31793
1319030,15,32548
1319030,16,32308
1319288,15,32621
1319288,16,32679
1319540,15,32594
1319540,16,32849
1319752,15,32626
1319752,16,32899
1320007,15,32643
1320007,16,33024
1320262,15,32682
1320262,16,33234
1320518,15,32693
1320518,16,33303
1320774,15,32718
1320774,16,33079
1321029,15,32706
1321029,16,32667
1321280,15,32684
1321280,16,32374
1321536,15,32721
1321536,16,32348
1321751,15,32716
1321751,16,32412
1322005,15,32755
1322005,16,32443
1322261,15,32759
1322261,16,32421
1322514,15,32798
1322514,16,32484
1322769,15,32836
1322769,16,32811
1323025,15,32894
1323025,16,33332
1323281,15,32926
1323281,16,33731
1323536,15,32947
1323536,16,33870
1323791,15,32991
1323791,16,33818
1324004,15,33013
1324004,16,33808
1324257,15,32994
1324257,16,33875
1324513,15,32982
1324513,16,33887
1324765,15,33002
1324765,16,33654
1325023,15,32966
1325023,16,33219
1325275,15,32971
1325275,16,32907
1325532,15,32965
1325532,16,32835
1325785,15,32975
1325785,16,32958
1326002,15,33005
1326002,16,33080
1326256,15,33017
1326256,16,33157
1326508,15,33006
1326508,16,33216
1326764,15,33040
1326764,16,33428
1327020,15,33054
1327020,16,33849
1327276,15,33090
1327276,16,34221
1327532,15,33079
1327532,16,34275
1327785,15,33084
1327785,16,34099
1328040,15,33070
1328040,16,33909
1328255,15,33027
1328255,16,33817
1328506,15,33019
1328506,16,33724
1328761,15,33013
1328761,16,33506
1329019,15,32971
1329019,16,33049
1329272,15,32912
1329272,16,32731
1329528,15,32904
1329528,16,32629
1329781,15,32915
1329781,16,32760
1330038,15,32908
1330038,16,32996
1330249,15,32931
1330249,16,33081
1330505,15,32885
1330505,16,33100
1330762,15,32868
1330762,16,33238
1331014,15,32886
1331014,16,33541
1331271,15,32915
1331271,16,33796
1331524,15,32866
1331524,16,33796
1331779,15,32874
1331779,16,33506
1332035,15,32813
1332035,16,33150
1332288,15,32759
1332288,16,32919
1332502,15,32739
1332502,16,32790
1332760,15,32713
1332760,16,32611
1333013,15,32652
1333013,16,32251
1333270,15,32631
1333270,16,31933
1333523,15,32591
1333523,16,31835
1333779,15,32608
1333779,16,32038
1334032,15,32596
1334032,16,32349
1334286,15,32586
1334286,16,32494
1334499,15,32572
1334499,16,32528
1334754,15,32580
1334754,16,32561
1335009,15,32586
1335009,16,32757
1335269,15,32561
1335269,16,32943
1335517,15,32552
1335517,16,32912
1335775,15,32513
1335775,16,32604
1336029,15,32468
1336029,16,32198
1336288,15,32426
1336288,16,31883
1336540,15,32411
1336540,16,31767
1336752,15,32387
1336752,16,31673
1337009,15,32380
1337009,16,31490
1337265,15,32344
1337265,16,31293
1337518,15,32329
1337518,16,31280
1337773,15,32346
1337773,16,31495
1338029,15,32365
1338029,16,31888
1338283,15,32375
1338283,16,32165
1338536,15,32395
1338536,16,32230
1338752,15,32368
1338752,16,32245
1339005,15,32397
1339005,16,32339
1339261,15,32404
1339261,16,32456
1339514,15,32402
1339514,16,32452
1339770,15,32366
1339770,16,32202
1340025,15,32362
1340025,16,31791
1340281,15,32349
1340281,16,31510
1340534,15,32328
1340534,16,31426
1340790,15,32325
1340790,16,31471
1341004,15,32345
1341004,16,31445
1341257,15,32361
1341257,16,31400
1341514,15,32357
1341514,16,31466
1341768,15,32401
1341768,16,31759
1342025,15,32450
1342025,16,32197
1342278,15,32481
1342278,16,32551
1342533,15,32520
1342533,16,32671
1342787,15,32494
1342787,16,32642
1343002,15,32537
1343002,16,32632
1343253,15,32547
1343253,16,32715
1343510,15,32569
1343510,16,32714
1343763,15,32549
1343763,16,32522
1344022,15,32530
1344022,16,32193
1344273,15,32538
1344273,16,31914
1344528,15,32562
1344528,16,31894
1344783,15,32583
1344783,16,32050
1345040,15,32626
1345040,16,32204
1345251,15,32647
1345251,16,32253
1345507,15,32656
1345507,16,32378
1345763,15,32716
1345763,16,32657
1346017,15,32748
1346017,16,33073
1346274,15,32774
1346274,16,33441
1346526,15,32825
1346526,16,33553
1346781,15,32841
1346781,16,33477
1347038,15,32834
1347038,16,33364
1347247,15,32843
1347247,16,33310
1347505,15,32866
1347505,16,33301
1347758,15,32869
1347758,16,33153
1348014,15,32860
1348014,16,32856
1348267,15,32865
1348267,16,32620
1348523,15,32860
1348523,16,32571
1348780,15,32882
1348780,16,32798
1349035,15,32935
1349035,16,33066
1349290,15,32973
1349290,16,33197
1349502,15,32971
1349502,16,33286
1349761,15,33026
1349761,16,33512
1350013,15,33014
1350013,16,33799
1350267,15,33055
1350267,16,34091
1350523,15,33053
1350523,16,34168
1350776,15,33049
1350776,16,33962
1351030,15,33026
1351030,16,33716
1351288,15,33012
1351288,16,33550
1351498,15,33020
1351498,16,33485
1351759,15,32985
1351759,16,33337
1352012,15,32990
1352012,16,33090
1352269,15,32967
1352269,16,32837
1352522,15,32953
1352522,16,32806
1352776,15,32954
1352776,16,32997
1353032,15,32981
1353032,16,33292
1353284,15,32962
1353284,16,33478
1353539,15,32989
1353539,16,33541
1353753,15,32995
1353753,16,33617
1354006,15,32981
1354006,16,33771
1354264,15,32961
1354264,16,33961
1354515,15,32964
1354515,16,33928
1354774,15,32939
1354774,16,33651
1355028,15,32894
1355028,16,33296
1355285,15,32866
1355285,16,33000
1355538,15,32842
1355538,16,32870
1355750,15,32818
1355750,16,32797
1356004,15,32794
1356004,16,32596
1356261,15,32754
1356261,16,32387
1356516,15,32756
1356516,16,32331
1356770,15,32753
1356770,16,32532
1357025,15,32729
1357025,16,32869
1357282,15,32747
1357282,16,33062
1357535,15,32737
1357535,16,33071
1357792,15,32717
1357792,16,33066
1358001,15,32708
1358001,16,33084
1358257,15,32699
1358257,16,33160
1358513,15,32686
1358513,16,33089
1358767,15,32613
1358767,16,32814
1359025,15,32581
1359025,16,32395
1359276,15,32552
1359276,16,32060
1359534,15,32501
1359534,16,31925
1359787,15,32506
1359787,16,31882
1360002,15,32495
1360002,16,31830
1360255,15,32469
1360255,16,31738
1360511,15,32456
1360511,16,31724
1360766,15,32444
1360766,16,31924
1361021,15,32468
1361021,16,32255
1361275,15,32475
1361275,16,32492
1361531,15,32475
1361531,16,32534
1361788,15,32448
1361788,16,32466
1362041,15,32437
1362041,16,32404
1362251,15,32447
1362251,16,32416
1362506,15,32432
1362506,16,32354
1362765,15,32390
1362765,16,32091
1363016,15,32373
1363016,16,31743
1363271,15,32345
1363271,16,31448
1363528,15,32352
1363528,16,31359
1363783,15,32358
1363783,16,31452
1364036,15,32348
1364036,16,31543
1364250,15,32356
1364250,16,31563
1364507,15,32357
1364507,16,31643
1364762,15,32389
1364762,16,31854
1365015,15,32393
1365015,16,32180
1365272,15,32425
1365272,16,32490
1365525,15,32436
1365525,16,32564
1365780,15,32450
1365780,16,32470
1366036,15,32445
1366036,16,32345
1366289,15,32440
1366289,16,32304
1366505,15,32452
1366505,16,32244
1366756,15,32456
1366756,16,32107
1367014,15,32426
1367014,16,31831
1367265,15,32459
1367265,16,31625
1367523,15,32455
1367523,16,31605
1367777,15,32477
1367777,16,31784
1368034,15,32508
1368034,16,32027
1368287,15,32540
1368287,16,32195
1368502,15,32537
1368502,16,32285
1368756,15,32609
1368756,16,32496
1369012,15,32654
1369012,16,32802
1369264,15,32668
1369264,16,33090
1369519,15,32688
1369519,16,33196
1369777,15,32698
1369777,16,33052
1370029,15,32683
1370029,16,32853
1370285,15,32702
1370285,16,32774
1370540,15,32716
1370540,16,32739
1370755,15,32720
1370755,16,32663
1371008,15,32743
1371008,16,32475
1371262,15,32728
1371262,16,32327
1371518,15,32752
1371518,16,32353
1371771,15,32789
1371771,16,32585
1372029,15,32811
1372029,16,32902
1372282,15,32848
1372282,16,33139
1372538,15,32886
1372538,16,33269
1372749,15,32902
1372749,16,33387
1373003,15,32911
1373003,16,33587
1373260,15,32939
1373260,16,33799
1373514,15,32968
1373514,16,33844
1373771,15,32938
1373771,16,33659
1374026,15,32967
1374026,16,33392
1374279,15,32944
1374279,16,33221
1374533,15,32951
1374533,16,33138
1374788,15,32942
1374788,16,33100
1375006,15,32948
1375006,16,33008
1375256,15,32940
1375256,16,32868
1375514,15,32965
1375514,16,32878
1375767,15,32974
1375767,16,33101
1376023,15,32987
1376023,16,33422
1376277,15,32992
1376277,16,33647
1376533,15,33020
1376533,16,33754
1376789,15,33004
1376789,16,33785
1377001,15,33014
1377001,16,33825
1377255,15,33013
1377255,16,33934
1377510,15,33005
1377510,16,33887
1377767,15,32980
1377767,16,33652
1378018,15,32946
1378018,16,33320
1378275,15,32932
1378275,16,33034
1378530,15,32928
1378530,16,32916
1378785,15,32903
1378785,16,32908
1379039,15,32905
1379039,16,32847
1379252,15,32852
1379252,16,32774
1379509,15,32854
1379509,16,32777
1379763,15,32866
1379763,16,32948
1380017,15,32870
1380017,16,33247
1380272,15,32856
1380272,16,33479
1380527,15,32873
1380527,16,33499
1380783,15,32855
1380783,16,33413
1381035,15,32823
1381035,16,33341
1381248,15,32818
1381248,16,33300
1381503,15,32805
1381503,16,33207
1381761,15,32750
1381761,16,32950
1382015,15,32714
1382015,16,32605
1382273,15,32670
1382273,16,32288
1382526,15,32652
1382526,16,32170
1382780,15,32647
1382780,16,32213
1383037,15,32614
1383037,16,32237
1383292,15,32599
1383292,16,32227
1383503,15,32590
1383503,16,32251
1383757,15,32585
1383757,16,32376
1384014,15,32599
1384014,16,32630
1384267,15,32586
1384267,16,32839
1384521,15,32590
1384521,16,32865
1384777,15,32570
1384777,16,32711
1385032,15,32528
1385032,16,32536
1385287,15,32509
1385287,16,32447
1385501,15,32504
1385501,16,32332
1385757,15,32474
1385757,16,32139
1386010,15,32450
1386010,16,31832
1386262,15,32410
1386262,16,31590
1386517,15,32397
1386517,16,31509
1386775,15,32395
1386775,16,31627
1387029,15,32420
1387029,16,31779
1387283,15,32394
1387283,16,31857
1387539,15,32399
1387539,16,31932
1387752,15,32432
1387752,16,32053
1388005,15,32418
1388005,16,32293
1388261,15,32438
1388261,16,32503
1388518,15,32421
1388518,16,32528
1388772,15,32428
1388772,16,32376
1389030,15,32428
1389030,16,32157
1389284,15,32389
1389284,16,32014
1389539,15,32437
1389539,16,31938
1389752,15,32394
1389752,16,31864
1390007,15,32398
1390007,16,31661
1390259,15,32372
1390259,16,31502
1390513,15,32407
1390513,16,31521
1390770,15,32399
1390770,16,31694
1391026,15,32439
1391026,16,31972
1391280,15,32486
1391280,16,32153
1391533,15,32475
1391533,16,32316
1391788,15,32510
1391788,16,32429
1392001,15,32531
1392001,16,32565
1392257,15,32565
1392257,16,32767
1392508,15,32552
1392508,16,32821
1392766,15,32555
1392766,16,32682
1393022,15,32564
1393022,16,32453
1393279,15,32561
1393279,16,32310
1393531,15,32584
1393531,16,32256
1393788,15,32598
1393788,16,32225
1393998,15,32600
1393998,16,32171
1394255,15,32621
1394255,16,32097
1394509,15,32649
1394509,16,32150
1394765,15,32670
1394765,16,32382
1395021,15,32701
1395021,16,32718
1395275,15,32741
1395275,16,32980
1395529,15,32762
1395529,16,33098
1395784,15,32776
1395784,16,33166
1396041,15,32813
1396041,16,33306
1396248,15,32835
1396248,16,33409
1396507,15,32831
1396507,16,33416
1396763,15,32843
1396763,16,33248
1397019,15,32813
1397019,16,33010
1397273,15,32837
1397273,16,32843
1397527,15,32852
1397527,16,32806
1397783,15,32843
1397783,16,32824
1398036,15,32874
1398036,16,32848
1398249,15,32880
1398249,16,32828
1398506,15,32898
1398506,16,32886
1398759,15,32924
1398759,16,33097
1399015,15,32935
1399015,16,33416
1399269,15,32961
1399269,16,33661
1399525,15,32988
1399525,16,33776
1399780,15,32973
1399780,16,33726
1400036,15,32973
1400036,16,33710
1400291,15,32985
1400291,16,33724
1400501,15,32998
1400501,16,33671
1400759,15,32984
1400759,16,33493
1401013,15,32968
1401013,16,33232
1401268,15,32940
1401268,16,32991
1401521,15,32930
1401521,16,32938
1401777,15,32917
1401777,16,32975
1402031,15,32922
1402031,16,33066
1402287,15,32922
1402287,16,33047
1402500,15,32917
1402500,16,33098
1402757,15,32933
1402757,16,33255
1403011,15,32944
1403011,16,33500
1403263,15,32941
1403263,16,33696
1403520,15,32948
1403520,16,33715
1403775,15,32922
1403775,16,33590
1404028,15,32920
1404028,16,33440
1404289,15,32891
1404289,16,33364
1404539,15,32868
1404539,16,33239
1404753,15,32867
1404753,16,33072
1405008,15,32830
1405008,16,32810
1405263,15,32769
1405263,16,32532
1405520,15,32756
1405520,16,32461
1405772,15,32744
1405772,16,32522
1406027,15,32748
1406027,16,32625
1406283,15,32760
1406283,16,32709
1406537,15,32732
1406537,16,32749
1406752,15,32721
1406752,16,32817
1407006,15,32725
1407006,16,33007
1407260,15,32718
1407260,16,33138
1407517,15,32706
1407517,16,33122
1407771,15,32703
1407771,16,32945
1408024,15,32628
1408024,16,32722
1408281,15,32596
1408281,16,32559
1408536,15,32587
1408536,16,32430
1408789,15,32564
1408789,16,32247
1409002,15,32533
1409002,16,32053
1409255,15,32528
1409255,16,31867
1409513,15,32506
1409513,16,31809
1409766,15,32497
1409766,16,31921
1410022,15,32500
1410022,16,32115
1410280,15,32501
1410280,16,32228
1410532,15,32499
1410532,16,32313
1410786,15,32489
1410786,16,32357
1411000,15,32478
1411000,16,32448
1411255,15,32501
1411255,16,32563
1411509,15,32475
1411509,16,32563
1411764,15,32453
1411764,16,32372
1412019,15,32420
1412019,16,32109
1412274,15,32410
1412274,16,31947
1412530,15,32405
1412530,16,31841
1412785,15,32389
1412785,16,31763
1413040,15,32389
1413040,16,31659
1413254,15,32387
1413254,16,31560
1413508,15,32383
1413508,16,31574
1413763,15,32391
1413763,16,31759
1414019,15,32410
1414019,16,32018
1414272,15,32451
1414272,16,32204
1414528,15,32461
1414528,16,32315
1414782,15,32454
1414782,16,32344
1415037,15,32474
1415037,16,32445
1415250,15,32480
1415250,16,32510
1415506,15,32476
1415506,16,32522
1415761,15,32492
1415761,16,32359
1416017,15,32477
1416017,16,32126
1416271,15,32475
1416271,16,31964
1416524,15,32485
1416524,16,31923
1416782,15,32495
1416782,16,31954
1417035,15,32528
1417035,16,31952
1417289,15,32518
1417289,16,31965
1417502,15,32531
1417502,16,32031
1417762,15,32564
1417762,16,32238
1418013,15,32603
1418013,16,32546
1418265,15,32646
1418265,16,32800
1418524,15,32652
1418524,16,32881
1418778,15,32682
1418778,16,32931
1419033,15,32687
1419033,16,32936
1419287,15,32697
1419287,16,32986
1419502,15,32698
1419502,16,32953
1419759,15,32705
1419759,16,32838
1420008,15,32692
1420008,16,32631
1420266,15,32714
1420266,16,32474
1420520,15,32714
1420520,16,32449
1420776,15,32756
1420776,16,32534
1421028,15,32759
1421028,16,32640
1421284,15,32780
1421284,16,32725
1421540,15,32808
1421540,16,32836
1421752,15,32815
1421752,16,33007
1422010,15,32846
1422010,16,33277
1422263,15,32897
1422263,16,33495
1422519,15,32899
1422519,16,33591
1422773,15,32905
1422773,16,33542
1423029,15,32909
1423029,16,33458
1423282,15,32911
1423282,16,33409
1423536,15,32898
1423536,16,33382
1423750,15,32919
1423750,16,33266
1424004,15,32906
1424004,16,33044
1424260,15,32909
1424260,16,32856
1424513,15,32908
1424513,16,32874
1424773,15,32921
1424773,16,32967
1425023,15,32897
1425023,16,33102
1425277,15,32932
1425277,16,33220
1425534,15,32929
1425534,16,33298
1425789,15,32960
1425789,16,33426
1426003,15,32938
1426003,16,33591
1426259,15,32981
1426259,16,33765
1426512,15,32973
1426512,16,33782
1426769,15,32948
1426769,16,33662
1427023,15,32938
1427023,16,33471
1427279,15,32926
1427279,16,33304
1427534,15,32910
1427534,16,33235
1427788,15,32906
1427788,16,33086
1427999,15,32859
1427999,16,32942
1428258,15,32853
1428258,16,32743
1428513,15,32871
1428513,16,32730
1428765,15,32841
1428765,16,32818
1429022,15,32840
1429022,16,32970
1429273,15,32865
1429273,16,33091
1429534,15,32842
1429534,16,33129
1429783,15,32850
1429783,16,33191
1430044,15,32817
1430044,16,33287
1430254,15,32818
1430254,16,33366
1430508,15,32790
1430508,16,33319
1430763,15,32785
1430763,16,33140
1431017,15,32750
1431017,16,32883
1431273,15,32713
1431273,16,32676
1431527,15,32678
1431527,16,32559
1431782,15,32673
1431782,16,32447
1432035,15,32643
1432035,16,32288
1432248,15,32636
1432248,16,32204
1432507,15,32602
1432507,16,32178
1432760,15,32612
1432760,16,32294
1433013,15,32618
1433013,16,32478
1433272,15,32603
1433272,16,32625
1434417,15,32559
1434417,16,32675
1434672,15,32552
1434672,16,32517
1434925,15,32503
1434925,16,32305
1435180,15,32493
1435180,16,32039
1435438,15,32475
1435438,16,31885
1435693,15,32460
1435693,16,31859
1435945,15,32465
1435945,16,31843
1436201,15,32441
1436201,16,31798
1436457,15,32460
1436457,16,31760
1436670,15,32452
1436670,16,31878
1436927,15,32449
1436927,16,32092
1437180,15,32431
1437180,16,32305
1437432,15,32458
1437432,16,32395
1437687,15,32457
1437687,16,32397
1437945,15,32458
1437945,16,32342
1438199,15,32463
1438199,16,32365
1438454,15,32441
1438454,16,32340
1438669,15,32463
1438669,16,32227
1438924,15,32438
1438924,16,32013
1439178,15,32440
1439178,16,31820
1439432,15,32430
1439432,16,31735
1439687,15,32419
1439687,16,31791
1439941,15,32433
1439941,16,31847
1440199,15,32454
1440199,16,31919
1440453,15,32470
1440453,16,31991
1440709,15,32501
1440709,16,32148
1440920,15,32505
1440920,16,32334
1441176,15,32530
1441176,16,32566
1441430,15,32581
1441430,16,32701
1441683,15,32571
1441683,16,32680
1441942,15,32582
1441942,16,32613
1442195,15,32581
1442195,16,32582
1442450,15,32622
1442450,16,32555
1442706,15,32592
1442706,16,32477
1442916,15,32618
1442916,16,32356
1443173,15,32594
1443173,16,32210
1443429,15,32640
1443429,16,32191
1443682,15,32641
1443682,16,32255
1443938,15,32636
1443938,16,32427
1444193,15,32656
1444193,16,32557
1444448,15,32706
1444448,16,32676
1444703,15,32738
1444703,16,32826
1444958,15,32763
1444958,16,33039
1445171,15,32788
1445171,16,33194
1445424,15,32807
1445424,16,33311
1445679,15,32786
1445679,16,33265
1445934,15,32808
1445934,16,33156
1446190,15,32829
1446190,16,33059
1446445,15,32822
1446445,16,33019
1446701,15,32833
1446701,16,32942
1446954,15,32842
1446954,16,32829
1447168,15,32835
1447168,16,32746
1447425,15,32849
1447425,16,32729
1447676,15,32845
1447676,16,32815
1447934,15,32865
1447934,16,33012
1448187,15,32903
1448187,16,33208
1448444,15,32910
1448444,16,33310
1448696,15,32921
1448696,16,33394
1448952,15,32932
1448952,16,33517
1449209,15,32924
1449209,16,33652
1449421,15,32953
1449421,16,33675
1449675,15,32949
1449675,16,33588
1449930,15,32917
1449930,16,33415
1450187,15,32922
1450187,16,33253
1450439,15,32915
1450439,16,33153
1450697,15,32911
1450697,16,33082
1450950,15,32905
1450950,16,33001
1451204,15,32893
1451204,16,32903
1451419,15,32900
1451419,16,32895
1451670,15,32893
1451670,16,32981
1451930,15,32898
1451930,16,33149
1452181,15,32908
1452181,16,33332
1452437,15,32918
1452437,16,33400
1452695,15,32910
1452695,16,33422
1452944,15,32897
1452944,16,33447
1453203,15,32897
1453203,16,33482
1453457,15,32883
1453457,16,33436
1453671,15,32849
1453671,16,33319
1453927,15,32838
1453927,16,33073
1454178,15,32827
1454178,16,32842
1454437,15,32776
1454437,16,32732
1454688,15,32753
1454688,16,32684
1454944,15,32772
1454944,16,32635
1455201,15,32740
1455201,16,32566
1455454,15,32715
1455454,16,32543
1455666,15,32724
1455666,16,32623
1455923,15,32736
1455923,16,32791
1456176,15,32740
1456176,16,32946
1456433,15,32727
1456433,16,32970
1456688,15,32687
1456688,16,32944
1456944,15,32701
1456944,16,32890
1457201,15,32681
1457201,16,32862
1457451,15,32633
1457451,16,32790
1457709,15,32635
1457709,16,32623
1457922,15,32583
1457922,16,32428
1458176,15,32575
1458176,16,32191
1458429,15,32555
1458429,16,32076
1458685,15,32541
1458685,16,32066
1458939,15,32519
1458939,16,32102
1459193,15,32514
1459193,16,32122
1459451,15,32506
1459451,16,32088
1459704,15,32494
1459704,16,32202
1459919,15,32527
1459919,16,32340
1460176,15,32511
1460176,16,32488
1460430,15,32531
1460430,16,32545
1460683,15,32506
1460683,16,32517
1460938,15,32505
1460938,16,32400
1461192,15,32485
1461192,16,32322
1461447,15,32493
1461447,16,32248
1461703,15,32449
1461703,16,32122
1461957,15,32436
1461957,16,31957
1462167,15,32421
1462167,16,31818
1462424,15,32426
1462424,16,31736
1462682,15,32439
1462682,16,31792
1462939,15,32433
1462939,16,31905
1463192,15,32447
1463192,16,31979
1463445,15,32438
1463445,16,32077
1463699,15,32479
1463699,16,32185
1463954,15,32499
1463954,16,32340
1464167,15,32490
1464167,16,32483
1464423,15,32504
1464423,16,32536
1464679,15,32510
1464679,16,32495
1464934,15,32495
1464934,16,32404
1465187,15,32530
1465187,16,32315
1465444,15,32526
1465444,16,32255
1465698,15,32528
1465698,16,32180
1465954,15,32521
1465954,16,32084
1466209,15,32538
1466209,16,31987
1466419,15,32524
1466419,16,31970
1466675,15,32547
1466675,16,32093
1466932,15,32580
1466932,16,32295
1467186,15,32593
1467186,16,32442
1467442,15,32625
1467442,16,32578
1467694,15,32626
1467694,16,32644
1467950,15,32674
1467950,16,32805
1468204,15,32677
1468204,16,32917
1468413,15,32704
1468413,16,33000
1468673,15,32695
1468673,16,32924
1468929,15,32690
1468929,16,32810
1469182,15,32733
1469182,16,32699
1469436,15,32712
1469436,16,32633
1469692,15,32740
1469692,16,32643
1469946,15,32714
1469946,16,32596
1470202,15,32733
1470202,16,32528
1470456,15,32746
1470456,16,32584
1470669,15,32788
1470669,16,32697
1470925,15,32819
1470925,16,32883
1471181,15,32811
1471181,16,33100
1471436,15,32840
1471436,16,33238
1471687,15,32846
1471687,16,33280
1471946,15,32872
1471946,16,33369
1472201,15,32893
1472201,16,33436
1472456,15,32897
1472456,16,33434
1472671,15,32902
1472671,16,33358
1472923,15,32887
1472923,16,33216
1473179,15,32868
1473179,16,33060
1473434,15,32890
1473434,16,32969
1473687,15,32891
1473687,16,32956
1473942,15,32898
1473942,16,32962
1474199,15,32888
1474199,16,32962
1474454,15,32878
1474454,16,32987
1474706,15,32924
1474706,16,33095
1474922,15,32901
1474922,16,33264
1475176,15,32928
1475176,16,33418
1475431,15,32929
1475431,16,33497
1475687,15,32935
1475687,16,33498
1475936,15,32935
1475936,16,33477
1476199,15,32928
1476199,16,33471
1476449,15,32899
1476449,16,33418
1476707,15,32895
1476707,16,33288
1476919,15,32880
1476919,16,33110
1477171,15,32851
1477171,16,32938
1477427,15,32839
1477427,16,32844
1477684,15,32836
1477684,16,32825
1477936,15,32847
1477936,16,32844
1478192,15,32820
1478192,16,32851
1478449,15,32806
1478449,16,32901
1478700,15,32808
1478700,16,32957
1478956,15,32811
1478956,16,33078
1479168,15,32809
1479168,16,33213
1479427,15,32822
1479427,16,33251
1479681,15,32794
1479681,16,33195
1479936,15,32768
1479936,16,33072
1480187,15,32771
1480187,16,32977
1480445,15,32748
1480445,16,32904
1480699,15,32706
1480699,16,32762
1480955,15,32679
1480955,16,32576
1481167,15,32696
1481167,16,32428
1481422,15,32646
1481422,16,32296
1481679,15,32624
1481679,16,32325
1481930,15,32615
1481930,16,32376
1482188,15,32620
1482188,16,32423
1482441,15,32617
1482441,16,32470
1482702,15,32596
1482702,16,32533
1482953,15,32588
1482953,16,32633
1483206,15,32613
1483206,16,32732
1483419,15,32605
1483419,16,32746
1483674,15,32585
1483674,16,32679
1483931,15,32581
1483931,16,32512
1484187,15,32541
1484187,16,32382
1484443,15,32519
1484443,16,32271
1484694,15,32516
1484694,16,32160
1484952,15,32489
1484952,16,32040
1485206,15,32470
1485206,16,31914
1485418,15,32478
1485418,16,31891
1485674,15,32454
1485674,16,31916
1485929,15,32484
1485929,16,32040
1486182,15,32478
1486182,16,32165
1486436,15,32476
1486436,16,32235
1486693,15,32488
1486693,16,32288
1486946,15,32493
1486946,16,32382
1487202,15,32510
1487202,16,32456
1487458,15,32501
1487458,16,32474
1487669,15,32512
1487669,16,32413
1487923,15,32480
1487923,16,32253
1488181,15,32483
1488181,16,32137
1488435,15,32479
1488435,16,32062
1488687,15,32458
1488687,16,32025
1488946,15,32479
1488946,16,31956
1489200,15,32479
1489200,16,31935
1489459,15,32495
1489459,16,31945
1489668,15,32505
1489668,16,32027
1489923,15,32515
1489923,16,32214
1490178,15,32540
1490178,16,32369
1490432,15,32564
1490432,16,32485
1490686,15,32576
1490686,16,32556
1490940,15,32560
1490940,16,32630
1491197,15,32600
1491197,16,32672
1491453,15,32619
1491453,16,32697
1491705,15,32620
1491705,16,32616
1491920,15,32616
1491920,16,32485
1492173,15,32607
1492173,16,32389
1492431,15,32632
1492431,16,32340
1492687,15,32638
1492687,16,32344
1492942,15,32653
1492942,16,32387
1493197,15,32653
1493197,16,32393
1493448,15,32684
1493448,16,32447
1493705,15,32697
1493705,16,32602
1493916,15,32699
1493916,16,32752
1494173,15,32742
1494173,16,32935
1494428,15,32749
1494428,16,33055
1494683,15,32754
1494683,16,33098
1494937,15,32786
1494937,16,33115
1495190,15,32805
1495190,16,33138
1495445,15,32798
1495445,16,33136
1495703,15,32801
1495703,16,33041
1495957,15,32804
1495957,16,32929
1496168,15,32794
1496168,16,32822
1496426,15,32829
1496426,16,32774
1496681,15,32829
1496681,16,32808
1496936,15,32832
1496936,16,32856
1497190,15,32823
1497190,16,32946
1497445,15,32841
1497445,16,32974
1497699,15,32861
1497699,16,33128
1497956,15,32874
1497956,16,33247
1498169,15,32879
1498169,16,33402
1498424,15,32913
1498424,16,33468
1498679,15,32909
1498679,16,33445
1498933,15,32909
1498933,16,33424
1499188,15,32886
1499188,16,33337
1499442,15,32908
1499442,16,33302
1499698,15,32906
1499698,16,33198
1499950,15,32885
1499950,16,33075
1500206,15,32863
1500206,16,32952
1500421,15,32890
1500421,16,32874
1500675,15,32892
1500675,16,32901
1500930,15,32860
1500930,16,32985
1501183,15,32864
1501183,16,33053
1501441,15,32866
1501441,16,33104
1501695,15,32868
1501695,16,33186
1501950,15,32870
1501950,16,33263
1502207,15,32868
1502207,16,33373
1502418,15,32875
1502418,16,33395
1502672,15,32864
1502672,16,33312
1502929,15,32845
1502929,16,33188
1503182,15,32835
1503182,16,33077
1503437,15,32802
1503437,16,32988
1503691,15,32795
1503691,16,32896
1503948,15,32770
1503948,16,32745
1504201,15,32741
1504201,16,32619
1504455,15,32735
1504455,16,32562
1504674,15,32743
1504674,16,32603
1504926,15,32719
1504926,16,32687
1505179,15,32733
1505179,16,32746
1505434,15,32703
1505434,16,32790
1505689,15,32707
1505689,16,32817
1505945,15,32697
1505945,16,32893
1506198,15,32699
1506198,16,32936
1506457,15,32685
1506457,16,32920
1506669,15,32667
1506669,16,32813
1506922,15,32642
1506922,16,32645
1507177,15,32634
1507177,16,32493
1507433,15,32608
1507433,16,32375
1507688,15,32587
1507688,16,32303
1507941,15,32576
1507941,16,32218
1508196,15,32541
1508196,16,32137
1508449,15,32552
1508449,16,32099
1508705,15,32543
1508705,16,32169
1508922,15,32545
1508922,16,32294
1509176,15,32525
1509176,16,32372
1509432,15,32544
1509432,16,32459
1509684,15,32519
1509684,16,32466
1509937,15,32519
1509937,16,32488
1510195,15,32523
1510195,16,32484
1510448,15,32521
1510448,16,32470
1510703,15,32500
1510703,16,32377
1510916,15,32496
1510916,16,32233
1511172,15,32490
1511172,16,32109
1511429,15,32478
1511429,16,32005
1511681,15,32484
1511681,16,31986
1511938,15,32482
1511938,16,31978
1512192,15,32474
1512192,16,31964
1512448,15,32480
1512448,16,31976
1512701,15,32490
1512701,16,32089
1512957,15,32496
1512957,16,32243
1513170,15,32499
1513170,16,32375
1513425,15,32517
1513425,16,32436
1513678,15,32514
1513678,16,32475
1513936,15,32548
1513936,16,32508
1514190,15,32552
1514190,16,32480
1514444,15,32549
1514444,16,32443
1514699,15,32552
1514699,16,32378
1514953,15,32565
1514953,16,32265
1515166,15,32548
1515166,16,32158
1515421,15,32563
1515421,16,32122
1515677,15,32567
1515677,16,32153
1515933,15,32571
1515933,16,32217
1516185,15,32572
1516185,16,32283
1516443,15,32598
1516443,16,32349
1516696,15,32628
1516696,16,32467
1516953,15,32628
1516953,16,32644
1517208,15,32678
1517208,16,32816
1517418,15,32672
1517418,16,32874
1517674,15,32662
1517674,16,32853
1517931,15,32708
1517931,16,32852
1518183,15,32720
1518183,16,32831
1518442,15,32701
1518442,16,32813
1518693,15,32705
1518693,16,32737
1518951,15,32702
1518951,16,32655
1519205,15,32725
1519205,16,32567
1519419,15,32741
1519419,16,32571
1519672,15,32729
1519672,16,32623
1519928,15,32759
1519928,16,32712
1520182,15,32772
1520182,16,32833
1520438,15,32793
1520438,16,32920
1520694,15,32792
1520694,16,33004
1520950,15,32835
1520950,16,33151
1521199,15,32839
1521199,16,33289
1521460,15,32831
1521460,16,33306
1521669,15,32843
1521669,16,33306
1521926,15,32856
1521926,16,33224
1522181,15,32858
1522181,16,33154
1522435,15,32852
1522435,16,33100
1522690,15,32852
1522690,16,33064
1522945,15,32857
1522945,16,32963
1523199,15,32861
1523199,16,32873
1523457,15,32866
1523457,16,32872
1523670,15,32880
1523670,16,32938
1523922,15,32860
1523922,16,33057
1524176,15,32883
1524176,16,33162
1524432,15,32869
1524432,16,33225
1524690,15,32880
1524690,16,33265
1524942,15,32896
1524942,16,33334
1525196,15,32889
1525196,16,33404
1525450,15,32890
1525450,16,33388
1525707,15,32889
1525707,16,33326
1525920,15,32876
1525920,16,33220
1526177,15,32874
1526177,16,33086
1526431,15,32841
1526431,16,33000
1526684,15,32829
1526684,16,32952
1526939,15,32821
1526939,16,32872
1527194,15,32812
1527194,16,32782
1527450,15,32781
1527450,16,32763
1527704,15,32769
1527704,16,32844
1527919,15,32801
1527919,16,32903
1528175,15,32798
1528175,16,33017
1528426,15,32775
1528426,16,33060
1528682,15,32782
1528682,16,33051
1528936,15,32773
1528936,16,33071
1529192,15,32772
1529192,16,33074
1529447,15,32752
1529447,16,33026
1529705,15,32753
1529705,16,32926
1529961,15,32708
1529961,16,32742
1530170,15,32716
1530170,16,32645
1530426,15,32668
1530426,16,32517
1530682,15,32676
1530682,16,32493
1530934,15,32657
1530934,16,32426
1531191,15,32650
1531191,16,32388
1531446,15,32643
1531446,16,32403
1531700,15,32631
1531700,16,32431
1531953,15,32645
1531953,16,32547
1532165,15,32632
1532165,16,32638
1532423,15,32622
1532423,16,32671
1532680,15,32610
1532680,16,32651
1532931,15,32595
1532931,16,32613
1533188,15,32593
1533188,16,32582
1533443,15,32576
1533443,16,32528
1533700,15,32555
1533700,16,32405
1533955,15,32528
1533955,16,32264
1534207,15,32521
1534207,16,32128
1534417,15,32512
1534417,16,32079
1534675,15,32480
1534675,16,32084
1534931,15,32522
1534931,16,32075
1535185,15,32498
1535185,16,32105
1535441,15,32517
1535441,16,32143
1535695,15,32506
1535695,16,32209
1535951,15,32517
1535951,16,32329
1536203,15,32525
1536203,16,32420
1536417,15,32511
1536417,16,32478
1536673,15,32525
1536673,16,32453
1536928,15,32512
1536928,16,32408
1537185,15,32507
1537185,16,32369
1537438,15,32506
1537438,16,32308
1537692,15,32518
1537692,16,32253
1537946,15,32518
1537946,16,32148
1538203,15,32510
1538203,16,32036
1538460,15,32520
1538460,16,32027
1538671,15,32501
1538671,16,32078
1538923,15,32502
1538923,16,32137
1539181,15,32534
1539181,16,32228
1539432,15,32535
1539432,16,32304
1539689,15,32557
1539689,16,32406
1539946,15,32558
1539946,16,32512
1540200,15,32597
1540200,16,32627
1540457,15,32597
1540457,16,32684
1540666,15,32610
1540666,16,32661
1540925,15,32603
1540925,16,32589
1541181,15,32589
1541181,16,32527
1541431,15,32628
1541431,16,32530
1541686,15,32616
1541686,16,32489
1541943,15,32630
1541943,16,32429
1542200,15,32634
1542200,16,32364
1542456,15,32658
1542456,16,32400
1542710,15,32644
1542710,16,32493
1542920,15,32693
1542920,16,32585
1543176,15,32701
1543176,16,32714
1543429,15,32723
1543429,16,32810
1543686,15,32746
1543686,16,32904
1543940,15,32741
1543940,16,32982
1544194,15,32753
1544194,16,33069
1544450,15,32769
1544450,16,33125
1544705,15,32767
1544705,16,33077
1544917,15,32785
1544917,16,32989
1545173,15,32792
1545173,16,32911
1545428,15,32783
1545428,16,32878
1545682,15,32778
1545682,16,32859
1545938,15,32803
1545938,16,32827
1546190,15,32784
1546190,16,32823
1546446,15,32815
1546446,16,32829
1546702,15,32831
1546702,16,32898
1546959,15,32866
1546959,16,33035
1547171,15,32834
1547171,16,33136
1547426,15,32873
1547426,16,33212
1547680,15,32867
1547680,16,33254
1547936,15,32872
1547936,16,33280
1548190,15,32874
1548190,16,33322
1548445,15,32887
1548445,16,33346
1548699,15,32876
1548699,16,33236
1548953,15,32849
1548953,16,33151
1549167,15,32854
1549167,16,33044
1549421,15,32866
1549421,16,32973
1549677,15,32844
1549677,16,32973
1549934,15,32871
1549934,16,32961
1550189,15,32827
1550189,16,32916
1550442,15,32846
1550442,16,32911
1550696,15,32848
1550696,16,33018
1550953,15,32860
1550953,16,33114
1551209,15,32855
1551209,16,33181
1551419,15,32840
1551419,16,33236
1551674,15,32835
1551674,16,33216
1551931,15,32828
1551931,16,33192
1552187,15,32829
1552187,16,33171
1552439,15,32825
1552439,16,33125
1552696,15,32811
1552696,16,33006
1552949,15,32764
1552949,16,32853
1553206,15,32770
1553206,16,32759
1553416,15,32744
1553416,16,32702
1553672,15,32757
1553672,16,32654
1553929,15,32728
1553929,16,32647
1554184,15,32708
1554184,16,32658
1554437,15,32724
1554437,16,32667
1554693,15,32692
1554693,16,32717
1554949,15,32689
1554949,16,32801
1555202,15,32699
1555202,16,32859
1555457,15,32685
1555457,16,32870
1555665,15,32683
1555665,16,32848
1555924,15,32704
1555924,16,32742
1556180,15,32663
1556180,16,32684
1556433,15,32638
1556433,16,32609
1556692,15,32643
1556692,16,32530
1556943,15,32605
1556943,16,32406
1557201,15,32589
1557201,16,32277
1557454,15,32579
1557454,16,32227
1557667,15,32582
1557667,16,32232
1557923,15,32554
1557923,16,32269
1558175,15,32559
1558175,16,32324
1558429,15,32552
1558429,16,32340
1558686,15,32582
1558686,16,32379
1558942,15,32562
1558942,16,32454
1559201,15,32569
1559201,16,32520
1559452,15,32551
1559452,16,32544
1559707,15,32537
1559707,16,32463
1559920,15,32538
1559920,16,32406
1560175,15,32527
1560175,16,32323
1560431,15,32518
1560431,16,32275
1560687,15,32523
1560687,16,32207
1560937,15,32508
1560937,16,32126
1561193,15,32492
1561193,16,32058
1561449,15,32499
1561449,16,32039
1561706,15,32489
1561706,16,32104
1561920,15,32500
1561920,16,32168
1562172,15,32534
1562172,16,32270
1562428,15,32522
1562428,16,32341
1562682,15,32535
1562682,16,32398
1562937,15,32550
1562937,16,32458
1563192,15,32532
1563192,16,32506
1563446,15,32549
1563446,16,32526
1563704,15,32557
1563704,16,32488
1563958,15,32562
1563958,16,32419
1564172,15,32552
1564172,16,32349
1564428,15,32555
1564428,16,32296
1564679,15,32560
1564679,16,32310
1564934,15,32581
1564934,16,32273
1565192,15,32578
1565192,16,32249
1565446,15,32595
1565446,16,32282
1565701,15,32622
1565701,16,32369
1565951,15,32622
1565951,16,32489
1566164,15,32633
1566164,16,32596
1566423,15,32654
1566423,16,32691
1566677,15,32641
1566677,16,32735
1566936,15,32684
1566936,16,32805
1567188,15,32686
1567188,16,32839
1567443,15,32670
1567443,16,32855
1567696,15,32695
1567696,16,32823
1567954,15,32710
1567954,16,32728
1568208,15,32703
1568208,16,32690
1568420,15,32725
1568420,16,32641
1568677,15,32701
1568677,16,32646
1568930,15,32737
1568930,16,32666
1569187,15,32735
1569187,16,32681
1569438,15,32753
1569438,16,32735
1569695,15,32775
1569695,16,32824
1569951,15,32778
1569951,16,32951
1570203,15,32804
1570203,16,33084
1570418,15,32815
1570418,16,33144
1570671,15,32825
1570671,16,33184
1570928,15,32826
1570928,16,33183
1571184,15,32845
1571184,16,33184
1571435,15,32849
1571435,16,33159
1571694,15,32845
1571694,16,33105
1571950,15,32841
1571950,16,33020
1572203,15,32872
1572203,16,32936
1572456,15,32854
1572456,16,32890
1572672,15,32822
1572672,16,32908
1572923,15,32839
1572923,16,32934
1573183,15,32846
1573183,16,32975
1573436,15,32838
1573436,16,32998
1573688,15,32850
1573688,16,33064
1573945,15,32868
1573945,16,33177
1574201,15,32861
1574201,16,33263
1574453,15,32859
1574453,16,33280
1574667,15,32864
1574667,16,33277
1574924,15,32868
1574924,16,33233
1575177,15,32848
1575177,16,33160
1575431,15,32851
1575431,16,33105
1575689,15,32815
1575689,16,33061
1575940,15,32823
1575940,16,32938
1576197,15,32797
1576197,16,32848
1576453,15,32823
1576453,16,32785
1576709,15,32787
1576709,16,32817
1576920,15,32785
1576920,16,32829
1577175,15,32804
1577175,16,32883
1577432,15,32792
1577432,16,32898
1577686,15,32757
1577686,16,32931
1577939,15,32772
1577939,16,32995
1578196,15,32780
1578196,16,33042
1578453,15,32780
1578453,16,33031
1578706,15,32741
1578706,16,32981
1578918,15,32739
1578918,16,32908
1579171,15,32715
1579171,16,32805
1579426,15,32709
1579426,16,32734
1579681,15,32687
1579681,16,32652
1579937,15,32672
1579937,16,32534
1580193,15,32652
1580193,16,32463
1580449,15,32647
1580449,16,32413
1580702,15,32623
1580702,16,32449
1580958,15,32630
1580958,16,32507
1581167,15,32643
1581167,16,32549
1581425,15,32623
1581425,16,32568
1581680,15,32636
1581680,16,32584
1581935,15,32625
1581935,16,32612
1582190,15,32602
1582190,16,32668
1582443,15,32603
1582443,16,32642
1582700,15,32573
1582700,16,32569
1582955,15,32580
1582955,16,32467
1583166,15,32576
1583166,16,32360
1583421,15,32549
1583421,16,32304
1583677,15,32533
1583677,16,32256
1583933,15,32530
1583933,16,32211
1584189,15,32525
1584189,16,32150
1584442,15,32512
1584442,16,32107
1584697,15,32539
1584697,16,32192
1584954,15,32547
1584954,16,32280
1585208,15,32516
1585208,16,32342
1585418,15,32536
1585418,16,32396
1585674,15,32541
1585674,16,32405
1585930,15,32541
1585930,16,32468
1586187,15,32532
1586187,16,32451
1586441,15,32550
1586441,16,32452
1586694,15,32546
1586694,16,32406
1586950,15,32555
1586950,16,32296
1587209,15,32537
1587209,16,32242
1587419,15,32532
1587419,16,32176
1587673,15,32543
1587673,16,32173
1587930,15,32549
1587930,16,32176
1588182,15,32540
1588182,16,32199
1588438,15,32541
1588438,16,32233
1588692,15,32553
1588692,16,32312
1588950,15,32582
1588950,16,32420
1589203,15,32584
1589203,16,32532
1589456,15,32604
1589456,16,32579
1589670,15,32599
1589670,16,32604
1589924,15,32606
1589924,16,32619
1590179,15,32632
1590179,16,32655
1590435,15,32630
1590435,16,32617
1590690,15,32636
1590690,16,32616
1590944,15,32637
1590944,16,32512
1591198,15,32658
1591198,16,32456
1591455,15,32648
1591455,16,32457
1591666,15,32671
1591666,16,32485
1591922,15,32674
1591922,16,32524
1592178,15,32697
1592178,16,32558
1592434,15,32695
1592434,16,32624
1592690,15,32731
1592690,16,32715
1592944,15,32703
1592944,16,32847
1593199,15,32732
1593199,16,32953
1593452,15,32737
1593452,16,32986
1593706,15,32752
1593706,16,33006
1593918,15,32771
1593918,16,32975
1594174,15,32782
1594174,16,32954
1594429,15,32777
1594429,16,32954
1594686,15,32787
1594686,16,32907
1594940,15,32794
1594940,16,32833
1595195,15,32785
1595195,16,32800
1595448,15,32786
1595448,16,32779
1595703,15,32804
1595703,16,32814
1595918,15,32792
1595918,16,32885
1596170,15,32806
1596170,16,32942
1596424,15,32821
1596424,16,33002
1596681,15,32813
1596681,16,33054
1596936,15,32825
1596936,16,33154
1597192,15,32836
1597192,16,33212
1597446,15,32837
1597446,16,33251
1597702,15,32843
1597702,16,33218
1597955,15,32852
1597955,16,33166
1598169,15,32859
1598169,16,33126
1598427,15,32856
1598427,16,33074
1598679,15,32830
1598679,16,32993
1598935,15,32822
1598935,16,32937
1599189,15,32837
1599189,16,32880
1599445,15,32813
1599445,16,32880
1599700,15,32835
1599700,16,32903
1599955,15,32803
1599955,16,32972
1600170,15,32799
1600170,16,33012
1600423,15,32833
1600423,16,33056
1600678,15,32804
1600678,16,33099
1600932,15,32826
1600932,16,33113
1601186,15,32816
1601186,16,33137
1601443,15,32799
1601443,16,33139
1601699,15,32781
1601699,16,33064
1601952,15,32786
1601952,16,32958
1602209,15,32760
1602209,16,32875
1602419,15,32765
1602419,16,32810
1602672,15,32754
1602672,16,32781
1602933,15,32743
1602933,16,32700
1603185,15,32734
1603185,16,32633
1603441,15,32730
1603441,16,32639
1603695,15,32712
1603695,16,32653
1603949,15,32712
1603949,16,32729
1604206,15,32701
1604206,16,32770
1604418,15,32701
1604418,16,32804
1604673,15,32703
1604673,16,32797
1604930,15,32692
1604930,16,32807
1605184,15,32663
1605184,16,32775
1605437,15,32659
1605437,16,32750
1605690,15,32655
1605690,16,32654
1605948,15,32614
1605948,16,32560
1606201,15,32612
1606201,16,32463
1606456,15,32603
1606456,16,32404
1606669,15,32607
1606669,16,32351
1606925,15,32596
1606925,16,32350
1607181,15,32579
1607181,16,32310
1607434,15,32571
1607434,16,32303
1607691,15,32583
1607691,16,32340
1607942,15,32574
1607942,16,32414
1608201,15,32577
1608201,16,32489
1608454,15,32563
1608454,16,32501
1608668,15,32570
1608668,16,32507
1608923,15,32573
1608923,16,32490
1609177,15,32573
1609177,16,32475
1609430,15,32549
1609430,16,32449
1609687,15,32555
1609687,16,32359
1609941,15,32538
1609941,16,32297
1610200,15,32521
1610200,16,32222
1610455,15,32526
1610455,16,32170
1610709,15,32548
1610709,16,32198
1610920,15,32549
1610920,16,32197
1611176,15,32531
1611176,16,32204
1611431,15,32542
1611431,16,32252
1611688,15,32558
1611688,16,32316
1611942,15,32554
1611942,16,32393
1612196,15,32573
1612196,16,32496
1612452,15,32574
1612452,16,32493
1612706,15,32571
1612706,16,32515
1612917,15,32572
1612917,16,32498
1613173,15,32562
1613173,16,32484
1613423,15,32590
1613423,16,32458
1613684,15,32606
1613684,16,32417
1613936,15,32584
1613936,16,32360
1614192,15,32589
1614192,16,32315
1614447,15,32585
1614447,16,32324
1614702,15,32597
1614702,16,32368
1614956,15,32595
1614956,16,32425
1615169,15,32633
1615169,16,32458
1615427,15,32640
1615427,16,32531
1615678,15,32656
1615678,16,32599
1615935,15,32656
1615935,16,32700
1616192,15,32674
1616192,16,32785
1616444,15,32702
1616444,16,32823
1616698,15,32701
1616698,16,32804
1616953,15,32693
1616953,16,32773
1617171,15,32727
1617171,16,32753
1617421,15,32698
1617421,16,32738
1617676,15,32707
1617676,16,32688
1617934,15,32706
1617934,16,32668
1618188,15,32724
1618188,16,32658
1618444,15,32749
1618444,16,32680
1618699,15,32729
1618699,16,32719
1618952,15,32762
1618952,16,32808
1619210,15,32788
1619210,16,32881
1619422,15,32779
1619422,16,32941
1619678,15,32796
1619678,16,33001
1619929,15,32801
1619929,16,33077
1620184,15,32799
1620184,16,33113
1620441,15,32804
1620441,16,33120
1620695,15,32816
1620695,16,33108
1620950,15,32824
1620950,16,33033
1621208,15,32830
1621208,16,32972
1621419,15,32811
1621419,16,32967
1621670,15,32811
1621670,16,32926
1621927,15,32814
1621927,16,32903
1622180,15,32817
1622180,16,32892
1622438,15,32814
1622438,16,32885
1622691,15,32819
1622691,16,32954
1622946,15,32821
1622946,16,33025
1623203,15,32834
1623203,16,33089
1623457,15,32822
1623457,16,33127
1623669,15,32839
1623669,16,33128
1623925,15,32838
1623925,16,33143
1624176,15,32844
1624176,16,33170
1624437,15,32813
1624437,16,33131
1624689,15,32823
1624689,16,33081
1624946,15,32781
1624946,16,32998
1625203,15,32813
1625203,16,32914
1625453,15,32808
1625453,16,32864
1625668,15,32796
1625668,16,32876
1625922,15,32769
1625922,16,32806
1626177,15,32782
1626177,16,32783
1626429,15,32760
1626429,16,32799
1626689,15,32771
1626689,16,32852
1626943,15,32775
1626943,16,32890
1627198,15,32755
1627198,16,32960
1627452,15,32747
1627452,16,32974
1627709,15,32755
1627709,16,32940
1627921,15,32727
1627921,16,32944
1628176,15,32738
1628176,16,32892
1628430,15,32732
1628430,16,32858
1628684,15,32722
1628684,16,32760
1628941,15,32696
1628941,16,32685
1629194,15,32666
1629194,16,32580
1629451,15,32686
1629451,16,32532
1629705,15,32658
1629705,16,32504
1629918,15,32669
1629918,16,32502
1630173,15,32648
1630173,16,32501
1630426,15,32651
1630426,16,32504
1630681,15,32634
1630681,16,32544
1630939,15,32636
1630939,16,32619
1631192,15,32639
1631192,16,32647
1631448,15,32622
1631448,16,32664
1631702,15,32642
1631702,16,32624
1631955,15,32617
1631955,16,32560
1632172,15,32595
1632172,16,32528
1632423,15,32590
1632423,16,32492
1632681,15,32593
1632681,16,32424
1632937,15,32584
1632937,16,32323
1633191,15,32565
1633191,16,32274
1633445,15,32556
1633445,16,32242
1633701,15,32544
1633701,16,32240
1633953,15,32562
1633953,16,32270
1634167,15,32569
1634167,16,32312
1634424,15,32558
1634424,16,32338
1634678,15,32558
1634678,16,32366
1634930,15,32559
1634930,16,32441
1635189,15,32564
1635189,16,32481
1635444,15,32551
1635444,16,32491
1635698,15,32560
1635698,16,32478
1635954,15,32562
1635954,16,32431
1636209,15,32566
1636209,16,32391
1636423,15,32570
1636423,16,32351
1636674,15,32538
1636674,16,32310
1636930,15,32537
1636930,16,32274
1637185,15,32543
1637185,16,32233
1637442,15,32558
1637442,16,32250
1637694,15,32557
1637694,16,32286
1637952,15,32598
1637952,16,32359
1638207,15,32571
1638207,16,32422
1638419,15,32597
1638419,16,32460
1638671,15,32592
1638671,16,32526
1638930,15,32619
1638930,16,32593
1639180,15,32631
1639180,16,32652
1639439,15,32635
1639439,16,32673
1639695,15,32648
1639695,16,32632
1639951,15,32635
1639951,16,32605
1640202,15,32625
1640202,16,32539
1640456,15,32649
1640456,16,32563
1640670,15,32650
1640670,16,32545
1640923,15,32662
1640923,16,32533
1641181,15,32672
1641181,16,32523
1641435,15,32668
1641435,16,32545
1641690,15,32679
1641690,16,32625
1641946,15,32690
1641946,16,32689
1642200,15,32702
1642200,16,32805
1642455,15,32729
1642455,16,32856
1642668,15,32745
1642668,16,32897
1642923,15,32756
1642923,16,32927
1643178,15,32757
1643178,16,32964
1643432,15,32750
1643432,16,32976
1643688,15,32782
1643688,16,32924
1643942,15,32762
1643942,16,32859
1644196,15,32755
1644196,16,32848
1644452,15,32775
1644452,16,32794
1644706,15,32769
1644706,16,32829
1644918,15,32779
1644918,16,32816
1645175,15,32780
1645175,16,32821
1645429,15,32792
1645429,16,32864
1645684,15,32810
1645684,16,32912
1645938,15,32816
1645938,16,33011
1646195,15,32808
1646195,16,33082
1646453,15,32822
1646453,16,33123
1646707,15,32819
1646707,16,33130
1646914,15,32822
1646914,16,33125
1647171,15,32830
1647171,16,33137
1647425,15,32830
1647425,16,33105
1647680,15,32826
1647680,16,33037
1647934,15,32811
1647934,16,32984
1648194,15,32828
1648194,16,32923
1648448,15,32797
1648448,16,32888
1648702,15,32796
1648702,16,32870
1648957,15,32793
1648957,16,32898
1649172,15,32797
1649172,16,32886
1649426,15,32783
1649426,16,32911
1649678,15,32795
1649678,16,32991
1649937,15,32794
1649937,16,33015
1650189,15,32813
1650189,16,33067
1650443,15,32791
1650443,16,33072
1650701,15,32783
1650701,16,33049
1650955,15,32785
1650955,16,33019
1651166,15,32779
1651166,16,32964
1651421,15,32753
1651421,16,32937
1651677,15,32738
1651677,16,32847
1651933,15,32752
1651933,16,32776
1652187,15,32745
1652187,16,32703
1652441,15,32727
1652441,16,32665
1652697,15,32700
1652697,16,32662
1652948,15,32702
1652948,16,32668
1653206,15,32714
1653206,16,32701
1653421,15,32702
1653421,16,32711
1653676,15,32695
1653676,16,32732
1653931,15,32705
1653931,16,32779
1654186,15,32681
1654186,16,32794
1654442,15,32689
1654442,16,32771
1654696,15,32675
1654696,16,32717
1654951,15,32657
1654951,16,32674
1655205,15,32627
1655205,16,32608
1655416,15,32648
1655416,16,32556
1655671,15,32631
1655671,16,32513
1655928,15,32602
1655928,16,32420
1656182,15,32593
1656182,16,32369
1656437,15,32606
1656437,16,32349
1656692,15,32579
1656692,16,32358
1656948,15,32591
1656948,16,32403
1657201,15,32594
1657201,16,32435
1657459,15,32598
1657459,16,32466
1657672,15,32584
1657672,16,32488
1657924,15,32603
1657924,16,32529
1658180,15,32555
1658180,16,32547
1658434,15,32580
1658434,16,32538
1658693,15,32570
1658693,16,32495
1658944,15,32574
1658944,16,32437
1659199,15,32569
1659199,16,32374
1659455,15,32551
1659455,16,32322
1659668,15,32544
1659668,16,32282
1659920,15,32552
1659920,16,32275
1660180,15,32546
1660180,16,32249
1660431,15,32557
1660431,16,32261
1660686,15,32550
1660686,16,32317
1660939,15,32537
1660939,16,32363
1661197,15,32572
1661197,16,32429
1661454,15,32575
1661454,16,32465
1661708,15,32592
1661708,16,32490
1661921,15,32575
1661921,16,32507
1662174,15,32584
1662174,16,32537
1662431,15,32574
1662431,16,32524
1662684,15,32607
1662684,16,32496
1662938,15,32596
1662938,16,32471
1663195,15,32582
1663195,16,32438
1663451,15,32621
1663451,16,32380
1663707,15,32615
1663707,16,32401
1663917,15,32592
1663917,16,32410
1664174,15,32625
1664174,16,32432
1664424,15,32623
1664424,16,32465
1664684,15,32632
1664684,16,32515
1664936,15,32641
1664936,16,32605
1665194,15,32649
1665194,16,32689
1665447,15,32672
1665447,16,32742
1665705,15,32681
1665705,16,32768
1665956,15,32693
1665956,16,32774
1666171,15,32690
1666171,16,32792
1666426,15,32704
1666426,16,32800
1666680,15,32696
1666680,16,32753
1666934,15,32721
1666934,16,32716
1667191,15,32718
1667191,16,32675
1667448,15,32720
1667448,16,32671
1667701,15,32722
1667701,16,32693
1667956,15,32745
1667956,16,32717
1668165,15,32755
1668165,16,32735
1668421,15,32749
1668421,16,32792
1668678,15,32755
1668678,16,32855
1668933,15,32760
1668933,16,32935
1669187,15,32784
1669187,16,33005
1669440,15,32803
1669440,16,33015
1669697,15,32783
1669697,16,33037
1669952,15,32779
1669952,16,33029
1670210,15,32804
1670210,16,33010
1670421,15,32805
1670421,16,33007
1670676,15,32791
1670676,16,32963
1670929,15,32795
1670929,16,32908
1671185,15,32782
1671185,16,32869
1671441,15,32782
1671441,16,32860
1671697,15,32797
1671697,16,32888
1671949,15,32809
1671949,16,32931
1672205,15,32788
1672205,16,32945
1672418,15,32809
1672418,16,32987
1672673,15,32817
1672673,16,33016
1672928,15,32801
1672928,16,33077
1673182,15,32813
1673182,16,33100
1673438,15,32827
1673438,16,33117
1673694,15,32814
1673694,16,33069
1673948,15,32802
1673948,16,33042
1674201,15,32797
1674201,16,32988
1674456,15,32794
1674456,16,32926
1674670,15,32791
1674670,16,32907
1674926,15,32776
1674926,16,32833
1675181,15,32769
1675181,16,32793
1675437,15,32757
1675437,16,32775
1675691,15,32774
1675691,16,32797
1675944,15,32768
1675944,16,32818
1676203,15,32762
1676203,16,32851
1676453,15,32755
1676453,16,32860
1676669,15,32765
1676669,16,32879
1676922,15,32741
1676922,16,32910
1677177,15,32744
1677177,16,32931
1677433,15,32747
1677433,16,32895
1677688,15,32721
1677688,16,32818
1677944,15,32720
1677944,16,32773
1678194,15,32690
1678194,16,32709
1678454,15,32678
1678454,16,32671
1678709,15,32676
1678709,16,32608
1678918,15,32661
1678918,16,32581
1679175,15,32659
1679175,16,32533
1679433,15,32671
1679433,16,32526
1679684,15,32671
1679684,16,32540
1679937,15,32649
1679937,16,32576
1680192,15,32635
1680192,16,32611
1680449,15,32617
1680449,16,32613
1680705,15,32639
1680705,16,32616
1680917,15,32624
1680917,16,32615
1681173,15,32642
1681173,16,32617
1681424,15,32625
1681424,16,32596
1681684,15,32609
1681684,16,32535
1681939,15,32591
1681939,16,32451
1682191,15,32606
1682191,16,32394
1682447,15,32594
1682447,16,32350
1682705,15,32583
1682705,16,32340
1682956,15,32583
1682956,16,32313
1683168,15,32569
1683168,16,32324
1683425,15,32553
1683425,16,32335
1683678,15,32576
1683678,16,32358
1683936,15,32588
1683936,16,32441
1684189,15,32577
1684189,16,32457
1684444,15,32595
1684444,16,32482
1684700,15,32595
1684700,16,32502
1684954,15,32560
1684954,16,32494
1685167,15,32577
1685167,16,32482
1685423,15,32574
1685423,16,32474
1685680,15,32557
1685680,16,32418
1685931,15,32576
1685931,16,32400
1686186,15,32576
1686186,16,32340
1686446,15,32570
1686446,16,32318
1686699,15,32576
1686699,16,32339
1686953,15,32578
1686953,16,32351
1687208,15,32606
1687208,16,32377
1687417,15,32592
1687417,16,32414
1687674,15,32604
1687674,16,32448
1687930,15,32605
1687930,16,32537
1688183,15,32636
1688183,16,32595
1688440,15,32626
1688440,16,32625
1688695,15,32624
1688695,16,32620
1688951,15,32640
1688951,16,32643
1689206,15,32650
1689206,16,32623
1689420,15,32644
1689420,16,32616
1689675,15,32644
1689675,16,32617
1689926,15,32642
1689926,16,32573
1690182,15,32687
1690182,16,32536
1690438,15,32667
1690438,16,32535
1690693,15,32654
1690693,16,32575
1690948,15,32679
1690948,16,32630
1691203,15,32691
1691203,16,32667
1691456,15,32708
1691456,16,32737
1691668,15,32713
1691668,16,32754
1691923,15,32728
1691923,16,32834
1692179,15,32731
1692179,16,32886
1692436,15,32761
1692436,16,32921
1692689,15,32743
1692689,16,32902
1692943,15,32741
1692943,16,32882
1693199,15,32746
1693199,16,32877
1693456,15,32762
1693456,16,32857
1693668,15,32783
1693668,16,32841
1693921,15,32756
1693921,16,32808
1694177,15,32757
1694177,16,32800
1694431,15,32766
1694431,16,32809
1694689,15,32764
1694689,16,32851
1694941,15,32788
1694941,16,32895
1695197,15,32789
1695197,16,32910
1695456,15,32797
1695456,16,32985
1695707,15,32814
1695707,16,33019
1695919,15,32805
1695919,16,33047
1696178,15,32805
1696178,16,33068
1696428,15,32805
1696428,16,33085
1696685,15,32809
1696685,16,33068
1696943,15,32823
1696943,16,33006
1697196,15,32804
1697196,16,32959
1697450,15,32800
1697450,16,32948
1697704,15,32792
1697704,16,32894
1697919,15,32806
1697919,16,32876
1698172,15,32780
1698172,16,32831
1698428,15,32768
1698428,16,32850
1698682,15,32755
1698682,16,32891
1698937,15,32777
1698937,16,32922
1699192,15,32814
1699192,16,32962
1699447,15,32795
1699447,16,33007
1699704,15,32799
1699704,16,32990
1699956,15,32769
1699956,16,32991
1700170,15,32789
1700170,16,32997
1700425,15,32775
1700425,16,32954
1700678,15,32755
1700678,16,32897
1700937,15,32751
1700937,16,32849
1701190,15,32737
1701190,16,32797
1701446,15,32752
1701446,16,32716
1701701,15,32712
1701701,16,32720
1701953,15,32729
1701953,16,32672
1702166,15,32686
1702166,16,32678
1702424,15,32713
1702424,16,32668
1702679,15,32698
1702679,16,32677
1702930,15,32685
1702930,16,32722
1703187,15,32693
1703187,16,32752
1703441,15,32701
1703441,16,32775
1703696,15,32681
1703696,16,32755
1703953,15,32654
1703953,16,32732
1704208,15,32699
1704208,16,32689
1704420,15,32670
1704420,16,32687
1704674,15,32637
1704674,16,32622
1704931,15,32653
1704931,16,32571
1705183,15,32630
1705183,16,32486
1705440,15,32645
1705440,16,32453
1705695,15,32619
1705695,16,32425
1705950,15,32632
1705950,16,32428
1706206,15,32610
1706206,16,32436
1706416,15,32609
1706416,16,32462
1706673,15,32602
1706673,16,32481
1706926,15,32614
1706926,16,32493
1707182,15,32605
1707182,16,32541
1707436,15,32618
1707436,16,32528
1707693,15,32599
1707693,16,32519
1707946,15,32601
1707946,16,32514
1708202,15,32582
1708202,16,32459
1708458,15,32582
1708458,16,32444
1708666,15,32611
1708666,16,32393
1708924,15,32573
1708924,16,32367
1709179,15,32585
1709179,16,32330
1709434,15,32568
1709434,16,32316
1709690,15,32572
1709690,16,32324
1709946,15,32601
1709946,16,32379
1710201,15,32583
1710201,16,32386
1710457,15,32587
1710457,16,32408
1710666,15,32585
1710666,16,32431
1710924,15,32588
1710924,16,32500
1711178,15,32597
1711178,16,32565
1711431,15,32619
1711431,16,32563
1711689,15,32597
1711689,16,32534
1711945,15,32643
1711945,16,32526
1712200,15,32602
1712200,16,32507
1712454,15,32615
1712454,16,32483
1712707,15,32628
1712707,16,32468
1712921,15,32627
1712921,16,32452
1713172,15,32618
1713172,16,32405
1713425,15,32631
1713425,16,32422
1713686,15,32626
1713686,16,32491
1713940,15,32642
1713940,16,32536
1714196,15,32652
1714196,16,32588
1714453,15,32655
1714453,16,32641
1714707,15,32678
1714707,16,32666
1714915,15,32682
1714915,16,32724
1715173,15,32697
1715173,16,32761
1715428,15,32677
1715428,16,32779
1715683,15,32691
1715683,16,32786
1715941,15,32699
1715941,16,32751
1716192,15,32701
1716192,16,32708
1716447,15,32714
1716447,16,32705
1716701,15,32720
1716701,16,32701
1716957,15,32729
1716957,16,32697
1717172,15,32742
1717172,16,32694
1717423,15,32747
1717423,16,32727
1717680,15,32751
1717680,16,32758
1717937,15,32762
1717937,16,32836
1718191,15,32744
1718191,16,32891
1718447,15,32774
1718447,16,32918
1718699,15,32768
1718699,16,32957
1718957,15,32781
1718957,16,32987
1719167,15,32765
1719167,16,33002
1719421,15,32773
1719421,16,32996
1719678,15,32795
1719678,16,32949
1719931,15,32806
1719931,16,32937
1720188,15,32790
1720188,16,32901
1720443,15,32766
1720443,16,32882
1720698,15,32779
1720698,16,32860
1720951,15,32775
1720951,16,32847
1721206,15,32787
1721206,16,32870
1721420,15,32817
1721420,16,32860
1721675,15,32783
1721675,16,32938
1721931,15,32808
1721931,16,32958
1722185,15,32787
1722185,16,33011
1722440,15,32814
1722440,16,33015
1722695,15,32779
1722695,16,33021
1722949,15,32789
1722949,16,32999
1723203,15,32778
1723203,16,33007
1723416,15,32780
1723416,16,32975
1723674,15,32775
1723674,16,32956
1723927,15,32762
1723927,16,32894
1724184,15,32776
1724184,16,32850
1724439,15,32746
1724439,16,32797
1724694,15,32747
1724694,16,32801
1724948,15,32749
1724948,16,32757
1725202,15,32751
1725202,16,32810
1725460,15,32759
1725460,16,32814
1725669,15,32730
1725669,16,32819
1725927,15,32746
1725927,16,32847
1726181,15,32759
1726181,16,32877
1726435,15,32725
1726435,16,32889
1726686,15,32731
1726686,16,32856
1726945,15,32735
1726945,16,32817
1727201,15,32732
1727201,16,32781
1727454,15,32700
1727454,16,32737
1727668,15,32672
1727668,16,32690
1727924,15,32674
1727924,16,32620
1728176,15,32684
1728176,16,32588
1728433,15,32673
1728433,16,32577
1728689,15,32663
1728689,16,32580
1728944,15,32656
1728944,16,32565
1729199,15,32644
1729199,16,32594
1729452,15,32647
1729452,16,32573
1729705,15,32646
1729705,16,32583
1729921,15,32651
1729921,16,32619
1730174,15,32638
1730174,16,32644
1730431,15,32621
1730431,16,32630
1730683,15,32645
1730683,16,32599
1730939,15,32607
1730939,16,32559
1731196,15,32600
1731196,16,32502
1731450,15,32604
1731450,16,32482
1731705,15,32598
1731705,16,32444
1731917,15,32584
1731917,16,32421
1732174,15,32567
1732174,16,32347
1732426,15,32590
1732426,16,32361
1732685,15,32575
1732685,16,32387
1732940,15,32587
1732940,16,32403
1733193,15,32590
1733193,16,32440
1733444,15,32602
1733444,16,32448
1733705,15,32583
1733705,16,32469
1733959,15,32594
1733959,16,32512
1734169,15,32598
1734169,16,32527
1734424,15,32612
1734424,16,32543
1734680,15,32592
1734680,16,32506
1734932,15,32585
1734932,16,32459
1735189,15,32595
1735189,16,32434
1735446,15,32567
1735446,16,32406
1735703,15,32605
1735703,16,32385
1735957,15,32583
1735957,16,32390
1736165,15,32597
1736165,16,32383
1736424,15,32615
1736424,16,32408
1736680,15,32591
1736680,16,32432
1736934,15,32638
1736934,16,32488
1737187,15,32605
1737187,16,32540
1737443,15,32614
1737443,16,32570
1737697,15,32644
1737697,16,32611
1737954,15,32637
1737954,16,32629
1738207,15,32651
1738207,16,32646
1738418,15,32674
1738418,16,32663
1738675,15,32664
1738675,16,32630
1738932,15,32664
1738932,16,32605
1739186,15,32640
1739186,16,32583
1739441,15,32657
1739441,16,32573
1739693,15,32668
1739693,16,32587
1739948,15,32675
1739948,16,32606
1740206,15,32677
1740206,16,32603
1740415,15,32687
1740415,16,32648
1740674,15,32693
1740674,16,32673
1740929,15,32695
1740929,16,32741
1741185,15,32720
1741185,16,32796
1741439,15,32702
1741439,16,32838
1741692,15,32736
1741692,16,32852
1741948,15,32734
1741948,16,32867
1742204,15,32739
1742204,16,32887
1742455,15,32753
1742455,16,32854
1742672,15,32747
1742672,16,32845
1742925,15,32733
1742925,16,32833
1743182,15,32754
1743182,16,32791
1743437,15,32768
1743437,16,32787
1743689,15,32788
1743689,16,32783
1743944,15,32772
1743944,16,32798
1744199,15,32751
1744199,16,32827
1744456,15,32777
1744456,16,32874
1744670,15,32788
1744670,16,32894
1744922,15,32803
1744922,16,32937
1745178,15,32785
1745178,16,32970
1745431,15,32775
1745431,16,33009
1745686,15,32808
1745686,16,33009
1745942,15,32784
1745942,16,32999
1746198,15,32779
1746198,16,32949
1746452,15,32785
1746452,16,32944
1746709,15,32788
1746709,16,32918
1746920,15,32785
1746920,16,32883
1747176,15,32780
1747176,16,32848
1747432,15,32762
1747432,16,32852
1747685,15,32794
1747685,16,32829
1747941,15,32775
1747941,16,32855
1748198,15,32758
1748198,16,32875
1748450,15,32792
1748450,16,32882
1748706,15,32775
1748706,16,32931
1748916,15,32775
1748916,16,32933
1749173,15,32760
1749173,16,32962
1749429,15,32761
1749429,16,32931
1749682,15,32760
1749682,16,32911
1749938,15,32732
1749938,16,32875
1750195,15,32744
1750195,16,32834
1750450,15,32737
1750450,16,32797
1750702,15,32749
1750702,16,32769
1750958,15,32720
1750958,16,32728
1751170,15,32731
1751170,16,32671
1751425,15,32726
1751425,16,32680
1751680,15,32692
1751680,16,32676
1751934,15,32702
1751934,16,32686
1752188,15,32700
1752188,16,32692
1752448,15,32701
1752448,16,32709
1752698,15,32702
1752698,16,32729
1752957,15,32680
1752957,16,32723
1753167,15,32683
1753167,16,32739
1753421,15,32672
1753421,16,32708
1753676,15,32671
1753676,16,32692
1753935,15,32669
1753935,16,32633
1754185,15,32662
1754185,16,32590
1754443,15,32630
1754443,16,32544
1754695,15,32637
1754695,16,32525
1754954,15,32614
1754954,16,32488
1755210,15,32635
1755210,16,32469
1755422,15,32623
1755422,16,32475
1755676,15,32612
1755676,16,32459
1755932,15,32612
1755932,16,32502
1756185,15,32592
1756185,16,32531
1756440,15,32611
1756440,16,32523
1756699,15,32599
1756699,16,32542
1756952,15,32623
1756952,16,32567
1757205,15,32596
1757205,16,32541
1757418,15,32600
1757418,16,32522
1757671,15,32620
1757671,16,32491
1757927,15,32608
1757927,16,32473
1758183,15,32588
1758183,16,32416
1758438,15,32605
1758438,16,32404
1758689,15,32585
1758689,16,32406
1758948,15,32589
1758948,16,32385
1759202,15,32610
1759202,16,32385
1759459,15,32600
1759459,16,32407
1759668,15,32600
1759668,16,32439
1759925,15,32597
1759925,16,32468
1760181,15,32613
1760181,16,32532
1760434,15,32620
1760434,16,32536
1760692,15,32620
1760692,16,32542
1760949,15,32630
1760949,16,32554
1761201,15,32615
1761201,16,32563
1761455,15,32613
1761455,16,32551
1761666,15,32611
1761666,16,32534
1761923,15,32621
1761923,16,32504
1762179,15,32639
1762179,16,32481
1762434,15,32643
1762434,16,32491
1762688,15,32640
1762688,16,32493
1762941,15,32650
1762941,16,32511
1763194,15,32656
1763194,16,32559
1763451,15,32647
1763451,16,32569
1763707,15,32651
1763707,16,32640
1763920,15,32663
1763920,16,32655
1764176,15,32672
1764176,16,32691
1764430,15,32679
1764430,16,32733
1764682,15,32697
1764682,16,32765
1764940,15,32695
1764940,16,32733
1765197,15,32687
1765197,16,32758
1765451,15,32702
1765451,16,32724
1765708,15,32696
1765708,16,32710
1765916,15,32699
1765916,16,32729
1766172,15,32725
1766172,16,32694
1766431,15,32711
1766431,16,32693
1766681,15,32732
1766681,16,32718
1766936,15,32728
1766936,16,32726
1767194,15,32731
1767194,16,32779
1767450,15,32732
1767450,16,32820
1767701,15,32741
1767701,16,32862
1767958,15,32755
1767958,16,32892
1768171,15,32764
1768171,16,32932
1768427,15,32759
1768427,16,32949
1768682,15,32769
1768682,16,32923
1768933,15,32757
1768933,16,32922
1769191,15,32781
1769191,16,32913
1769447,15,32762
1769447,16,32890
1769701,15,32754
1769701,16,32870
1769953,15,32786
1769953,16,32826
1770165,15,32766
1770165,16,32839
1770421,15,32768
1770421,16,32837
1770676,15,32764
1770676,16,32848
1770930,15,32771
1770930,16,32880
1771188,15,32769
1771188,16,32909
1771443,15,32794
1771443,16,32924
1771697,15,32780
1771697,16,32961
1771956,15,32779
1771956,16,32959
1772210,15,32795
1772210,16,32993
1772418,15,32765
1772418,16,32963
1772679,15,32772
1772679,16,32947
1772930,15,32776
1772930,16,32904
1773184,15,32778
1773184,16,32879
1773439,15,32766
1773439,16,32846
1773696,15,32754
1773696,16,32832
1773947,15,32727
1773947,16,32794
1774207,15,32742
1774207,16,32774
1774417,15,32759
1774417,16,32778
1774671,15,32759
1774671,16,32792
1774927,15,32741
1774927,16,32797
1775183,15,32739
1775183,16,32824
1775439,15,32731
1775439,16,32835
1775691,15,32720
1775691,16,32794
1775947,15,32734
1775947,16,32838
1776202,15,32703
1776202,16,32796
1776458,15,32685
1776458,16,32798
1776670,15,32691
1776670,16,32769
1776926,15,32699
1776926,16,32710
1777179,15,32697
1777179,16,32665
1777433,15,32688
1777433,16,32617
1777690,15,32673
1777690,16,32596
1777945,15,32658
1777945,16,32578
1778199,15,32675
1778199,16,32587
1778455,15,32660
1778455,16,32570
1778667,15,32668
1778667,16,32593
1778923,15,32663
1778923,16,32609
1779179,15,32653
1779179,16,32648
1779433,15,32646
1779433,16,32623
1779689,15,32649
1779689,16,32624
1779941,15,32633
1779941,16,32616
1780199,15,32652
1780199,16,32602
1780452,15,32618
1780452,16,32567
1780705,15,32623
1780705,16,32521
1780920,15,32605
1780920,16,32508
1781176,15,32606
1781176,16,32477
1781432,15,32604
1781432,16,32432
1781683,15,32597
1781683,16,32423
1781939,15,32598
1781939,16,32420
1782196,15,32586
1782196,16,32415
1782449,15,32598
1782449,16,32457
1782707,15,32588
1782707,16,32489
1782919,15,32597
1782919,16,32504
1783170,15,32617
1783170,16,32527
1783427,15,32619
1783427,16,32542
1783683,15,32627
1783683,16,32532
1783936,15,32624
1783936,16,32541
1784193,15,32592
1784193,16,32511
1784451,15,32614
1784451,16,32499
1784705,15,32593
1784705,16,32470
1784956,15,32603
1784956,16,32440
1785169,15,32607
1785169,16,32429
1785424,15,32610
1785424,16,32450
1785677,15,32608
1785677,16,32448
1785937,15,32628
1785937,16,32470
1786191,15,32623
1786191,16,32490
1786446,15,32610
1786446,16,32537
1786699,15,32635
1786699,16,32567
1786954,15,32617
1786954,16,32582
1787169,15,32645
1787169,16,32625
1787421,15,32633
1787421,16,32648
1787677,15,32648
1787677,16,32629
1787933,15,32637
1787933,16,32651
1788187,15,32669
1788187,16,32640
1788439,15,32672
1788439,16,32622
1788694,15,32681
1788694,16,32619
1788953,15,32690
1788953,16,32608
1789206,15,32672
1789206,16,32625
1789422,15,32683
1789422,16,32620
1789677,15,32694
1789677,16,32638
1789934,15,32692
1789934,16,32691
1790184,15,32693
1790184,16,32708
1790438,15,32722
1790438,16,32751
1790694,15,32722
1790694,16,32782
1790952,15,32712
1790952,16,32799
1791205,15,32741
1791205,16,32845
1791419,15,32732
1791419,16,32859
1791671,15,32722
1791671,16,32837
1791930,15,32752
1791930,16,32831
1792183,15,32731
1792183,16,32813
1792439,15,32746
1792439,16,32812
1792695,15,32750
1792695,16,32782
1792945,15,32758
1792945,16,32802
1793203,15,32753
1793203,16,32789
1793459,15,32737
1793459,16,32814
1793668,15,32767
1793668,16,32831
1793929,15,32755
1793929,16,32856
1794180,15,32760
1794180,16,32904
1794435,15,32778
1794435,16,32927
1794691,15,32779
1794691,16,32930
1794945,15,32772
1794945,16,32974
1795202,15,32773
1795202,16,32971
1795456,15,32790
1795456,16,32967
1795668,15,32765
1795668,16,32920
1795921,15,32762
1795921,16,32897
1796177,15,32786
1796177,16,32876
1796434,15,32773
1796434,16,32856
1796687,15,32775
1796687,16,32842
1796942,15,32770
1796942,16,32820
1797195,15,32762
1797195,16,32830
1797452,15,32752
1797452,16,32846
1797708,15,32776
1797708,16,32875
1797919,15,32753
1797919,16,32889
1798173,15,32752
1798173,16,32907
1798430,15,32738
1798430,16,32922
1798686,15,32760
1798686,16,32906
1798941,15,32752
1798941,16,32884
1799196,15,32756
1799196,16,32867
1799451,15,32737
1799451,16,32846
1799705,15,32732
1799705,16,32822
1799918,15,32734
1799918,16,32752
1800177,15,32709
1800177,16,32736
1800427,15,32735
1800427,16,32727
1800686,15,32714
1800686,16,32709
1800936,15,32711
1800936,16,32697
1801194,15,32696
1801194,16,32690
1801447,15,32691
1801447,16,32693
1801704,15,32702
1801704,16,32699
1801959,15,32687
1801959,16,32714
1802170,15,32688
1802170,16,32712
1802425,15,32687
1802425,16,32728
1802680,15,32657
1802680,16,32726
1802937,15,32670
1802937,16,32683
1803192,15,32678
1803192,16,32658
1803443,15,32659
1803443,16,32630
1803699,15,32655
1803699,16,32598
1803956,15,32634
1803956,16,32530
1804170,15,32617
1804170,16,32525
1804420,15,32643
1804420,16,32519
1804678,15,32630
1804678,16,32490
1804930,15,32618
1804930,16,32518
1805188,15,32634
1805188,16,32530
1805442,15,32629
1805442,16,32537
1805700,15,32629
1805700,16,32536
1805952,15,32627
1805952,16,32563
1806209,15,32639
1806209,16,32576
1806419,15,32616
1806419,16,32562
1806674,15,32626
1806674,16,32527
1806929,15,32611
1806929,16,32547
1807185,15,32597
1807185,16,32512
1807441,15,32615
1807441,16,32478
1807692,15,32603
1807692,16,32459
1807949,15,32594
1807949,16,32433
1808206,15,32615
1808206,16,32421
1808414,15,32595
1808414,16,32411
1808672,15,32608
1808672,16,32458
1808928,15,32612
1808928,16,32485
1809182,15,32604
1809182,16,32491
1809437,15,32604
1809437,16,32502
1809693,15,32614
1809693,16,32541
1809947,15,32608
1809947,16,32556
1810204,15,32621
1810204,16,32597
1810458,15,32606
1810458,16,32574
1810670,15,32642
1810670,16,32569
1810927,15,32637
1810927,16,32546
1811181,15,32634
1811181,16,32535
1811437,15,32625
1811437,16,32542
1811689,15,32637
1811689,16,32517
1811945,15,32643
1811945,16,32523
1812201,15,32653
1812201,16,32549
1812453,15,32661
1812453,16,32561
1812668,15,32642
1812668,16,32551
1812924,15,32667
1812924,16,32615
1813176,15,32669
1813176,16,32653
1813433,15,32674
1813433,16,32678
1813692,15,32682
1813692,16,32694
1813941,15,32691
1813941,16,32712
1814198,15,32702
1814198,16,32733
1814452,15,32675
1814452,16,32733
1814706,15,32696
1814706,16,32727
1814919,15,32708
1814919,16,32708
1815172,15,32712
1815172,16,32716
1815432,15,32723
1815432,16,32705
1815683,15,32706
1815683,16,32711
1815940,15,32703
1815940,16,32721
1816195,15,32715
1816195,16,32728
1816451,15,32724
1816451,16,32750
1816707,15,32735
1816707,16,32804
1816918,15,32751
1816918,16,32831
1817174,15,32760
1817174,16,32841
1817429,15,32739
1817429,16,32867
1817683,15,32751
1817683,16,32889
1817938,15,32741
1817938,16,32910
1818193,15,32759
1818193,16,32909
1818449,15,32776
1818449,16,32887
1818703,15,32768
1818703,16,32890
1818956,15,32790
1818956,16,32856
1819168,15,32771
1819168,16,32815
1819426,15,32741
1819426,16,32812
1819680,15,32781
1819680,16,32835
1819934,15,32778
1819934,16,32833
1820191,15,32740
1820191,16,32851
1820443,15,32757
1820443,16,32862
1820698,15,32769
1820698,16,32881
1820955,15,32780
1820955,16,32883
1821166,15,32762
1821166,16,32941
1821422,15,32773
1821422,16,32931
1821679,15,32764
1821679,16,32917
1821933,15,32754
1821933,16,32898
1822187,15,32760
1822187,16,32895
1822443,15,32756
1822443,16,32851
1822695,15,32775
1822695,16,32839
1822951,15,32735
1822951,16,32792
1823208,15,32739
1823208,16,32777
1823420,15,32733
1823420,16,32775
1823675,15,32751
1823675,16,32761
1823932,15,32744
1823932,16,32776
1824186,15,32720
1824186,16,32775
1824440,15,32729
1824440,16,32784
1824694,15,32732
1824694,16,32817
1824950,15,32735
1824950,16,32797
1825206,15,32700
1825206,16,32806
1825415,15,32726
1825415,16,32814
1825672,15,32730
1825672,16,32783
1825928,15,32702
1825928,16,32761
1826186,15,32671
1826186,16,32728
1826439,15,32704
1826439,16,32692
1826694,15,32682
1826694,16,32649
1826947,15,32657
1826947,16,32631
1827202,15,32674
1827202,16,32610
1827456,15,32661
1827456,16,32605
1827669,15,32649
1827669,16,32604
1827924,15,32666
1827924,16,32598
1828179,15,32657
1828179,16,32608
1828434,15,32670
1828434,16,32611
1828687,15,32632
1828687,16,32624
1828944,15,32647
1828944,16,32621
1829200,15,32675
1829200,16,32626
1829456,15,32646
1829456,16,32611
1829666,15,32647
1829666,16,32606
1829920,15,32648
1829920,16,32573
1830177,15,32622
1830177,16,32504
1830431,15,32633
1830431,16,32508
1830688,15,32622
1830688,16,32482
1830942,15,32617
1830942,16,32468
1831199,15,32631
1831199,16,32474
1831453,15,32618
1831453,16,32469
1831706,15,32615
1831706,16,32488
1831918,15,32627
1831918,16,32512
1832174,15,32613
1832174,16,32523
1832432,15,32637
1832432,16,32532
1832685,15,32588
1832685,16,32559
1832941,15,32638
1832941,16,32555
1833191,15,32622
1833191,16,32561
1833451,15,32623
1833451,16,32534
1833704,15,32621
1833704,16,32532
1833919,15,32605
1833919,16,32500
1834171,15,32602
1834171,16,32486
1834428,15,32632
1834428,16,32472
1834682,15,32613
1834682,16,32463
1834938,15,32635
1834938,16,32490
1835189,15,32615
1835189,16,32490
1835448,15,32625
1835448,16,32505
1835703,15,32623
1835703,16,32540
1835957,15,32646
1835957,16,32580
1836169,15,32643
1836169,16,32608
1836426,15,32658
1836426,16,32623
1836681,15,32665
1836681,16,32639
1836937,15,32661
1836937,16,32633
1837190,15,32659
1837190,16,32628
1837445,15,32658
1837445,16,32658
1837699,15,32670
1837699,16,32648
1837955,15,32676
1837955,16,32622
1838168,15,32665
1838168,16,32627
1838423,15,32677
1838423,16,32627
1838676,15,32685
1838676,16,32629
1838934,15,32676
1838934,16,32641
1839186,15,32693
1839186,16,32678
1839442,15,32697
1839442,16,32687
1839701,15,32719
1839701,16,32739
1839954,15,32707
1839954,16,32744
1840205,15,32719
1840205,16,32794
1840419,15,32721
1840419,16,32822
1840677,15,32737
1840677,16,32805
1840930,15,32717
1840930,16,32823
1841184,15,32733
1841184,16,32820
1841439,15,32716
1841439,16,32791
1841694,15,32719
1841694,16,32799
1841951,15,32729
1841951,16,32794
1842208,15,32747
1842208,16,32774
1842415,15,32739
1842415,16,32778
1842670,15,32739
1842670,16,32801
1842926,15,32747
1842926,16,32802
1843181,15,32749
1843181,16,32832
1843437,15,32770
1843437,16,32860
1843694,15,32746
1843694,16,32878
1843948,15,32753
1843948,16,32890
1844202,15,32790
1844202,16,32902
1844455,15,32752
1844455,16,32913
1844670,15,32779
1844670,16,32926
1844925,15,32759
1844925,16,32886
1845176,15,32761
1845176,16,32862
1845434,15,32760
1845434,16,32855
1845689,15,32755
1845689,16,32837
1845946,15,32748
1845946,16,32812
1846199,15,32772
1846199,16,32823
1846455,15,32745
1846455,16,32797
1846667,15,32737
1846667,16,32807
1846923,15,32756
1846923,16,32835
1847176,15,32740
1847176,16,32852
1847434,15,32742
1847434,16,32843
1847686,15,32739
1847686,16,32857
1847943,15,32743
1847943,16,32875
1848199,15,32757
1848199,16,32858
1848452,15,32761
1848452,16,32865
1848706,15,32722
1848706,16,32821
1848921,15,32723
1848921,16,32801
1849175,15,32733
1849175,16,32777
1849431,15,32738
1849431,16,32732
1849684,15,32731
1849684,16,32740
1849938,15,32712
1849938,16,32730
1850195,15,32683
1850195,16,32692
1850449,15,32709
1850449,16,32673
1850705,15,32703
1850705,16,32692
1850915,15,32691
1850915,16,32701
1851172,15,32712
1851172,16,32700
1851428,15,32690
1851428,16,32721
1851682,15,32699
1851682,16,32716
1851938,15,32696
1851938,16,32700
1852194,15,32683
1852194,16,32697
1852446,15,32677
1852446,16,32682
1852701,15,32665
1852701,16,32638
1852957,15,32657
1852957,16,32635
1853172,15,32664
1853172,16,32591
1853426,15,32639
1853426,16,32568
1853681,15,32629
1853681,16,32568
1853933,15,32641
1853933,16,32553
1854188,15,32625
1854188,16,32516
1854445,15,32622
1854445,16,32523
1854699,15,32645
1854699,16,32546
1854955,15,32641
1854955,16,32548
1855165,15,32635
1855165,16,32581
1855421,15,32626
1855421,16,32572
1855678,15,32623
1855678,16,32576
1855933,15,32630
1855933,16,32569
1856188,15,32632
1856188,16,32575
1856444,15,32611
1856444,16,32556
1856702,15,32625
1856702,16,32519
1856953,15,32628
1856953,16,32498
1857206,15,32630
1857206,16,32489
1857420,15,32618
1857420,16,32467
1857675,15,32626
1857675,16,32463
1857930,15,32605
1857930,16,32471
1858184,15,32647
1858184,16,32480
1858441,15,32619
1858441,16,32504
1858698,15,32620
1858698,16,32515
1858949,15,32633
1858949,16,32545
1859207,15,32635
1859207,16,32574
1859418,15,32624
1859418,16,32590
1859675,15,32639
1859675,16,32570
1859930,15,32628
1859930,16,32591
1860182,15,32652
1860182,16,32591
1860436,15,32643
1860436,16,32566
1860696,15,32633
1860696,16,32567
1860945,15,32648
1860945,16,32556
1861203,15,32634
1861203,16,32548
1861459,15,32635
1861459,16,32537
1861669,15,32638
1861669,16,32575
1861926,15,32660
1861926,16,32578
1862182,15,32660
1862182,16,32593
1862436,15,32673
1862436,16,32618
1862689,15,32662
1862689,16,32677
1862942,15,32644
1862942,16,32710
1863202,15,32690
1863202,16,32704
1863455,15,32693
1863455,16,32734
1863668,15,32679
1863668,16,32725
1863920,15,32684
1863920,16,32706
1864174,15,32705
1864174,16,32731
1864434,15,32705
1864434,16,32709
1864687,15,32699
1864687,16,32701
1864944,15,32712
1864944,16,32709
1865199,15,32710
1865199,16,32708
1865453,15,32743
1865453,16,32721
1865708,15,32726
1865708,16,32746
1865920,15,32710
1865920,16,32749
1866176,15,32739
1866176,16,32780
1866429,15,32735
1866429,16,32801
1866685,15,32743
1866685,16,32817
1866942,15,32747
1866942,16,32842
1867192,15,32731
1867192,16,32865
1867449,15,32740
1867449,16,32862
1867705,15,32752
1867705,16,32849
1867917,15,32743
1867917,16,32849
1868173,15,32751
1868173,16,32826
1868427,15,32741
1868427,16,32824
1868682,15,32749
1868682,16,32818
1868936,15,32752
1868936,16,32806
1869191,15,32768
1869191,16,32824
1869448,15,32743
1869448,16,32794
1869701,15,32749
1869701,16,32823
1869961,15,32756
1869961,16,32837
1870171,15,32752
1870171,16,32873
1870426,15,32756
1870426,16,32864
1870679,15,32761
1870679,16,32879
1870937,15,32753
1870937,16,32893
1871190,15,32747
1871190,16,32877
1871446,15,32748
1871446,16,32870
1871698,15,32736
1871698,16,32847
1871955,15,32743
1871955,16,32819
1872167,15,32738
1872167,16,32805
1872423,15,32757
1872423,16,32775
1872677,15,32730
1872677,16,32756
1872933,15,32742
1872933,16,32763
1873186,15,32722
1873186,16,32755
1873444,15,32695
1873444,16,32738
1873696,15,32711
1873696,16,32769
1873953,15,32718
1873953,16,32781
1874209,15,32718
1874209,16,32806
1874421,15,32711
1874421,16,32791
1874676,15,32721
1874676,16,32784
1874930,15,32725
1874930,16,32781
1875184,15,32700
1875184,16,32758
1875440,15,32713
1875440,16,32737
1875696,15,32681
1875696,16,32682
1875949,15,32707
1875949,16,32675
1876206,15,32698
1876206,16,32640
1876418,15,32682
1876418,16,32630
1876671,15,32676
1876671,16,32618
1876928,15,32644
1876928,16,32635
1877184,15,32664
1877184,16,32633
1877437,15,32669
1877437,16,32623
1877693,15,32668
1877693,16,32602
1877950,15,32653
1877950,16,32629
1878200,15,32668
1878200,16,32650
1878459,15,32642
1878459,16,32634
1878672,15,32622
1878672,16,32613
1878927,15,32646
1878927,16,32619
1879180,15,32662
1879180,16,32599
1879435,15,32647
1879435,16,32582
1879692,15,32651
1879692,16,32553
1879946,15,32641
1879946,16,32531
1880198,15,32636
1880198,16,32490
1880453,15,32644
1880453,16,32492
1880669,15,32631
1880669,16,32502
1880923,15,32648
1880923,16,32520
1881177,15,32624
1881177,16,32509
1881431,15,32626
1881431,16,32525
1881690,15,32629
1881690,16,32539
1881943,15,32639
1881943,16,32546
1882197,15,32634
1882197,16,32563
1882454,15,32634
1882454,16,32576
1882709,15,32604
1882709,16,32559
1882921,15,32638
1882921,16,32555
1883176,15,32630
1883176,16,32549
1883432,15,32635
1883432,16,32554
1883683,15,32647
1883683,16,32524
1883940,15,32629
1883940,16,32505
1884196,15,32641
1884196,16,32497
1884450,15,32662
1884450,16,32505
1884705,15,32639
1884705,16,32556
1884917,15,32647
1884917,16,32554
1885173,15,32647
1885173,16,32570
1885425,15,32642
1885425,16,32605
1885682,15,32645
1885682,16,32603
1885937,15,32660
1885937,16,32639
1886193,15,32656
1886193,16,32645
1886446,15,32663
1886446,16,32661
1886702,15,32683
1886702,16,32651
1886957,15,32670
1886957,16,32639
1887168,15,32680
1887168,16,32658
1887428,15,32671
1887428,16,32636
1887678,15,32694
1887678,16,32627
1887933,15,32676
1887933,16,32633
1888190,15,32694
1888190,16,32647
1888447,15,32680
1888447,16,32668
1888698,15,32698
1888698,16,32686
1888954,15,32708
1888954,16,32703
1889168,15,32690
1889168,16,32736
1889421,15,32710
1889421,16,32771
1889678,15,32705
1889678,16,32764
1889935,15,32709
1889935,16,32808
1890187,15,32721
1890187,16,32818
1890442,15,32720
1890442,16,32805
1890699,15,32734
1890699,16,32787
1890953,15,32711
1890953,16,32768
1891209,15,32699
1891209,16,32781
1891422,15,32732
1891422,16,32772
1891675,15,32731
1891675,16,32750
1891930,15,32766
1891930,16,32774
1892186,15,32761
1892186,16,32785
1892440,15,32742
1892440,16,32800
1892698,15,32755
1892698,16,32815
1892950,15,32747
1892950,16,32838
1893206,15,32754
1893206,16,32830
1893417,15,32748
1893417,16,32890
1893674,15,32750
1893674,16,32862
1893928,15,32746
1893928,16,32875
1894183,15,32752
1894183,16,32863
1894437,15,32725
1894437,16,32852
1894694,15,32738
1894694,16,32852
1894948,15,32732
1894948,16,32832
1895202,15,32767
1895202,16,32830
1895456,15,32744
1895456,16,32813
1895670,15,32742
1895670,16,32789
1895926,15,32747
1895926,16,32800
1896183,15,32757
1896183,16,32796
1896434,15,32765
1896434,16,32828
1896686,15,32746
1896686,16,32820
1896946,15,32744
1896946,16,32839
1897199,15,32735
1897199,16,32839
1897455,15,32732
1897455,16,32842
1897665,15,32740
1897665,16,32819
1897923,15,32709
1897923,16,32819
1898177,15,32705
1898177,16,32804
1898432,15,32746
1898432,16,32776
1898692,15,32714
1898692,16,32740
1898945,15,32717
1898945,16,32718
1899198,15,32706
1899198,16,32706
1899453,15,32691
1899453,16,32695
1899707,15,32693
1899707,16,32688
1899921,15,32705
1899921,16,32696
1900174,15,32700
1900174,16,32674
1900432,15,32685
1900432,16,32692
1900682,15,32679
1900682,16,32691
1900939,15,32675
1900939,16,32708
1901197,15,32683
1901197,16,32699
1901453,15,32682
1901453,16,32700
1901704,15,32674
1901704,16,32710
1901920,15,32685
1901920,16,32658
1902173,15,32656
1902173,16,32649
1902428,15,32657
1902428,16,32618
1902683,15,32678
1902683,16,32597
1902939,15,32663
1902939,16,32585
1903191,15,32674
1903191,16,32555
1903447,15,32646
1903447,16,32555
1903703,15,32638
1903703,16,32556
1903960,15,32651
1903960,16,32562
1904167,15,32627
1904167,16,32584
1904426,15,32630
1904426,16,32574
1904680,15,32643
1904680,16,32584
1904934,15,32662
1904934,16,32610
1905190,15,32631
1905190,16,32586
1905446,15,32628
1905446,16,32559
1905702,15,32631
1905702,16,32566
1905958,15,32624
1905958,16,32535
1906166,15,32638
1906166,16,32539
1906420,15,32636
1906420,16,32530
1906679,15,32618
1906679,16,32510
1906932,15,32643
1906932,16,32530
1907187,15,32646
1907187,16,32492
1907443,15,32629
1907443,16,32515
1907698,15,32620
1907698,16,32522
1907952,15,32624
1907952,16,32537
1908204,15,32640
1908204,16,32563
1908420,15,32634
1908420,16,32580
1908673,15,32635
1908673,16,32593
1908930,15,32630
1908930,16,32586
1909186,15,32638
1909186,16,32598
1909441,15,32651
1909441,16,32606
1909697,15,32636
1909697,16,32618
1909952,15,32650
1909952,16,32583
1910206,15,32646
1910206,16,32585
1910416,15,32638
1910416,16,32572
1910674,15,32664
1910674,16,32581
1910926,15,32642
1910926,16,32588
1911184,15,32669
1911184,16,32599
1911440,15,32669
1911440,16,32611
1911692,15,32678
1911692,16,32639
1911948,15,32673
1911948,16,32661
1912202,15,32674
1912202,16,32682
1912458,15,32680
1912458,16,32699
1912670,15,32685
1912670,16,32709
1912923,15,32705
1912923,16,32713
1913178,15,32709
1913178,16,32713
1913436,15,32698
1913436,16,32728
1913692,15,32705
1913692,16,32720
1913944,15,32690
1913944,16,32742
1914204,15,32687
1914204,16,32713
1914456,15,32692
1914456,16,32703
1914668,15,32713
1914668,16,32694
1914919,15,32720
1914919,16,32726
1915179,15,32715
1915179,16,32745
1915433,15,32704
1915433,16,32759
1915690,15,32723
1915690,16,32777
1915942,15,32714
1915942,16,32823
1916201,15,32717
1916201,16,32825
1916455,15,32722
1916455,16,32830
1916709,15,32735
1916709,16,32853
1916919,15,32746
1916919,16,32821
1917175,15,32763
1917175,16,32849
1917429,15,32758
1917429,16,32816
1917687,15,32736
1917687,16,32803
1917939,15,32732
1917939,16,32793
1918196,15,32746
1918196,16,32799
1918450,15,32750
1918450,16,32793
1918704,15,32751
1918704,16,32795
1918916,15,32764
1918916,16,32799
1919172,15,32753
1919172,16,32812
1919428,15,32744
1919428,16,32826
1919681,15,32737
1919681,16,32843
1919941,15,32741
1919941,16,32842
1920192,15,32738
1920192,16,32848
1920448,15,32761
1920448,16,32858
1920702,15,32761
1920702,16,32848
1920958,15,32759
1920958,16,32821
1921170,15,32745
1921170,16,32806
1921427,15,32750
1921427,16,32810
1921676,15,32723
1921676,16,32766
1921936,15,32736
1921936,16,32776
1922191,15,32716
1922191,16,32746
1922445,15,32731
1922445,16,32770
1922702,15,32717
1922702,16,32729
1922957,15,32716
1922957,16,32754
1923168,15,32737
1923168,16,32755
1923422,15,32705
1923422,16,32770
1923677,15,32706
1923677,16,32766
1923932,15,32683
1923932,16,32772
1924187,15,32707
1924187,16,32752
1924444,15,32721
1924444,16,32750
1924694,15,32689
1924694,16,32725
1924952,15,32697
1924952,16,32693
1925208,15,32693
1925208,16,32694
1925418,15,32682
1925418,16,32660
1925673,15,32686
1925673,16,32648
1925931,15,32673
1925931,16,32634
1926184,15,32671
1926184,16,32626
1926440,15,32689
1926440,16,32628
1926696,15,32672
1926696,16,32632
1926948,15,32675
1926948,16,32637
1927204,15,32669
1927204,16,32659
1927417,15,32667
1927417,16,32634
1927671,15,32661
1927671,16,32634
1927923,15,32651
1927923,16,32639
1928181,15,32653
1928181,16,32605
1928438,15,32670
1928438,16,32611
1928694,15,32642
1928694,16,32609
1928946,15,32654
1928946,16,32581
1929203,15,32644
1929203,16,32560
1929457,15,32641
1929457,16,32561
1929671,15,32625
1929671,16,32557
1929926,15,32650
1929926,16,32527
1930180,15,32646
1930180,16,32532
1930433,15,32609
1930433,16,32539
1930690,15,32627
1930690,16,32537
1930946,15,32644
1930946,16,32560
1931198,15,32636
1931198,16,32588
1931457,15,32631
1931457,16,32566
1931668,15,32620
1931668,16,32604
1931921,15,32646
1931921,16,32589
1932177,15,32634
1932177,16,32564
1932431,15,32631
1932431,16,32577
1932688,15,32650
1932688,16,32553
1932946,15,32638
1932946,16,32541
1933198,15,32640
1933198,16,32557
1933454,15,32626
1933454,16,32528
1933706,15,32640
1933706,16,32539
1933919,15,32669
1933919,16,32533
1934175,15,32627
1934175,16,32564
1934431,15,32659
1934431,16,32582
1934687,15,32644
1934687,16,32583
1934939,15,32673
1934939,16,32631
1935195,15,32651
1935195,16,32636
1935449,15,32644
1935449,16,32648
1935703,15,32667
1935703,16,32641
1935915,15,32680
1935915,16,32663
1936173,15,32674
1936173,16,32666
1936425,15,32682
1936425,16,32654
1936684,15,32685
1936684,16,32665
1936938,15,32677
1936938,16,32649
1937190,15,32673
1937190,16,32653
1937447,15,32678
1937447,16,32645
1937702,15,32693
1937702,16,32682
1937958,15,32701
1937958,16,32679
1938170,15,32703
1938170,16,32686
1938428,15,32703
1938428,16,32711
1938679,15,32707
1938679,16,32743
1938935,15,32714
1938935,16,32762
1939192,15,32709
1939192,16,32773
1939447,15,32714
1939447,16,32780
1939701,15,32717
1939701,16,32770
1939954,15,32725
1939954,16,32783
1940166,15,32713
1940166,16,32781
1940423,15,32721
1940423,16,32769
1940676,15,32745
1940676,16,32775
1940932,15,32736
1940932,16,32752
1941186,15,32728
1941186,16,32762
1941441,15,32724
1941441,16,32752
1941698,15,32715
1941698,16,32791
1941953,15,32757
1941953,16,32814
1942208,15,32737
1942208,16,32822
1942421,15,32744
1942421,16,32827
1942677,15,32725
1942677,16,32839
1942930,15,32731
1942930,16,32845
1943186,15,32746
1943186,16,32854
1943440,15,32734
1943440,16,32860
1943695,15,32752
1943695,16,32844
1943951,15,32738
1943951,16,32817
1944203,15,32741
1944203,16,32805
1944416,15,32723
1944416,16,32826
1944675,15,32763
1944675,16,32803
1944928,15,32752
1944928,16,32768
1945183,15,32751
1945183,16,32790
1945437,15,32734
1945437,16,32793
1945693,15,32745
1945693,16,32793
1945947,15,32733
1945947,16,32798
1946203,15,32727
1946203,16,32812
1946458,15,32718
1946458,16,32816
1946669,15,32741
1946669,16,32778
1946926,15,32728
1946926,16,32820
1947177,15,32741
1947177,16,32805
1947436,15,32721
1947436,16,32790
1947693,15,32706
1947693,16,32764
1947948,15,32724
1947948,16,32762
1948200,15,32709
1948200,16,32737
1948455,15,32721
1948455,16,32727
1948666,15,32711
1948666,16,32715
1948924,15,32698
1948924,16,32705
1949175,15,32696
1949175,16,32681
1949432,15,32698
1949432,16,32689
1949689,15,32686
1949689,16,32688
1949943,15,32677
1949943,16,32694
1950197,15,32702
1950197,16,32717
1950454,15,32685
1950454,16,32706
1950708,15,32684
1950708,16,32693
1950919,15,32675
1950919,16,32694
1951175,15,32657
1951175,16,32677
1951430,15,32674
1951430,16,32677
1951685,15,32648
1951685,16,32632
1951941,15,32647
1951941,16,32604
1952195,15,32660
1952195,16,32615
1952450,15,32644
1952450,16,32586
1952704,15,32658
1952704,16,32570
1952920,15,32657
1952920,16,32557
1953173,15,32647
1953173,16,32603
1953427,15,32638
1953427,16,32579
1953682,15,32657
1953682,16,32565
1953939,15,32633
1953939,16,32610
1954193,15,32649
1954193,16,32589
1954449,15,32650
1954449,16,32601
1954704,15,32648
1954704,16,32597
1954956,15,32657
1954956,16,32587
1955168,15,32652
1955168,16,32585
1955424,15,32656
1955424,16,32555
1955681,15,32636
1955681,16,32545
1955937,15,32622
1955937,16,32551
1956191,15,32614
1956191,16,32534
1956444,15,32636
1956444,16,32548
1956702,15,32618
1956702,16,32556
1956955,15,32624
1956955,16,32529
1957166,15,32639
1957166,16,32552
1957421,15,32648
1957421,16,32546
1957677,15,32655
1957677,16,32573
1957931,15,32639
1957931,16,32612
1958185,15,32640
1958185,16,32600
1958443,15,32645
1958443,16,32618
1958698,15,32626
1958698,16,32608
1958952,15,32640
1958952,16,32613
1959206,15,32652
1959206,16,32584
1959419,15,32685
1959419,16,32596
1959674,15,32641
1959674,16,32596
1959930,15,32643
1959930,16,32596
1960185,15,32654
1960185,16,32603
1960442,15,32664
1960442,16,32619
1960694,15,32675
1960694,16,32612
1960950,15,32681
1960950,16,32628
1961205,15,32696
1961205,16,32647
1961417,15,32672
1961417,16,32666
1961672,15,32692
1961672,16,32691
1961927,15,32701
1961927,16,32696
1962183,15,32685
1962183,16,32696
1962437,15,32667
1962437,16,32706
1962693,15,32706
1962693,16,32721
1962947,15,32723
1962947,16,32728
1963203,15,32703
1963203,16,32687
1963458,15,32703
1963458,16,32699
1963673,15,32708
1963673,16,32719
1963924,15,32699
1963924,16,32721
1964181,15,32711
1964181,16,32723
1964437,15,32713
1964437,16,32729
1964690,15,32731
1964690,16,32762
1964946,15,32715
1964946,16,32770
1965198,15,32734
1965198,16,32771
1965456,15,32713
1965456,16,32812
1965665,15,32742
1965665,16,32801
1965922,15,32743
1965922,16,32819
1966177,15,32724
1966177,16,32838
1966432,15,32707
1966432,16,32809
1966686,15,32754
1966686,16,32808
1966941,15,32742
1966941,16,32792
1967198,15,32744
1967198,16,32782
1967455,15,32707
1967455,16,32787
1967707,15,32719
1967707,16,32796
1967920,15,32731
1967920,16,32826
1968173,15,32724
1968173,16,32798
1968430,15,32751
1968430,16,32809
1968684,15,32738
1968684,16,32789
1968941,15,32742
1968941,16,32823
1969194,15,32746
1969194,16,32805
1969452,15,32753
1969452,16,32821
1969706,15,32734
1969706,16,32836
1969917,15,32750
1969917,16,32819
1970171,15,32717
1970171,16,32821
1970424,15,32741
1970424,16,32811
1970680,15,32746
1970680,16,32802
1970939,15,32727
1970939,16,32767
1971191,15,32730
1971191,16,32768
1971446,15,32716
1971446,16,32735
1971702,15,32731
1971702,16,32739
1971958,15,32741
1971958,16,32754
1972170,15,32705
1972170,16,32725
1972423,15,32731
1972423,16,32751
1972681,15,32715
1972681,16,32738
1972934,15,32695
1972934,16,32747
1973190,15,32715
1973190,16,32759
1973447,15,32708
1973447,16,32772
1973701,15,32718
1973701,16,32759
1973951,15,32708
1973951,16,32736
1974166,15,32693
1974166,16,32706
1974423,15,32692
1974423,16,32723
1974678,15,32691
1974678,16,32687
1974935,15,32689
1974935,16,32658
1975188,15,32685
1975188,16,32650
1975443,15,32660
1975443,16,32643
1975698,15,32686
1975698,16,32660
1975951,15,32685
1975951,16,32659
1976209,15,32672
1976209,16,32648
1976421,15,32665
1976421,16,32651
1976675,15,32651
1976675,16,32654
1976928,15,32665
1976928,16,32644
1977186,15,32658
1977186,16,32633
1977438,15,32652
1977438,16,32643
1977695,15,32649
1977695,16,32612
1977951,15,32652
1977951,16,32609
1978205,15,32649
1978205,16,32590
1978418,15,32644
1978418,16,32599
1978675,15,32663
1978675,16,32585
1978929,15,32667
1978929,16,32532
1979179,15,32627
1979179,16,32560
1979439,15,32633
1979439,16,32568
1979693,15,32644
1979693,16,32562
1979947,15,32642
1979947,16,32554
1980202,15,32633
1980202,16,32587
1980455,15,32634
1980455,16,32590
1980669,15,32650
1980669,16,32602
1980924,15,32640
1980924,16,32582
1981178,15,32629
1981178,16,32588
1981438,15,32630
1981438,16,32580
1981690,15,32637
1981690,16,32580
1981946,15,32629
1981946,16,32583
1982204,15,32640
1982204,16,32586
1982456,15,32640
1982456,16,32566
1982666,15,32650
1982666,16,32566
1982921,15,32658
1982921,16,32573
1983179,15,32634
1983179,16,32564
1983431,15,32630
1983431,16,32574
1983687,15,32623
1983687,16,32588
1983944,15,32654
1983944,16,32623
1984197,15,32663
1984197,16,32622
1984452,15,32673
1984452,16,32645
1984708,15,32664
1984708,16,32647
1984921,15,32660
1984921,16,32685
1985175,15,32663
1985175,16,32672
1985433,15,32678
1985433,16,32668
1985686,15,32691
1985686,16,32659
1985937,15,32674
1985937,16,32647
1986194,15,32687
1986194,16,32660
1986447,15,32688
1986447,16,32665
1986704,15,32650
1986704,16,32648
1986918,15,32682
1986918,16,32651
1987172,15,32678
1987172,16,32664
1987431,15,32693
1987431,16,32686
1987684,15,32705
1987684,16,32686
1987938,15,32699
1987938,16,32724
1988193,15,32684
1988193,16,32728
1988447,15,32722
1988447,16,32738
1988706,15,32721
1988706,16,32786
1988957,15,32731
1988957,16,32773
1989173,15,32700
1989173,16,32778
1989427,15,32709
1989427,16,32770
1989678,15,32719
1989678,16,32764
1989934,15,32722
1989934,16,32777
1990192,15,32727
1990192,16,32742
1990444,15,32733
1990444,16,32748
1990700,15,32732
1990700,16,32756
1990958,15,32736
1990958,16,32767
1991169,15,32727
1991169,16,32768
1991423,15,32730
1991423,16,32787
1991679,15,32719
1991679,16,32823
1991932,15,32736
1991932,16,32796
1992187,15,32726
1992187,16,32802
1992441,15,32724
1992441,16,32834
1992698,15,32739
1992698,16,32836
1992952,15,32727
1992952,16,32806
1993208,15,32711
1993208,16,32819
1993420,15,32744
1993420,16,32799
1993675,15,32725
1993675,16,32788
1993929,15,32745
1993929,16,32782
1994185,15,32742
1994185,16,32786
1994440,15,32722
1994440,16,32803
1994693,15,32727
1994693,16,32771
1994947,15,32739
1994947,16,32758
1995203,15,32731
1995203,16,32780
1995419,15,32716
1995419,16,32799
1995673,15,32743
1995673,16,32799
1995928,15,32717
1995928,16,32781
1996182,15,32700
1996182,16,32796
1996438,15,32734
1996438,16,32798
1996693,15,32707
1996693,16,32750
1996945,15,32715
1996945,16,32766
1997201,15,32696
1997201,16,32757
1997456,15,32717
1997456,16,32704
1997672,15,32709
1997672,16,32713
1997927,15,32717
1997927,16,32703
1998180,15,32696
1998180,16,32691
1998437,15,32668
1998437,16,32679
1998690,15,32687
1998690,16,32677
1998944,15,32689
1998944,16,32704
1999198,15,32690
1999198,16,32698
1999455,15,32692
1999455,16,32699
1999668,15,32674
1999668,16,32719
1999922,15,32678
1999922,16,32688
2000179,15,32692
2000179,16,32689
2000431,15,32680
2000431,16,32676
2000685,15,32671
2000685,16,32680
2000943,15,32667
2000943,16,32664
2001196,15,32664
2001196,16,32638
2001449,15,32666
2001449,16,32602
2001709,15,32677
2001709,16,32598
2001918,15,32643
2001918,16,32589
2002176,15,32661
2002176,16,32611
2002431,15,32638
2002431,16,32590
2002684,15,32655
2002684,16,32595
2002942,15,32667
2002942,16,32587
2003195,15,32651
2003195,16,32615
2003448,15,32663
2003448,16,32619
2003705,15,32641
2003705,16,32612
2003918,15,32645
2003918,16,32609
2004172,15,32673
2004172,16,32609
2004428,15,32642
2004428,16,32611
2004683,15,32658
2004683,16,32593
2004939,15,32651
2004939,16,32600
2005192,15,32624
2005192,16,32561
2005448,15,32635
2005448,16,32561
2005703,15,32650
2005703,16,32564
2005955,15,32635
2005955,16,32532
2006169,15,32651
2006169,16,32565
2006427,15,32656
2006427,16,32576
2006683,15,32647
2006683,16,32582
2006937,15,32666
2006937,16,32605
2007190,15,32641
2007190,16,32621
2007444,15,32651
2007444,16,32629
2007701,15,32645
2007701,16,32619
2007955,15,32653
2007955,16,32635
2008168,15,32646
2008168,16,32614
2008422,15,32649
2008422,16,32614
2008678,15,32663
2008678,16,32620
2008933,15,32635
2008933,16,32614
2009188,15,32659
2009188,16,32595
2009443,15,32660
2009443,16,32605
2009699,15,32660
2009699,16,32594
2009956,15,32676
2009956,16,32620
2010206,15,32673
2010206,16,32628
2010419,15,32678
2010419,16,32633
2010675,15,32694
2010675,16,32686
2010931,15,32672
2010931,16,32690
2011183,15,32682
2011183,16,32698
2011437,15,32667
2011437,16,32728
2011693,15,32680
2011693,16,32714
2011950,15,32690
2011950,16,32721
2012203,15,32697
2012203,16,32705
2012417,15,32666
2012417,16,32717
2012670,15,32697
2012670,16,32709
2012928,15,32685
2012928,16,32700
2013183,15,32709
2013183,16,32702
2013440,15,32711
2013440,16,32744
2013692,15,32714
2013692,16,32700
2013946,15,32718
2013946,16,32735
2014205,15,32703
2014205,16,32739
2014461,15,32699
2014461,16,32764
2014670,15,32715
2014670,16,32766
2014929,15,32711
2014929,16,32766
2015177,15,32720
2015177,16,32785
2015436,15,32737
2015436,16,32806
2015692,15,32727
2015692,16,32790
2015946,15,32727
2015946,16,32804
2016202,15,32730
2016202,16,32784
2016455,15,32729
2016455,16,32786
2016668,15,32700
2016668,16,32782
2016923,15,32727
2016923,16,32791
2017177,15,32724
2017177,16,32768
2017431,15,32741
2017431,16,32785
2017687,15,32728
2017687,16,32786
2017944,15,32715
2017944,16,32809
2018199,15,32728
2018199,16,32776
2018455,15,32729
2018455,16,32797
2018707,15,32729
2018707,16,32789
2018918,15,32742
2018918,16,32801
2019173,15,32728
2019173,16,32810
2019430,15,32733
2019430,16,32782
2019686,15,32732
2019686,16,32772
2019939,15,32734
2019939,16,32787
2020195,15,32714
2020195,16,32762
2020450,15,32720
2020450,16,32740
2020705,15,32713
2020705,16,32741
2020913,15,32727
2020913,16,32759
2021174,15,32701
2021174,16,32729
2021429,15,32711
2021429,16,32746
2021684,15,32731
2021684,16,32750
2021937,15,32722
2021937,16,32722
2022191,15,32718
2022191,16,32750
2022447,15,32727
2022447,16,32748
2022705,15,32706
2022705,16,32713
2022957,15,32696
2022957,16,32729
2023172,15,32689
2023172,16,32724
2023424,15,32706
2023424,16,32720
2023679,15,32702
2023679,16,32685
2023936,15,32687
2023936,16,32683
2024191,15,32699
2024191,16,32664
2024449,15,32684
2024449,16,32645
2024701,15,32693
2024701,16,32639
2024954,15,32675
2024954,16,32650
2025168,15,32669
2025168,16,32663
2025422,15,32689
2025422,16,32625
2025674,15,32669
2025674,16,32618
2025933,15,32676
2025933,16,32661
2026190,15,32662
2026190,16,32647
2026440,15,32671
2026440,16,32652
2026698,15,32671
2026698,16,32639
2026952,15,32665
2026952,16,32645
2027207,15,32646
2027207,16,32641
2027420,15,32648
2027420,16,32632
2027676,15,32657
2027676,16,32631
2027931,15,32649
2027931,16,32585
2028184,15,32655
2028184,16,32581
2028440,15,32667
2028440,16,32584
2028696,15,32627
2028696,16,32572
2028947,15,32658
2028947,16,32572
2029203,15,32643
2029203,16,32579
2029418,15,32640
2029418,16,32573
2029675,15,32631
2029675,16,32607
2029927,15,32647
2029927,16,32596
2030182,15,32657
2030182,16,32584
2030434,15,32634
2030434,16,32609
2030691,15,32637
2030691,16,32623
2030949,15,32642
2030949,16,32619
2031201,15,32648
2031201,16,32620
2031456,15,32638
2031456,16,32583
2031670,15,32645
2031670,16,32578
2031926,15,32646
2031926,16,32575
2032179,15,32665
2032179,16,32587
2032435,15,32632
2032435,16,32581
2032690,15,32652
2032690,16,32570
2032946,15,32639
2032946,16,32603
2033201,15,32651
2033201,16,32605
2033454,15,32649
2033454,16,32641
2033667,15,32650
2033667,16,32648
2033923,15,32664
2033923,16,32647
2034177,15,32671
2034177,16,32647
2034434,15,32700
2034434,16,32656
2034686,15,32657
2034686,16,32663
2034945,15,32674
2034945,16,32658
2035197,15,32667
2035197,16,32663
2035450,15,32683
2035450,16,32676
2035706,15,32682
2035706,16,32662
2035921,15,32686
2035921,16,32673
2036176,15,32682
2036176,16,32642
2036432,15,32680
2036432,16,32671
2036688,15,32680
2036688,16,32693
2036942,15,32686
2036942,16,32683
2037192,15,32680
2037192,16,32712
2037449,15,32699
2037449,16,32718
2037707,15,32700
2037707,16,32746
2037918,15,32686
2037918,16,32732
2038171,15,32713
2038171,16,32745
2038428,15,32728
2038428,16,32767
2038682,15,32716
2038682,16,32752
2038937,15,32705
2038937,16,32750
2039192,15,32723
2039192,16,32751
2039445,15,32718
2039445,16,32752
2039704,15,32710
2039704,16,32737
2039958,15,32722
2039958,16,32748
2040170,15,32725
2040170,16,32744
2040426,15,32711
2040426,16,32752
2040680,15,32726
2040680,16,32763
2040936,15,32730
2040936,16,32771
2041191,15,32733
2041191,16,32799
2041445,15,32733
2041445,16,32807
2041701,15,32738
2041701,16,32803
2041955,15,32717
2041955,16,32811
2042168,15,32730
2042168,16,32791
2042422,15,32709
2042422,16,32807
2042677,15,32726
2042677,16,32806
2042930,15,32717
2042930,16,32779
2043187,15,32709
2043187,16,32786
2043441,15,32724
2043441,16,32773
2043699,15,32727
2043699,16,32743
2043951,15,32717
2043951,16,32739
2044207,15,32718
2044207,16,32769
2044422,15,32725
2044422,16,32770
2044675,15,32726
2044675,16,32773
2044932,15,32720
2044932,16,32749
2045186,15,32720
2045186,16,32765
2045439,15,32726
2045439,16,32781
2045695,15,32715
2045695,16,32775
2045952,15,32718
2045952,16,32764
2046206,15,32717
2046206,16,32759
2046418,15,32693
2046418,16,32751
2046673,15,32705
2046673,16,32722
2046930,15,32703
2046930,16,32723
2047182,15,32696
2047182,16,32705
2047435,15,32699
2047435,16,32701
2047695,15,32696
2047695,16,32682
2047946,15,32711
2047946,16,32700
2048201,15,32713
2048201,16,32701
2048456,15,32688
2048456,16,32720
2048671,15,32691
2048671,16,32680
2048923,15,32681
2048923,16,32685
2049181,15,32671
2049181,16,32695
2049435,15,32678
2049435,16,32676
2049689,15,32666
2049689,16,32666
2049946,15,32688
2049946,16,32661
2050201,15,32682
2050201,16,32653
2050454,15,32677
2050454,16,32666
2050666,15,32684
2050666,16,32634
2050921,15,32672
2050921,16,32626
2051176,15,32655
2051176,16,32611
2051432,15,32659
2051432,16,32625
2051688,15,32633
2051688,16,32599
2051943,15,32677
2051943,16,32611
2052199,15,32635
2052199,16,32616
2052452,15,32653
2052452,16,32614
2052706,15,32658
2052706,16,32626
2052918,15,32668
2052918,16,32606
2053174,15,32654
2053174,16,32635
2053431,15,32641
2053431,16,32624
2053685,15,32667
2053685,16,32631
2053941,15,32651
2053941,16,32618
2054194,15,32666
2054194,16,32594
2054449,15,32676
2054449,16,32592
2054704,15,32670
2054704,16,32575
2054919,15,32649
2054919,16,32598
2055175,15,32655
2055175,16,32578
2055427,15,32666
2055427,16,32561
2055682,15,32629
2055682,16,32590
2055938,15,32642
2055938,16,32590
2056195,15,32669
2056195,16,32605
2056446,15,32649
2056446,16,32614
2056703,15,32673
2056703,16,32610
2056958,15,32647
2056958,16,32628
2057172,15,32652
2057172,16,32616
2057425,15,32669
2057425,16,32616
2057681,15,32671
2057681,16,32628
2057936,15,32659
2057936,16,32630
2058192,15,32658
2058192,16,32614
2058446,15,32664
2058446,16,32649
2058697,15,32679
2058697,16,32629
2058955,15,32647
2058955,16,32618
2059168,15,32668
2059168,16,32639
2059424,15,32671
2059424,16,32655
2059677,15,32706
2059677,16,32663
2059935,15,32694
2059935,16,32667
2060187,15,32667
2060187,16,32683
2060446,15,32682
2060446,16,32677
2060700,15,32685
2060700,16,32706
2060953,15,32695
2060953,16,32692
2061206,15,32700
2061206,16,32709
2061420,15,32683
2061420,16,32706
2061673,15,32689
2061673,16,32703
2061929,15,32692
2061929,16,32717
2062188,15,32713
2062188,16,32717
2062438,15,32703
2062438,16,32698
2062694,15,32714
2062694,16,32689
2062950,15,32707
2062950,16,32710
2063204,15,32703
2063204,16,32718
2063418,15,32698
2063418,16,32712
2063671,15,32697
2063671,16,32748
2063926,15,32721
2063926,16,32768
2064183,15,32697
2064183,16,32778
2064438,15,32728
2064438,16,32759
2064693,15,32707
2064693,16,32774
2064947,15,32695
2064947,16,32785
2065205,15,32730
2065205,16,32763
2065455,15,32716
2065455,16,32776
2065671,15,32704
2065671,16,32790
2065926,15,32701
2065926,16,32768
2066181,15,32704
2066181,16,32735
2066436,15,32735
2066436,16,32787
2066690,15,32721
2066690,16,32763
2066946,15,32722
2066946,16,32764
2067202,15,32734
2067202,16,32778
2067456,15,32726
2067456,16,32761
2067667,15,32729
2067667,16,32766
2067924,15,32743
2067924,16,32783
2068178,15,32711
2068178,16,32813
2068434,15,32720
2068434,16,32791
2068688,15,32711
2068688,16,32785
2068942,15,32727
2068942,16,32780
2069199,15,32734
2069199,16,32798
2069453,15,32720
2069453,16,32774
2069706,15,32709
2069706,16,32748
2069921,15,32712
2069921,16,32753
2070175,15,32713
2070175,16,32736
2070430,15,32710
2070430,16,32716
2070684,15,32708
2070684,16,32737
2070939,15,32697
2070939,16,32720
2071194,15,32712
2071194,16,32722
2071450,15,32703
2071450,16,32718
2071704,15,32722
2071704,16,32736
2071914,15,32704
2071914,16,32727
2072171,15,32699
2072171,16,32734
2072431,15,32683
2072431,16,32712
2072684,15,32686
2072684,16,32720
2072940,15,32667
2072940,16,32718
2073192,15,32658
2073192,16,32685
2073449,15,32682
2073449,16,32660
2073704,15,32665
2073704,16,32673
2073957,15,32697
2073957,16,32652
2074170,15,32693
2074170,16,32666
2074427,15,32705
2074427,16,32641
2074680,15,32695
2074680,16,32650
2074936,15,32691
2074936,16,32659
2075192,15,32686
2075192,16,32662
2075445,15,32657
2075445,16,32652
2075699,15,32685
2075699,16,32659
2075957,15,32668
2075957,16,32648
2076167,15,32658
2076167,16,32646
2076423,15,32657
2076423,16,32620
2076682,15,32662
2076682,16,32636
2076935,15,32648
2076935,16,32633
2077185,15,32665
2077185,16,32590
2077442,15,32663
2077442,16,32610
2077696,15,32657
2077696,16,32592
2077953,15,32651
2077953,16,32599
2078210,15,32650
2078210,16,32582
2078417,15,32647
2078417,16,32587
2078674,15,32673
2078674,16,32600
2078932,15,32645
2078932,16,32600
2079184,15,32632
2079184,16,32589
2079440,15,32650
2079440,16,32610
2079692,15,32666
2079692,16,32605
2079950,15,32657
2079950,16,32606
2080204,15,32630
2080204,16,32620
2080416,15,32662
2080416,16,32643
2080671,15,32660
2080671,16,32606
2080928,15,32666
2080928,16,32600
2081182,15,32679
2081182,16,32614
2081435,15,32652
2081435,16,32600
2081694,15,32662
2081694,16,32596
2081949,15,32663
2081949,16,32593
2082202,15,32669
2082202,16,32617
2082459,15,32689
2082459,16,32628
2082671,15,32652
2082671,16,32624
2082927,15,32672
2082927,16,32638
2083180,15,32676
2083180,16,32654
2083434,15,32677
2083434,16,32654
2083690,15,32656
2083690,16,32677
2083945,15,32674
2083945,16,32660
2084199,15,32686
2084199,16,32666
2084453,15,32664
2084453,16,32675
2084668,15,32684
2084668,16,32650
2084921,15,32697
2084921,16,32668
2085175,15,32695
2085175,16,32668
2085434,15,32671
2085434,16,32655
2085689,15,32687
2085689,16,32684
2085941,15,32691
2085941,16,32677
2086195,15,32707
2086195,16,32691
2086451,15,32696
2086451,16,32701
2086707,15,32708
2086707,16,32704
2086923,15,32705
2086923,16,32735
2087175,15,32696
2087175,16,32751
2087430,15,32712
2087430,16,32727
2087685,15,32706
2087685,16,32715
2087941,15,32689
2087941,16,32746
2088193,15,32695
2088193,16,32745
2088451,15,32716
2088451,16,32738
2088704,15,32707
2088704,16,32740
2088914,15,32716
2088914,16,32750
2089175,15,32715
2089175,16,32725
2089428,15,32727
2089428,16,32731
2089681,15,32719
2089681,16,32730
2089938,15,32718
2089938,16,32762
2090194,15,32723
2090194,16,32747
2090447,15,32729
2090447,16,32762
2090706,15,32719
2090706,16,32787
2090956,15,32732
2090956,16,32794
2091170,15,32729
2091170,16,32777
2091426,15,32734
2091426,16,32780
2091678,15,32705
2091678,16,32777
2091936,15,32710
2091936,16,32783
2092189,15,32708
2092189,16,32774
2092445,15,32719
2092445,16,32775
2092700,15,32738
2092700,16,32769
2092953,15,32732
2092953,16,32754
2093165,15,32703
2093165,16,32756
2093423,15,32723
2093423,16,32755
2093678,15,32717
2093678,16,32752
2093933,15,32699
2093933,16,32749
2094186,15,32712
2094186,16,32776
2094444,15,32727
2094444,16,32768
2094698,15,32727
2094698,16,32757
2094953,15,32703
2094953,16,32767
2095208,15,32707
2095208,16,32761
2095419,15,32713
2095419,16,32750
2095673,15,32702
2095673,16,32732
2095931,15,32695
2095931,16,32736
2096185,15,32697
2096185,16,32727
2096440,15,32704
2096440,16,32728
2096696,15,32727
2096696,16,32696
2096949,15,32685
2096949,16,32706
2097205,15,32702
2097205,16,32688
2097416,15,32691
2097416,16,32667
2097673,15,32705
2097673,16,32671
2097929,15,32671
2097929,16,32678
2098184,15,32687
2098184,16,32673
2098436,15,32708
2098436,16,32698
2098692,15,32659
2098692,16,32684
2098949,15,32666
2098949,16,32688
2099200,15,32681
2099200,16,32696
2099456,15,32677
2099456,16,32677
2099669,15,32679
2099669,16,32671
2099924,15,32668
2099924,16,32648
2100179,15,32680
2100179,16,32671
2100437,15,32675
2100437,16,32651
2100692,15,32663
2100692,16,32610
2100946,15,32671
2100946,16,32618
2101198,15,32676
2101198,16,32621
2101455,15,32655
2101455,16,32622
2101667,15,32679
2101667,16,32619
2101919,15,32649
2101919,16,32593
2102177,15,32664
2102177,16,32621
2102431,15,32686
2102431,16,32616
2102688,15,32667
2102688,16,32618
2102941,15,32664
2102941,16,32631
2103199,15,32673
2103199,16,32608
2103453,15,32665
2103453,16,32618
2103707,15,32684
2103707,16,32610
2103921,15,32659
2103921,16,32601
2104174,15,32653
2104174,16,32596
2104431,15,32676
2104431,16,32590
2104685,15,32659
2104685,16,32594
2104939,15,32651
2104939,16,32596
2105194,15,32646
2105194,16,32596
2105452,15,32662
2105452,16,32590
2105705,15,32664
2105705,16,32610
2105919,15,32663
2105919,16,32618
2106173,15,32682
2106173,16,32629
2106428,15,32667
2106428,16,32645
2106684,15,32674
2106684,16,32632
2106937,15,32665
2106937,16,32633
2107193,15,32674
2107193,16,32638
2107445,15,32664
2107445,16,32648
2107703,15,32670
2107703,16,32656
2107958,15,32681
2107958,16,32635
2108170,15,32677
2108170,16,32642
2108425,15,32692
2108425,16,32637
2108679,15,32667
2108679,16,32647
2108937,15,32671
2108937,16,32635
2109188,15,32680
2109188,16,32653
2109445,15,32677
2109445,16,32679
2109701,15,32682
2109701,16,32691
2109958,15,32683
2109958,16,32701
2110167,15,32669
2110167,16,32687
2110423,15,32695
2110423,16,32708
2110677,15,32684
2110677,16,32687
2110930,15,32668
2110930,16,32696
2111189,15,32706
2111189,16,32690
2111444,15,32672
2111444,16,32716
2111702,15,32691
2111702,16,32712
2111950,15,32706
2111950,16,32709
2112207,15,32686
2112207,16,32704
2112418,15,32720
2112418,16,32706
2112676,15,32698
2112676,16,32713
2112932,15,32718
2112932,16,32726
2113187,15,32705
2113187,16,32745
2113442,15,32710
2113442,16,32757
2113696,15,32713
2113696,16,32754
2113951,15,32708
2113951,16,32777
2114207,15,32716
2114207,16,32765
2114419,15,32719
2114419,16,32777
2114673,15,32720
2114673,16,32759
2114928,15,32701
2114928,16,32765
2115182,15,32715
2115182,16,32772
2115439,15,32730
2115439,16,32766
2115694,15,32720
2115694,16,32751
2115950,15,32715
2115950,16,32763
2116203,15,32704
2116203,16,32771
2116459,15,32697
2116459,16,32756
2116668,15,32704
2116668,16,32758
2116926,15,32724
2116926,16,32763
2117179,15,32725
2117179,16,32774
2117436,15,32723
2117436,16,32771
2117690,15,32726
2117690,16,32759
2117946,15,32728
2117946,16,32778
2118202,15,32719
2118202,16,32768
2118454,15,32739
2118454,16,32767
2118668,15,32711
2118668,16,32775
2118923,15,32715
2118923,16,32730
2119179,15,32722
2119179,16,32760
2119432,15,32702
2119432,16,32727
2119686,15,32703
2119686,16,32753
2119945,15,32688
2119945,16,32711
2120200,15,32704
2120200,16,32728
2120454,15,32709
2120454,16,32714
2120707,15,32713
2120707,16,32714
2120918,15,32705
2120918,16,32737
2121177,15,32677
2121177,16,32733
2121429,15,32690
2121429,16,32718
2121685,15,32685
2121685,16,32732
2121940,15,32692
2121940,16,32711
2122194,15,32697
2122194,16,32717
2122445,15,32703
2122445,16,32700
2122706,15,32707
2122706,16,32687
2122917,15,32692
2122917,16,32684
2123172,15,32705
2123172,16,32676
2123425,15,32671
2123425,16,32654
2123684,15,32665
2123684,16,32658
2123938,15,32670
2123938,16,32652
2124193,15,32682
2124193,16,32658
2124448,15,32673
2124448,16,32659
2124701,15,32680
2124701,16,32631
2124959,15,32691
2124959,16,32673
2125172,15,32665
2125172,16,32655
2125424,15,32666
2125424,16,32640
2125681,15,32658
2125681,16,32634
2125936,15,32672
2125936,16,32637
2126190,15,32665
2126190,16,32639
2126445,15,32690
2126445,16,32630
2126701,15,32647
2126701,16,32603
2126957,15,32664
2126957,16,32607
2127165,15,32652
2127165,16,32623
2127422,15,32654
2127422,16,32598
2127679,15,32660
2127679,16,32598
2127932,15,32663
2127932,16,32616
2128189,15,32670
2128189,16,32587
2128444,15,32643
2128444,16,32614
2128696,15,32647
2128696,16,32642
2128953,15,32660
2128953,16,32630
2129205,15,32645
2129205,16,32629
2129419,15,32638
2129419,16,32621
2129673,15,32664
2129673,16,32616
2129930,15,32668
2129930,16,32607
2130185,15,32659
2130185,16,32617
2130440,15,32662
2130440,16,32594
2130695,15,32669
2130695,16,32614
2130951,15,32653
2130951,16,32609
2131207,15,32656
2131207,16,32608
2131420,15,32676
2131420,16,32604
2131671,15,32654
2131671,16,32604
2131928,15,32667
2131928,16,32635
2132182,15,32679
2132182,16,32618
2132440,15,32689
2132440,16,32635
2132692,15,32696
2132692,16,32638
2132946,15,32671
2132946,16,32661
2133202,15,32666
2133202,16,32656
2133457,15,32653
2133457,16,32676
2133669,15,32675
2133669,16,32679
2133927,15,32698
2133927,16,32677
2134180,15,32692
2134180,16,32684
2134435,15,32681
2134435,16,32662
2134690,15,32680
2134690,16,32664
2134944,15,32695
2134944,16,32673
2135201,15,32707
2135201,16,32694
2135453,15,32700
2135453,16,32679
2135666,15,32695
2135666,16,32722
2135924,15,32688
2135924,16,32689
2136176,15,32689
2136176,16,32717
2136432,15,32686
2136432,16,32716
2136690,15,32696
2136690,16,32729
2136944,15,32714
2136944,16,32713
2137198,15,32706
2137198,16,32749
2137452,15,32704
2137452,16,32750
2137706,15,32707
2137706,16,32725
2137920,15,32697
2137920,16,32740
2138176,15,32709
2138176,16,32736
2138428,15,32723
2138428,16,32742
2138686,15,32705
2138686,16,32728
2138939,15,32718
2138939,16,32738
2139194,15,32711
2139194,16,32742
2139449,15,32709
2139449,16,32756
2139706,15,32706
2139706,16,32763
2139914,15,32707
2139914,16,32761
2140171,15,32699
2140171,16,32763
2140429,15,32713
2140429,16,32773
2140682,15,32718
2140682,16,32748
2140936,15,32703
2140936,16,32792
2141195,15,32724
2141195,16,32778
2141447,15,32721
2141447,16,32759
2141703,15,32713
2141703,16,32750
2141959,15,32722
2141959,16,32739
2142170,15,32714
2142170,16,32777
2142423,15,32731
2142423,16,32736
2142679,15,32712
2142679,16,32738
2142936,15,32715
2142936,16,32731
2143191,15,32707
2143191,16,32750
2143445,15,32680
2143445,16,32750
2143700,15,32707
2143700,16,32765
2143954,15,32707
2143954,16,32755
2144169,15,32721
2144169,16,32754
2144423,15,32705
2144423,16,32735
2144678,15,32709
2144678,16,32739
2144933,15,32711
2144933,16,32736
2145188,15,32700
2145188,16,32714
2145443,15,32679
2145443,16,32718
2145698,15,32713
2145698,16,32729
2145952,15,32696
2145952,16,32716
2146209,15,32697
2146209,16,32703
2146419,15,32696
2146419,16,32706
2146674,15,32703
2146674,16,32691
2146929,15,32700
2146929,16,32698
2147186,15,32681
2147186,16,32662
2147443,15,32687
2147443,16,32703
2147697,15,32695
2147697,16,32680
2147950,15,32695
2147950,16,32674
2148206,15,32696
2148206,16,32675
2148417,15,32692
2148417,16,32687
2148671,15,32690
2148671,16,32687
2148927,15,32695
2148927,16,32642
2149182,15,32688
2149182,16,32650
2149437,15,32680
2149437,16,32651
2149689,15,32699
2149689,16,32637
2149946,15,32674
2149946,16,32642
2150204,15,32649
2150204,16,32622
2150457,15,32668
2150457,16,32634
2150671,15,32659
2150671,16,32656
2150927,15,32655
2150927,16,32627
2151180,15,32666
2151180,16,32637
2151437,15,32672
2151437,16,32635
2151688,15,32671
2151688,16,32622
2151945,15,32669
2151945,16,32635
2152199,15,32677
2152199,16,32630
2152456,15,32656
2152456,16,32639
2152667,15,32683
2152667,16,32643
2152919,15,32651
2152919,16,32622
2153178,15,32672
2153178,16,32607
2153432,15,32664
2153432,16,32609
2153687,15,32659
2153687,16,32609
2153941,15,32661
2153941,16,32604
2154195,15,32662
2154195,16,32596
2154454,15,32658
2154454,16,32604
2154709,15,32660
2154709,16,32628
2154921,15,32675
2154921,16,32628
2155177,15,32685
2155177,16,32632
2155429,15,32669
2155429,16,32624
2155685,15,32666
2155685,16,32654
2155940,15,32666
2155940,16,32638
2156198,15,32666
2156198,16,32632
2156449,15,32678
2156449,16,32642
2156705,15,32676
2156705,16,32670
2156917,15,32666
2156917,16,32631
2157172,15,32653
2157172,16,32634
2157427,15,32679
2157427,16,32641
2157682,15,32650
2157682,16,32632
2157939,15,32661
2157939,16,32633
2158194,15,32668
2158194,16,32646
2158446,15,32671
2158446,16,32661
2158703,15,32645
2158703,16,32677
2158957,15,32693
2158957,16,32669
2159170,15,32658
2159170,16,32705
2159425,15,32682
2159425,16,32709
2159679,15,32668
2159679,16,32687
2159934,15,32681
2159934,16,32687
2160192,15,32704
2160192,16,32695
2160444,15,32680
2160444,16,32729
2160698,15,32696
2160698,16,32691
2160955,15,32704
2160955,16,32705
2161167,15,32714
2161167,16,32694
2161421,15,32687
2161421,16,32719
2161677,15,32691
2161677,16,32708
2161931,15,32696
2161931,16,32734
2162187,15,32706
2162187,16,32728
2162442,15,32714
2162442,16,32739
2162695,15,32708
2162695,16,32720
2162952,15,32710
2162952,16,32749
2163207,15,32708
2163207,16,32753
2163419,15,32724
2163419,16,32736
2163675,15,32708
2163675,16,32765
2163931,15,32729
2163931,16,32756
2164182,15,32721
2164182,16,32744
2164442,15,32703
2164442,16,32762
2164695,15,32723
2164695,16,32760
2164951,15,32695
2164951,16,32740
2165207,15,32718
2165207,16,32760
2165416,15,32714
2165416,16,32748
2165672,15,32718
2165672,16,32761
2165927,15,32709
2165927,16,32766
2166181,15,32696
2166181,16,32756
2166440,15,32728
2166440,16,32760
2166692,15,32724
2166692,16,32751
2166947,15,32716
2166947,16,32775
2167203,15,32736
2167203,16,32751
2167456,15,32728
2167456,16,32743
2167671,15,32739
2167671,16,32764
2167924,15,32703
2167924,16,32771
2168179,15,32708
2168179,16,32749
2168434,15,32695
2168434,16,32744
2168689,15,32698
2168689,16,32714
2168945,15,32720
2168945,16,32741
2169200,15,32706
2169200,16,32716
2169454,15,32706
2169454,16,32729
2169669,15,32701
2169669,16,32731
2169925,15,32711
2169925,16,32718
2170178,15,32713
2170178,16,32711
2170433,15,32701
2170433,16,32729
2170686,15,32709
2170686,16,32714
2170943,15,32696
2170943,16,32699
2171197,15,32698
2171197,16,32706
2171451,15,32686
2171451,16,32693
2171708,15,32717
2171708,16,32680
2171921,15,32700
2171921,16,32695
2172175,15,32689
2172175,16,32686
2172430,15,32695
2172430,16,32680
2172683,15,32678
2172683,16,32674
2172939,15,32679
2172939,16,32673
2173196,15,32677
2173196,16,32660
2173450,15,32668
2173450,16,32656
2173702,15,32674
2173702,16,32670
2173918,15,32671
2173918,16,32662
2174171,15,32664
2174171,16,32661
2174427,15,32678
2174427,16,32652
2174680,15,32675
2174680,16,32666
2174936,15,32675
2174936,16,32649
2175192,15,32664
2175192,16,32636
2175447,15,32692
2175447,16,32645
2175701,15,32647
2175701,16,32628
2175956,15,32674
2175956,16,32640
2176167,15,32640
2176167,16,32617
2176423,15,32666
2176423,16,32601
2176679,15,32674
2176679,16,32622
2176933,15,32649
2176933,16,32610
2177190,15,32679
2177190,16,32609
2177446,15,32678
2177446,16,32611
2177699,15,32647
2177699,16,32640
2177956,15,32658
2177956,16,32622
2178167,15,32660
2178167,16,32629
2178419,15,32685
2178419,16,32635
2178679,15,32661
2178679,16,32640
2178934,15,32667
2178934,16,32630
2179185,15,32668
2179185,16,32619
2179442,15,32647
2179442,16,32633
2179696,15,32659
2179696,16,32632
2179954,15,32679
2179954,16,32622
2180208,15,32663
2180208,16,32614
2180418,15,32666
2180418,16,32615
2180673,15,32670
2180673,16,32634
2180934,15,32668
2180934,16,32647
2181186,15,32678
2181186,16,32632
2181440,15,32664
2181440,16,32626
2181696,15,32669
2181696,16,32649
2181947,15,32665
2181947,16,32665
2182202,15,32686
2182202,16,32674
2182416,15,32682
2182416,16,32664
2182672,15,32686
2182672,16,32667
2182929,15,32692
2182929,16,32653
2183184,15,32659
2183184,16,32681
2183438,15,32697
2183438,16,32659
2183693,15,32696
2183693,16,32661
2183948,15,32690
2183948,16,32697
2184205,15,32694
2184205,16,32680
2184458,15,32676
2184458,16,32674
2184671,15,32686
2184671,16,32683
2184926,15,32681
2184926,16,32706
2185180,15,32691
2185180,16,32677
2185436,15,32678
2185436,16,32699
2185692,15,32721
2185692,16,32716
2185944,15,32696
2185944,16,32733
2186200,15,32692
2186200,16,32732
2186455,15,32719
2186455,16,32737
2186668,15,32709
2186668,16,32735
2186923,15,32721
2186923,16,32711
2187177,15,32701
2187177,16,32730
2187431,15,32714
2187431,16,32720
2187685,15,32691
2187685,16,32726
2187940,15,32715
2187940,16,32731
2188197,15,32715
2188197,16,32738
2188450,15,32719
2188450,16,32723
2188704,15,32705
2188704,16,32738
2188920,15,32719
2188920,16,32755
2189172,15,32697
2189172,16,32742
2189430,15,32702
2189430,16,32733
2189685,15,32711
2189685,16,32751
2189942,15,32718
2189942,16,32761
2190194,15,32715
2190194,16,32763
2190448,15,32699
2190448,16,32753
2190704,15,32698
2190704,16,32746
2190920,15,32718
2190920,16,32779
2191170,15,32727
2191170,16,32738
2191429,15,32731
2191429,16,32734
2191684,15,32716
2191684,16,32735
2191938,15,32710
2191938,16,32722
2192194,15,32713
2192194,16,32749
2192448,15,32730
2192448,16,32729
2192703,15,32692
2192703,16,32743
2192957,15,32682
2192957,16,32762
2193171,15,32716
2193171,16,32732
2193424,15,32702
2193424,16,32767
2193679,15,32707
2193679,16,32738
2193936,15,32692
2193936,16,32734
2194191,15,32716
2194191,16,32737
2194446,15,32692
2194446,16,32740
2194701,15,32707
2194701,16,32711
2194955,15,32695
2194955,16,32715
2195166,15,32703
2195166,16,32717
2195420,15,32685
2195420,16,32720
2195676,15,32702
2195676,16,32705
2195930,15,32711
2195930,16,32684
2196190,15,32696
2196190,16,32700
2196442,15,32688
2196442,16,32688
2196699,15,32671
2196699,16,32701
2196954,15,32707
2196954,16,32695
2197208,15,32669
2197208,16,32699
2197419,15,32682
2197419,16,32687
2197677,15,32693
2197677,16,32672
2197930,15,32694
2197930,16,32687
2198185,15,32678
2198185,16,32685
2198440,15,32684
2198440,16,32659
2198698,15,32687
2198698,16,32667
2198949,15,32682
2198949,16,32665
2199203,15,32652
2199203,16,32661
2199417,15,32681
2199417,16,32638
2199674,15,32696
2199674,16,32630
2199926,15,32663
2199926,16,32625
2200182,15,32691
2200182,16,32642
2200437,15,32661
2200437,16,32628
2200693,15,32658
2200693,16,32637
2200946,15,32666
2200946,16,32637
2201200,15,32665
2201200,16,32672
2201456,15,32674
2201456,16,32636
2201671,15,32677
2201671,16,32623
2201925,15,32680
2201925,16,32624
2202178,15,32672
2202178,16,32632
2202436,15,32664
2202436,16,32640
2202690,15,32668
2202690,16,32614
2202944,15,32667
2202944,16,32625
2203197,15,32676
2203197,16,32630
2203456,15,32666
2203456,16,32617
2203666,15,32666
2203666,16,32613
2203925,15,32676
2203925,16,32608
2204179,15,32653
2204179,16,32626
2204433,15,32664
2204433,16,32622
2204686,15,32661
2204686,16,32644
2204943,15,32675
2204943,16,32619
2205199,15,32665
2205199,16,32661
2205453,15,32676
2205453,16,32647
2205707,15,32678
2205707,16,32656
2205922,15,32668
2205922,16,32661
2206175,15,32661
2206175,16,32665
2206432,15,32660
2206432,16,32655
2206687,15,32653
2206687,16,32672
2206940,15,32689
2206940,16,32653
2207192,15,32676
2207192,16,32672
2207452,15,32658
2207452,16,32637
2207707,15,32713
2207707,16,32668
2207916,15,32691
2207916,16,32674
2208174,15,32698
2208174,16,32689
2208425,15,32667
2208425,16,32678
2208685,15,32682
2208685,16,32698
2208936,15,32683
2208936,16,32700
2209193,15,32697
2209193,16,32705
2209449,15,32674
2209449,16,32697
2209701,15,32679
2209701,16,32712
2209957,15,32717
2209957,16,32679
2210171,15,32687
2210171,16,32704
2210423,15,32685
2210423,16,32717
2210681,15,32699
2210681,16,32715
2210934,15,32690
2210934,16,32731
2211192,15,32727
2211192,16,32732
2211445,15,32710
2211445,16,32723
2211700,15,32696
2211700,16,32718
2211954,15,32711
2211954,16,32731
2212166,15,32705
2212166,16,32756
2212423,15,32707
2212423,16,32732
2212674,15,32705
2212674,16,32735
2212932,15,32700
2212932,16,32744
2213186,15,32698
2213186,16,32741
2213444,15,32696
2213444,16,32749
2213697,15,32712
2213697,16,32751
2213952,15,32730
2213952,16,32742
2214206,15,32709
2214206,16,32758
2214420,15,32716
2214420,16,32760
2214676,15,32729
2214676,16,32740
2214932,15,32692
2214932,16,32739
2215183,15,32726
2215183,16,32722
2215440,15,32706
2215440,16,32741
2215696,15,32711
2215696,16,32753
2215951,15,32709
2215951,16,32746
2216205,15,32727
2216205,16,32743
2216417,15,32710
2216417,16,32738
2216673,15,32729
2216673,16,32754
2216926,15,32710
2216926,16,32734
2217183,15,32709
2217183,16,32734
2217438,15,32687
2217438,16,32755
2217696,15,32712
2217696,16,32752
2217946,15,32717
2217946,16,32715
2218203,15,32718
2218203,16,32718
2218459,15,32707
2218459,16,32711
2218671,15,32716
2218671,16,32716
2218926,15,32699
2218926,16,32729
2219181,15,32698
2219181,16,32728
2219435,15,32694
2219435,16,32722
2219689,15,32712
2219689,16,32718
2219945,15,32699
2219945,16,32712
2220197,15,32689
2220197,16,32703
2220455,15,32693
2220455,16,32708
2220667,15,32699
2220667,16,32703
2220922,15,32697
2220922,16,32688
2221177,15,32666
2221177,16,32686
2221432,15,32681
2221432,16,32679
2221687,15,32697
2221687,16,32704
2221944,15,32676
2221944,16,32679
2222199,15,32699
2222199,16,32673
2222450,15,32700
2222450,16,32662
2222707,15,32674
2222707,16,32646
2222918,15,32694
2222918,16,32632
2223173,15,32679
2223173,16,32665
2223431,15,32690
2223431,16,32661
2223683,15,32672
2223683,16,32638
2223940,15,32680
2223940,16,32659
2224195,15,32681
2224195,16,32655
2224449,15,32676
2224449,16,32666
2224707,15,32683
2224707,16,32675
2224917,15,32667
2224917,16,32651
2225174,15,32667
2225174,16,32638
2225423,15,32684
2225423,16,32661
2225679,15,32673
2225679,16,32614
2225936,15,32664
2225936,16,32638
2226192,15,32681
2226192,16,32626
2226447,15,32684
2226447,16,32612
2226704,15,32660
2226704,16,32614
2226960,15,32671
2226960,16,32632
2227171,15,32673
2227171,16,32639
2227424,15,32677
2227424,16,32624
2227678,15,32678
2227678,16,32626
2227932,15,32653
2227932,16,32647
2228190,15,32668
2228190,16,32637
2228445,15,32654
2228445,16,32638
2228700,15,32695
2228700,16,32611
2228954,15,32660
2228954,16,32623
2229168,15,32666
2229168,16,32648
2229422,15,32669
2229422,16,32634
2229675,15,32664
2229675,16,32628
2229933,15,32666
2229933,16,32640
2230189,15,32673
2230189,16,32619
2230443,15,32697
2230443,16,32640
2230697,15,32676
2230697,16,32644
2230950,15,32665
2230950,16,32663
2231206,15,32651
2231206,16,32662
2231420,15,32675
2231420,16,32667
2231673,15,32670
2231673,16,32683
2231930,15,32692
2231930,16,32658
2232186,15,32682
2232186,16,32667
2232440,15,32683
2232440,16,32684
2232693,15,32700
2232693,16,32674
2232947,15,32695
2232947,16,32674
2233204,15,32689
2233204,16,32670
2233420,15,32690
2233420,16,32696
2233675,15,32701
2233675,16,32660
2233928,15,32686
2233928,16,32691
2234182,15,32690
2234182,16,32679
2234435,15,32685
2234435,16,32700
2234694,15,32690
2234694,16,32706
2234947,15,32689
2234947,16,32727
2235204,15,32694
2235204,16,32712
2235457,15,32707
2235457,16,32719
2235670,15,32710
2235670,16,32715
2235924,15,32722
2235924,16,32715
2236179,15,32693
2236179,16,32714
2236434,15,32699
2236434,16,32735
2236687,15,32703
2236687,16,32715
2236946,15,32698
2236946,16,32729
2237200,15,32707
2237200,16,32712
2237453,15,32692
2237453,16,32717
2237667,15,32695
2237667,16,32738
2237925,15,32693
2237925,16,32741
2238178,15,32708
2238178,16,32737
2238432,15,32686
2238432,16,32743
2238688,15,32684
2238688,16,32743
2238942,15,32723
2238942,16,32771
2239195,15,32704
2239195,16,32757
2239451,15,32698
2239451,16,32755
2239707,15,32703
2239707,16,32740
2239921,15,32708
2239921,16,32753
2240177,15,32716
2240177,16,32766
2240430,15,32732
2240430,16,32753
2240684,15,32703
2240684,16,32737
2240941,15,32706
2240941,16,32713
2241196,15,32716
2241196,16,32742
2241450,15,32708
2241450,16,32733
2241707,15,32705
2241707,16,32701
2241920,15,32715
2241920,16,32718
2242175,15,32701
2242175,16,32730
2242427,15,32710
2242427,16,32741
2242682,15,32676
2242682,16,32738
2242939,15,32713
2242939,16,32733
2243195,15,32721
2243195,16,32720
2243447,15,32697
2243447,16,32727
2243703,15,32697
2243703,16,32736
2243958,15,32687
2243958,16,32711
2244172,15,32719
2244172,16,32698
2244425,15,32691
2244425,16,32702
2244680,15,32693
2244680,16,32721
2244937,15,32682
2244937,16,32708
2245191,15,32692
2245191,16,32682
2245443,15,32678
2245443,16,32700
2245698,15,32703
2245698,16,32689
2245956,15,32697
2245956,16,32687
2246167,15,32699
2246167,16,32682
2246424,15,32684
2246424,16,32685
2246681,15,32704
2246681,16,32712
2246932,15,32695
2246932,16,32680
2247186,15,32667
2247186,16,32684
2247444,15,32673
2247444,16,32673
2247699,15,32682
2247699,16,32659
2247954,15,32680
2247954,16,32656
2248209,15,32675
2248209,16,32667
2248419,15,32676
2248419,16,32663
2248677,15,32681
2248677,16,32646
2248931,15,32675
2248931,16,32636
2249183,15,32686
2249183,16,32649
2249441,15,32671
2249441,16,32651
2249695,15,32677
2249695,16,32643
2249950,15,32683
2249950,16,32643
2250204,15,32675
2250204,16,32651
2250417,15,32678
2250417,16,32637
2250671,15,32674
2250671,16,32649
2250930,15,32660
2250930,16,32644
2251182,15,32675
2251182,16,32645
2251437,15,32668
2251437,16,32641
2251695,15,32657
2251695,16,32638
2251948,15,32669
2251948,16,32633
2252202,15,32658
2252202,16,32632
2252457,15,32680
2252457,16,32626
2252668,15,32662
2252668,16,32615
2252923,15,32670
2252923,16,32632
2253178,15,32679
2253178,16,32623
2253435,15,32671
2253435,16,32635
2253693,15,32681
2253693,16,32664
2253943,15,32662
2253943,16,32650
2254199,15,32675
2254199,16,32636
2254455,15,32666
2254455,16,32656
2254667,15,32651
2254667,16,32638
2254922,15,32679
2254922,16,32641
2255177,15,32673
2255177,16,32675
2255432,15,32672
2255432,16,32656
2255686,15,32679
2255686,16,32636
2255943,15,32696
2255943,16,32635
2256200,15,32666
2256200,16,32657
2256450,15,32675
2256450,16,32644
2256710,15,32681
2256710,16,32660
2256919,15,32668
2256919,16,32666
2257177,15,32681
2257177,16,32670
2257428,15,32680
2257428,16,32693
2257685,15,32682
2257685,16,32684
2257943,15,32719
2257943,16,32685
2258197,15,32686
2258197,16,32678
2258449,15,32676
2258449,16,32698
2258706,15,32696
2258706,16,32696
2258913,15,32690
2258913,16,32697
2259171,15,32727
2259171,16,32696
2259428,15,32684
2259428,16,32700
2259684,15,32705
2259684,16,32708
2259939,15,32682
2259939,16,32722
2260192,15,32710
2260192,16,32712
2260448,15,32684
2260448,16,32708
2260705,15,32702
2260705,16,32695
2260959,15,32709
2260959,16,32712
2261171,15,32701
2261171,16,32728
2261424,15,32723
2261424,16,32744
2261680,15,32713
2261680,16,32727
2261933,15,32696
2261933,16,32716
2262189,15,32681
2262189,16,32738
2262445,15,32701
2262445,16,32740
2262700,15,32686
2262700,16,32743
2262957,15,32696
2262957,16,32739
2263168,15,32712
2263168,16,32757
2263419,15,32716
2263419,16,32725
2263679,15,32705
2263679,16,32729
2263932,15,32700
2263932,16,32720
2264188,15,32728
2264188,16,32718
2264441,15,32685
2264441,16,32749
2264698,15,32727
2264698,16,32744
2264954,15,32703
2264954,16,32737
2265205,15,32706
2265205,16,32750
2265419,15,32732
2265419,16,32754
2265678,15,32707
2265678,16,32733
2265928,15,32722
2265928,16,32742
2266187,15,32704
2266187,16,32745
2266438,15,32697
2266438,16,32736
2266696,15,32709
2266696,16,32748
2266951,15,32707
2266951,16,32751
2267206,15,32688
2267206,16,32721
2267414,15,32718
2267414,16,32708
2267672,15,32698
2267672,16,32715
2267928,15,32697
2267928,16,32718
2268183,15,32688
2268183,16,32717
2268440,15,32701
2268440,16,32713
2268693,15,32697
2268693,16,32727
2268943,15,32722
2268943,16,32712
2269202,15,32706
2269202,16,32730
2269457,15,32690
2269457,16,32708
2269670,15,32695
2269670,16,32712
2269927,15,32690
2269927,16,32700
2270181,15,32687
2270181,16,32716
2270434,15,32690
2270434,16,32677
2270689,15,32694
2270689,16,32689
2270943,15,32669
2270943,16,32699
2271203,15,32684
2271203,16,32710
2271453,15,32682
2271453,16,32681
2271670,15,32695
2271670,16,32673
2271923,15,32695
2271923,16,32658
2272177,15,32683
2272177,16,32663
2272436,15,32674
2272436,16,32663
2272686,15,32681
2272686,16,32651
2272943,15,32677
2272943,16,32668
2273198,15,32669
2273198,16,32669
2273454,15,32670
2273454,16,32659
2273709,15,32667
2273709,16,32668
2273920,15,32673
2273920,16,32676
2274176,15,32679
2274176,16,32666
2274428,15,32694
2274428,16,32656
2274684,15,32671
2274684,16,32636
2274940,15,32672
2274940,16,32653
2275196,15,32672
2275196,16,32656
2275448,15,32691
2275448,16,32654
2275705,15,32685
2275705,16,32629
2275920,15,32666
2275920,16,32638
2276172,15,32679
2276172,16,32624
2276425,15,32678
2276425,16,32647
2276682,15,32660
2276682,16,32633
2276939,15,32687
2276939,16,32631
2277190,15,32664
2277190,16,32649
2277447,15,32653
2277447,16,32658
2277703,15,32666
2277703,16,32632
2277958,15,32654
2277958,16,32650
2278169,15,32666
2278169,16,32642
2278427,15,32678
2278427,16,32644
2278681,15,32678
2278681,16,32648
2278933,15,32670
2278933,16,32645
2279190,15,32667
2279190,16,32647
2279444,15,32661
2279444,16,32646
2279699,15,32699
2279699,16,32627
2279956,15,32687
2279956,16,32639
2280166,15,32671
2280166,16,32671
2280426,15,32672
2280426,16,32683
2280680,15,32680
2280680,16,32641
2280932,15,32651
2280932,16,32665
2281187,15,32675
2281187,16,32681
2281442,15,32689
2281442,16,32664
2281697,15,32677
2281697,16,32685
2281953,15,32701
2281953,16,32668
2282205,15,32680
2282205,16,32675
2282418,15,32687
2282418,16,32684
2282675,15,32706
2282675,16,32669
2282928,15,32695
2282928,16,32666
2283184,15,32677
2283184,16,32687
2283439,15,32691
2283439,16,32683
2283698,15,32693
2283698,16,32685
2283949,15,32688
2283949,16,32693
2284205,15,32690
2284205,16,32718
2284417,15,32693
2284417,16,32738
2284673,15,32698
2284673,16,32720
2284926,15,32716
2284926,16,32718
2285178,15,32695
2285178,16,32698
2285434,15,32708
2285434,16,32700
2285695,15,32693
2285695,16,32731
2285948,15,32682
2285948,16,32730
2286203,15,32684
2286203,16,32697
2286458,15,32686
2286458,16,32706
2286670,15,32715
2286670,16,32727
2286925,15,32701
2286925,16,32714
2287181,15,32692
2287181,16,32703
2287436,15,32711
2287436,16,32718
2287690,15,32698
2287690,16,32724
2287947,15,32712
2287947,16,32735
2288198,15,32712
2288198,16,32737
2288456,15,32728
2288456,16,32740
2288668,15,32716
2288668,16,32732
2288920,15,32697
2288920,16,32742
2289175,15,32719
2289175,16,32737
2289433,15,32710
2289433,16,32727
2289688,15,32702
2289688,16,32733
2289945,15,32697
2289945,16,32746
2290198,15,32687
2290198,16,32730
2290454,15,32709
2290454,16,32728
2290707,15,32700
2290707,16,32728
2290919,15,32705
2290919,16,32713
2291173,15,32720
2291173,16,32726
2291430,15,32717
2291430,16,32719
2291681,15,32713
2291681,16,32730
2291941,15,32709
2291941,16,32726
2292194,15,32687
2292194,16,32729
2292449,15,32702
2292449,16,32721
2292704,15,32703
2292704,16,32719
2292918,15,32694
2292918,16,32723
2293171,15,32684
2293171,16,32715
2293426,15,32704
2293426,16,32734
2293681,15,32686
2293681,16,32696
2293938,15,32673
2293938,16,32695
2294190,15,32709
2294190,16,32683
2294443,15,32685
2294443,16,32699
2294699,15,32678
2294699,16,32692
2294960,15,32688
2294960,16,32699
2295169,15,32688
2295169,16,32676
2295426,15,32685
2295426,16,32688
2295677,15,32699
2295677,16,32684
2295936,15,32686
2295936,16,32689
2296193,15,32687
2296193,16,32702
2296444,15,32689
2296444,16,32671
2296702,15,32703
2296702,16,32679
2296956,15,32685
2296956,16,32660
2297169,15,32670
2297169,16,32654
2297421,15,32675
2297421,16,32659
2297677,15,32694
2297677,16,32642
2297932,15,32681
2297932,16,32637
2298185,15,32667
2298185,16,32630
2298443,15,32681
2298443,16,32643
2298699,15,32654
2298699,16,32662
2298953,15,32665
2298953,16,32657
2299206,15,32689
2299206,16,32638
2299419,15,32669
2299419,16,32661
2299674,15,32658
2299674,16,32644
2299929,15,32666
2299929,16,32654
2300188,15,32682
2300188,16,32661
2300439,15,32663
2300439,16,32652
2300696,15,32675
2300696,16,32630
2300952,15,32687
2300952,16,32639
2301204,15,32671
2301204,16,32667
2301419,15,32667
2301419,16,32650
2301674,15,32672
2301674,16,32640
2301924,15,32661
2301924,16,32644
2302185,15,32675
2302185,16,32644
2302435,15,32666
2302435,16,32648
2302693,15,32671
2302693,16,32648
2302945,15,32684
2302945,16,32653
2303204,15,32664
2303204,16,32642
2303454,15,32671
2303454,16,32665
2303670,15,32684
2303670,16,32656
2303927,15,32681
2303927,16,32635
2304181,15,32682
2304181,16,32664
2304435,15,32677
2304435,16,32660
2304690,15,32653
2304690,16,32670
2304944,15,32671
2304944,16,32655
2305199,15,32663
2305199,16,32672
2305455,15,32686
2305455,16,32654
2305668,15,32685
2305668,16,32673
2305924,15,32675
2305924,16,32679
2306179,15,32679
2306179,16,32658
2306433,15,32675
2306433,16,32684
2306685,15,32682
2306685,16,32669
2306944,15,32668
2306944,16,32700
2307197,15,32699
2307197,16,32681
2307453,15,32656
2307453,16,32695
2307705,15,32696
2307705,16,32683
2307919,15,32693
2307919,16,32690
2308174,15,32685
2308174,16,32684
2308430,15,32678
2308430,16,32710
2308686,15,32715
2308686,16,32715
2308940,15,32701
2308940,16,32704
2309196,15,32676
2309196,16,32712
2309454,15,32703
2309454,16,32709
2309705,15,32699
2309705,16,32703
2309917,15,32693
2309917,16,32719
2310172,15,32700
2310172,16,32701
2310427,15,32677
2310427,16,32712
2310682,15,32710
2310682,16,32692
2310938,15,32691
2310938,16,32722
2311192,15,32718
2311192,16,32707
2311451,15,32715
2311451,16,32712
2311705,15,32713
2311705,16,32744
2311957,15,32717
2311957,16,32729
2312170,15,32710
2312170,16,32728
2312424,15,32708
2312424,16,32720
2312679,15,32703
2312679,16,32734
2312936,15,32711
2312936,16,32715
2313191,15,32690
2313191,16,32728
2313445,15,32701
2313445,16,32719
2313700,15,32689
2313700,16,32733
2313955,15,32728
2313955,16,32727
2314170,15,32702
2314170,16,32744
2314420,15,32707
2314420,16,32740
2314675,15,32698
2314675,16,32732
2314932,15,32706
2314932,16,32729
2315187,15,32729
2315187,16,32731
2315442,15,32698
2315442,16,32743
2315700,15,32708
2315700,16,32743
2315952,15,32707
2315952,16,32730
2316207,15,32711
2316207,16,32736
2316422,15,32707
2316422,16,32736
2316677,15,32696
2316677,16,32721
2316932,15,32679
2316932,16,32716
2317188,15,32719
2317188,16,32709
2317440,15,32682
2317440,16,32714
2317695,15,32690
2317695,16,32699
2317949,15,32705
2317949,16,32705
2318203,15,32690
2318203,16,32696
2318418,15,32703
2318418,16,32717
2318671,15,32701
2318671,16,32716
2318928,15,32686
2318928,16,32722
2319181,15,32702
2319181,16,32692
2319436,15,32722
2319436,16,32699
2319691,15,32693
2319691,16,32710
2319947,15,32693
2319947,16,32683
2320203,15,32706
2320203,16,32678
2320456,15,32690
2320456,16,32680
2320670,15,32679
2320670,16,32662
2320925,15,32690
2320925,16,32681
2321181,15,32688
2321181,16,32685
2321433,15,32672
2321433,16,32667
2321688,15,32697
2321688,16,32679
2321946,15,32678
2321946,16,32691
2322198,15,32667
2322198,16,32650
2322451,15,32671
2322451,16,32664
2322669,15,32669
2322669,16,32663
2322923,15,32660
2322923,16,32665
2323178,15,32683
2323178,16,32660
2323433,15,32675
2323433,16,32656
2323688,15,32671
2323688,16,32667
2323946,15,32678
2323946,16,32652
2324198,15,32669
2324198,16,32654
2324451,15,32667
2324451,16,32655
2324707,15,32669
2324707,16,32633
2324922,15,32676
2324922,16,32652
2325175,15,32677
2325175,16,32647
2325429,15,32663
2325429,16,32628
2325684,15,32664
2325684,16,32642
2325941,15,32678
2325941,16,32628
2326195,15,32689
2326195,16,32644
2326450,15,32664
2326450,16,32638
2326705,15,32672
2326705,16,32647
2326917,15,32671
2326917,16,32649
2327171,15,32680
2327171,16,32672
2327427,15,32694
2327427,16,32648
2327684,15,32678
2327684,16,32668
2327937,15,32670
2327937,16,32643
2328191,15,32679
2328191,16,32649
2328446,15,32684
2328446,16,32666
2328701,15,32675
2328701,16,32632
2328957,15,32671
2328957,16,32651
2329174,15,32666
2329174,16,32632
2329426,15,32670
2329426,16,32653
2329680,15,32670
2329680,16,32649
2329936,15,32670
2329936,16,32663
2330191,15,32691
2330191,16,32653
2330444,15,32674
2330444,16,32685
2330699,15,32676
2330699,16,32673
2330956,15,32694
2330956,16,32674
2331167,15,32687
2331167,16,32685
2331423,15,32690
2331423,16,32683
2331678,15,32692
2331678,16,32677
2331931,15,32701
2331931,16,32691
2332187,15,32691
2332187,16,32693
2332443,15,32690
2332443,16,32682
2332699,15,32691
2332699,16,32680
2332952,15,32684
2332952,16,32706
2333206,15,32687
2333206,16,32683
2333421,15,32689
2333421,16,32678
2333675,15,32688
2333675,16,32730
2333930,15,32687
2333930,16,32711
2334184,15,32700
2334184,16,32702
2334440,15,32711
2334440,16,32702
2334696,15,32723
2334696,16,32709
2334952,15,32690
2334952,16,32726
2335204,15,32688
2335204,16,32713
2335418,15,32695
2335418,16,32715
2335673,15,32711
2335673,16,32720
2335926,15,32708
2335926,16,32734
2336185,15,32716
2336185,16,32716
2336437,15,32695
2336437,16,32711
2336695,15,32699
2336695,16,32726
2336948,15,32691
2336948,16,32731
2337204,15,32716
2337204,16,32717
2337456,15,32711
2337456,16,32723
2337671,15,32713
2337671,16,32740
2337925,15,32728
2337925,16,32739
2338177,15,32705
2338177,16,32735
2338433,15,32707
2338433,16,32720
2338690,15,32700
2338690,16,32728
2338945,15,32702
2338945,16,32730
2339200,15,32705
2339200,16,32732
2339454,15,32696
2339454,16,32731
2339666,15,32689
2339666,16,32724
2339924,15,32707
2339924,16,32730
2340179,15,32716
2340179,16,32704
2340430,15,32746
2340430,16,32703
2340687,15,32708
2340687,16,32732
2340944,15,32685
2340944,16,32696
2341196,15,32683
2341196,16,32737
2341451,15,32697
2341451,16,32704
2341706,15,32707
2341706,16,32726
2341918,15,32693
2341918,16,32719
2342174,15,32700
2342174,16,32707
2342430,15,32690
2342430,16,32709
2342686,15,32702
2342686,16,32721
2342939,15,32711
2342939,16,32722
2343196,15,32674
2343196,16,32710
2343452,15,32679
2343452,16,32700
2343705,15,32681
2343705,16,32683
2343918,15,32700
2343918,16,32688
2344171,15,32681
2344171,16,32704
2344427,15,32681
2344427,16,32681
2344683,15,32695
2344683,16,32703
2344938,15,32682
2344938,16,32691
2345194,15,32701
2345194,16,32691
2345447,15,32704
2345447,16,32698
2345702,15,32676
2345702,16,32691
2345957,15,32684
2345957,16,32687
2346171,15,32676
2346171,16,32683
2346424,15,32695
2346424,16,32679
2346680,15,32667
2346680,16,32697
2346936,15,32705
2346936,16,32665
2347190,15,32680
2347190,16,32660
2347446,15,32672
2347446,16,32662
2347700,15,32682
2347700,16,32675
2347954,15,32690
2347954,16,32657
2348167,15,32666
2348167,16,32657
2348422,15,32672
2348422,16,32650
2348678,15,32677
2348678,16,32644
2348931,15,32694
2348931,16,32656
2349189,15,32680
2349189,16,32656
2349443,15,32688
2349443,16,32679
2349698,15,32674
2349698,16,32644
2349951,15,32681
2349951,16,32659
2350211,15,32674
2350211,16,32665
2350417,15,32684
2350417,16,32663
2350674,15,32680
2350674,16,32665
2350931,15,32665
2350931,16,32644
2351187,15,32668
2351187,16,32639
2351443,15,32665
2351443,16,32621
2351696,15,32678
2351696,16,32624
2351950,15,32676
2351950,16,32652
2352205,15,32678
2352205,16,32677
2352416,15,32677
2352416,16,32667
2352674,15,32666
2352674,16,32656
2352930,15,32663
2352930,16,32680
2353184,15,32674
2353184,16,32651
2353435,15,32687
2353435,16,32640
2353693,15,32681
2353693,16,32666
2353950,15,32680
2353950,16,32672
2354202,15,32679
2354202,16,32672
2354460,15,32704
2354460,16,32648
2354671,15,32667
2354671,16,32671
2354925,15,32704
2354925,16,32670
2355183,15,32671
2355183,16,32683
2355436,15,32657
2355436,16,32652
2355688,15,32668
2355688,16,32657
2355946,15,32675
2355946,16,32681
2356200,15,32682
2356200,16,32678
2356454,15,32686
2356454,16,32704
2356667,15,32675
2356667,16,32687
2356924,15,32686
2356924,16,32685
2357177,15,32678
2357177,16,32688
2357433,15,32682
2357433,16,32695
2357687,15,32712
2357687,16,32700
2357940,15,32670
2357940,16,32705
2358197,15,32675
2358197,16,32692
2358453,15,32712
2358453,16,32706
2358705,15,32698
2358705,16,32693
2358922,15,32685
2358922,16,32712
2359176,15,32689
2359176,16,32711
2359433,15,32682
2359433,16,32719
2359687,15,32704
2359687,16,32712
2359941,15,32722
2359941,16,32716
2360195,15,32715
2360195,16,32718
2360450,15,32712
2360450,16,32711
2360704,15,32706
2360704,16,32718
2360918,15,32705
2360918,16,32726
2361172,15,32700
2361172,16,32718
2361428,15,32709
2361428,16,32720
2361684,15,32729
2361684,16,32727
2361937,15,32705
2361937,16,32732
2362193,15,32695
2362193,16,32729
2362448,15,32706
2362448,16,32710
2362704,15,32716
2362704,16,32720
2362957,15,32703
2362957,16,32739
2363171,15,32708
2363171,16,32724
2363424,15,32719
2363424,16,32725
2363678,15,32702
2363678,16,32716
2363936,15,32712
2363936,16,32724
2364192,15,32718
2364192,16,32733
2364446,15,32699
2364446,16,32732
2364699,15,32707
2364699,16,32720
2364954,15,32703
2364954,16,32722
2365168,15,32698
2365168,16,32725
2365422,15,32711
2365422,16,32732
2365677,15,32706
2365677,16,32717
2365930,15,32715
2365930,16,32712
2366191,15,32698
2366191,16,32716
2366445,15,32704
2366445,16,32707
2366695,15,32696
2366695,16,32704
2366954,15,32701
2366954,16,32695
2367209,15,32722
2367209,16,32713
2367420,15,32681
2367420,16,32682
2367675,15,32702
2367675,16,32718
2367930,15,32701
2367930,16,32706
2368186,15,32682
2368186,16,32700
2368438,15,32684
2368438,16,32685
2368695,15,32695
2368695,16,32707
2368951,15,32707
2368951,16,32685
2369204,15,32696
2369204,16,32686
2369418,15,32681
2369418,16,32697
2369674,15,32703
2369674,16,32689
2369926,15,32677
2369926,16,32668
2370183,15,32674
2370183,16,32686
2370438,15,32706
2370438,16,32682
2370694,15,32676
2370694,16,32681
2370949,15,32684
2370949,16,32661
2371203,15,32684
2371203,16,32668
2371458,15,32654
2371458,16,32669
2371673,15,32699
2371673,16,32666
2371925,15,32686
2371925,16,32656
2372181,15,32694
2372181,16,32682
2372437,15,32687
2372437,16,32650
2372693,15,32670
2372693,16,32669
2372945,15,32689
2372945,16,32655
2373200,15,32680
2373200,16,32649
2373454,15,32684
2373454,16,32651
2373665,15,32656
2373665,16,32633
2373922,15,32673
2373922,16,32657
2374176,15,32682
2374176,16,32658
2374431,15,32683
2374431,16,32659
2374687,15,32689
2374687,16,32662
2374942,15,32697
2374942,16,32652
2375197,15,32682
2375197,16,32659
2375453,15,32676
2375453,16,32618
2375706,15,32689
2375706,16,32656
2375921,15,32682
2375921,16,32672
2376177,15,32670
2376177,16,32639
2376431,15,32663
2376431,16,32674
2376684,15,32671
2376684,16,32650
2376940,15,32668
2376940,16,32664
2377197,15,32670
2377197,16,32654
2377451,15,32668
2377451,16,32644
2377706,15,32658
2377706,16,32656
2377918,15,32668
2377918,16,32651
2378172,15,32683
2378172,16,32651
2378430,15,32676
2378430,16,32639
2378683,15,32668
2378683,16,32651
2378936,15,32682
2378936,16,32677
2379194,15,32680
2379194,16,32681
2379448,15,32689
2379448,16,32662
2379701,15,32672
2379701,16,32668
2379957,15,32696
2379957,16,32676
2380167,15,32678
2380167,16,32684
2380428,15,32684
2380428,16,32681
2380679,15,32684
2380679,16,32696
2380933,15,32677
2380933,16,32685
2381189,15,32702
2381189,16,32680
2381446,15,32678
2381446,16,32687
2381701,15,32692
2381701,16,32676
2381956,15,32666
2381956,16,32679
2382170,15,32688
2382170,16,32683
2382423,15,32694
2382423,16,32696
2382676,15,32695
2382676,16,32703
2382931,15,32712
2382931,16,32710
2383187,15,32685
2383187,16,32711
2383442,15,32679
2383442,16,32713
2383698,15,32696
2383698,16,32711
2383952,15,32714
2383952,16,32700
2384207,15,32708
2384207,16,32707
2384420,15,32681
2384420,16,32721
2384673,15,32700
2384673,16,32712
2384931,15,32703
2384931,16,32701
2385185,15,32707
2385185,16,32684
2385440,15,32707
2385440,16,32705
2385697,15,32697
2385697,16,32740
2385953,15,32692
2385953,16,32717
2386203,15,32708
2386203,16,32717
2386416,15,32719
2386416,16,32723
2386670,15,32704
2386670,16,32735
2386926,15,32710
2386926,16,32726
2387184,15,32701
2387184,16,32728
2387438,15,32703
2387438,16,32717
2387693,15,32695
2387693,16,32728
2387948,15,32703
2387948,16,32735
2388202,15,32700
2388202,16,32713
2388459,15,32706
2388459,16,32731
2388671,15,32702
2388671,16,32713
2388925,15,32691
2388925,16,32734
2389180,15,32701
2389180,16,32717
2389437,15,32699
2389437,16,32710
2389688,15,32703
2389688,16,32702
2389948,15,32702
2389948,16,32713
2390199,15,32694
2390199,16,32718
2390455,15,32701
2390455,16,32723
2390668,15,32698
2390668,16,32726
2390924,15,32694
2390924,16,32730
2391178,15,32699
2391178,16,32714
2391434,15,32710
2391434,16,32712
2391691,15,32708
2391691,16,32703
2391944,15,32696
2391944,16,32708
2392198,15,32688
2392198,16,32705
2392452,15,32673
2392452,16,32685
2392706,15,32696
2392706,16,32709
2392920,15,32698
2392920,16,32685
2393173,15,32677
2393173,16,32696
2393430,15,32700
2393430,16,32699
2393683,15,32690
2393683,16,32709
2393940,15,32673
2393940,16,32693
2394194,15,32674
2394194,16,32688
2394452,15,32698
2394452,16,32667
2394703,15,32691
2394703,16,32686
2394918,15,32690
2394918,16,32675
2395173,15,32690
2395173,16,32690
2395428,15,32669
2395428,16,32704
2395680,15,32694
2395680,16,32670
2395935,15,32674
2395935,16,32682
2396194,15,32672
2396194,16,32668
2396446,15,32681
2396446,16,32681
2396701,15,32655
2396701,16,32670
2396957,15,32684
2396957,16,32668
2397168,15,32677
2397168,16,32665
2397425,15,32661
2397425,16,32661
2397681,15,32681
2397681,16,32662
2397936,15,32689
2397936,16,32641
2398187,15,32657
2398187,16,32645
2398444,15,32683
2398444,16,32650
2398701,15,32669
2398701,16,32660
2398957,15,32679
2398957,16,32649
2399168,15,32663
2399168,16,32649
2399423,15,32682
2399423,16,32650
2399675,15,32684
2399675,16,32651
2399933,15,32670
2399933,16,32650
2400187,15,32670
2400187,16,32678
2400444,15,32690
2400444,16,32651
2400697,15,32689
2400697,16,32675
2400951,15,32651
2400951,16,32663
2401208,15,32702
2401208,16,32645
2401419,15,32682
2401419,16,32661
2401672,15,32678
2401672,16,32669
2401930,15,32667
2401930,16,32643
2402185,15,32668
2402185,16,32670
2402439,15,32695
2402439,16,32666
2402700,15,32666
2402700,16,32680
2402947,15,32682
2402947,16,32668
2403206,15,32680
2403206,16,32669
2403414,15,32685
2403414,16,32689
2403673,15,32660
2403673,16,32673
2403929,15,32691
2403929,16,32667
2404183,15,32696
2404183,16,32660
2404439,15,32678
2404439,16,32672
2404696,15,32693
2404696,16,32684
2404948,15,32679
2404948,16,32664
2405202,15,32673
2405202,16,32700
2405458,15,32690
2405458,16,32682
2405669,15,32684
2405669,16,32680
2405928,15,32680
2405928,16,32708
2406179,15,32689
2406179,16,32684
2406437,15,32696
2406437,16,32693
2406688,15,32676
2406688,16,32707
2406946,15,32695
2406946,16,32706
2407200,15,32692
2407200,16,32687
2407457,15,32667
2407457,16,32680
2407669,15,32684
2407669,16,32705
2407921,15,32694
2407921,16,32696
2408176,15,32687
2408176,16,32718
2408433,15,32670
2408433,16,32719
2408686,15,32687
2408686,16,32691
2408941,15,32702
2408941,16,32699
2409198,15,32707
2409198,16,32717
2409450,15,32674
2409450,16,32709
2409707,15,32690
2409707,16,32716
2409920,15,32692
2409920,16,32714
2410176,15,32691
2410176,16,32730
2410427,15,32691
2410427,16,32699
2410685,15,32685
2410685,16,32729
2410938,15,32700
2410938,16,32725
2411193,15,32680
2411193,16,32713
2411451,15,32705
2411451,16,32736
2411706,15,32703
2411706,16,32717
2411920,15,32702
2411920,16,32716
2412174,15,32690
2412174,16,32720
2412427,15,32689
2412427,16,32727
2412683,15,32693
2412683,16,32721
2412938,15,32699
2412938,16,32697
2413193,15,32692
2413193,16,32725
2413448,15,32701
2413448,16,32728
2413703,15,32702
2413703,16,32708
2413958,15,32726
2413958,16,32692
2414170,15,32726
2414170,16,32706
2414425,15,32707
2414425,16,32741
2414679,15,32703
2414679,16,32730
2414934,15,32692
2414934,16,32707
2415190,15,32707
2415190,16,32715
2415446,15,32704
2415446,16,32714
2415702,15,32706
2415702,16,32706
2415956,15,32711
2415956,16,32715
2416168,15,32707
2416168,16,32708
2416421,15,32705
2416421,16,32713
2416679,15,32689
2416679,16,32683
2416934,15,32700
2416934,16,32721
2417187,15,32688
2417187,16,32696
2417441,15,32710
2417441,16,32691
2417696,15,32703
2417696,16,32713
2417952,15,32689
2417952,16,32692
2418208,15,32685
2418208,16,32686
2418420,15,32705
2418420,16,32693
2418673,15,32694
2418673,16,32703
2418930,15,32675
2418930,16,32689
2419183,15,32681
2419183,16,32671
2419440,15,32682
2419440,16,32695
2419694,15,32707
2419694,16,32674
2419951,15,32699
2419951,16,32675
2420207,15,32695
2420207,16,32686
2420418,15,32685
2420418,16,32680
2420670,15,32667
2420670,16,32669
2420928,15,32671
2420928,16,32678
2421183,15,32685
2421183,16,32669
2421437,15,32680
2421437,16,32692
2421693,15,32684
2421693,16,32666
2421945,15,32674
2421945,16,32678
2422202,15,32682
2422202,16,32666
2422458,15,32669
2422458,16,32682
2422670,15,32677
2422670,16,32666
2422923,15,32672
2422923,16,32658
2423179,15,32672
2423179,16,32662
2423438,15,32678
2423438,16,32645
2423690,15,32681
2423690,16,32666
2423945,15,32684
2423945,16,32632
2424199,15,32688
2424199,16,32649
2424456,15,32670
2424456,16,32670
2424666,15,32689
2424666,16,32653
2424923,15,32681
2424923,16,32662
2425178,15,32658
2425178,16,32649
2425433,15,32685
2425433,16,32647
2425687,15,32657
2425687,16,32662
2425946,15,32685
2425946,16,32664
2426197,15,32673
2426197,16,32672
2426454,15,32693
2426454,16,32661
2426708,15,32678
2426708,16,32656
2426919,15,32678
2426919,16,32644
2427178,15,32673
2427178,16,32672
2427431,15,32683
2427431,16,32656
2427684,15,32702
2427684,16,32665
2427941,15,32675
2427941,16,32655
2428198,15,32675
2428198,16,32666
2428451,15,32702
2428451,16,32669
2428704,15,32680
2428704,16,32667
2428917,15,32692
2428917,16,32662
2429172,15,32668
2429172,16,32695
2429428,15,32692
2429428,16,32675
2429683,15,32708
2429683,16,32664
2429937,15,32671
2429937,16,32666
2430193,15,32674
2430193,16,32697
2430450,15,32689
2430450,16,32699
2430705,15,32686
2430705,16,32678
2430955,15,32675
2430955,16,32673
2431170,15,32689
2431170,16,32672
2431427,15,32691
2431427,16,32684
2431678,15,32704
2431678,16,32685
2431935,15,32699
2431935,16,32696
2432189,15,32704
2432189,16,32711
2432445,15,32690
2432445,16,32701
2432700,15,32685
2432700,16,32694
2432955,15,32668
2432955,16,32712
2433166,15,32715
2433166,16,32709
2433423,15,32685
2433423,16,32705
2433677,15,32689
2433677,16,32720
2433933,15,32683
2433933,16,32717
2434189,15,32703
2434189,16,32695
2434441,15,32699
2434441,16,32715
2434698,15,32678
2434698,16,32722
2434951,15,32697
2434951,16,32729
2435208,15,32704
2435208,16,32730
2435422,15,32711
2435422,16,32724
2435676,15,32696
2435676,16,32708
2435929,15,32693
2435929,16,32708
2436183,15,32704
2436183,16,32696
2436439,15,32702
2436439,16,32717
2436695,15,32717
2436695,16,32737
2436952,15,32706
2436952,16,32717
2437207,15,32682
2437207,16,32728
2437416,15,32698
2437416,16,32736
2437672,15,32709
2437672,16,32717
2437927,15,32695
2437927,16,32723
2438183,15,32691
2438183,16,32725
2438438,15,32696
2438438,16,32718
2438692,15,32676
2438692,16,32710
2438949,15,32703
2438949,16,32705
2439203,15,32715
2439203,16,32718
2439456,15,32693
2439456,16,32711
2439672,15,32692
2439672,16,32702
2439925,15,32701
2439925,16,32731
2440182,15,32715
2440182,16,32711
2440435,15,32704
2440435,16,32703
2440689,15,32693
2440689,16,32715
2440947,15,32694
2440947,16,32721
2441202,15,32691
2441202,16,32702
2441457,15,32690
2441457,16,32710
2441666,15,32684
2441666,16,32698
2441925,15,32715
2441925,16,32703
2442179,15,32697
2442179,16,32680
2442432,15,32690
2442432,16,32702
2442689,15,32708
2442689,16,32685
2442944,15,32685
2442944,16,32683
2443199,15,32698
2443199,16,32686
2443454,15,32719
2443454,16,32705
2443707,15,32690
2443707,16,32689
2443921,15,32658
2443921,16,32678
2444176,15,32697
2444176,16,32677
2444430,15,32685
2444430,16,32689
2444684,15,32694
2444684,16,32672
2444939,15,32665
2444939,16,32669
2445195,15,32685
2445195,16,32666
2445450,15,32676
2445450,16,32683
2445706,15,32674
2445706,16,32686
2445916,15,32693
2445916,16,32688
2446172,15,32676
2446172,16,32685
2446428,15,32693
2446428,16,32666
2446680,15,32664
2446680,16,32650
2446936,15,32677
2446936,16,32668
2447194,15,32661
2447194,16,32678
2447446,15,32669
2447446,16,32656
2447701,15,32674
2447701,16,32658
2447958,15,32683
2447958,16,32667
2448168,15,32660
2448168,16,32678
2448426,15,32675
2448426,16,32660
2448680,15,32672
2448680,16,32658
2448934,15,32677
2448934,16,32657
2449190,15,32673
2449190,16,32669
2449445,15,32680
2449445,16,32669
2449703,15,32669
2449703,16,32657
2449955,15,32682
2449955,16,32648
2450169,15,32675
2450169,16,32675
2450422,15,32695
2450422,16,32651
2450676,15,32668
2450676,16,32662
2450933,15,32664
2450933,16,32663
2451187,15,32665
2451187,16,32686
2451442,15,32683
2451442,16,32676
2451699,15,32696
2451699,16,32680
2451954,15,32681
2451954,16,32667
2452209,15,32707
2452209,16,32674
2452418,15,32678
2452418,16,32658
2452676,15,32702
2452676,16,32674
2452928,15,32660
2452928,16,32685
2453187,15,32692
2453187,16,32681
2453441,15,32692
2453441,16,32694
2453693,15,32675
2453693,16,32686
2453949,15,32672
2453949,16,32685
2454206,15,32690
2454206,16,32671
2454418,15,32680
2454418,16,32671
2454672,15,32692
2454672,16,32674
2454924,15,32670
2454924,16,32678
2455182,15,32673
2455182,16,32681
2455439,15,32689
2455439,16,32681
2455694,15,32684
2455694,16,32675
2455949,15,32682
2455949,16,32698
2456203,15,32692
2456203,16,32680
2456456,15,32693
2456456,16,32706
2456670,15,32689
2456670,16,32692
2456924,15,32704
2456924,16,32689
2457180,15,32697
2457180,16,32687
2457434,15,32722
2457434,16,32699
2457693,15,32694
2457693,16,32708
2457944,15,32708
2457944,16,32701
2458201,15,32692
2458201,16,32695
2458456,15,32696
2458456,16,32700
2458667,15,32704
2458667,16,32704
2458921,15,32711
2458921,16,32720
2459177,15,32688
2459177,16,32709
2459431,15,32706
2459431,16,32700
2459687,15,32697
2459687,16,32727
2459943,15,32700
2459943,16,32698
2460197,15,32693
2460197,16,32725
2460454,15,32684
2460454,16,32719
2460706,15,32696
2460706,16,32722
2460922,15,32693
2460922,16,32716
2461174,15,32704
2461174,16,32695
2461434,15,32712
2461434,16,32725
2461685,15,32721
2461685,16,32729
2461944,15,32715
2461944,16,32727
2462196,15,32689
2462196,16,32715
2462451,15,32685
2462451,16,32719
2462704,15,32720
2462704,16,32749
2462916,15,32710
2462916,16,32703
2463174,15,32712
2463174,16,32713
2463429,15,32707
2463429,16,32712
2463685,15,32704
2463685,16,32697
2463939,15,32699
2463939,16,32727
2464194,15,32707
2464194,16,32709
2464444,15,32702
2464444,16,32698
2464702,15,32689
2464702,16,32710
2464958,15,32693
2464958,16,32697
2465168,15,32713
2465168,16,32713
2465422,15,32683
2465422,16,32684
2465681,15,32683
2465681,16,32722
2465935,15,32688
2465935,16,32704
2466190,15,32700
2466190,16,32704
2466445,15,32682
2466445,16,32708
2466697,15,32670
2466697,16,32708
2466955,15,32705
2466955,16,32689
2467166,15,32682
2467166,16,32712
2467421,15,32684
2467421,16,32685
2467675,15,32690
2467675,16,32705
2467934,15,32675
2467934,16,32690
2468185,15,32679
2468185,16,32694
2468443,15,32701
2468443,16,32689
2468699,15,32694
2468699,16,32686
2468952,15,32689
2468952,16,32683
2469209,15,32689
2469209,16,32676
2469421,15,32680
2469421,16,32680
2469673,15,32662
2469673,16,32682
2469929,15,32687
2469929,16,32665
2470187,15,32681
2470187,16,32653
2470440,15,32679
2470440,16,32670
2470693,15,32669
2470693,16,32658
2470953,15,32689
2470953,16,32652
2471205,15,32670
2471205,16,32679
2471418,15,32673
2471418,16,32652
2471674,15,32659
2471674,16,32672
2471927,15,32693
2471927,16,32666
2472184,15,32663
2472184,16,32668
2472438,15,32697
2472438,16,32654
2472692,15,32675
2472692,16,32671
2472948,15,32704
2472948,16,32665
2473203,15,32679
2473203,16,32678
2473455,15,32673
2473455,16,32660
2473669,15,32686
2473669,16,32664
2473925,15,32685
2473925,16,32686
2474179,15,32684
2474179,16,32650
2474435,15,32661
2474435,16,32670
2474689,15,32683
2474689,16,32677
2474945,15,32690
2474945,16,32671
2475197,15,32679
2475197,16,32679
2475455,15,32699
2475455,16,32657
2475671,15,32685
2475671,16,32656
2475920,15,32676
2475920,16,32677
2476178,15,32683
2476178,16,32659
2476431,15,32689
2476431,16,32670
2476687,15,32686
2476687,16,32662
2476942,15,32710
2476942,16,32674
2477198,15,32687
2477198,16,32697
2477451,15,32702
2477451,16,32680
2477709,15,32686
2477709,16,32675
2477920,15,32679
2477920,16,32676
2478175,15,32703
2478175,16,32688
2478427,15,32697
2478427,16,32667
2478686,15,32684
2478686,16,32692
2478941,15,32705
2478941,16,32683
2479196,15,32694
2479196,16,32689
2479451,15,32671
2479451,16,32682
2479705,15,32667
2479705,16,32674
2479919,15,32694
2479919,16,32693
2480174,15,32698
2480174,16,32693
2480426,15,32693
2480426,16,32697
2480681,15,32678
2480681,16,32678
2480942,15,32689
2480942,16,32674
2481193,15,32696
2481193,16,32691
2481446,15,32688
2481446,16,32701
2481705,15,32697
2481705,16,32691
2481958,15,32693
2481958,16,32707
2482169,15,32682
2482169,16,32701
2482427,15,32702
2482427,16,32709
2482680,15,32698
2482680,16,32702
2482935,15,32690
2482935,16,32705
2483189,15,32706
2483189,16,32703
2483443,15,32691
2483443,16,32703
2483697,15,32693
2483697,16,32705
2483954,15,32696
2483954,16,32691
2484167,15,32692
2484167,16,32708
2484422,15,32700
2484422,16,32705
2484679,15,32699
2484679,16,32710
2484932,15,32714
2484932,16,32730
2485188,15,32722
2485188,16,32703
2485444,15,32708
2485444,16,32711
2485697,15,32702
2485697,16,32722
2485953,15,32685
2485953,16,32734
2486207,15,32690
2486207,16,32723
2486420,15,32698
2486420,16,32684
2486674,15,32705
2486674,16,32704
2486932,15,32692
2486932,16,32707
2487183,15,32714
2487183,16,32730
2487442,15,32702
2487442,16,32734
2487695,15,32699
2487695,16,32717
2487948,15,32688
2487948,16,32717
2488203,15,32691
2488203,16,32695
2488421,15,32703
2488421,16,32728
2488673,15,32696
2488673,16,32708
2488927,15,32696
2488927,16,32698
2489180,15,32688
2489180,16,32719
2489437,15,32691
2489437,16,32700
2489695,15,32699
2489695,16,32696
2489947,15,32708
2489947,16,32733
2490203,15,32704
2490203,16,32714
2490457,15,32703
2490457,16,32721
2490668,15,32700
2490668,16,32697
2490928,15,32684
2490928,16,32709
2491181,15,32708
2491181,16,32716
2491434,15,32693
2491434,16,32684
2491690,15,32675
2491690,16,32684
2491945,15,32693
2491945,16,32698
2492202,15,32702
2492202,16,32695
2492457,15,32677
2492457,16,32720
2492667,15,32691
2492667,16,32701
2492924,15,32700
2492924,16,32691
2493177,15,32672
2493177,16,32703
2493430,15,32676
2493430,16,32688
2493688,15,32686
2493688,16,32679
2493943,15,32692
2493943,16,32691
2494198,15,32709
2494198,16,32678
2494452,15,32681
2494452,16,32693
2494707,15,32686
2494707,16,32692
2494921,15,32648
2494921,16,32673
2495176,15,32656
2495176,16,32683
2495432,15,32681
2495432,16,32670
2495684,15,32671
2495684,16,32680
2495943,15,32689
2495943,16,32683
2496194,15,32691
2496194,16,32686
2496449,15,32684
2496449,16,32680
2496706,15,32679
2496706,16,32660
2496916,15,32693
2496916,16,32658
2497172,15,32680
2497172,16,32677
2497428,15,32697
2497428,16,32657
2497682,15,32677
2497682,16,32678
2497938,15,32675
2497938,16,32680
2498191,15,32687
2498191,16,32662
2498446,15,32696
2498446,16,32640
2498703,15,32683
2498703,16,32675
2498960,15,32670
2498960,16,32667
2499171,15,32673
2499171,16,32667
2499424,15,32684
2499424,16,32686
2499680,15,32692
2499680,16,32651
2499936,15,32665
2499936,16,32651
2500187,15,32680
2500187,16,32661
2500447,15,32674
2500447,16,32680
2500698,15,32668
2500698,16,32652
2500955,15,32685
2500955,16,32678
2501168,15,32694
2501168,16,32672
2501425,15,32690
2501425,16,32678
2501679,15,32683
2501679,16,32682
2501933,15,32688
2501933,16,32686
2502187,15,32678
2502187,16,32691
2502441,15,32669
2502441,16,32659
2502694,15,32691
2502694,16,32675
2502954,15,32680
2502954,16,32678
2503211,15,32683
2503211,16,32672
2503419,15,32693
2503419,16,32683
2503678,15,32694
2503678,16,32659
2503930,15,32676
2503930,16,32688
2504184,15,32686
2504184,16,32668
2504439,15,32679
2504439,16,32688
2504696,15,32665
2504696,16,32700
2504951,15,32665
2504951,16,32683
2505206,15,32673
2505206,16,32689
2505417,15,32678
2505417,16,32714
2505673,15,32684
2505673,16,32705
2505929,15,32694
2505929,16,32686
2506181,15,32692
2506181,16,32694
2506435,15,32687
2506435,16,32692
2506691,15,32679
2506691,16,32696
2506947,15,32692
2506947,16,32707
2507201,15,32697
2507201,16,32705
2507457,15,32685
2507457,16,32683
2507667,15,32678
2507667,16,32679
2507926,15,32710
2507926,16,32712
2508179,15,32695
2508179,16,32699
2508435,15,32706
2508435,16,32697
2508691,15,32708
2508691,16,32705
2508944,15,32704
2508944,16,32709
2509197,15,32696
2509197,16,32713
2509453,15,32699
2509453,16,32717
2509667,15,32681
2509667,16,32701
2509922,15,32728
2509922,16,32707
2510179,15,32687
2510179,16,32719
2510432,15,32709
2510432,16,32709
2510689,15,32690
2510689,16,32711
2510942,15,32690
2510942,16,32725
2511202,15,32714
2511202,16,32718
2511456,15,32700
2511456,16,32714
2511711,15,32689
2511711,16,32706
2511921,15,32703
2511921,16,32699
2512174,15,32677
2512174,16,32728
2512430,15,32697
2512430,16,32707
2512682,15,32708
2512682,16,32702
2512941,15,32686
2512941,16,32704
2513197,15,32706
2513197,16,32709
2513450,15,32689
2513450,16,32698
2513704,15,32680
2513704,16,32699
2513918,15,32663
2513918,16,32700
2514170,15,32692
2514170,16,32722
2514427,15,32704
2514427,16,32702
2514682,15,32702
2514682,16,32709
2514937,15,32679
2514937,16,32705
2515190,15,32686
2515190,16,32691
2515448,15,32687
2515448,16,32705
2515703,15,32663
2515703,16,32696
2515958,15,32686
2515958,16,32691
2516171,15,32691
2516171,16,32688
2516427,15,32696
2516427,16,32692
2516679,15,32692
2516679,16,32681
2516936,15,32688
2516936,16,32692
2517188,15,32670
2517188,16,32687
2517444,15,32684
2517444,16,32643
2517701,15,32675
2517701,16,32687
2517956,15,32685
2517956,16,32687
2518168,15,32696
2518168,16,32689
2518424,15,32688
2518424,16,32688
2518680,15,32673
2518680,16,32674
2518933,15,32694
2518933,16,32695
2519187,15,32686
2519187,16,32685
2519442,15,32673
2519442,16,32672
2519698,15,32659
2519698,16,32671
2519952,15,32677
2519952,16,32673
2520207,15,32666
2520207,16,32666
2520422,15,32669
2520422,16,32682
2520674,15,32674
2520674,16,32686
2520929,15,32689
2520929,16,32679
2521185,15,32673
2521185,16,32682
2521440,15,32689
2521440,16,32672
2521693,15,32688
2521693,16,32656
2521950,15,32669
2521950,16,32664
2522208,15,32679
2522208,16,32657
2522418,15,32676
2522418,16,32670
2522673,15,32691
2522673,16,32673
2522927,15,32679
2522927,16,32654
2523181,15,32680
2523181,16,32680
2523437,15,32693
2523437,16,32663
2523694,15,32684
2523694,16,32678
2523948,15,32684
2523948,16,32685
2524204,15,32673
2524204,16,32665
2524457,15,32676
2524457,16,32656
2524673,15,32658
2524673,16,32668
2524925,15,32692
2524925,16,32661
2525179,15,32679
2525179,16,32688
2525433,15,32673
2525433,16,32672
2525690,15,32681
2525690,16,32671
2525947,15,32694
2525947,16,32667
2526200,15,32665
2526200,16,32663
2526454,15,32683
2526454,16,32656
2526667,15,32684
2526667,16,32675
2526923,15,32681
2526923,16,32679
2527177,15,32694
2527177,16,32665
2527433,15,32681
2527433,16,32674
2527691,15,32703
2527691,16,32673
2527941,15,32671
2527941,16,32673
2528195,15,32699
2528195,16,32696
2528451,15,32700
2528451,16,32688
2528709,15,32673
2528709,16,32702
2528921,15,32700
2528921,16,32683
2529174,15,32702
2529174,16,32671
2529431,15,32672
2529431,16,32677
2529683,15,32675
2529683,16,32694
2529938,15,32690
2529938,16,32673
2530196,15,32687
2530196,16,32698
2530450,15,32684
2530450,16,32686
2530705,15,32698
2530705,16,32695
2530919,15,32690
2530919,16,32709
2531173,15,32689
2531173,16,32697
2531426,15,32676
2531426,16,32680
2531685,15,32700
2531685,16,32697
2531934,15,32698
2531934,16,32706
2532196,15,32689
2532196,16,32689
2532447,15,32697
2532447,16,32701
2532702,15,32700
2532702,16,32724
2532957,15,32694
2532957,16,32699
2533170,15,32674
2533170,16,32693
2533425,15,32679
2533425,16,32695
2533680,15,32683
2533680,16,32717
2533935,15,32694
2533935,16,32697
2534190,15,32683
2534190,16,32693
2534444,15,32699
2534444,16,32700
2534701,15,32694
2534701,16,32684
2534955,15,32695
2534955,16,32715
2535166,15,32689
2535166,16,32722
2535421,15,32687
2535421,16,32702
2535675,15,32686
2535675,16,32712
2535933,15,32690
2535933,16,32707
2536188,15,32698
2536188,16,32710
2536442,15,32699
2536442,16,32710
2536699,15,32699
2536699,16,32685
2536952,15,32707
2536952,16,32705
2537208,15,32710
2537208,16,32708
2537420,15,32716
2537420,16,32711
2537675,15,32703
2537675,16,32702
2537932,15,32684
2537932,16,32709
2538185,15,32702
2538185,16,32708
2538437,15,32688
2538437,16,32703
2538692,15,32679
2538692,16,32700
2538952,15,32705
2538952,16,32717
2539204,15,32712
2539204,16,32690
2539419,15,32691
2539419,16,32706
2539673,15,32708
2539673,16,32694
2539928,15,32682
2539928,16,32685
2540181,15,32700
2540181,16,32695
2540440,15,32680
2540440,16,32697
2540692,15,32667
2540692,16,32703
2540944,15,32689
2540944,16,32694
2541204,15,32680
2541204,16,32709
2541457,15,32694
2541457,16,32678
2541670,15,32675
2541670,16,32684
2541925,15,32682
2541925,16,32694
2542180,15,32705
2542180,16,32684
2542437,15,32684
2542437,16,32683
2542689,15,32688
2542689,16,32685
2542945,15,32697
2542945,16,32695
2543199,15,32695
2543199,16,32678
2543453,15,32680
2543453,16,32661
2543668,15,32671
2543668,16,32682
2543923,15,32660
2543923,16,32672
2544177,15,32684
2544177,16,32667
2544429,15,32667
2544429,16,32668
2544687,15,32691
2544687,16,32661
2544942,15,32665
2544942,16,32661
2545198,15,32679
2545198,16,32664
2545453,15,32701
2545453,16,32675
2545710,15,32687
2545710,16,32666
2545921,15,32685
2545921,16,32664
2546175,15,32667
2546175,16,32649
2546430,15,32691
2546430,16,32664
2546687,15,32696
2546687,16,32671
2546940,15,32694
2546940,16,32697
2547194,15,32668
2547194,16,32649
2547448,15,32675
2547448,16,32674
2547704,15,32670
2547704,16,32673
2547916,15,32706
2547916,16,32688
2548170,15,32678
2548170,16,32677
2548425,15,32661
2548425,16,32672
2548684,15,32681
2548684,16,32654
2548935,15,32686
2548935,16,32664
2549193,15,32675
2549193,16,32677
2549450,15,32682
2549450,16,32681
2549704,15,32677
2549704,16,32672
2549958,15,32682
2549958,16,32663
2550169,15,32692
2550169,16,32645
2550427,15,32683
2550427,16,32670
2550679,15,32687
2550679,16,32683
2550937,15,32665
2550937,16,32663
2551190,15,32690
2551190,16,32674
2551443,15,32698
2551443,16,32667
2551703,15,32681
2551703,16,32667
2551954,15,32705
2551954,16,32674
2552169,15,32681
2552169,16,32658
2552423,15,32691
2552423,16,32679
2552676,15,32685
2552676,16,32684
2552932,15,32675
2552932,16,32671
2553186,15,32680
2553186,16,32673
2553442,15,32679
2553442,16,32675
2553698,15,32694
2553698,16,32672
2553951,15,32695
2553951,16,32697
2554208,15,32679
2554208,16,32702
2554421,15,32683
2554421,16,32659
2554675,15,32682
2554675,16,32677
2554932,15,32691
2554932,16,32696
2555185,15,32706
2555185,16,32693
2555440,15,32688
2555440,16,32709
2555693,15,32685
2555693,16,32694
2555949,15,32694
2555949,16,32693
2556207,15,32691
2556207,16,32712
2556416,15,32700
2556416,16,32676
2556673,15,32681
2556673,16,32694
2556924,15,32708
2556924,16,32691
2557184,15,32705
2557184,16,32695
2557435,15,32693
2557435,16,32693
2557693,15,32705
2557693,16,32714
2557949,15,32690
2557949,16,32724
2558204,15,32688
2558204,16,32715
2558457,15,32681
2558457,16,32694
2558669,15,32691
2558669,16,32711
2558924,15,32694
2558924,16,32704
2559181,15,32689
2559181,16,32706
2559434,15,32675
2559434,16,32717
2559690,15,32697
2559690,16,32704
2559945,15,32712
2559945,16,32725
2560199,15,32698
2560199,16,32700
2560454,15,32697
2560454,16,32708
2560667,15,32688
2560667,16,32707
2560921,15,32686
2560921,16,32683
2561177,15,32709
2561177,16,32692
2561430,15,32699
2561430,16,32705
2561688,15,32707
2561688,16,32726
2561941,15,32691
2561941,16,32708
2562199,15,32692
2562199,16,32698
2562454,15,32673
2562454,16,32719
2562707,15,32695
2562707,16,32695
2562920,15,32694
2562920,16,32716
2563173,15,32696
2563173,16,32706
2563430,15,32695
2563430,16,32709
2563687,15,32709
2563687,16,32690
2563940,15,32692
2563940,16,32709
2564195,15,32705
2564195,16,32695
2564450,15,32693
2564450,16,32696
2564705,15,32672
2564705,16,32710
2564916,15,32696
2564916,16,32680
2565175,15,32702
2565175,16,32683
2565427,15,32678
2565427,16,32693
2565680,15,32692
2565680,16,32697
2565935,15,32714
2565935,16,32701
2566194,15,32688
2566194,16,32687
2566448,15,32677
2566448,16,32690
2566701,15,32692
2566701,16,32692
2566960,15,32694
2566960,16,32690
2567171,15,32669
2567171,16,32706
2567425,15,32679
2567425,16,32683
2567679,15,32681
2567679,16,32682
2567936,15,32697
2567936,16,32681
2568189,15,32710
2568189,16,32668
2568446,15,32706
2568446,16,32668
2568702,15,32704
2568702,16,32684
2568956,15,32674
2568956,16,32692
2569170,15,32706
2569170,16,32667
2569424,15,32685
2569424,16,32676
2569677,15,32680
2569677,16,32661
2569929,15,32686
2569929,16,32685
2570188,15,32699
2570188,16,32695
2570442,15,32693
2570442,16,32672
2570697,15,32694
2570697,16,32662
2570952,15,32682
2570952,16,32667
2571209,15,32681
2571209,16,32682
2571419,15,32684
2571419,16,32674
2571675,15,32685
2571675,16,32683
2571928,15,32700
2571928,16,32673
2572186,15,32685
2572186,16,32664
2572441,15,32678
2572441,16,32677
2572695,15,32675
2572695,16,32658
2572952,15,32682
2572952,16,32669
2573205,15,32675
2573205,16,32656
2573417,15,32700
2573417,16,32655
2573672,15,32683
2573672,16,32676
2573928,15,32671
2573928,16,32672
2574184,15,32680
2574184,16,32674
2574436,15,32675
2574436,16,32653
2574690,15,32688
2574690,16,32673
2574947,15,32696
2574947,16,32666
2575204,15,32681
2575204,16,32666
2575455,15,32692
2575455,16,32651
2575669,15,32692
2575669,16,32668
2575925,15,32693
2575925,16,32675
2576179,15,32670
2576179,16,32678
2576436,15,32697
2576436,16,32669
2576687,15,32682
2576687,16,32667
2576944,15,32695
2576944,16,32684
2577198,15,32697
2577198,16,32691
2577453,15,32673
2577453,16,32667
2577667,15,32688
2577667,16,32676
2577925,15,32694
2577925,16,32700
2578178,15,32674
2578178,16,32685
2578435,15,32684
2578435,16,32705
2578686,15,32677
2578686,16,32691
2578940,15,32693
2578940,16,32685
2579197,15,32688
2579197,16,32687
2579455,15,32699
2579455,16,32701
2579709,15,32690
2579709,16,32694
2579920,15,32684
2579920,16,32692
2580175,15,32705
2580175,16,32676
2580432,15,32683
2580432,16,32698
2580683,15,32676
2580683,16,32703
2580939,15,32691
2580939,16,32702
2581193,15,32690
2581193,16,32710
2581447,15,32683
2581447,16,32694
2581704,15,32692
2581704,16,32704
2581918,15,32690
2581918,16,32711
2582174,15,32698
2582174,16,32680
2582426,15,32693
2582426,16,32714
2582680,15,32694
2582680,16,32674
2582940,15,32727
2582940,16,32719
2583193,15,32709
2583193,16,32697
2583449,15,32682
2583449,16,32709
2583701,15,32697
2583701,16,32702
2583958,15,32709
2583958,16,32702
2584169,15,32691
2584169,16,32693
2584424,15,32676
2584424,16,32705
2584679,15,32716
2584679,16,32720
2584935,15,32719
2584935,16,32703
2585189,15,32711
2585189,16,32706
2585446,15,32685
2585446,16,32718
2585702,15,32682
2585702,16,32726
2585956,15,32700
2585956,16,32677
2586166,15,32696
2586166,16,32707
2586421,15,32696
2586421,16,32691
2586676,15,32698
2586676,16,32716
2586933,15,32687
2586933,16,32731
2587186,15,32702
2587186,16,32717
2587443,15,32690
2587443,16,32703
2587698,15,32724
2587698,16,32705
2587953,15,32668
2587953,16,32709
2588209,15,32710
2588209,16,32710
2588421,15,32686
2588421,16,32692
2588679,15,32710
2588679,16,32706
2588931,15,32687
2588931,16,32688
2589183,15,32697
2589183,16,32703
2589439,15,32696
2589439,16,32704
2589696,15,32687
2589696,16,32716
2589949,15,32694
2589949,16,32707
2590205,15,32701
2590205,16,32692
2590418,15,32696
2590418,16,32683
2590672,15,32698
2590672,16,32693
2590927,15,32705
2590927,16,32700
2591183,15,32697
2591183,16,32666
2591438,15,32698
2591438,16,32692
2591692,15,32693
2591692,16,32676
2591948,15,32703
2591948,16,32697
2592200,15,32673
2592200,16,32689
2592456,15,32665
2592456,16,32671
2592670,15,32679
2592670,16,32683
2592925,15,32670
2592925,16,32700
2593179,15,32674
2593179,16,32688
2593434,15,32691
2593434,16,32662
2593688,15,32693
2593688,16,32688
2593944,15,32687
2593944,16,32674
2594202,15,32691
2594202,16,32695
2594455,15,32686
2594455,16,32667
2594670,15,32694
2594670,16,32684
2594919,15,32685
2594919,16,32676
2595178,15,32676
2595178,16,32663
2595432,15,32689
2595432,16,32672
2595687,15,32668
2595687,16,32680
2595943,15,32684
2595943,16,32676
2596199,15,32671
2596199,16,32677
2596452,15,32668
2596452,16,32670
2596710,15,32689
2596710,16,32692
2596923,15,32694
2596923,16,32662
2597173,15,32682
2597173,16,32667
2597431,15,32677
2597431,16,32673
2597686,15,32684
2597686,16,32680
2597939,15,32671
2597939,16,32659
2598198,15,32677
2598198,16,32667
2598451,15,32687
2598451,16,32667
2598708,15,32685
2598708,16,32671
2598917,15,32693
2598917,16,32664
2599172,15,32683
2599172,16,32675
2599428,15,32671
2599428,16,32701
2599682,15,32669
2599682,16,32677
2599936,15,32683
2599936,16,32658
2600193,15,32694
2600193,16,32651
2600448,15,32699
2600448,16,32680
2600702,15,32700
2600702,16,32672
2600955,15,32670
2600955,16,32650
2601171,15,32672
2601171,16,32680
2601426,15,32693
2601426,16,32690
2601678,15,32683
2601678,16,32671
2601936,15,32682
2601936,16,32658
2602192,15,32677
2602192,16,32695
2602446,15,32701
2602446,16,32658
2602698,15,32687
2602698,16,32667
2602951,15,32693
2602951,16,32695
2603169,15,32682
2603169,16,32681
2603422,15,32685
2603422,16,32679
2603679,15,32693
2603679,16,32670
2603931,15,32691
2603931,16,32679
2604186,15,32703
2604186,16,32689
2604441,15,32680
2604441,16,32690
2604699,15,32691
2604699,16,32716
2604954,15,32678
2604954,16,32690
2605207,15,32706
2605207,16,32703
2605420,15,32708
2605420,16,32695
2605674,15,32694
2605674,16,32690
2605932,15,32695
2605932,16,32698
2606186,15,32701
2606186,16,32681
2606438,15,32671
2606438,16,32711
2606695,15,32681
2606695,16,32697
2606950,15,32694
2606950,16,32696
2607205,15,32685
2607205,16,32685
2607417,15,32688
2607417,16,32686
2607672,15,32688
2607672,16,32696
2607929,15,32712
2607929,16,32679
2608182,15,32691
2608182,16,32700
2608438,15,32706
2608438,16,32695
2608694,15,32697
2608694,16,32720
2608948,15,32710
2608948,16,32701
2609201,15,32711
2609201,16,32710
2609457,15,32685
2609457,16,32692
2609671,15,32718
2609671,16,32716
2609923,15,32684
2609923,16,32707
2610179,15,32713
2610179,16,32695
2610433,15,32695
2610433,16,32715
2610686,15,32678
2610686,16,32708
2610943,15,32688
2610943,16,32709
2611197,15,32694
2611197,16,32692
2611455,15,32705
2611455,16,32694
2611666,15,32695
2611666,16,32712
2611921,15,32708
2611921,16,32695
2612178,15,32694
2612178,16,32696
2612432,15,32681
2612432,16,32694
2612689,15,32700
2612689,16,32697
2612942,15,32690
2612942,16,32686
2613199,15,32707
2613199,16,32690
2613452,15,32682
2613452,16,32687
2613707,15,32669
2613707,16,32709
2613921,15,32689
2613921,16,32694
2614177,15,32702
2614177,16,32684
2614429,15,32692
2614429,16,32701
2614685,15,32684
2614685,16,32701
2614941,15,32681
2614941,16,32712
2615192,15,32704
2615192,16,32698
2615449,15,32682
2615449,16,32679
2615704,15,32708
2615704,16,32680
2615916,15,32698
2615916,16,32698
2616174,15,32680
2616174,16,32694
2616430,15,32696
2616430,16,32696
2616682,15,32692
2616682,16,32668
2616938,15,32677
2616938,16,32691
2617190,15,32691
2617190,16,32686
2617447,15,32664
2617447,16,32672
2617703,15,32700
2617703,16,32693
2617961,15,32705
2617961,16,32695
2618169,15,32677
2618169,16,32691
2618426,15,32682
2618426,16,32701
2618678,15,32674
2618678,16,32680
2618932,15,32682
2618932,16,32690
2619192,15,32681
2619192,16,32691
2619445,15,32684
2619445,16,32699
2619699,15,32678
2619699,16,32666
2619955,15,32677
2619955,16,32664
2620169,15,32681
2620169,16,32663
2620422,15,32665
2620422,16,32680
2620676,15,32705
2620676,16,32663
2620935,15,32674
2620935,16,32659
2621187,15,32686
2621187,16,32668
2621443,15,32679
2621443,16,32671
2621698,15,32690
2621698,16,32670
2621955,15,32677
2621955,16,32676
2622209,15,32686
2622209,16,32667
2622422,15,32680
2622422,16,32655
2622672,15,32675
2622672,16,32673
2622931,15,32689
2622931,16,32665
2623184,15,32672
2623184,16,32678
2623441,15,32689
2623441,16,32670
2623697,15,32679
2623697,16,32676
2623949,15,32685
2623949,16,32683
2624203,15,32691
2624203,16,32697
2624421,15,32671
2624421,16,32687
2624672,15,32688
2624672,16,32672
2624930,15,32686
2624930,16,32657
2625179,15,32682
2625179,16,32668
2625438,15,32687
2625438,16,32673
2625693,15,32664
2625693,16,32659
2625950,15,32678
2625950,16,32677
2626202,15,32683
2626202,16,32687
2626456,15,32677
2626456,16,32685
2626669,15,32680
2626669,16,32690
2626925,15,32686
2626925,16,32694
2627180,15,32683
2627180,16,32683
2627434,15,32708
2627434,16,32688
2627687,15,32689
2627687,16,32679
2627945,15,32674
2627945,16,32687
2628199,15,32713
2628199,16,32690
2628455,15,32690
2628455,16,32700
2628666,15,32703
2628666,16,32676
2628924,15,32679
2628924,16,32691
2629179,15,32690
2629179,16,32696
2629434,15,32696
2629434,16,32684
2629686,15,32687
2629686,16,32661
2629946,15,32697
2629946,16,32671
2630197,15,32688
2630197,16,32685
2630454,15,32689
2630454,16,32679
2630707,15,32684
2630707,16,32699
2630918,15,32696
2630918,16,32698
2631174,15,32696
2631174,16,32707
2631429,15,32688
2631429,16,32688
2631686,15,32704
2631686,16,32717
2631938,15,32698
2631938,16,32708
2632195,15,32676
2632195,16,32683
2632452,15,32694
2632452,16,32686
2632706,15,32704
2632706,16,32691
2632916,15,32715
2632916,16,32694
2633171,15,32683
2633171,16,32712
2633426,15,32718
2633426,16,32716
2633682,15,32691
2633682,16,32708
2633940,15,32685
2633940,16,32698
2634194,15,32707
2634194,16,32706
2634449,15,32688
2634449,16,32710
2634703,15,32682
2634703,16,32713
2634956,15,32689
2634956,16,32703
2635172,15,32683
2635172,16,32693
2635426,15,32706
2635426,16,32701
2635678,15,32681
2635678,16,32707
2635937,15,32684
2635937,16,32712
2636188,15,32682
2636188,16,32681
2636446,15,32681
2636446,16,32704
2636701,15,32708
2636701,16,32728
2636949,15,32697
2636949,16,32714
2637169,15,32699
2637169,16,32694
2637423,15,32698
2637423,16,32696
2637676,15,32702
2637676,16,32701
2637934,15,32698
2637934,16,32703
2638188,15,32671
2638188,16,32712
2638443,15,32697
2638443,16,32697
2638696,15,32698
2638696,16,32687
2638954,15,32692
2638954,16,32699
2639206,15,32688
2639206,16,32690
2639420,15,32693
2639420,16,32702
2639676,15,32671
2639676,16,32696
2639930,15,32683
2639930,16,32690
2640184,15,32667
2640184,16,32705
2640440,15,32683
2640440,16,32690
2640696,15,32704
2640696,16,32677
2640950,15,32686
2640950,16,32685
2641204,15,32683
2641204,16,32680
2641419,15,32693
2641419,16,32681
2641672,15,32689
2641672,16,32688
2641930,15,32686
2641930,16,32675
2642181,15,32696
2642181,16,32682
2642435,15,32668
2642435,16,32690
2642694,15,32671
2642694,16,32670
2642947,15,32689
2642947,16,32695
2643201,15,32699
2643201,16,32680
2643455,15,32695
2643455,16,32689
2643669,15,32682
2643669,16,32662
2643925,15,32691
2643925,16,32681
2644179,15,32658
2644179,16,32665
2644434,15,32693
2644434,16,32675
2644690,15,32693
2644690,16,32673
2644945,15,32681
2644945,16,32676
2645200,15,32683
2645200,16,32668
2645456,15,32679
2645456,16,32664
2645668,15,32682
2645668,16,32675
2645926,15,32678
2645926,16,32676
2646177,15,32679
2646177,16,32666
2646430,15,32685
2646430,16,32689
2646687,15,32699
2646687,16,32686
2646941,15,32689
2646941,16,32674
2647196,15,32681
2647196,16,32668
2647452,15,32678
2647452,16,32691
2647705,15,32676
2647705,16,32676
2647921,15,32680
2647921,16,32659
2648172,15,32690
2648172,16,32659
2648431,15,32668
2648431,16,32677
2648684,15,32682
2648684,16,32662
2648940,15,32678
2648940,16,32653
2649196,15,32679
2649196,16,32676
2649449,15,32676
2649449,16,32676
2649706,15,32707
2649706,16,32667
2649917,15,32685
2649917,16,32678
2650175,15,32679
2650175,16,32696
2650427,15,32692
2650427,16,32672
2650684,15,32686
2650684,16,32679
2650936,15,32675
2650936,16,32688
2651193,15,32684
2651193,16,32672
2651447,15,32674
2651447,16,32694
2651701,15,32688
2651701,16,32686
2651958,15,32683
2651958,16,32675
2652171,15,32678
2652171,16,32667
2652425,15,32696
2652425,16,32691
2652680,15,32676
2652680,16,32697
2652936,15,32708
2652936,16,32687
2653189,15,32699
2653189,16,32700
2653445,15,32686
2653445,16,32699
2653699,15,32695
2653699,16,32699
2653955,15,32698
2653955,16,32691
2654168,15,32692
2654168,16,32701
2654422,15,32699
2654422,16,32700
2654678,15,32696
2654678,16,32684
2654934,15,32691
2654934,16,32697
2655186,15,32703
2655186,16,32676
2655445,15,32703
2655445,16,32687
2655699,15,32682
2655699,16,32700
2655952,15,32697
2655952,16,32692
2656208,15,32698
2656208,16,32696
2656420,15,32705
2656420,16,32703
2656675,15,32706
2656675,16,32700
2656931,15,32680
2656931,16,32695
2657183,15,32703
2657183,16,32688
2657441,15,32707
2657441,16,32694
2657696,15,32701
2657696,16,32703
2657951,15,32694
2657951,16,32687
2658205,15,32695
2658205,16,32713
2658416,15,32668
2658416,16,32713
2658668,15,32695
2658668,16,32703
2658924,15,32677
2658924,16,32700
2659182,15,32692
2659182,16,32719
2659437,15,32681
2659437,16,32709
2659693,15,32698
2659693,16,32692
2659947,15,32689
2659947,16,32699
2660203,15,32681
2660203,16,32704
2660457,15,32697
2660457,16,32703
2660671,15,32702
2660671,16,32708
2660923,15,32683
2660923,16,32714
2661179,15,32678
2661179,16,32691
2661434,15,32713
2661434,16,32715
2661690,15,32695
2661690,16,32699
2661944,15,32690
2661944,16,32696
2662197,15,32695
2662197,16,32709
2662457,15,32684
2662457,16,32704
2662666,15,32686
2662666,16,32715
2662924,15,32704
2662924,16,32711
2663177,15,32697
2663177,16,32696
2663431,15,32702
2663431,16,32721
2663686,15,32693
2663686,16,32699
2663942,15,32693
2663942,16,32693
2664193,15,32680
2664193,16,32690
2664455,15,32686
2664455,16,32685
2664710,15,32707
2664710,16,32688
2664921,15,32702
2664921,16,32691
2665172,15,32700
2665172,16,32704
2665430,15,32683
2665430,16,32690
2665685,15,32687
2665685,16,32702
2665941,15,32679
2665941,16,32680
2666197,15,32704
2666197,16,32682
2666449,15,32696
2666449,16,32681
2666706,15,32684
2666706,16,32672
2666919,15,32685
2666919,16,32688
2667174,15,32696
2667174,16,32690
2667430,15,32686
2667430,16,32678
2667682,15,32677
2667682,16,32691
2667935,15,32664
2667935,16,32681
2668189,15,32688
2668189,16,32680
2668447,15,32674
2668447,16,32678
2668702,15,32679
2668702,16,32671
2668959,15,32686
2668959,16,32695
2669168,15,32679
2669168,16,32663
2669427,15,32703
2669427,16,32665
2669678,15,32675
2669678,16,32673
2669935,15,32692
2669935,16,32656
2670190,15,32707
2670190,16,32669
2670448,15,32703
2670448,16,32684
2670699,15,32677
2670699,16,32684
2670956,15,32705
2670956,16,32671
2671165,15,32705
2671165,16,32677
2671425,15,32690
2671425,16,32673
2671680,15,32664
2671680,16,32675
2671930,15,32671
2671930,16,32653
2672187,15,32694
2672187,16,32688
2672444,15,32668
2672444,16,32680
2672696,15,32660
2672696,16,32690
2672953,15,32675
2672953,16,32673
2673209,15,32680
2673209,16,32680
2673419,15,32688
2673419,16,32679
2673674,15,32673
2673674,16,32686
2673932,15,32705
2673932,16,32692
2674185,15,32692
2674185,16,32668
2674437,15,32691
2674437,16,32671
2674695,15,32710
2674695,16,32695
2674951,15,32689
2674951,16,32684
2675203,15,32702
2675203,16,32671
2675419,15,32692
2675419,16,32677
2675674,15,32694
2675674,16,32687
2675929,15,32691
2675929,16,32683
2676179,15,32691
2676179,16,32684
2676439,15,32684
2676439,16,32695
2676690,15,32675
2676690,16,32685
2676947,15,32667
2676947,16,32696
2677201,15,32687
2677201,16,32674
2677459,15,32686
2677459,16,32683
2677668,15,32685
2677668,16,32668
2677925,15,32676
2677925,16,32684
2678181,15,32690
2678181,16,32710
2678436,15,32686
2678436,16,32672
2678688,15,32687
2678688,16,32684
2678947,15,32702
2678947,16,32691
2679198,15,32706
2679198,16,32687
2679454,15,32687
2679454,16,32694
2679668,15,32675
2679668,16,32706
2679924,15,32683
2679924,16,32698
2680179,15,32689
2680179,16,32686
2680432,15,32674
2680432,16,32690
2680688,15,32677
2680688,16,32702
2680944,15,32679
2680944,16,32713
2681197,15,32689
2681197,16,32695
2681454,15,32688
2681454,16,32707
2681711,15,32689
2681711,16,32711
2681920,15,32706
2681920,16,32708
2682176,15,32705
2682176,16,32686
2682429,15,32705
2682429,16,32708
2682684,15,32694
2682684,16,32695
2682938,15,32686
2682938,16,32720
2683194,15,32692
2683194,16,32698
2683449,15,32683
2683449,16,32698
2683704,15,32701
2683704,16,32715
2683918,15,32702
2683918,16,32698
2684172,15,32699
2684172,16,32713
2684427,15,32704
2684427,16,32714
2684682,15,32712
2684682,16,32676
2684937,15,32695
2684937,16,32730
2685191,15,32715
2685191,16,32717
2685447,15,32709
2685447,16,32703
2685702,15,32698
2685702,16,32693
2685957,15,32698
2685957,16,32711
2686171,15,32667
2686171,16,32690
2686422,15,32700
2686422,16,32705
2686681,15,32696
2686681,16,32689
2686934,15,32687
2686934,16,32697
2687191,15,32700
2687191,16,32697
2687445,15,32708
2687445,16,32684
2687701,15,32707
2687701,16,32702
2687952,15,32690
2687952,16,32693
2688168,15,32702
2688168,16,32690
2688420,15,32681
2688420,16,32715
2688678,15,32680
2688678,16,32677
2688934,15,32692
2688934,16,32688
2689192,15,32697
2689192,16,32687
2689439,15,32692
2689439,16,32686
2689701,15,32706
2689701,16,32673
2689951,15,32702
2689951,16,32689
2690207,15,32699
2690207,16,32683
2690420,15,32697
2690420,16,32694
2690673,15,32684
2690673,16,32676
2690930,15,32690
2690930,16,32699
2691184,15,32685
2691184,16,32687
2691441,15,32691
2691441,16,32674
2691697,15,32692
2691697,16,32677
2691954,15,32669
2691954,16,32683
2692208,15,32692
2692208,16,32674
2692416,15,32672
2692416,16,32673
2692673,15,32696
2692673,16,32680
2692927,15,32686
2692927,16,32679
2693182,15,32688
2693182,16,32679
2693439,15,32667
2693439,16,32675
2693693,15,32685
2693693,16,32688
2693950,15,32654
2693950,16,32667
2694202,15,32674
2694202,16,32671
2694457,15,32670
2694457,16,32701
2694669,15,32690
2694669,16,32677
2694924,15,32684
2694924,16,32664
2695180,15,32672
2695180,16,32673
2695436,15,32686
2695436,16,32670
2695689,15,32686
2695689,16,32684
2695943,15,32670
2695943,16,32686
2696200,15,32683
2696200,16,32679
2696453,15,32694
2696453,16,32685
2696667,15,32672
2696667,16,32658
2696925,15,32693
2696925,16,32667
2697177,15,32681
2697177,16,32687
2697431,15,32688
2697431,16,32678
2697687,15,32691
2697687,16,32678
2697941,15,32686
2697941,16,32674
2698198,15,32681
2698198,16,32665
2698451,15,32683
2698451,16,32670
2698707,15,32674
2698707,16,32670
2698920,15,32694
2698920,16,32691
2699175,15,32681
2699175,16,32675
2699431,15,32685
2699431,16,32690
2699683,15,32690
2699683,16,32692
2699938,15,32691
2699938,16,32685
2700194,15,32696
2700194,16,32688
2700448,15,32693
2700448,16,32684
2700705,15,32677
2700705,16,32686
2700918,15,32679
2700918,16,32674
2701169,15,32694
2701169,16,32689
2701425,15,32677
2701425,16,32670
2701683,15,32690
2701683,16,32670
2701941,15,32698
2701941,16,32676
2702191,15,32705
2702191,16,32693
2702447,15,32679
2702447,16,32696
2702703,15,32682
2702703,16,32692
2702959,15,32704
2702959,16,32677
2703171,15,32693
2703171,16,32687
2703425,15,32705
2703425,16,32687
2703680,15,32694
2703680,16,32703
2703935,15,32697
2703935,16,32713
2704192,15,32694
2704192,16,32682
2704444,15,32692
2704444,16,32696
2704701,15,32694
2704701,16,32700
2704952,15,32701
2704952,16,32709
2705170,15,32691
2705170,16,32703
2705425,15,32700
2705425,16,32686
2705677,15,32690
2705677,16,32705
2705933,15,32667
2705933,16,32693
2706190,15,32692
2706190,16,32710
2706445,15,32694
2706445,16,32698
2706698,15,32688
2706698,16,32677
2706952,15,32708
2706952,16,32690
2707207,15,32687
2707207,16,32715
2707419,15,32696
2707419,16,32719
2707674,15,32677
2707674,16,32699
2707931,15,32683
2707931,16,32725
2708184,15,32693
2708184,16,32705
2708441,15,32686
2708441,16,32688
2708694,15,32697
2708694,16,32699
2708948,15,32711
2708948,16,32712
2709204,15,32688
2709204,16,32708
2709417,15,32682
2709417,16,32704
2709672,15,32688
2709672,16,32679
2709926,15,32703
2709926,16,32694
2710183,15,32712
2710183,16,32690
2710440,15,32674
2710440,16,32693
2710692,15,32686
2710692,16,32691
2710948,15,32686
2710948,16,32694
2711204,15,32676
2711204,16,32695
2711459,15,32710
2711459,16,32707
2711672,15,32684
2711672,16,32701
2711926,15,32690
2711926,16,32694
2712180,15,32701
2712180,16,32678
2712435,15,32690
2712435,16,32705
2712688,15,32701
2712688,16,32689
2712945,15,32676
2712945,16,32696
2713201,15,32699
2713201,16,32702
2713453,15,32684
2713453,16,32698
2713669,15,32692
2713669,16,32692
2713921,15,32693
2713921,16,32691
2714177,15,32713
2714177,16,32691
2714431,15,32688
2714431,16,32687
2714683,15,32685
2714683,16,32704
2714943,15,32687
2714943,16,32701
2715195,15,32695
2715195,16,32697
2715451,15,32696
2715451,16,32669
2715708,15,32697
2715708,16,32702
2715921,15,32667
2715921,16,32666
2716176,15,32701
2716176,16,32705
2716429,15,32704
2716429,16,32674
2716685,15,32682
2716685,16,32683
2716941,15,32679
2716941,16,32689
2717193,15,32684
2717193,16,32689
2717452,15,32688
2717452,16,32692
2717704,15,32684
2717704,16,32698
2717915,15,32687
2717915,16,32691
2718172,15,32672
2718172,16,32693
2718427,15,32682
2718427,16,32670
2718681,15,32691
2718681,16,32685
2718937,15,32696
2718937,16,32694
2719194,15,32694
2719194,16,32686
2719449,15,32685
2719449,16,32661
2719701,15,32673
2719701,16,32676
2719955,15,32692
2719955,16,32710
2720171,15,32687
2720171,16,32693
2720423,15,32680
2720423,16,32670
2720681,15,32686
2720681,16,32674
2720936,15,32684
2720936,16,32665
2721194,15,32682
2721194,16,32676
2721443,15,32674
2721443,16,32661
2721701,15,32680
2721701,16,32679
2721956,15,32667
2721956,16,32689
2722170,15,32670
2722170,16,32679
2722425,15,32666
2722425,16,32670
2722678,15,32683
2722678,16,32673
2722932,15,32669
2722932,16,32698
2723186,15,32685
2723186,16,32682
2723442,15,32693
2723442,16,32674
2723697,15,32685
2723697,16,32687
2723952,15,32696
2723952,16,32671
2724208,15,32704
2724208,16,32699
2724421,15,32699
2724421,16,32681
2724676,15,32700
2724676,16,32678
2724928,15,32697
2724928,16,32707
2725187,15,32689
2725187,16,32675
2725439,15,32686
2725439,16,32687
2725694,15,32684
2725694,16,32694
2725949,15,32695
2725949,16,32675
2726207,15,32686
2726207,16,32683
2726417,15,32701
2726417,16,32673
2726673,15,32687
2726673,16,32684
2726928,15,32691
2726928,16,32694
2727187,15,32673
2727187,16,32675
2727435,15,32709
2727435,16,32689
2727694,15,32677
2727694,16,32676
2727948,15,32667
2727948,16,32697
2728204,15,32691
2728204,16,32697
2728459,15,32688
2728459,16,32700
2728669,15,32695
2728669,16,32702
2728926,15,32699
2728926,16,32710
2729179,15,32655
2729179,16,32702
2729436,15,32687
2729436,16,32710
2729690,15,32690
2729690,16,32705
2729942,15,32692
2729942,16,32701
2730201,15,32686
2730201,16,32702
2730455,15,32705
2730455,16,32716
2730668,15,32698
2730668,16,32703
2730922,15,32671
2730922,16,32695
2731179,15,32695
2731179,16,32684
2731431,15,32695
2731431,16,32695
2731689,15,32671
2731689,16,32689
2731944,15,32700
2731944,16,32705
2732196,15,32714
2732196,16,32700
2732455,15,32712
2732455,16,32697
2732707,15,32701
2732707,16,32723
2732921,15,32705
2732921,16,32688
2733178,15,32685
2733178,16,32691
2733430,15,32687
2733430,16,32699
2733686,15,32676
2733686,16,32703
2733940,15,32705
2733940,16,32706
2734195,15,32702
2734195,16,32720
2734448,15,32712
2734448,16,32705
2734704,15,32683
2734704,16,32694
2734917,15,32688
2734917,16,32686
2735172,15,32700
2735172,16,32710
2735427,15,32705
2735427,16,32703
2735682,15,32683
2735682,16,32697
2735938,15,32699
2735938,16,32695
2736190,15,32697
2736190,16,32685
2736447,15,32717
2736447,16,32697
2736702,15,32692
2736702,16,32709
2736958,15,32686
2736958,16,32689
2737169,15,32704
2737169,16,32679
2737423,15,32688
2737423,16,32705
2737677,15,32695
2737677,16,32689
2737936,15,32673
2737936,16,32711
2738190,15,32700
2738190,16,32706
2738445,15,32684
2738445,16,32689
2738701,15,32703
2738701,16,32700
2738955,15,32690
2738955,16,32685
2739168,15,32705
2739168,16,32691
2739424,15,32669
2739424,16,32687
2739678,15,32682
2739678,16,32687
2739934,15,32679
2739934,16,32674
2740186,15,32697
2740186,16,32681
2740443,15,32688
2740443,16,32686
2740699,15,32675
2740699,16,32683
2740955,15,32686
2740955,16,32684
2741206,15,32683
2741206,16,32678
2741419,15,32701
2741419,16,32699
2741677,15,32675
2741677,16,32691
2741934,15,32689
2741934,16,32687
2742181,15,32694
2742181,16,32682
2742442,15,32688
2742442,16,32672
2742698,15,32681
2742698,16,32671
2742950,15,32671
2742950,16,32689
2743204,15,32691
2743204,16,32681
2743419,15,32669
2743419,16,32697
2743670,15,32681
2743670,16,32685
2743928,15,32682
2743928,16,32674
2744181,15,32699
2744181,16,32664
2744436,15,32692
2744436,16,32689
2744694,15,32672
2744694,16,32684
2744946,15,32697
2744946,16,32672
2745202,15,32677
2745202,16,32682
2745459,15,32673
2745459,16,32684
2745671,15,32681
2745671,16,32667
2745927,15,32691
2745927,16,32679
2746179,15,32684
2746179,16,32702
2746434,15,32672
2746434,16,32673
2746692,15,32687
2746692,16,32712
2746944,15,32691
2746944,16,32678
2747200,15,32682
2747200,16,32678
2747455,15,32678
2747455,16,32676
2747665,15,32688
2747665,16,32687
2747921,15,32668
2747921,16,32687
2748175,15,32672
2748175,16,32695
2748429,15,32680
2748429,16,32680
2748686,15,32689
2748686,16,32683
2748942,15,32669
2748942,16,32688
2749199,15,32694
2749199,16,32692
2749452,15,32692
2749452,16,32684
2749709,15,32696
2749709,16,32669
2749923,15,32709
2749923,16,32703
2750173,15,32673
2750173,16,32672
2750432,15,32689
2750432,16,32692
2750687,15,32673
2750687,16,32688
2750938,15,32695
2750938,16,32681
2751194,15,32684
2751194,16,32682
2751449,15,32690
2751449,16,32683
2751706,15,32696
2751706,16,32677
2751918,15,32687
2751918,16,32681
2752174,15,32686
2752174,16,32684
2752426,15,32675
2752426,16,32683
2752682,15,32696
2752682,16,32671
2752938,15,32691
2752938,16,32692
2753195,15,32686
2753195,16,32710
2753450,15,32707
2753450,16,32694
2753705,15,32694
2753705,16,32689
2753956,15,32696
2753956,16,32691
2754171,15,32693
2754171,16,32695
2754425,15,32699
2754425,16,32678
2754681,15,32708
2754681,16,32719
2754937,15,32662
2754937,16,32700
2755190,15,32677
2755190,16,32682
2755445,15,32687
2755445,16,32697
2755699,15,32701
2755699,16,32695
2755955,15,32679
2755955,16,32680
2756169,15,32687
2756169,16,32712
2756423,15,32694
2756423,16,32674
2756678,15,32694
2756678,16,32706
2756933,15,32699
2756933,16,32697
2757185,15,32702
2757185,16,32704
2757443,15,32687
2757443,16,32682
2757697,15,32703
2757697,16,32708
2757952,15,32697
2757952,16,32700
2758207,15,32686
2758207,16,32691
2758415,15,32693
2758415,16,32680
2758674,15,32692
2758674,16,32716
2758929,15,32696
2758929,16,32705
2759183,15,32694
2759183,16,32684
2759440,15,32693
2759440,16,32708
2759694,15,32684
2759694,16,32704
2759948,15,32691
2759948,16,32693
2760205,15,32684
2760205,16,32708
2760417,15,32694
2760417,16,32694
2760673,15,32675
2760673,16,32704
2760931,15,32695
2760931,16,32676
2761183,15,32702
2761183,16,32682
2761437,15,32681
2761437,16,32711
2761691,15,32698
2761691,16,32695
2761945,15,32678
2761945,16,32698
2762205,15,32708
2762205,16,32666
2762459,15,32699
2762459,16,32666
2762671,15,32690
2762671,16,32706
2762923,15,32689
2762923,16,32680
2763180,15,32698
2763180,16,32690
2763435,15,32709
2763435,16,32702
2763690,15,32674
2763690,16,32692
2763945,15,32694
2763945,16,32697
2764199,15,32701
2764199,16,32692
2764453,15,32702
2764453,16,32677
2764665,15,32689
2764665,16,32679
2764925,15,32667
2764925,16,32659
2765176,15,32691
2765176,16,32703
2765435,15,32689
2765435,16,32689
2765689,15,32690
2765689,16,32679
2765941,15,32688
2765941,16,32686
2766197,15,32677
2766197,16,32699
2766452,15,32684
2766452,16,32656
2766710,15,32674
2766710,16,32688
2766922,15,32690
2766922,16,32682
2767174,15,32698
2767174,16,32689
2767429,15,32700
2767429,16,32700
2767686,15,32669
2767686,16,32685
2767940,15,32678
2767940,16,32665
2768197,15,32694
2768197,16,32684
2768448,15,32665
2768448,16,32696
2768703,15,32670
2768703,16,32699
2768916,15,32669
2768916,16,32693
2769170,15,32680
2769170,16,32682
2769429,15,32692
2769429,16,32689
2769682,15,32679
2769682,16,32681
2769939,15,32675
2769939,16,32670
2770194,15,32675
2770194,16,32672
2770448,15,32704
2770448,16,32682
2770703,15,32677
2770703,16,32674
2770957,15,32679
2770957,16,32670
2771170,15,32684
2771170,16,32674
2771425,15,32676
2771425,16,32695
2771678,15,32663
2771678,16,32678
2771935,15,32685
2771935,16,32676
2772190,15,32686
2772190,16,32677
2772444,15,32710
2772444,16,32675
2772700,15,32678
2772700,16,32677
2772953,15,32675
2772953,16,32664
2773168,15,32682
2773168,16,32708
2773420,15,32705
2773420,16,32674
2773678,15,32688
2773678,16,32674
2773932,15,32687
2773932,16,32684
2774187,15,32680
2774187,16,32673
2774443,15,32678
2774443,16,32699
2774698,15,32655
2774698,16,32673
2774952,15,32683
2774952,16,32698
2775207,15,32669
2775207,16,32683
2775418,15,32682
2775418,16,32675
2775674,15,32672
2775674,16,32679
2775930,15,32687
2775930,16,32699
2776186,15,32705
2776186,16,32691
2776442,15,32695
2776442,16,32682
2776695,15,32681
2776695,16,32683
2776949,15,32687
2776949,16,32680
2777203,15,32689
2777203,16,32697
2777416,15,32696
2777416,16,32681
2777673,15,32700
2777673,16,32701
2777926,15,32691
2777926,16,32686
2778184,15,32690
2778184,16,32681
2778438,15,32706
2778438,16,32688
2778693,15,32689
2778693,16,32676
2778948,15,32699
2778948,16,32690
2779202,15,32685
2779202,16,32693
2779457,15,32684
2779457,16,32702
2779670,15,32697
2779670,16,32702
2779925,15,32681
2779925,16,32723
2780177,15,32687
2780177,16,32702
2780436,15,32693
2780436,16,32695
2780688,15,32697
2780688,16,32691
2780944,15,32696
2780944,16,32698
2781200,15,32703
2781200,16,32688
2781454,15,32712
2781454,16,32680
2781666,15,32700
2781666,16,32698
2781926,15,32698
2781926,16,32700
2782178,15,32682
2782178,16,32673
2782432,15,32681
2782432,16,32712
2782687,15,32687
2782687,16,32721
2782942,15,32703
2782942,16,32685
2783197,15,32688
2783197,16,32709
2783456,15,32688
2783456,16,32707
2783707,15,32692
2783707,16,32703
2783918,15,32682
2783918,16,32694
2784174,15,32686
2784174,16,32697
2784431,15,32700
2784431,16,32722
2784684,15,32685
2784684,16,32690
2784937,15,32697
2784937,16,32680
2785198,15,32677
2785198,16,32696
2785448,15,32689
2785448,16,32706
2785705,15,32685
2785705,16,32678
2785919,15,32683
2785919,16,32697
2786172,15,32695
2786172,16,32697
2786427,15,32692
2786427,16,32684
2786685,15,32690
2786685,16,32693
2786935,15,32684
2786935,16,32687
2787191,15,32684
2787191,16,32682
2787447,15,32693
2787447,16,32694
2787703,15,32690
2787703,16,32680
2787958,15,32694
2787958,16,32676
2788171,15,32694
2788171,16,32692
2788426,15,32679
2788426,16,32692
2788679,15,32683
2788679,16,32699
2788938,15,32694
2788938,16,32686
2789190,15,32692
2789190,16,32708
2789447,15,32687
2789447,16,32703
2789699,15,32687
2789699,16,32696
2789956,15,32684
2789956,16,32694
2790164,15,32698
2790164,16,32687
2790424,15,32679
2790424,16,32694
2790676,15,32707
2790676,16,32693
2790934,15,32691
2790934,16,32682
2791187,15,32691
2791187,16,32696
2791441,15,32691
2791441,16,32678
2791696,15,32694
2791696,16,32681
2791954,15,32700
2791954,16,32687
2792208,15,32693
2792208,16,32662
2792420,15,32688
2792420,16,32700
2792675,15,32684
2792675,16,32685
2792928,15,32689
2792928,16,32681
2793188,15,32685
2793188,16,32672
2793441,15,32680
2793441,16,32668
2793695,15,32700
2793695,16,32671
2793952,15,32677
2793952,16,32667
2794206,15,32670
2794206,16,32653
2794419,15,32689
2794419,16,32674
2794673,15,32681
2794673,16,32689
2794924,15,32698
2794924,16,32678
2795183,15,32690
2795183,16,32677
2795437,15,32680
2795437,16,32684
2795692,15,32712
2795692,16,32682
2795949,15,32685
2795949,16,32674
2796206,15,32679
2796206,16,32691
2796458,15,32672
2796458,16,32670
2796667,15,32681
2796667,16,32659
2796924,15,32676
2796924,16,32683
2797182,15,32681
2797182,16,32678
2797436,15,32682
2797436,16,32682
2797689,15,32696
2797689,16,32685
2797945,15,32663
2797945,16,32680
2798199,15,32695
2798199,16,32681
2798456,15,32681
2798456,16,32682
2798665,15,32690
2798665,16,32670
2798921,15,32697
2798921,16,32687
2799176,15,32686
2799176,16,32685
2799432,15,32683
2799432,16,32689
2799687,15,32710
2799687,16,32677
2799942,15,32681
2799942,16,32702
2800197,15,32697
2800197,16,32690
2800452,15,32694
2800452,16,32682
2800707,15,32675
2800707,16,32682
2800919,15,32661
2800919,16,32677
2801179,15,32692
2801179,16,32703
2801431,15,32672
2801431,16,32693
2801683,15,32667
2801683,16,32672
2801940,15,32715
2801940,16,32694
2802194,15,32684
2802194,16,32688
2802451,15,32694
2802451,16,32704
2802705,15,32680
2802705,16,32691
2802919,15,32690
2802919,16,32699
2803172,15,32691
2803172,16,32690
2803427,15,32698
2803427,16,32687
2803683,15,32676
2803683,16,32677
2803939,15,32685
2803939,16,32712
2804191,15,32678
2804191,16,32697
2804445,15,32694
2804445,16,32716
2804706,15,32679
2804706,16,32692
2804957,15,32673
2804957,16,32703
2805171,15,32668
2805171,16,32696
2805422,15,32704
2805422,16,32686
2805678,15,32684
2805678,16,32687
2805935,15,32693
2805935,16,32675
2806192,15,32698
2806192,16,32713
2806444,15,32691
2806444,16,32695
2806699,15,32694
2806699,16,32680
2806953,15,32680
2806953,16,32696
2807168,15,32682
2807168,16,32704
2807425,15,32697
2807425,16,32696
2807677,15,32699
2807677,16,32692
2807932,15,32709
2807932,16,32710
2808187,15,32709
2808187,16,32693
2808439,15,32678
2808439,16,32694
2808699,15,32694
2808699,16,32709
2808952,15,32702
2808952,16,32680
2809205,15,32672
2809205,16,32700
2809422,15,32693
2809422,16,32722
2809672,15,32693
2809672,16,32702
2809934,15,32707
2809934,16,32702
2810183,15,32695
2810183,16,32672
2810441,15,32688
2810441,16,32690
2810694,15,32666
2810694,16,32706
2810951,15,32680
2810951,16,32698
2811206,15,32695
2811206,16,32685
2811417,15,32697
2811417,16,32683
2811670,15,32682
2811670,16,32702
2811927,15,32683
2811927,16,32693
2812182,15,32680
2812182,16,32711
2812438,15,32701
2812438,16,32698
2812692,15,32688
2812692,16,32681
2812948,15,32678
2812948,16,32685
2813202,15,32686
2813202,16,32693
2813457,15,32685
2813457,16,32684
2813673,15,32698
2813673,16,32696
2813925,15,32682
2813925,16,32679
2814179,15,32675
2814179,16,32682
2814433,15,32658
2814433,16,32680
2814691,15,32707
2814691,16,32685
2814944,15,32679
2814944,16,32668
2815204,15,32687
2815204,16,32705
2815456,15,32670
2815456,16,32678
2815668,15,32703
2815668,16,32695
2815925,15,32683
2815925,16,32670
2816176,15,32688
2816176,16,32691
2816436,15,32689
2816436,16,32673
2816686,15,32692
2816686,16,32697
2816945,15,32701
2816945,16,32682
2817195,15,32689
2817195,16,32689
2817454,15,32685
2817454,16,32701
2817708,15,32704
2817708,16,32672
2817920,15,32675
2817920,16,32677
2818175,15,32689
2818175,16,32677
2818431,15,32681
2818431,16,32656
2818683,15,32703
2818683,16,32676
2818938,15,32688
2818938,16,32689
2819194,15,32687
2819194,16,32687
2819449,15,32665
2819449,16,32688
2819704,15,32658
2819704,16,32659
2819915,15,32674
2819915,16,32669
2820175,15,32664
2820175,16,32691
2820428,15,32688
2820428,16,32685
2820681,15,32683
2820681,16,32674
2820936,15,32680
2820936,16,32694
2821194,15,32675
2821194,16,32694
2821448,15,32675
2821448,16,32671
2821703,15,32664
2821703,16,32676
2821958,15,32672
2821958,16,32678
2822171,15,32681
2822171,16,32665
2822428,15,32691
2822428,16,32695
2822680,15,32695
2822680,16,32680
2822937,15,32703
2822937,16,32663
2823190,15,32678
2823190,16,32660
2823445,15,32692
2823445,16,32693
2823699,15,32687
2823699,16,32665
2823953,15,32688
2823953,16,32670
2824167,15,32710
2824167,16,32666
2824422,15,32705
2824422,16,32670
2824675,15,32672
2824675,16,32690
2824933,15,32682
2824933,16,32711
2825189,15,32702
2825189,16,32693
2825442,15,32690
2825442,16,32687
2825697,15,32661
2825697,16,32693
2825953,15,32676
2825953,16,32701
2826206,15,32697
2826206,16,32698
2826419,15,32692
2826419,16,32704
2826676,15,32671
2826676,16,32695
2826930,15,32699
2826930,16,32698
2827186,15,32681
2827186,16,32695
2827442,15,32688
2827442,16,32682
2827692,15,32696
2827692,16,32688
2827951,15,32685
2827951,16,32700
2828204,15,32674
2828204,16,32699
2828419,15,32686
2828419,16,32696
2828670,15,32674
2828670,16,32676
2828929,15,32692
2828929,16,32694
2829182,15,32699
2829182,16,32697
2829439,15,32667
2829439,16,32707
2829695,15,32686
2829695,16,32714
2829946,15,32700
2829946,16,32702
2830204,15,32692
2830204,16,32692
2830456,15,32701
2830456,16,32675
2830667,15,32677
2830667,16,32706
2830925,15,32687
2830925,16,32701
2831177,15,32674
2831177,16,32710
2831435,15,32697
2831435,16,32691
2831691,15,32688
2831691,16,32700
2831944,15,32686
2831944,16,32693
2832200,15,32684
2832200,16,32695
2832456,15,32705
2832456,16,32690
2832665,15,32679
2832665,16,32692
2832920,15,32686
2832920,16,32701
2833178,15,32684
2833178,16,32692
2833429,15,32683
2833429,16,32709
2833689,15,32693
2833689,16,32702
2833943,15,32689
2833943,16,32701
2834198,15,32679
2834198,16,32690
2834455,15,32706
2834455,16,32689
2834710,15,32679
2834710,16,32694
2834920,15,32694
2834920,16,32686
2835174,15,32685
2835174,16,32694
2835430,15,32691
2835430,16,32696
2835682,15,32703
2835682,16,32695
2835939,15,32695
2835939,16,32697
2836194,15,32708
2836194,16,32683
2836448,15,32694
2836448,16,32692
2836706,15,32694
2836706,16,32688
2836918,15,32695
2836918,16,32705
2837174,15,32682
2837174,16,32692
2837426,15,32685
2837426,16,32698
2837680,15,32693
2837680,16,32680
2837938,15,32706
2837938,16,32690
2838192,15,32701
2838192,16,32668
2838445,15,32707
2838445,16,32685
2838702,15,32692
2838702,16,32683
2838957,15,32685
2838957,16,32684
2839172,15,32683
2839172,16,32680
2839425,15,32686
2839425,16,32700
2839678,15,32711
2839678,16,32688
2839934,15,32693
2839934,16,32668
2840191,15,32685
2840191,16,32695
2840445,15,32679
2840445,16,32685
2840700,15,32676
2840700,16,32690
2840958,15,32692
2840958,16,32689
2841169,15,32698
2841169,16,32673
2841422,15,32691
2841422,16,32683
2841676,15,32675
2841676,16,32693
2841932,15,32686
2841932,16,32702
2842190,15,32669
2842190,16,32686
2842444,15,32674
2842444,16,32672
2842697,15,32678
2842697,16,32678
2842955,15,32663
2842955,16,32684
2843204,15,32676
2843204,16,32686
2843423,15,32693
2843423,16,32659
2843675,15,32678
2843675,16,32671
2843930,15,32712
2843930,16,32691
2844184,15,32688
2844184,16,32684
2844441,15,32692
2844441,16,32688
2844694,15,32680
2844694,16,32671
2844950,15,32693
2844950,16,32695
2845206,15,32681
2845206,16,32682
2845417,15,32681
2845417,16,32704
2845673,15,32702
2845673,16,32693
2845929,15,32667
2845929,16,32685
2846182,15,32688
2846182,16,32683
2846438,15,32710
2846438,16,32671
2846692,15,32696
2846692,16,32680
2846949,15,32689
2846949,16,32684
2847202,15,32681
2847202,16,32667
2847457,15,32702
2847457,16,32688
2847670,15,32686
2847670,16,32670
2847926,15,32678
2847926,16,32690
2848180,15,32701
2848180,16,32693
2848433,15,32681
2848433,16,32680
2848692,15,32677
2848692,16,32676
2848945,15,32680
2848945,16,32686
2849200,15,32690
2849200,16,32679
2849455,15,32681
2849455,16,32702
2849670,15,32718
2849670,16,32682
2849921,15,32688
2849921,16,32693
2850178,15,32682
2850178,16,32690
2850433,15,32679
2850433,16,32685
2850687,15,32672
2850687,16,32676
2850946,15,32690
2850946,16,32685
2851196,15,32691
2851196,16,32694
2851454,15,32676
2851454,16,32690
2851705,15,32677
2851705,16,32683
2851920,15,32680
2851920,16,32709
2852178,15,32684
2852178,16,32699
2852430,15,32684
2852430,16,32692
2852685,15,32694
2852685,16,32695
2852939,15,32693
2852939,16,32707
2853194,15,32686
2853194,16,32700
2853450,15,32700
2853450,16,32705
2853706,15,32701
2853706,16,32706
2853914,15,32680
2853914,16,32676
2854174,15,32684
2854174,16,32698
2854428,15,32678
2854428,16,32697
2854684,15,32691
2854684,16,32696
2854937,15,32699
2854937,16,32690
2855192,15,32712
2855192,16,32694
2855448,15,32713
2855448,16,32708
2855706,15,32693
2855706,16,32687
2855956,15,32684
2855956,16,32698
2856170,15,32689
2856170,16,32692
2856426,15,32695
2856426,16,32712
2856683,15,32700
2856683,16,32688
2856937,15,32698
2856937,16,32685
2857190,15,32694
2857190,16,32682
2857445,15,32711
2857445,16,32685
2857698,15,32681
2857698,16,32703
2857953,15,32693
2857953,16,32693
2858165,15,32690
2858165,16,32691
2858422,15,32685
2858422,16,32690
2858679,15,32689
2858679,16,32692
2858930,15,32688
2858930,16,32695
2859184,15,32697
2859184,16,32672
2859442,15,32687
2859442,16,32703
2859698,15,32706
2859698,16,32684
2859953,15,32679
2859953,16,32707
2860207,15,32685
2860207,16,32693
2860418,15,32682
2860418,16,32667
2860675,15,32688
2860675,16,32702
2860931,15,32704
2860931,16,32696
2861187,15,32683
2861187,16,32710
2861443,15,32718
2861443,16,32710
2861697,15,32710
2861697,16,32706
2861951,15,32681
2861951,16,32688
2862208,15,32688
2862208,16,32684
2862416,15,32701
2862416,16,32687
2862672,15,32699
2862672,16,32696
2862929,15,32683
2862929,16,32697
2863183,15,32695
2863183,16,32702
2863437,15,32686
2863437,16,32686
2863691,15,32687
2863691,16,32696
2863949,15,32682
2863949,16,32681
2864203,15,32673
2864203,16,32705
2864458,15,32694
2864458,16,32673
2864670,15,32695
2864670,16,32676
2864926,15,32670
2864926,16,32681
2865181,15,32665
2865181,16,32660
2865435,15,32684
2865435,16,32676
2865692,15,32681
2865692,16,32665
2865945,15,32692
2865945,16,32685
2866202,15,32673
2866202,16,32665
2866457,15,32688
2866457,16,32671
2866669,15,32681
2866669,16,32676
2866926,15,32686
2866926,16,32657
2867176,15,32694
2867176,16,32676
2867430,15,32689
2867430,16,32674
2867688,15,32705
2867688,16,32684
2867945,15,32673
2867945,16,32687
2868199,15,32682
2868199,16,32664
2868451,15,32684
2868451,16,32678
2868707,15,32685
2868707,16,32689
2868919,15,32708
2868919,16,32691
2869175,15,32688
2869175,16,32667
2869429,15,32712
2869429,16,32693
2869684,15,32701
2869684,16,32669
2869942,15,32693
2869942,16,32667
2870195,15,32673
2870195,16,32675
2870451,15,32695
2870451,16,32677
2870705,15,32667
2870705,16,32683
2870917,15,32707
2870917,16,32667
2871173,15,32674
2871173,16,32662
2871427,15,32687
2871427,16,32672
2871681,15,32675
2871681,16,32691
2871935,15,32696
2871935,16,32706
2872193,15,32694
2872193,16,32678
2872448,15,32690
2872448,16,32680
2872701,15,32697
2872701,16,32685
2872956,15,32685
2872956,16,32668
2873172,15,32671
2873172,16,32672
2873425,15,32666
2873425,16,32702
2873679,15,32674
2873679,16,32690
2873933,15,32689
2873933,16,32675
2874189,15,32691
2874189,16,32687
2874445,15,32693
2874445,16,32687
2874698,15,32701
2874698,16,32680
2874957,15,32693
2874957,16,32694
2875169,15,32697
2875169,16,32715
2875423,15,32694
2875423,16,32683
2875679,15,32701
2875679,16,32673
2875933,15,32687
2875933,16,32704
2876190,15,32703
2876190,16,32688
2876440,15,32694
2876440,16,32678
2876696,15,32694
2876696,16,32691
2876951,15,32680
2876951,16,32706
2877208,15,32691
2877208,16,32677
2877420,15,32699
2877420,16,32692
2877676,15,32698
2877676,16,32692
2877931,15,32689
2877931,16,32684
2878186,15,32678
2878186,16,32704
2878441,15,32690
2878441,16,32676
2878694,15,32687
2878694,16,32722
2878951,15,32677
2878951,16,32674
2879205,15,32673
2879205,16,32703
2879419,15,32684
2879419,16,32699
2879671,15,32672
2879671,16,32697
2879926,15,32690
2879926,16,32682
2880181,15,32708
2880181,16,32704
2880438,15,32687
2880438,16,32694
2880690,15,32686
2880690,16,32715
2880946,15,32675
2880946,16,32726
2881202,15,32692
2881202,16,32699
2881457,15,32684
2881457,16,32680
2881671,15,32694
2881671,16,32694
2881928,15,32697
2881928,16,32700
2882181,15,32681
2882181,16,32705
2882435,15,32693
2882435,16,32680
2882691,15,32672
2882691,16,32688
2882946,15,32691
2882946,16,32698
2883199,15,32694
2883199,16,32674
2883455,15,32719
2883455,16,32708
2883667,15,32689
2883667,16,32687
2883925,15,32691
2883925,16,32710
2884178,15,32677
2884178,16,32671
2884431,15,32687
2884431,16,32681
2884689,15,32699
2884689,16,32710
2884942,15,32685
2884942,16,32699
2885196,15,32703
2885196,16,32685
2885453,15,32694
2885453,16,32713
2885708,15,32702
2885708,16,32704
2885918,15,32685
2885918,16,32700
2886173,15,32690
2886173,16,32703
2886431,15,32677
2886431,16,32695
2886684,15,32680
2886684,16,32671
2886941,15,32677
2886941,16,32675
2887193,15,32702
2887193,16,32682
2887451,15,32685
2887451,16,32675
2887705,15,32686
2887705,16,32678
2887916,15,32698
2887916,16,32702
2888174,15,32672
2888174,16,32673
2888427,15,32711
2888427,16,32681
2888682,15,32694
2888682,16,32691
2888939,15,32692
2888939,16,32684
2889191,15,32672
2889191,16,32695
2889447,15,32690
2889447,16,32696
2889703,15,32678
2889703,16,32677
2889959,15,32695
2889959,16,32697
2890170,15,32668
2890170,16,32674
2890422,15,32684
2890422,16,32671
2890679,15,32694
2890679,16,32687
2890934,15,32689
2890934,16,32699
2891192,15,32704
2891192,16,32692
2891443,15,32679
2891443,16,32678
2891699,15,32666
2891699,16,32681
2891954,15,32688
2891954,16,32666
2892167,15,32684
2892167,16,32693
2892423,15,32684
2892423,16,32692
2892680,15,32701
2892680,16,32682
2892931,15,32692
2892931,16,32690
2893187,15,32696
2893187,16,32680
2893438,15,32695
2893438,16,32683
2893695,15,32702
2893695,16,32669
2893955,15,32689
2893955,16,32695
2894210,15,32687
2894210,16,32687
2894420,15,32684
2894420,16,32670
2894673,15,32678
2894673,16,32691
2894929,15,32679
2894929,16,32676
2895186,15,32703
2895186,16,32695
2895441,15,32670
2895441,16,32673
2895695,15,32680
2895695,16,32681
2895952,15,32685
2895952,16,32689
2896207,15,32675
2896207,16,32686
2896417,15,32688
2896417,16,32679
2896674,15,32672
2896674,16,32679
2896927,15,32689
2896927,16,32682
2897183,15,32701
2897183,16,32682
2897439,15,32701
2897439,16,32691
2897690,15,32686
2897690,16,32704
2897947,15,32686
2897947,16,32708
2898201,15,32695
2898201,16,32697
2898459,15,32673
2898459,16,32700
2898670,15,32690
2898670,16,32684
2898924,15,32695
2898924,16,32693
2899181,15,32686
2899181,16,32694
2899434,15,32699
2899434,16,32680
2899692,15,32684
2899692,16,32685
2899946,15,32705
2899946,16,32696
2900196,15,32689
2900196,16,32694
2900456,15,32689
2900456,16,32689
2900663,15,32701
2900663,16,32682
2900922,15,32696
2900922,16,32684
2901177,15,32705
2901177,16,32708
2901430,15,32683
2901430,16,32694
2901686,15,32691
2901686,16,32699
2901942,15,32690
2901942,16,32662
2902196,15,32694
2902196,16,32680
2902453,15,32692
2902453,16,32691
2902708,15,32683
2902708,16,32700
2902918,15,32700
2902918,16,32697
2903176,15,32690
2903176,16,32675
2903432,15,32697
2903432,16,32702
2903688,15,32697
2903688,16,32707
2903939,15,32694
2903939,16,32694
2904197,15,32691
2904197,16,32706
2904450,15,32692
2904450,16,32693
2904704,15,32685
2904704,16,32684
2904917,15,32690
2904917,16,32691
2905172,15,32678
2905172,16,32682
2905428,15,32686
2905428,16,32675
2905684,15,32711
2905684,16,32694
2905936,15,32708
2905936,16,32697
2906192,15,32694
2906192,16,32694
2906446,15,32687
2906446,16,32688
2906703,15,32658
2906703,16,32679
2906958,15,32687
2906958,16,32708
2907168,15,32698
2907168,16,32693
2907427,15,32682
2907427,16,32691
2907682,15,32691
2907682,16,32695
2907936,15,32673
2907936,16,32671
2908191,15,32655
2908191,16,32714
2908443,15,32696
2908443,16,32685
2908699,15,32680
2908699,16,32672
2908957,15,32688
2908957,16,32687
2909166,15,32699
2909166,16,32692
2909424,15,32693
2909424,16,32696
2909675,15,32698
2909675,16,32708
2909931,15,32694
2909931,16,32690
2910188,15,32681
2910188,16,32688
2910442,15,32682
2910442,16,32695
2910698,15,32691
2910698,16,32695
2910952,15,32674
2910952,16,32678
2911209,15,32694
2911209,16,32693
2911419,15,32693
2911419,16,32677
2911673,15,32682
2911673,16,32697
2911928,15,32689
2911928,16,32683
2912184,15,32675
2912184,16,32689
2912440,15,32699
2912440,16,32702
2912696,15,32687
2912696,16,32683
2912948,15,32701
2912948,16,32699
2913202,15,32679
2913202,16,32697
2913419,15,32684
2913419,16,32677
2913672,15,32697
2913672,16,32667
2913927,15,32684
2913927,16,32682
2914182,15,32687
2914182,16,32692
2914437,15,32697
2914437,16,32669
2914694,15,32694
2914694,16,32668
2914946,15,32686
2914946,16,32668
2915205,15,32688
2915205,16,32673
2915458,15,32674
2915458,16,32681
2915669,15,32663
2915669,16,32693
2915924,15,32687
2915924,16,32684
2916181,15,32685
2916181,16,32693
2916436,15,32688
2916436,16,32680
2916692,15,32673
2916692,16,32656
2916946,15,32690
2916946,16,32668
2917202,15,32724
2917202,16,32682
2917456,15,32689
2917456,16,32680
2917666,15,32694
2917666,16,32684
2917923,15,32667
2917923,16,32678
2918177,15,32707
2918177,16,32690
2918433,15,32670
2918433,16,32690
2918688,15,32689
2918688,16,32678
2918940,15,32688
2918940,16,32692
2919198,15,32696
2919198,16,32691
2919453,15,32683
2919453,16,32680
2919706,15,32695
2919706,16,32675
2919919,15,32674
2919919,16,32698
2920175,15,32679
2920175,16,32683
2920428,15,32670
2920428,16,32673
2920684,15,32696
2920684,16,32687
2920940,15,32709
2920940,16,32679
2921195,15,32706
2921195,16,32685
2921451,15,32693
2921451,16,32694
2921706,15,32673
2921706,16,32682
2921920,15,32691
2921920,16,32696
2922172,15,32690
2922172,16,32661
2922428,15,32680
2922428,16,32691
2922681,15,32702
2922681,16,32675
2922937,15,32698
2922937,16,32699
2923191,15,32691
2923191,16,32671
2923448,15,32700
2923448,16,32683
2923702,15,32695
2923702,16,32681
2923958,15,32698
2923958,16,32678
2924172,15,32678
2924172,16,32684
2924425,15,32694
2924425,16,32682
2924683,15,32684
2924683,16,32688
2924935,15,32703
2924935,16,32676
2925190,15,32705
2925190,16,32695
2925444,15,32687
2925444,16,32685
2925703,15,32686
2925703,16,32677
2925955,15,32672
2925955,16,32689
2926168,15,32711
2926168,16,32694
2926422,15,32690
2926422,16,32683
2926678,15,32696
2926678,16,32694
2926931,15,32689
2926931,16,32677
2927184,15,32678
2927184,16,32671
2927442,15,32680
2927442,16,32680
2927699,15,32680
2927699,16,32701
2927953,15,32687
2927953,16,32692
2928207,15,32682
2928207,16,32706
2928421,15,32704
2928421,16,32685
2928674,15,32682
2928674,16,32720
2928930,15,32686
2928930,16,32678
2929186,15,32690
2929186,16,32691
2929440,15,32683
2929440,16,32686
2929695,15,32710
2929695,16,32711
2929951,15,32685
2929951,16,32692
2930202,15,32714
2930202,16,32690
2930413,15,32691
2930413,16,32679
2930673,15,32694
2930673,16,32697
2930928,15,32698
2930928,16,32720
2931183,15,32695
2931183,16,32676
2931436,15,32711
2931436,16,32703
2931693,15,32709
2931693,16,32711
2931949,15,32683
2931949,16,32691
2932202,15,32702
2932202,16,32696
2932457,15,32687
2932457,16,32707
2932671,15,32675
2932671,16,32691
2932925,15,32696
2932925,16,32684
2933178,15,32712
2933178,16,32688
2933436,15,32718
2933436,16,32699
2933688,15,32699
2933688,16,32698
2933945,15,32703
2933945,16,32690
2934199,15,32667
2934199,16,32672
2934454,15,32690
2934454,16,32674
2934669,15,32692
2934669,16,32696
2934922,15,32678
2934922,16,32674
2935177,15,32702
2935177,16,32688
2935433,15,32701
2935433,16,32692
2935687,15,32675
2935687,16,32687
2935942,15,32703
2935942,16,32687
2936198,15,32692
2936198,16,32695
2936454,15,32681
2936454,16,32675
2936710,15,32685
2936710,16,32690
2936922,15,32690
2936922,16,32700
2937178,15,32680
2937178,16,32669
2937432,15,32669
2937432,16,32666
2937684,15,32684
2937684,16,32707
2937944,15,32687
2937944,16,32697
2938193,15,32673
2938193,16,32669
2938449,15,32685
2938449,16,32674
2938703,15,32692
2938703,16,32699
2938919,15,32706
2938919,16,32678
2939172,15,32680
2939172,16,32698
2939428,15,32689
2939428,16,32676
2939681,15,32684
2939681,16,32683
2939938,15,32695
2939938,16,32673
2940192,15,32692
2940192,16,32684
2940449,15,32694
2940449,16,32679
2940701,15,32676
2940701,16,32671
2940958,15,32717
2940958,16,32680
2941171,15,32685
2941171,16,32680
2941425,15,32670
2941425,16,32666
2941678,15,32680
2941678,16,32663
2941935,15,32689
2941935,16,32688
2942191,15,32685
2942191,16,32681
2942443,15,32694
2942443,16,32685
2942700,15,32668
2942700,16,32677
2942956,15,32686
2942956,16,32687
2943168,15,32699
2943168,16,32681
2943422,15,32705
2943422,16,32693
2943678,15,32660
2943678,16,32685
2943933,15,32696
2943933,16,32680
2944190,15,32676
2944190,16,32675
2944443,15,32689
2944443,16,32698
2944700,15,32699
2944700,16,32677
2944956,15,32663
2944956,16,32680
2945208,15,32666
2945208,16,32701
2945420,15,32695
2945420,16,32701
2945676,15,32673
2945676,16,32690
2945930,15,32688
2945930,16,32694
2946185,15,32698
2946185,16,32675
2946441,15,32683
2946441,16,32675
2946697,15,32690
2946697,16,32686
2946949,15,32697
2946949,16,32683
2947206,15,32690
2947206,16,32702
2947418,15,32672
2947418,16,32673
2947672,15,32683
2947672,16,32680
2947928,15,32672
2947928,16,32679
2948185,15,32699
2948185,16,32664
2948439,15,32675
2948439,16,32701
2948695,15,32703
2948695,16,32698
2948947,15,32709
2948947,16,32695
2949202,15,32673
2949202,16,32697
2949460,15,32695
2949460,16,32671
2949671,15,32704
2949671,16,32687
2949926,15,32692
2949926,16,32697
2950181,15,32680
2950181,16,32680
2950435,15,32677
2950435,16,32691
2950691,15,32672
2950691,16,32697
2950945,15,32700
2950945,16,32672
2951200,15,32712
2951200,16,32682
2951455,15,32688
2951455,16,32685
2951668,15,32688
2951668,16,32675
2951924,15,32672
2951924,16,32723
2952176,15,32695
2952176,16,32699
2952433,15,32681
2952433,16,32677
2952686,15,32678
2952686,16,32703
2952943,15,32702
2952943,16,32713
2953195,15,32697
2953195,16,32679
2953453,15,32699
2953453,16,32669
2953707,15,32694
2953707,16,32702
2953920,15,32705
2953920,16,32692
2954177,15,32703
2954177,16,32695
2954428,15,32693
2954428,16,32708
2954684,15,32681
2954684,16,32713
2954942,15,32694
2954942,16,32682
2955195,15,32696
2955195,16,32707
2955449,15,32702
2955449,16,32716
2955704,15,32687
2955704,16,32695
2955917,15,32686
2955917,16,32687
2956172,15,32693
2956172,16,32683
2956429,15,32686
2956429,16,32708
2956684,15,32704
2956684,16,32693
2956937,15,32695
2956937,16,32714
2957194,15,32694
2957194,16,32698
2957446,15,32696
2957446,16,32716
2957701,15,32695
2957701,16,32703
2957957,15,32683
2957957,16,32680
2958170,15,32674
2958170,16,32695
2958425,15,32685
2958425,16,32690
2958676,15,32690
2958676,16,32694
2958935,15,32691
2958935,16,32691
2959186,15,32687
2959186,16,32689
2959446,15,32695
2959446,16,32692
2959700,15,32700
2959700,16,32700
2959957,15,32679
2959957,16,32685
2960168,15,32684
2960168,16,32681
2960423,15,32685
2960423,16,32717
2960677,15,32669
2960677,16,32695
2960932,15,32678
2960932,16,32678
2961186,15,32688
2961186,16,32671
2961443,15,32678
2961443,16,32680
2961697,15,32681
2961697,16,32682
2961953,15,32689
2961953,16,32693
2962210,15,32677
2962210,16,32701
2962420,15,32682
2962420,16,32684
2962675,15,32684
2962675,16,32683
2962930,15,32696
2962930,16,32684
2963186,15,32691
2963186,16,32692
2963438,15,32709
2963438,16,32681
2963695,15,32696
2963695,16,32684
2963947,15,32688
2963947,16,32662
2964204,15,32692
2964204,16,32670
2964416,15,32678
2964416,16,32686
2964674,15,32698
2964674,16,32675
2964926,15,32674
2964926,16,32685
2965184,15,32693
2965184,16,32670
2965437,15,32696
2965437,16,32684
2965692,15,32674
2965692,16,32684
2965951,15,32709
2965951,16,32687
2966203,15,32681
2966203,16,32674
2966458,15,32701
2966458,16,32680
2966671,15,32683
2966671,16,32697
2966923,15,32675
2966923,16,32671
2967180,15,32676
2967180,16,32680
2967436,15,32679
2967436,16,32667
2967690,15,32693
2967690,16,32696
2967945,15,32707
2967945,16,32684
2968201,15,32703
2968201,16,32679
2968454,15,32674
2968454,16,32696
2968666,15,32685
2968666,16,32675
2968920,15,32692
2968920,16,32689
2969175,15,32679
2969175,16,32697
2969435,15,32692
2969435,16,32685
2969688,15,32679
2969688,16,32665
2969943,15,32681
2969943,16,32678
2970197,15,32683
2970197,16,32688
2970453,15,32704
2970453,16,32699
2970706,15,32694
2970706,16,32680
2970920,15,32719
2970920,16,32684
2971173,15,32705
2971173,16,32692
2971431,15,32692
2971431,16,32685
2971685,15,32685
2971685,16,32673
2971941,15,32693
2971941,16,32693
2972194,15,32673
2972194,16,32706
2972448,15,32672
2972448,16,32689
2972704,15,32698
2972704,16,32671
2972918,15,32682
2972918,16,32694
2973175,15,32687
2973175,16,32698
2973427,15,32705
2973427,16,32692
2973683,15,32714
2973683,16,32688
2973938,15,32681
2973938,16,32698
2974192,15,32682
2974192,16,32691
2974449,15,32686
2974449,16,32687
2974705,15,32687
2974705,16,32696
2974955,15,32686
2974955,16,32693
2975169,15,32695
2975169,16,32687
2975424,15,32689
2975424,16,32680
2975680,15,32700
2975680,16,32711
2975936,15,32684
2975936,16,32691
2976189,15,32680
2976189,16,32693
2976445,15,32691
2976445,16,32688
2976700,15,32693
2976700,16,32696
2976955,15,32685
2976955,16,32686
2977168,15,32689
2977168,16,32684
2977424,15,32698
2977424,16,32705
2977676,15,32691
2977676,16,32695
2977933,15,32704
2977933,16,32683
2978189,15,32689
2978189,16,32670
2978444,15,32672
2978444,16,32709
2978699,15,32699
2978699,16,32703
2978955,15,32712
2978955,16,32682
2979208,15,32694
2979208,16,32691
2979419,15,32696
2979419,16,32706
2979677,15,32678
2979677,16,32713
2979929,15,32690
2979929,16,32695
2980186,15,32671
2980186,16,32696
2980442,15,32693
2980442,16,32688
2980696,15,32686
2980696,16,32692
2980949,15,32691
2980949,16,32683
2981203,15,32685
2981203,16,32724
2981417,15,32685
2981417,16,32686
2981672,15,32695
2981672,16,32691
2981928,15,32682
2981928,16,32704
2982184,15,32695
2982184,16,32681
2982440,15,32700
2982440,16,32667
2982694,15,32687
2982694,16,32689
2982946,15,32677
2982946,16,32677
2983202,15,32692
2983202,16,32692
2983457,15,32684
2983457,16,32693
2983668,15,32700
2983668,16,32677
2983923,15,32693
2983923,16,32686
2984181,15,32684
2984181,16,32689
2984435,15,32670
2984435,16,32702
2984690,15,32671
2984690,16,32694
2984947,15,32703
2984947,16,32681
2985199,15,32681
2985199,16,32682
2985456,15,32711
2985456,16,32677
2985666,15,32692
2985666,16,32689
2985922,15,32688
2985922,16,32674
2986176,15,32706
2986176,16,32708
2986433,15,32688
2986433,16,32697
2986687,15,32684
2986687,16,32687
2986942,15,32684
2986942,16,32688
2987195,15,32669
2987195,16,32684
2987450,15,32716
2987450,16,32702
2987708,15,32683
2987708,16,32685
2987920,15,32684
2987920,16,32659
2988176,15,32679
2988176,16,32699
2988430,15,32676
2988430,16,32685
2988683,15,32683
2988683,16,32703
2988940,15,32688
2988940,16,32690
2989196,15,32695
2989196,16,32692
2989451,15,32664
2989451,16,32682
2989705,15,32714
2989705,16,32693
2989918,15,32688
2989918,16,32702
2990172,15,32674
2990172,16,32690
2990427,15,32702
2990427,16,32688
2990683,15,32672
2990683,16,32698
2990939,15,32666
2990939,16,32689
2991192,15,32695
2991192,16,32683
2991449,15,32690
2991449,16,32686
2991704,15,32687
2991704,16,32689
2991958,15,32678
2991958,16,32689
2992167,15,32672
2992167,16,32669
2992425,15,32680
2992425,16,32680
2992682,15,32688
2992682,16,32673
2992937,15,32687
2992937,16,32687
2993190,15,32693
2993190,16,32689
2993446,15,32661
2993446,16,32702
2993703,15,32693
2993703,16,32695
2993956,15,32662
2993956,16,32687
2994168,15,32670
2994168,16,32672
2994423,15,32686
2994423,16,32682
2994680,15,32694
2994680,16,32684
2994934,15,32677
2994934,16,32699
2995189,15,32669
2995189,16,32695
2995443,15,32703
2995443,16,32693
2995696,15,32696
2995696,16,32685
2995953,15,32697
2995953,16,32684
2996207,15,32684
2996207,16,32666
2996419,15,32695
2996419,16,32720
2996675,15,32698
2996675,16,32697
2996931,15,32683
2996931,16,32677
2997183,15,32675
2997183,16,32683
2997441,15,32686
2997441,16,32675
2997693,15,32697
2997693,16,32680
2997951,15,32696
2997951,16,32704
2998204,15,32690
2998204,16,32663
2998417,15,32671
2998417,16,32682
2998670,15,32703
2998670,16,32699
2998928,15,32686
2998928,16,32692
2999180,15,32683
2999180,16,32680
2999435,15,32714
2999435,16,32692
2999691,15,32702
2999691,16,32690
2999950,15,32682
2999950,16,32712
3000204,15,32685
3000204,16,32687
3000458,15,32700
3000458,16,32678
3000673,15,32685
3000673,16,32688
3000925,15,32686
3000925,16,32696
3001179,15,32718
3001179,16,32710
3001433,15,32686
3001433,16,32703
3001691,15,32683
3001691,16,32693
3001947,15,32699
3001947,16,32704
3002199,15,32667
3002199,16,32711
3002453,15,32685
3002453,16,32691
3002667,15,32713
3002667,16,32700
3002920,15,32686
3002920,16,32695
3003179,15,32688
3003179,16,32699
3003433,15,32690
3003433,16,32674
3003687,15,32688
3003687,16,32696
3003943,15,32687
3003943,16,32686
3004197,15,32709
3004197,16,32692
3004453,15,32695
3004453,16,32688
3004709,15,32683
3004709,16,32683
3004920,15,32688
3004920,16,32681
3005174,15,32691
3005174,16,32703
3005431,15,32685
3005431,16,32688
3005689,15,32668
3005689,16,32687
3005942,15,32676
3005942,16,32693
3006193,15,32697
3006193,16,32690
3006449,15,32677
3006449,16,32690
3006704,15,32700
3006704,16,32690
3006916,15,32699
3006916,16,32702
3007171,15,32673
3007171,16,32668
3007427,15,32665
3007427,16,32708
3007681,15,32706
3007681,16,32683
3007937,15,32706
3007937,16,32694
3008194,15,32677
3008194,16,32674
3008446,15,32698
3008446,16,32685
3008702,15,32702
3008702,16,32684
3008961,15,32669
3008961,16,32682
3009172,15,32690
3009172,16,32696
3009428,15,32704
3009428,16,32708
3009680,15,32683
3009680,16,32689
3009932,15,32708
3009932,16,32680
3010188,15,32687
3010188,16,32686
3010445,15,32701
3010445,16,32678
3010699,15,32689
3010699,16,32688
3010955,15,32667
3010955,16,32677
3011167,15,32676
3011167,16,32704
3011421,15,32699
3011421,16,32663
3011678,15,32676
3011678,16,32685
3011931,15,32692
3011931,16,32686
3012188,15,32692
3012188,16,32690
3012444,15,32709
3012444,16,32705
3012698,15,32695
3012698,16,32693
3012951,15,32677
3012951,16,32693
3013206,15,32679
3013206,16,32700
3013422,15,32667
3013422,16,32691
3013677,15,32683
3013677,16,32679
3013930,15,32709
3013930,16,32665
3014187,15,32679
3014187,16,32683
3014442,15,32694
3014442,16,32689
3014694,15,32681
3014694,16,32710
3014950,15,32697
3014950,16,32684
3015206,15,32683
3015206,16,32689
3015418,15,32680
3015418,16,32716
3015671,15,32689
3015671,16,32686
3015926,15,32682
3015926,16,32662
3016180,15,32707
3016180,16,32690
3016436,15,32685
3016436,16,32674
3016693,15,32695
3016693,16,32704
3016948,15,32678
3016948,16,32681
3017203,15,32692
3017203,16,32682
3017458,15,32679
3017458,16,32674
3017668,15,32677
3017668,16,32704
3017925,15,32673
3017925,16,32698
3018182,15,32705
3018182,16,32697
3018437,15,32681
3018437,16,32683
3018691,15,32683
3018691,16,32698
3018944,15,32665
3018944,16,32689
3019200,15,32676
3019200,16,32673
3019454,15,32686
3019454,16,32696
3019668,15,32680
3019668,16,32682
3019924,15,32675
3019924,16,32694
3020180,15,32672
3020180,16,32686
3020432,15,32684
3020432,16,32678
3020686,15,32686
3020686,16,32684
3020947,15,32692
3020947,16,32697
3021197,15,32680
3021197,16,32665
3021451,15,32706
3021451,16,32691
3021710,15,32694
3021710,16,32688
3021920,15,32673
3021920,16,32716
3022173,15,32685
3022173,16,32686
3022432,15,32688
3022432,16,32674
3022684,15,32697
3022684,16,32700
3022939,15,32685
3022939,16,32696
3023193,15,32676
3023193,16,32688
3023449,15,32702
3023449,16,32688
3023703,15,32703
3023703,16,32678
3023916,15,32699
3023916,16,32708
3024172,15,32674
3024172,16,32667
3024427,15,32693
3024427,16,32702
3024684,15,32685
3024684,16,32663
3024937,15,32690
3024937,16,32688
3025192,15,32697
3025192,16,32681
3025446,15,32673
3025446,16,32699
3025703,15,32697
3025703,16,32710
3025960,15,32705
3025960,16,32696
3026169,15,32687
3026169,16,32709
3026424,15,32690
3026424,16,32692
3026681,15,32680
3026681,16,32681
3026936,15,32704
3026936,16,32714
3027191,15,32696
3027191,16,32695
3027444,15,32680
3027444,16,32694
3027699,15,32694
3027699,16,32700
3027954,15,32693
3027954,16,32713
3028167,15,32685
3028167,16,32678
3028421,15,32715
3028421,16,32706
3028678,15,32694
3028678,16,32683
3028932,15,32681
3028932,16,32689
3029186,15,32696
3029186,16,32716
3029444,15,32685
3029444,16,32699
3029699,15,32685
3029699,16,32695
3029951,15,32704
3029951,16,32702
3030206,15,32666
3030206,16,32709
3030421,15,32690
3030421,16,32705
3030675,15,32687
3030675,16,32656
3030931,15,32691
3030931,16,32692
3031186,15,32663
3031186,16,32693
3031439,15,32685
3031439,16,32675
3031696,15,32692
3031696,16,32683
3031950,15,32686
3031950,16,32694
3032207,15,32705
3032207,16,32702
3032416,15,32683
3032416,16,32697
3032673,15,32697
3032673,16,32688
3032929,15,32669
3032929,16,32708
3033180,15,32699
3033180,16,32694
3033438,15,32696
3033438,16,32705
3033693,15,32705
3033693,16,32693
3033946,15,32687
3033946,16,32688
3034197,15,32687
3034197,16,32688
3034459,15,32674
3034459,16,32681
3034668,15,32670
3034668,16,32679
3034925,15,32677
3034925,16,32693
3035181,15,32684
3035181,16,32689
3035435,15,32660
3035435,16,32705
3035687,15,32696
3035687,16,32686
3035945,15,32697
3035945,16,32696
3036202,15,32696
3036202,16,32686
3036456,15,32699
3036456,16,32698
3036667,15,32679
3036667,16,32683
3036924,15,32694
3036924,16,32660
3037176,15,32672
3037176,16,32686
3037430,15,32694
3037430,16,32692
3037690,15,32697
3037690,16,32673
3037943,15,32673
3037943,16,32690
3038199,15,32698
3038199,16,32676
3038455,15,32686
3038455,16,32697
3038709,15,32697
3038709,16,32678
3038921,15,32682
3038921,16,32690
3039174,15,32672
3039174,16,32675
3039432,15,32689
3039432,16,32685
3039685,15,32680
3039685,16,32701
3039940,15,32669
3039940,16,32696
3040194,15,32697
3040194,16,32693
3040451,15,32698
3040451,16,32676
3040706,15,32688
3040706,16,32696
3040919,15,32678
3040919,16,32693
3041175,15,32684
3041175,16,32667
3041427,15,32686
3041427,16,32673
3041683,15,32681
3041683,16,32710
3041939,15,32673
3041939,16,32668
3042190,15,32694
3042190,16,32674
3042447,15,32695
3042447,16,32705
3042703,15,32703
3042703,16,32688
3042960,15,32673
3042960,16,32669
3043171,15,32681
3043171,16,32687
3043426,15,32688
3043426,16,32681
3043682,15,32687
3043682,16,32691
3043937,15,32693
3043937,16,32660
3044190,15,32689
3044190,16,32664
3044446,15,32686
3044446,16,32713
3044699,15,32676
3044699,16,32688
3044957,15,32681
3044957,16,32675
3045166,15,32687
3045166,16,32678
3045423,15,32687
3045423,16,32693
3045677,15,32698
3045677,16,32685
3045930,15,32674
3045930,16,32682
3046185,15,32698
3046185,16,32696
3046443,15,32695
3046443,16,32668
3046698,15,32680
3046698,16,32683
3046952,15,32680
3046952,16,32677
3047208,15,32695
3047208,16,32681
3047419,15,32702
3047419,16,32695
3047676,15,32705
3047676,16,32697
3047929,15,32687
3047929,16,32698
3048184,15,32673
3048184,16,32693
3048441,15,32681
3048441,16,32695
3048695,15,32696
3048695,16,32705
3048949,15,32677
3048949,16,32708
3049206,15,32689
3049206,16,32667
3049420,15,32668
3049420,16,32691
3049673,15,32677
3049673,16,32685
3049926,15,32693
3049926,16,32692
3050183,15,32686
3050183,16,32692
3050437,15,32696
3050437,16,32708
3050693,15,32692
3050693,16,32709
3050949,15,32691
3050949,16,32711
3051202,15,32692
3051202,16,32697
3051462,15,32679
3051462,16,32682
3051670,15,32682
3051670,16,32688
3051924,15,32707
3051924,16,32694
3052177,15,32690
3052177,16,32703
3052434,15,32697
3052434,16,32689
3052689,15,32690
3052689,16,32706
3052945,15,32702
3052945,16,32709
3053198,15,32685
3053198,16,32687
3053455,15,32691
3053455,16,32697
3053666,15,32682
3053666,16,32693
3053924,15,32679
3053924,16,32693
3054182,15,32675
3054182,16,32713
3054433,15,32689
3054433,16,32676
3054687,15,32688
3054687,16,32700
3054944,15,32692
3054944,16,32691
3055195,15,32694
3055195,16,32681
3055453,15,32711
3055453,16,32721
3055705,15,32681
3055705,16,32685
3055921,15,32690
3055921,16,32701
3056173,15,32682
3056173,16,32679
3056430,15,32681
3056430,16,32705
3056686,15,32688
3056686,16,32682
3056942,15,32690
3056942,16,32674
3057197,15,32693
3057197,16,32686
3057449,15,32681
3057449,16,32692
3057705,15,32692
3057705,16,32671
3057919,15,32688
3057919,16,32697
3058173,15,32689
3058173,16,32676
3058426,15,32689
3058426,16,32697
3058684,15,32695
3058684,16,32685
3058939,15,32682
3058939,16,32691
3059194,15,32668
3059194,16,32705
3059449,15,32688
3059449,16,32685
3059705,15,32700
3059705,16,32689
3059961,15,32703
3059961,16,32676
3060170,15,32692
3060170,16,32700
3060427,15,32698
3060427,16,32690
3060681,15,32689
3060681,16,32676
3060934,15,32686
3060934,16,32692
3061187,15,32697
3061187,16,32711
3061445,15,32665
3061445,16,32663
3061700,15,32698
3061700,16,32704
3061955,15,32670
3061955,16,32678
3062167,15,32673
3062167,16,32681
3062422,15,32686
3062422,16,32678
3062679,15,32705
3062679,16,32702
3062930,15,32704
3062930,16,32685
3063187,15,32672
3063187,16,32687
3063447,15,32694
3063447,16,32694
3063699,15,32674
3063699,16,32683
3063953,15,32686
3063953,16,32663
3064207,15,32687
3064207,16,32694
3064420,15,32705
3064420,16,32696
3064675,15,32670
3064675,16,32676
3064930,15,32687
3064930,16,32680
3065186,15,32669
3065186,16,32687
3065441,15,32677
3065441,16,32709
3065694,15,32699
3065694,16,32686
3065950,15,32685
3065950,16,32696
3066206,15,32692
3066206,16,32680
3066417,15,32705
3066417,16,32683
3066672,15,32686
3066672,16,32675
3066926,15,32703
3066926,16,32706
3067183,15,32691
3067183,16,32683
3067439,15,32700
3067439,16,32706
3067692,15,32684
3067692,16,32699
3067947,15,32667
3067947,16,32685
3068201,15,32699
3068201,16,32699
3068457,15,32673
3068457,16,32682
3068672,15,32686
3068672,16,32673
3068922,15,32662
3068922,16,32695
3069176,15,32680
3069176,16,32694
3069436,15,32694
3069436,16,32689
3069690,15,32696
3069690,16,32693
3069945,15,32682
3069945,16,32678
3070199,15,32702
3070199,16,32691
3070456,15,32698
3070456,16,32693
3070668,15,32692
3070668,16,32680
3070923,15,32674
3070923,16,32668
3071176,15,32678
3071176,16,32684
3071434,15,32682
3071434,16,32710
3071688,15,32713
3071688,16,32674
3071944,15,32685
3071944,16,32689
3072196,15,32687
3072196,16,32681
3072452,15,32696
3072452,16,32701
3072706,15,32697
3072706,16,32699
3072921,15,32678
3072921,16,32686
3073176,15,32700
3073176,16,32708
3073429,15,32698
3073429,16,32682
3073684,15,32688
3073684,16,32696
3073937,15,32704
3073937,16,32683
3074196,15,32680
3074196,16,32694
3074451,15,32700
3074451,16,32700
3074703,15,32680
3074703,16,32702
3074915,15,32692
3074915,16,32690
3075173,15,32715
3075173,16,32694
3075428,15,32685
3075428,16,32690
3075681,15,32699
3075681,16,32679
3075939,15,32680
3075939,16,32701
3076190,15,32693
3076190,16,32706
3076447,15,32698
3076447,16,32712
3076701,15,32693
3076701,16,32699
3076957,15,32682
3076957,16,32683
3077169,15,32687
3077169,16,32676
3077426,15,32680
3077426,16,32714
3077680,15,32675
3077680,16,32692
3077933,15,32688
3077933,16,32687
3078189,15,32701
3078189,16,32704
3078446,15,32693
3078446,16,32699
3078700,15,32694
3078700,16,32682
3078955,15,32678
3078955,16,32711
3079172,15,32683
3079172,16,32698
3079422,15,32681
3079422,16,32692
3079678,15,32677
3079678,16,32676
3079933,15,32706
3079933,16,32697
3080186,15,32690
3080186,16,32705
3080442,15,32686
3080442,16,32704
3080701,15,32692
3080701,16,32702
3080952,15,32689
3080952,16,32692
3081209,15,32704
3081209,16,32677
3081422,15,32681
3081422,16,32688
3081676,15,32698
3081676,16,32702
3081933,15,32687
3081933,16,32684
3082187,15,32707
3082187,16,32685
3082445,15,32701
3082445,16,32690
3082693,15,32671
3082693,16,32679
3082950,15,32695
3082950,16,32705
3083202,15,32675
3083202,16,32691
3083419,15,32695
3083419,16,32699
3083674,15,32705
3083674,16,32707
3083928,15,32672
3083928,16,32676
3084183,15,32719
3084183,16,32692
3084437,15,32690
3084437,16,32677
3084694,15,32700
3084694,16,32678
3084946,15,32687
3084946,16,32683
3085202,15,32681
3085202,16,32692
3085458,15,32694
3085458,16,32686
3085669,15,32686
3085669,16,32677
3085923,15,32692
3085923,16,32689
3086180,15,32673
3086180,16,32706
3086435,15,32684
3086435,16,32704
3086691,15,32695
3086691,16,32696
3086945,15,32670
3086945,16,32689
3087201,15,32710
3087201,16,32688
3087456,15,32687
3087456,16,32676
3087665,15,32677
3087665,16,32680
3087925,15,32687
3087925,16,32689
3088180,15,32713
3088180,16,32674
3088433,15,32693
3088433,16,32690
3088687,15,32686
3088687,16,32680
3088944,15,32698
3088944,16,32678
3089198,15,32691
3089198,16,32682
3089453,15,32681
3089453,16,32687
3089708,15,32690
3089708,16,32701
3089921,15,32683
3089921,16,32688
3090175,15,32684
3090175,16,32675
3090428,15,32669
3090428,16,32687
3090684,15,32678
3090684,16,32658
3090941,15,32673
3090941,16,32685
3091195,15,32698
3091195,16,32682
3091449,15,32692
3091449,16,32671
3091704,15,32694
3091704,16,32694
3091914,15,32687
3091914,16,32697
3092174,15,32694
3092174,16,32699
3092428,15,32688
3092428,16,32688
3092684,15,32682
3092684,16,32667
3092936,15,32698
3092936,16,32683
3093192,15,32694
3093192,16,32682
3093448,15,32687
3093448,16,32669
3093704,15,32709
3093704,16,32683
3093957,15,32684
3093957,16,32687
3094171,15,32682
3094171,16,32676
3094425,15,32703
3094425,16,32693
3094681,15,32682
3094681,16,32691
3094937,15,32688
3094937,16,32694
3095191,15,32692
3095191,16,32688
3095446,15,32676
3095446,16,32677
3095701,15,32675
3095701,16,32707
3095954,15,32691
3095954,16,32695
3096167,15,32705
3096167,16,32682
3096423,15,32689
3096423,16,32674
3096677,15,32674
3096677,16,32685
3096933,15,32718
3096933,16,32688
3097187,15,32688
3097187,16,32696
3097443,15,32689
3097443,16,32698
3097697,15,32687
3097697,16,32686
3097951,15,32686
3097951,16,32680
3098209,15,32704
3098209,16,32680
3098420,15,32691
3098420,16,32709
3098674,15,32670
3098674,16,32698
3098929,15,32700
3098929,16,32683
3099186,15,32687
3099186,16,32697
3099440,15,32695
3099440,16,32687
3099695,15,32692
3099695,16,32694
3099950,15,32681
3099950,16,32682
3100204,15,32685
3100204,16,32690
3100419,15,32697
3100419,16,32709
3100673,15,32689
3100673,16,32702
3100930,15,32684
3100930,16,32691
3101181,15,32686
3101181,16,32686
3101438,15,32688
3101438,16,32695
3101693,15,32707
3101693,16,32697
3101947,15,32684
3101947,16,32681
3102203,15,32677
3102203,16,32690
3102461,15,32693
3102461,16,32687
3102671,15,32680
3102671,16,32699
3102925,15,32688
3102925,16,32698
3103179,15,32696
3103179,16,32687
3103436,15,32706
3103436,16,32695
3103691,15,32693
3103691,16,32687
3103945,15,32698
3103945,16,32688
3104200,15,32683
3104200,16,32683
3104454,15,32680
3104454,16,32687
3104669,15,32695
3104669,16,32698
3104927,15,32673
3104927,16,32702
3105178,15,32691
3105178,16,32686
3105434,15,32697
3105434,16,32671
3105686,15,32696
3105686,16,32687
3105942,15,32686
3105942,16,32680
3106199,15,32701
3106199,16,32701
3106454,15,32690
3106454,16,32683
3106706,15,32695
3106706,16,32705
3106920,15,32695
3106920,16,32678
3107176,15,32692
3107176,16,32707
3107432,15,32669
3107432,16,32665
3107683,15,32679
3107683,16,32680
3107940,15,32684
3107940,16,32691
3108196,15,32669
3108196,16,32691
3108451,15,32705
3108451,16,32675
3108706,15,32676
3108706,16,32694
3108916,15,32696
3108916,16,32692
3109170,15,32681
3109170,16,32681
3109429,15,32698
3109429,16,32687
3109684,15,32673
3109684,16,32688
3109937,15,32702
3109937,16,32689
3110194,15,32702
3110194,16,32679
3110448,15,32694
3110448,16,32681
3110700,15,32684
3110700,16,32681
3110957,15,32685
3110957,16,32699
3111173,15,32690
3111173,16,32691
3111427,15,32692
3111427,16,32678
3111681,15,32688
3111681,16,32682
3111939,15,32694
3111939,16,32676
3112190,15,32692
3112190,16,32691
3112445,15,32701
3112445,16,32670
3112701,15,32704
3112701,16,32684
3112952,15,32682
3112952,16,32670
3113167,15,32693
3113167,16,32692
3113419,15,32694
3113419,16,32698
3113675,15,32695
3113675,16,32678
3113932,15,32688
3113932,16,32666
3114184,15,32692
3114184,16,32674
3114441,15,32700
3114441,16,32678
3114697,15,32679
3114697,16,32675
3114952,15,32677
3114952,16,32690
3115208,15,32679
3115208,16,32689
3115419,15,32694
3115419,16,32688
3115672,15,32706
3115672,16,32686
3115932,15,32676
3115932,16,32685
3116187,15,32692
3116187,16,32674
3116443,15,32681
3116443,16,32691
3116695,15,32674
3116695,16,32678
3116952,15,32674
3116952,16,32673
3117205,15,32703
3117205,16,32696
3117419,15,32669
3117419,16,32697
3117672,15,32679
3117672,16,32680
3117927,15,32702
3117927,16,32667
3118181,15,32668
3118181,16,32691
3118439,15,32705
3118439,16,32710
3118692,15,32705
3118692,16,32691
3118944,15,32678
3118944,16,32693
3119200,15,32688
3119200,16,32702
3119461,15,32664
3119461,16,32700
3119673,15,32683
3119673,16,32685
3119925,15,32689
3119925,16,32694
3120180,15,32671
3120180,16,32713
3120435,15,32676
3120435,16,32693
3120689,15,32684
3120689,16,32686
3120945,15,32680
3120945,16,32669
3121201,15,32657
3121201,16,32694
3121456,15,32669
3121456,16,32675
3121667,15,32697
3121667,16,32702
3121926,15,32709
3121926,16,32693
3122177,15,32695
3122177,16,32709
3122435,15,32679
3122435,16,32686
3122690,15,32692
3122690,16,32687
3122942,15,32668
3122942,16,32700
3123197,15,32680
3123197,16,32698
3123454,15,32670
3123454,16,32693
3123705,15,32681
3123705,16,32697
3123921,15,32673
3123921,16,32678
3124175,15,32687
3124175,16,32667
3124433,15,32683
3124433,16,32690
3124682,15,32686
3124682,16,32692
3124940,15,32677
3124940,16,32697
3125197,15,32685
3125197,16,32696
3125451,15,32695
3125451,16,32694
3125705,15,32682
3125705,16,32689
3125919,15,32671
3125919,16,32685
3126171,15,32672
3126171,16,32684
3126428,15,32708
3126428,16,32700
3126683,15,32693
3126683,16,32684
3126937,15,32690
3126937,16,32697
3127195,15,32685
3127195,16,32713
3127448,15,32684
3127448,16,32683
3127702,15,32690
3127702,16,32689
3127958,15,32695
3127958,16,32696
3128170,15,32698
3128170,16,32691
3128426,15,32713
3128426,16,32696
3128679,15,32704
3128679,16,32696
3128934,15,32695
3128934,16,32679
3129191,15,32697
3129191,16,32691
3129445,15,32674
3129445,16,32687
3129700,15,32680
3129700,16,32706
3129954,15,32713
3129954,16,32683
3130169,15,32693
3130169,16,32690
3130422,15,32692
3130422,16,32712
3130678,15,32700
3130678,16,32685
3130934,15,32698
3130934,16,32687
3131188,15,32700
3131188,16,32676
3131440,15,32687
3131440,16,32690
3131699,15,32695
3131699,16,32682
3131951,15,32681
3131951,16,32694
3132207,15,32694
3132207,16,32686
3132419,15,32681
3132419,16,32678
3132674,15,32697
3132674,16,32685
3132927,15,32699
3132927,16,32686
3133186,15,32689
3133186,16,32694
3133443,15,32666
3133443,16,32694
3133692,15,32689
3133692,16,32694
3133948,15,32675
3133948,16,32702
3134203,15,32689
3134203,16,32683
3134418,15,32702
3134418,16,32691
3134673,15,32697
3134673,16,32692
3134925,15,32682
3134925,16,32690
3135181,15,32681
3135181,16,32719
3135437,15,32690
3135437,16,32707
3135694,15,32691
3135694,16,32692
3135948,15,32699
3135948,16,32696
3136203,15,32678
3136203,16,32660
3136459,15,32672
3136459,16,32692
3136668,15,32697
3136668,16,32688
3136926,15,32692
3136926,16,32661
3137177,15,32688
3137177,16,32685
3137434,15,32692
3137434,16,32682
3137690,15,32697
3137690,16,32694
3137946,15,32678
3137946,16,32686
3138199,15,32691
3138199,16,32689
3138456,15,32689
3138456,16,32687
3138666,15,32698
3138666,16,32680
3138924,15,32692
3138924,16,32682
3139176,15,32676
3139176,16,32663
3139431,15,32695
3139431,16,32684
3139688,15,32674
3139688,16,32674
3139944,15,32691
3139944,16,32705
3140199,15,32698
3140199,16,32691
3140452,15,32687
3140452,16,32678
3140708,15,32675
3140708,16,32673
3140920,15,32686
3140920,16,32710
3141175,15,32681
3141175,16,32680
3141429,15,32689
3141429,16,32686
3141685,15,32680
3141685,16,32690
3141939,15,32683
3141939,16,32679
3142194,15,32667
3142194,16,32685
3142452,15,32675
3142452,16,32675
3142704,15,32674
3142704,16,32687
3142915,15,32675
3142915,16,32692
3143170,15,32684
3143170,16,32674
3143428,15,32706
3143428,16,32689
3143682,15,32678
3143682,16,32705
3143939,15,32671
3143939,16,32692
3144194,15,32687
3144194,16,32691
3144446,15,32695
3144446,16,32676
3144703,15,32700
3144703,16,32688
3144958,15,32689
3144958,16,32682
3145170,15,32669
3145170,16,32688
3145424,15,32687
3145424,16,32708
3145682,15,32690
3145682,16,32679
3145932,15,32693
3145932,16,32694
3146189,15,32710
3146189,16,32703
3146447,15,32678
3146447,16,32693
3146699,15,32700
3146699,16,32679
3146955,15,32703
3146955,16,32687
3147168,15,32667
3147168,16,32684
3147424,15,32691
3147424,16,32691
3147676,15,32693
3147676,16,32683
3147931,15,32692
3147931,16,32699
3148188,15,32686
3148188,16,32678
3148441,15,32676
3148441,16,32683
3148698,15,32706
3148698,16,32697
3148953,15,32678
3148953,16,32695
3149208,15,32680
3149208,16,32666
3149421,15,32681
3149421,16,32679
3149676,15,32676
3149676,16,32702
3149930,15,32683
3149930,16,32702
3150184,15,32687
3150184,16,32689
3150438,15,32712
3150438,16,32674
3150694,15,32690
3150694,16,32698
3150949,15,32693
3150949,16,32695
3151204,15,32682
3151204,16,32692
3151418,15,32676
3151418,16,32687
3151673,15,32686
3151673,16,32698
3151926,15,32693
3151926,16,32705
3152183,15,32680
3152183,16,32701
3152438,15,32696
3152438,16,32696
3152690,15,32686
3152690,16,32700
3152947,15,32688
3152947,16,32693
3153205,15,32682
3153205,16,32700
3153459,15,32676
3153459,16,32701
3153671,15,32695
3153671,16,32686
3153922,15,32700
3153922,16,32696
3154180,15,32674
3154180,16,32688
3154433,15,32684
3154433,16,32693
3154688,15,32677
3154688,16,32689
3154946,15,32707
3154946,16,32699
3155198,15,32692
3155198,16,32682
3155456,15,32697
3155456,16,32689
3155670,15,32688
3155670,16,32681
3155923,15,32690
3155923,16,32686
3156180,15,32692
3156180,16,32686
3156433,15,32691
3156433,16,32684
3156688,15,32688
3156688,16,32675
3156943,15,32675
3156943,16,32684
3157198,15,32698
3157198,16,32706
3157453,15,32694
3157453,16,32690
3157708,15,32689
3157708,16,32690
3157922,15,32705
3157922,16,32679
3158174,15,32689
3158174,16,32696
3158432,15,32700
3158432,16,32696
3158685,15,32677
3158685,16,32688
3158942,15,32686
3158942,16,32689
3159195,15,32697
3159195,16,32682
3159451,15,32665
3159451,16,32684
3159707,15,32695
3159707,16,32684
3159916,15,32714
3159916,16,32679
3160174,15,32689
3160174,16,32699
3160428,15,32686
3160428,16,32686
3160683,15,32700
3160683,16,32682
3160939,15,32698
3160939,16,32705
3161191,15,32675
3161191,16,32675
3161448,15,32685
3161448,16,32692
3161703,15,32691
3161703,16,32688
3161961,15,32700
3161961,16,32694
3162170,15,32688
3162170,16,32674
3162425,15,32698
3162425,16,32691
3162678,15,32704
3162678,16,32680
3162933,15,32690
3162933,16,32679
3163192,15,32685
3163192,16,32686
3163446,15,32689
3163446,16,32687
3163699,15,32674
3163699,16,32687
3163954,15,32687
3163954,16,32704
3164169,15,32670
3164169,16,32685
3164422,15,32675
3164422,16,32672
3164678,15,32674
3164678,16,32713
3164934,15,32691
3164934,16,32685
3165187,15,32696
3165187,16,32687
3165444,15,32698
3165444,16,32690
3165695,15,32690
3165695,16,32681
3165951,15,32692
3165951,16,32684
3166207,15,32700
3166207,16,32691
3166421,15,32688
3166421,16,32690
3166674,15,32682
3166674,16,32686
3166929,15,32672
3166929,16,32689
3167184,15,32671
3167184,16,32686
3167438,15,32670
3167438,16,32681
3167694,15,32670
3167694,16,32685
3167952,15,32683
3167952,16,32677
3168202,15,32698
3168202,16,32687
3168416,15,32703
3168416,16,32680
3168672,15,32678
3168672,16,32692
3168927,15,32682
3168927,16,32695
3169182,15,32689
3169182,16,32706
3169438,15,32686
3169438,16,32681
3169693,15,32681
3169693,16,32692
3169945,15,32695
3169945,16,32697
3170203,15,32680
3170203,16,32682
3170456,15,32683
3170456,16,32711
3170668,15,32701
3170668,16,32687
3170923,15,32660
3170923,16,32689
3171179,15,32711
3171179,16,32675
3171435,15,32688
3171435,16,32681
3171689,15,32681
3171689,16,32672
3171944,15,32681
3171944,16,32696
3172199,15,32690
3172199,16,32677
3172455,15,32692
3172455,16,32696
3172671,15,32702
3172671,16,32694
3172922,15,32688
3172922,16,32691
3173178,15,32699
3173178,16,32695
3173432,15,32678
3173432,16,32693
3173688,15,32693
3173688,16,32686
3173944,15,32691
3173944,16,32674
3174197,15,32697
3174197,16,32683
3174452,15,32692
3174452,16,32694
3174706,15,32685
3174706,16,32699
3174921,15,32686
3174921,16,32697
3175176,15,32703
3175176,16,32693
3175430,15,32713
3175430,16,32680
3175684,15,32681
3175684,16,32688
3175941,15,32694
3175941,16,32698
3176194,15,32695
3176194,16,32670
3176453,15,32688
3176453,16,32684
3176707,15,32691
3176707,16,32690
3176918,15,32698
3176918,16,32686
3177172,15,32673
3177172,16,32697
3177427,15,32672
3177427,16,32700
3177682,15,32697
3177682,16,32703
3177937,15,32700
3177937,16,32689
3178193,15,32689
3178193,16,32695
3178448,15,32687
3178448,16,32680
3178702,15,32686
3178702,16,32685
3178957,15,32694
3178957,16,32692
3179172,15,32688
3179172,16,32714
3179425,15,32688
3179425,16,32685
3179679,15,32677
3179679,16,32695
3179936,15,32680
3179936,16,32703
3180192,15,32696
3180192,16,32688
3180445,15,32710
3180445,16,32699
3180698,15,32686
3180698,16,32682
3180956,15,32708
3180956,16,32695
3181166,15,32667
3181166,16,32695
3181421,15,32702
3181421,16,32686
3181675,15,32685
3181675,16,32690
3181932,15,32701
3181932,16,32685
3182185,15,32689
3182185,16,32680
3182445,15,32677
3182445,16,32700
3182697,15,32695
3182697,16,32676
3182953,15,32711
3182953,16,32672
3183207,15,32679
3183207,16,32692
3183422,15,32676
3183422,16,32713
3183677,15,32700
3183677,16,32667
3183929,15,32695
3183929,16,32697
3184185,15,32682
3184185,16,32704
3184439,15,32689
3184439,16,32679
3184696,15,32675
3184696,16,32691
3184948,15,32685
3184948,16,32672
3185204,15,32700
3185204,16,32670
3185420,15,32689
3185420,16,32680
3185673,15,32680
3185673,16,32705
3185926,15,32699
3185926,16,32689
3186183,15,32684
3186183,16,32692
3186439,15,32698
3186439,16,32684
3186691,15,32701
3186691,16,32685
3186948,15,32681
3186948,16,32685
3187202,15,32683
3187202,16,32701
3187456,15,32687
3187456,16,32682
3187670,15,32696
3187670,16,32677
3187924,15,32687
3187924,16,32675
3188179,15,32702
3188179,16,32692
3188435,15,32685
3188435,16,32680
3188688,15,32673
3188688,16,32704
3188947,15,32677
3188947,16,32680
3189199,15,32693
3189199,16,32698
3189456,15,32690
3189456,16,32670
3189666,15,32684
3189666,16,32691
3189922,15,32695
3189922,16,32686
3190177,15,32689
3190177,16,32692
3190435,15,32690
3190435,16,32672
3190689,15,32691
3190689,16,32681
3190941,15,32666
3190941,16,32672
3191199,15,32696
3191199,16,32712
3191450,15,32690
3191450,16,32684
3191709,15,32705
3191709,16,32689
3191920,15,32681
3191920,16,32693
3192175,15,32683
3192175,16,32680
3192430,15,32691
3192430,16,32698
3192684,15,32664
3192684,16,32707
3192940,15,32671
3192940,16,32677
3193196,15,32697
3193196,16,32698
3193450,15,32686
3193450,16,32662
3193707,15,32691
3193707,16,32674
3193917,15,32705
3193917,16,32674
3194172,15,32661
3194172,16,32704
3194425,15,32680
3194425,16,32684
3194684,15,32669
3194684,16,32678
3194936,15,32677
3194936,16,32687
3195191,15,32699
3195191,16,32686
3195449,15,32686
3195449,16,32685
3195702,15,32707
3195702,16,32708
3195958,15,32688
3195958,16,32680
3196173,15,32668
3196173,16,32692
3196427,15,32685
3196427,16,32692
3196680,15,32688
3196680,16,32693
3196935,15,32702
3196935,16,32705
3197190,15,32695
3197190,16,32682
3197446,15,32684
3197446,16,32694
3197699,15,32696
3197699,16,32683
3197955,15,32707
3197955,16,32670
3198168,15,32682
3198168,16,32685
3198420,15,32696
3198420,16,32676
3198679,15,32678
3198679,16,32719
3198931,15,32703
3198931,16,32691
3199186,15,32664
3199186,16,32692
3199443,15,32678
3199443,16,32678
3199697,15,32691
3199697,16,32677
3199955,15,32719
3199955,16,32693
3200206,15,32691
3200206,16,32702
3200420,15,32686
3200420,16,32688
3200674,15,32683
3200674,16,32705
3200930,15,32701
3200930,16,32665
3201186,15,32664
3201186,16,32697
3201441,15,32699
3201441,16,32677
3201697,15,32684
3201697,16,32681
3201949,15,32695
3201949,16,32682
3202203,15,32698
3202203,16,32698
3202418,15,32698
3202418,16,32694
3202670,15,32679
3202670,16,32688
3202927,15,32714
3202927,16,32679
3203182,15,32695
3203182,16,32699
3203436,15,32691
3203436,16,32702
3203694,15,32700
3203694,16,32692
3203950,15,32683
3203950,16,32696
3204204,15,32684
3204204,16,32699
3204459,15,32700
3204459,16,32700
3204672,15,32706
3204672,16,32682
3204926,15,32700
3204926,16,32690
3205181,15,32674
3205181,16,32684
3205438,15,32677
3205438,16,32685
3205688,15,32689
3205688,16,32675
3205946,15,32668
3205946,16,32702
3206202,15,32707
3206202,16,32686
3206456,15,32704
3206456,16,32682
3206664,15,32682
3206664,16,32706
3206922,15,32690
3206922,16,32683
3207179,15,32695
3207179,16,32672
3207434,15,32678
3207434,16,32695
3207686,15,32716
3207686,16,32698
3207941,15,32697
3207941,16,32691
3208197,15,32698
3208197,16,32674
3208452,15,32686
3208452,16,32704
3208707,15,32691
3208707,16,32702
3208921,15,32676
3208921,16,32704
3209177,15,32706
3209177,16,32691
3209431,15,32697
3209431,16,32703
3209685,15,32684
3209685,16,32678
3209943,15,32685
3209943,16,32691
3210197,15,32685
3210197,16,32679
3210448,15,32674
3210448,16,32668
3210707,15,32669
3210707,16,32697
3210917,15,32709
3210917,16,32686
3211173,15,32679
3211173,16,32679
3211428,15,32702
3211428,16,32695
3211682,15,32685
3211682,16,32695
3211940,15,32674
3211940,16,32698
3212196,15,32701
3212196,16,32704
3212447,15,32699
3212447,16,32691
3212702,15,32685
3212702,16,32709
3212957,15,32696
3212957,16,32702
3213171,15,32675
3213171,16,32697
3213426,15,32690
3213426,16,32689
3213679,15,32696
3213679,16,32693
3213931,15,32682
3213931,16,32696
3214192,15,32701
3214192,16,32679
3214445,15,32672
3214445,16,32686
3214700,15,32695
3214700,16,32690
3214953,15,32670
3214953,16,32684
3215167,15,32701
3215167,16,32691
3215424,15,32671
3215424,16,32670
3215678,15,32700
3215678,16,32666
3215931,15,32692
3215931,16,32681
3216188,15,32688
3216188,16,32669
3216439,15,32682
3216439,16,32687
3216698,15,32684
3216698,16,32682
3216950,15,32683
3216950,16,32681
3217207,15,32659
3217207,16,32658
3217418,15,32698
3217418,16,32682
3217677,15,32694
3217677,16,32697
3217929,15,32688
3217929,16,32687
3218187,15,32681
3218187,16,32705
3218439,15,32678
3218439,16,32683
3218694,15,32682
3218694,16,32678
3218952,15,32695
3218952,16,32695
3219208,15,32686
3219208,16,32698
3219417,15,32688
3219417,16,32699
3219670,15,32693
3219670,16,32688
3219929,15,32691
3219929,16,32698
3220181,15,32689
3220181,16,32707
3220440,15,32694
3220440,16,32676
3220690,15,32675
3220690,16,32692
3220948,15,32690
3220948,16,32675
3221203,15,32691
3221203,16,32669
3221458,15,32685
3221458,16,32690
3221669,15,32685
3221669,16,32684
3221922,15,32703
3221922,16,32684
3222178,15,32685
3222178,16,32685
3222436,15,32687
3222436,16,32684
3222688,15,32683
3222688,16,32682
3222946,15,32695
3222946,16,32694
3223199,15,32680
3223199,16,32715
3223453,15,32685
3223453,16,32676
3223668,15,32667
3223668,16,32687
3223923,15,32695
3223923,16,32690
3224178,15,32681
3224178,16,32693
3224434,15,32685
3224434,16,32691
3224686,15,32688
3224686,16,32710
3224943,15,32683
3224943,16,32691
3225199,15,32694
3225199,16,32701
3225453,15,32700
3225453,16,32682
3225709,15,32708
3225709,16,32694
3225921,15,32677
3225921,16,32719
3226175,15,32701
3226175,16,32695
3226431,15,32687
3226431,16,32695
3226682,15,32705
3226682,16,32695
3226941,15,32685
3226941,16,32695
3227193,15,32680
3227193,16,32678
3227451,15,32678
3227451,16,32706
3227705,15,32686
3227705,16,32692
3227917,15,32687
3227917,16,32676
3228173,15,32672
3228173,16,32699
3228426,15,32675
3228426,16,32675
3228681,15,32686
3228681,16,32667
3228939,15,32699
3228939,16,32689
3229193,15,32700
3229193,16,32688
3229445,15,32663
3229445,16,32682
3229702,15,32675
3229702,16,32711
3229958,15,32686
3229958,16,32712
3230171,15,32705
3230171,16,32696
3230426,15,32704
3230426,16,32688
3230681,15,32694
3230681,16,32687
3230937,15,32672
3230937,16,32680
3231189,15,32697
3231189,16,32673
3231446,15,32690
3231446,16,32694
3231699,15,32702
3231699,16,32691
3231956,15,32678
3231956,16,32691
3232171,15,32683
3232171,16,32676
3232421,15,32686
3232421,16,32679
3232678,15,32698
3232678,16,32682
3232932,15,32692
3232932,16,32682
3233187,15,32687
3233187,16,32695
3233443,15,32693
3233443,16,32697
3233696,15,32675
3233696,16,32704
3233954,15,32687
3233954,16,32688
3234209,15,32688
3234209,16,32678
3234419,15,32691
3234419,16,32690
3234674,15,32680
3234674,16,32694
3234931,15,32695
3234931,16,32693
3235187,15,32671
3235187,16,32684
3235437,15,32671
3235437,16,32666
3235695,15,32684
3235695,16,32683
3235951,15,32693
3235951,16,32704
3236206,15,32683
3236206,16,32681
3236419,15,32671
3236419,16,32674
3236669,15,32683
3236669,16,32695
3236927,15,32700
3236927,16,32678
3237181,15,32673
3237181,16,32683
3237438,15,32693
3237438,16,32689
3237696,15,32689
3237696,16,32692
3237948,15,32684
3237948,16,32684
3238202,15,32696
3238202,16,32688
3238459,15,32680
3238459,16,32682
3238670,15,32689
3238670,16,32693
3238926,15,32677
3238926,16,32699
3239182,15,32680
3239182,16,32694
3239435,15,32689
3239435,16,32692
3239690,15,32681
3239690,16,32687
3239945,15,32693
3239945,16,32689
3240200,15,32681
3240200,16,32682
3240457,15,32696
3240457,16,32673
3240668,15,32693
3240668,16,32685
3240922,15,32680
3240922,16,32694
3241178,15,32696
3241178,16,32670
3241430,15,32699
3241430,16,32668
3241689,15,32694
3241689,16,32691
3241945,15,32693
3241945,16,32684
3242198,15,32683
3242198,16,32682
3242452,15,32682
3242452,16,32688
3242711,15,32702
3242711,16,32683
3242922,15,32682
3242922,16,32699
3243176,15,32702
3243176,16,32686
3243430,15,32690
3243430,16,32678
3243686,15,32681
3243686,16,32688
3243939,15,32694
3243939,16,32692
3244194,15,32691
3244194,16,32683
3244451,15,32680
3244451,16,32685
3244702,15,32692
3244702,16,32683
3244919,15,32683
3244919,16,32693
3245173,15,32677
3245173,16,32691
3245426,15,32684
3245426,16,32693
3245683,15,32677
3245683,16,32684
3245937,15,32694
3245937,16,32676
3246195,15,32692
3246195,16,32721
3246446,15,32683
3246446,16,32694
3246701,15,32725
3246701,16,32669
3246959,15,32662
3246959,16,32688
3247170,15,32676
3247170,16,32689
3247424,15,32688
3247424,16,32687
3247682,15,32688
3247682,16,32696
3247935,15,32688
3247935,16,32685
3248188,15,32677
3248188,16,32702
3248445,15,32703
3248445,16,32697
3248699,15,32676
3248699,16,32707
3248957,15,32684
3248957,16,32694
3249166,15,32696
3249166,16,32714
3249423,15,32698
3249423,16,32692
3249677,15,32687
3249677,16,32696
3249935,15,32673
3249935,16,32709
3250185,15,32681
3250185,16,32692
3250443,15,32680
3250443,16,32684
3250695,15,32696
3250695,16,32673
3250953,15,32683
3250953,16,32695
3251209,15,32702
3251209,16,32684
3251419,15,32697
3251419,16,32689
3251677,15,32680
3251677,16,32667
3251928,15,32697
3251928,16,32705
3252186,15,32695
3252186,16,32684
3252438,15,32666
3252438,16,32709
3252694,15,32684
3252694,16,32689
3252954,15,32704
3252954,16,32688
3253204,15,32686
3253204,16,32681
3253415,15,32690
3253415,16,32698
3253674,15,32709
3253674,16,32683
3253928,15,32669
3253928,16,32694
3254184,15,32683
3254184,16,32689
3254437,15,32689
3254437,16,32688
3254693,15,32688
3254693,16,32684
3254948,15,32671
3254948,16,32662
3255203,15,32691
3255203,16,32717
3255458,15,32677
3255458,16,32673
3255670,15,32695
3255670,16,32687
3255924,15,32701
3255924,16,32692
3256178,15,32682
3256178,16,32688
3256434,15,32690
3256434,16,32692
3256690,15,32693
3256690,16,32678
3256944,15,32670
3256944,16,32698
3257200,15,32697
3257200,16,32691
3257455,15,32705
3257455,16,32684
3257670,15,32693
3257670,16,32695
3257926,15,32675
3257926,16,32677
3258179,15,32681
3258179,16,32684
3258433,15,32704
3258433,16,32693
3258689,15,32679
3258689,16,32679
3258942,15,32690
3258942,16,32702
3259200,15,32709
3259200,16,32701
3259453,15,32686
3259453,16,32687
3259707,15,32697
3259707,16,32670
3259920,15,32691
3259920,16,32705
3260175,15,32692
3260175,16,32677
3260427,15,32698
3260427,16,32675
3260685,15,32699
3260685,16,32691
3260939,15,32708
3260939,16,32690
3261193,15,32678
3261193,16,32688
3261451,15,32676
3261451,16,32695
3261703,15,32690
3261703,16,32715
3261917,15,32680
3261917,16,32668
3262169,15,32680
3262169,16,32696
3262427,15,32700
3262427,16,32701
3262684,15,32656
3262684,16,32670
3262938,15,32709
3262938,16,32685
3263194,15,32684
3263194,16,32682
3263443,15,32681
3263443,16,32688
3263703,15,32712
3263703,16,32690
3263956,15,32682
3263956,16,32682
3264171,15,32689
3264171,16,32695
3264424,15,32696
3264424,16,32673
3264679,15,32681
3264679,16,32689
3264934,15,32676
3264934,16,32699
3265189,15,32701
3265189,16,32691
3265445,15,32689
3265445,16,32670
3265700,15,32689
3265700,16,32685
3265954,15,32671
3265954,16,32681
3266166,15,32678
3266166,16,32688
3266423,15,32693
3266423,16,32701
3266677,15,32703
3266677,16,32690
3266934,15,32694
3266934,16,32691
3267187,15,32704
3267187,16,32689
3267443,15,32681
3267443,16,32669
3267697,15,32703
3267697,16,32704
3267953,15,32709
3267953,16,32696
3268209,15,32668
3268209,16,32707
3268419,15,32700
3268419,16,32718
3268675,15,32694
3268675,16,32707
3268930,15,32674
3268930,16,32686
3269184,15,32668
3269184,16,32690
3269442,15,32695
3269442,16,32688
3269698,15,32672
3269698,16,32671
3269950,15,32676
3269950,16,32672
3270207,15,32693
3270207,16,32683
3270419,15,32683
3270419,16,32682
3270674,15,32689
3270674,16,32668
3270926,15,32680
3270926,16,32686
3271182,15,32676
3271182,16,32680
3271437,15,32687
3271437,16,32670
3271692,15,32715
3271692,16,32690
3271947,15,32699
3271947,16,32676
3272202,15,32680
3272202,16,32706
3272455,15,32686
3272455,16,32696
3272672,15,32693
3272672,16,32685
3272924,15,32699
3272924,16,32664
3273180,15,32690
3273180,16,32698
3273435,15,32682
3273435,16,32692
3273690,15,32670
3273690,16,32698
3273944,15,32693
3273944,16,32698
3274199,15,32697
3274199,16,32692
3274451,15,32684
3274451,16,32697
3274669,15,32687
3274669,16,32689
3274925,15,32668
3274925,16,32693
3275176,15,32694
3275176,16,32677
3275430,15,32686
3275430,16,32694
3275690,15,32696
3275690,16,32686
3275943,15,32693
3275943,16,32681
3276195,15,32686
3276195,16,32688
3276451,15,32684
3276451,16,32710
3276706,15,32708
3276706,16,32674
3276920,15,32698
3276920,16,32698
3277175,15,32697
3277175,16,32690
3277431,15,32688
3277431,16,32683
3277688,15,32691
3277688,16,32700
3277941,15,32703
3277941,16,32692
3278193,15,32688
3278193,16,32696
3278450,15,32685
3278450,16,32706
3278704,15,32696
3278704,16,32688
3278917,15,32690
3278917,16,32682
3279172,15,32692
3279172,16,32694
3279426,15,32703
3279426,16,32705
3279680,15,32713
3279680,16,32694
3279938,15,32705
3279938,16,32686
3280194,15,32678
3280194,16,32676
3280450,15,32705
3280450,16,32684
3280704,15,32690
3280704,16,32699
3280957,15,32696
3280957,16,32686
3281170,15,32687
3281170,16,32670
3281424,15,32704
3281424,16,32705
3281680,15,32680
3281680,16,32680
3281933,15,32670
3281933,16,32673
3282189,15,32691
3282189,16,32682
3282442,15,32697
3282442,16,32703
3282699,15,32682
3282699,16,32693
3282953,15,32711
3282953,16,32698
3283169,15,32692
3283169,16,32682
3283426,15,32695
3283426,16,32683
3283680,15,32698
3283680,16,32675
3283931,15,32700
3283931,16,32662
3284187,15,32695
3284187,16,32700
3284439,15,32697
3284439,16,32687
3284698,15,32684
3284698,16,32681
3284951,15,32705
3284951,16,32681
3285209,15,32675
3285209,16,32675
3285422,15,32685
3285422,16,32701
3285673,15,32686
3285673,16,32698
3285929,15,32694
3285929,16,32691
3286181,15,32694
3286181,16,32699
3286439,15,32676
3286439,16,32686
3286695,15,32700
3286695,16,32691
3286948,15,32690
3286948,16,32684
3287206,15,32684
3287206,16,32678
3287417,15,32697
3287417,16,32699
3287674,15,32688
3287674,16,32692
3287928,15,32683
3287928,16,32705
3288182,15,32695
3288182,16,32691
3288442,15,32694
3288442,16,32677
3288695,15,32690
3288695,16,32690
3288948,15,32691
3288948,16,32677
3289200,15,32689
3289200,16,32679
3289459,15,32685
3289459,16,32685
3289670,15,32687
3289670,16,32702
3289926,15,32676
3289926,16,32688
3290182,15,32687
3290182,16,32683
3290438,15,32680
3290438,16,32694
3290690,15,32683
3290690,16,32700
3290946,15,32682
3290946,16,32700
3291200,15,32693
3291200,16,32667
3291455,15,32685
3291455,16,32667
3291667,15,32688
3291667,16,32664
3291921,15,32690
3291921,16,32688
3292177,15,32669
3292177,16,32698
3292431,15,32694
3292431,16,32697
3292687,15,32678
3292687,16,32673
3292941,15,32694
3292941,16,32673
3293197,15,32676
3293197,16,32681
3293454,15,32712
3293454,16,32681
3293709,15,32701
3293709,16,32685
3293920,15,32709
3293920,16,32681
3294174,15,32691
3294174,16,32697
3294430,15,32680
3294430,16,32707
3294687,15,32687
3294687,16,32672
3294938,15,32699
3294938,16,32702
3295195,15,32680
3295195,16,32689
3295452,15,32681
3295452,16,32705
3295706,15,32682
3295706,16,32696
3295919,15,32695
3295919,16,32696
3296173,15,32687
3296173,16,32689
3296429,15,32686
3296429,16,32673
3296681,15,32689
3296681,16,32678
3296939,15,32684
3296939,16,32677
3297192,15,32691
3297192,16,32693
3297448,15,32686
3297448,16,32689
3297704,15,32690
3297704,16,32697
3297959,15,32686
3297959,16,32655
3298169,15,32705
3298169,16,32690
3298423,15,32686
3298423,16,32697
3298682,15,32701
3298682,16,32709
3298934,15,32668
3298934,16,32691
3299189,15,32680
3299189,16,32689
3299444,15,32696
3299444,16,32691
3299698,15,32703
3299698,16,32691
3299957,15,32681
3299957,16,32687
3300168,15,32683
3300168,16,32689
3300423,15,32691
3300423,16,32678
3300676,15,32687
3300676,16,32696
3300932,15,32688
3300932,16,32696
3301190,15,32683
3301190,16,32698
3301442,15,32702
3301442,16,32682
3301698,15,32700
3301698,16,32717
3301954,15,32690
3301954,16,32691
3302208,15,32716
3302208,16,32710
3302418,15,32697
3302418,16,32692
3302676,15,32684
3302676,16,32697
3302931,15,32688
3302931,16,32674
3303185,15,32694
3303185,16,32680
3303438,15,32693
3303438,16,32684
3303697,15,32689
3303697,16,32688
3303951,15,32699
3303951,16,32693
3304208,15,32689
3304208,16,32682
3304421,15,32696
3304421,16,32690
3304673,15,32679
3304673,16,32671
3304930,15,32686
3304930,16,32695
3305180,15,32685
3305180,16,32693
3305438,15,32680
3305438,16,32693
3305693,15,32689
3305693,16,32684
3305947,15,32685
3305947,16,32683
3306205,15,32691
3306205,16,32700
3306459,15,32684
3306459,16,32677
3306669,15,32684
3306669,16,32682
3306926,15,32695
3306926,16,32692
3307179,15,32692
3307179,16,32693
3307432,15,32672
3307432,16,32674
3307688,15,32684
3307688,16,32700
3307946,15,32689
3307946,16,32685
3308200,15,32705
3308200,16,32686
3308455,15,32690
3308455,16,32689
3308666,15,32690
3308666,16,32694
3308923,15,32716
3308923,16,32688
3309178,15,32685
3309178,16,32682
3309434,15,32693
3309434,16,32690
3309686,15,32706
3309686,16,32694
3309942,15,32668
3309942,16,32681
3310197,15,32696
3310197,16,32686
3310449,15,32687
3310449,16,32682
3310709,15,32705
3310709,16,32688
3310921,15,32678
3310921,16,32709
3311174,15,32670
3311174,16,32684
3311430,15,32667
3311430,16,32690
3311684,15,32678
3311684,16,32699
3311942,15,32700
3311942,16,32667
3312195,15,32679
3312195,16,32681
3312451,15,32690
3312451,16,32668
3312704,15,32690
3312704,16,32691
3312917,15,32676
3312917,16,32677
3313173,15,32674
3313173,16,32678
3313426,15,32703
3313426,16,32669
3313684,15,32685
3313684,16,32702
3313937,15,32697
3313937,16,32682
3314190,15,32686
3314190,16,32686
3314449,15,32702
3314449,16,32704
3314702,15,32677
3314702,16,32679
3314959,15,32674
3314959,16,32686
3315168,15,32676
3315168,16,32674
3315424,15,32685
3315424,16,32685
3315681,15,32675
3315681,16,32692
3315934,15,32684
3315934,16,32669
3316191,15,32700
3316191,16,32669
3316445,15,32695
3316445,16,32701
3316700,15,32685
3316700,16,32693
3316956,15,32693
3316956,16,32679
3317166,15,32684
3317166,16,32676
3317422,15,32686
3317422,16,32686
3317675,15,32675
3317675,16,32695
3317933,15,32681
3317933,16,32692
3318188,15,32683
3318188,16,32682
3318444,15,32683
3318444,16,32704
3318698,15,32691
3318698,16,32686
3318953,15,32683
3318953,16,32696
3319208,15,32670
3319208,16,32669
3319420,15,32675
3319420,16,32698
3319675,15,32681
3319675,16,32701
3319928,15,32684
3319928,16,32683
3320185,15,32705
3320185,16,32697
3320439,15,32704
3320439,16,32699
3320689,15,32683
3320689,16,32669
3320950,15,32665
3320950,16,32678
3321206,15,32700
3321206,16,32693
3321417,15,32693
3321417,16,32687
3321673,15,32703
3321673,16,32701
3321924,15,32702
3321924,16,32678
3322181,15,32682
3322181,16,32671
3322438,15,32691
3322438,16,32671
3322689,15,32692
3322689,16,32681
3322948,15,32699
3322948,16,32693
3323200,15,32694
3323200,16,32692
3323457,15,32695
3323457,16,32688
3323670,15,32688
3323670,16,32686
3323926,15,32684
3323926,16,32686
3324179,15,32700
3324179,16,32695
3324437,15,32692
3324437,16,32695
3324690,15,32698
3324690,16,32702
3324946,15,32696
3324946,16,32704
3325202,15,32691
3325202,16,32707
3325455,15,32686
3325455,16,32691
3325668,15,32700
3325668,16,32692
3325924,15,32687
3325924,16,32683
3326177,15,32674
3326177,16,32681
3326431,15,32684
3326431,16,32698
3326687,15,32663
3326687,16,32684
3326945,15,32687
3326945,16,32701
3327197,15,32699
3327197,16,32679
3327454,15,32682
3327454,16,32702
3327707,15,32683
3327707,16,32692
3327920,15,32689
3327920,16,32680
3328176,15,32695
3328176,16,32686
3328429,15,32693
3328429,16,32674
3328686,15,32697
3328686,16,32673
3328941,15,32703
3328941,16,32690
3329195,15,32699
3329195,16,32694
3329450,15,32701
3329450,16,32683
3329709,15,32674
3329709,16,32680
3329918,15,32679
3329918,16,32674
3330175,15,32700
3330175,16,32681
3330427,15,32675
3330427,16,32685
3330682,15,32672
3330682,16,32693
3330936,15,32685
3330936,16,32711
3331191,15,32701
3331191,16,32684
3331450,15,32683
3331450,16,32692
3331701,15,32686
3331701,16,32694
3331954,15,32676
3331954,16,32695
3332171,15,32696
3332171,16,32673
3332424,15,32686
3332424,16,32699
3332683,15,32695
3332683,16,32689
3332935,15,32717
3332935,16,32679
3333190,15,32693
3333190,16,32700
3333445,15,32691
3333445,16,32681
3333699,15,32688
3333699,16,32679
3333953,15,32673
3333953,16,32698
3334167,15,32709
3334167,16,32700
3334421,15,32693
3334421,16,32678
3334675,15,32684
3334675,16,32687
3334934,15,32694
3334934,16,32683
3335186,15,32693
3335186,16,32701
3335442,15,32702
3335442,16,32685
3335696,15,32686
3335696,16,32686
3335952,15,32687
3335952,16,32685
3336205,15,32668
3336205,16,32689
3336420,15,32688
3336420,16,32691
3336677,15,32691
3336677,16,32678
3336931,15,32705
3336931,16,32686
3337186,15,32683
3337186,16,32668
3337440,15,32701
3337440,16,32690
3337695,15,32657
3337695,16,32686
3337950,15,32689
3337950,16,32698
3338206,15,32671
3338206,16,32687
3338418,15,32708
3338418,16,32694
3338675,15,32674
3338675,16,32683
3338927,15,32687
3338927,16,32680
3339184,15,32676
3339184,16,32696
3339437,15,32703
3339437,16,32695
3339691,15,32702
3339691,16,32677
3339947,15,32681
3339947,16,32678
3340202,15,32649
3340202,16,32695
3340459,15,32686
3340459,16,32688
3340670,15,32681
3340670,16,32672
3340926,15,32706
3340926,16,32679
3341180,15,32699
3341180,16,32689
3341435,15,32703
3341435,16,32672
3341693,15,32709
3341693,16,32685
3341943,15,32697
3341943,16,32693
3342202,15,32695
3342202,16,32669
3342452,15,32697
3342452,16,32660
3342670,15,32701
3342670,16,32672
3342922,15,32676
3342922,16,32687
3343176,15,32685
3343176,16,32685
3343432,15,32678
3343432,16,32695
3343685,15,32699
3343685,16,32663
3343941,15,32691
3343941,16,32680
3344195,15,32687
3344195,16,32683
3344451,15,32691
3344451,16,32703
3344705,15,32697
3344705,16,32690
3344920,15,32670
3344920,16,32684
3345175,15,32702
3345175,16,32681
3345429,15,32678
3345429,16,32681
3345685,15,32704
3345685,16,32688
3345941,15,32692
3345941,16,32709
3346196,15,32669
3346196,16,32700
3346451,15,32672
3346451,16,32690
3346706,15,32701
3346706,16,32688
3346917,15,32687
3346917,16,32676
3347175,15,32674
3347175,16,32695
3347427,15,32699
3347427,16,32674
3347682,15,32678
3347682,16,32702
3347939,15,32676
3347939,16,32691
3348193,15,32704
3348193,16,32700
3348449,15,32691
3348449,16,32690
3348705,15,32684
3348705,16,32704
3348956,15,32692
3348956,16,32690
3349170,15,32699
3349170,16,32685
3349427,15,32688
3349427,16,32676
3349679,15,32681
3349679,16,32674
3349935,15,32695
3349935,16,32686
3350189,15,32703
3350189,16,32698
3350445,15,32689
3350445,16,32681
3350701,15,32679
3350701,16,32685
3350956,15,32701
3350956,16,32681
3351166,15,32712
3351166,16,32670
3351424,15,32701
3351424,16,32695
3351678,15,32676
3351678,16,32707
3351933,15,32688
3351933,16,32678
3352186,15,32702
3352186,16,32700
3352441,15,32673
3352441,16,32694
3352701,15,32702
3352701,16,32701
3352951,15,32689
3352951,16,32689
3353209,15,32681
3353209,16,32685
3353419,15,32707
3353419,16,32689
3353674,15,32677
3353674,16,32690
3353930,15,32685
3353930,16,32692
3354186,15,32692
3354186,16,32686
3354440,15,32695
3354440,16,32696
3354696,15,32678
3354696,16,32690
3354954,15,32700
3354954,16,32695
3355205,15,32671
3355205,16,32681
3355417,15,32687
3355417,16,32700
3355670,15,32673
3355670,16,32686
3355925,15,32681
3355925,16,32696
3356181,15,32695
3356181,16,32683
3356438,15,32669
3356438,16,32690
3356693,15,32684
3356693,16,32689
3356945,15,32662
3356945,16,32701
3357201,15,32699
3357201,16,32686
3357455,15,32693
3357455,16,32675
3357670,15,32703
3357670,16,32692
3357928,15,32693
3357928,16,32689
3358180,15,32684
3358180,16,32687
3358437,15,32690
3358437,16,32671
3358691,15,32684
3358691,16,32694
3358946,15,32678
3358946,16,32694
3359197,15,32690
3359197,16,32674
3359455,15,32672
3359455,16,32687
3359670,15,32692
3359670,16,32697
3359925,15,32681
3359925,16,32662
3360179,15,32679
3360179,16,32708
3360434,15,32688
3360434,16,32707
3360688,15,32699
3360688,16,32680
3360941,15,32681
3360941,16,32667
3361198,15,32686
3361198,16,32701
3361451,15,32693
3361451,16,32686
3361709,15,32703
3361709,16,32709
3361922,15,32694
3361922,16,32676
3362174,15,32711
3362174,16,32697
3362429,15,32685
3362429,16,32704
3362685,15,32682
3362685,16,32696
3362940,15,32673
3362940,16,32689
3363193,15,32686
3363193,16,32686
3363448,15,32693
3363448,16,32681
3363703,15,32688
3363703,16,32694
3363919,15,32700
3363919,16,32681
3364171,15,32683
3364171,16,32678
3364427,15,32697
3364427,16,32688
3364684,15,32683
3364684,16,32668
3364937,15,32696
3364937,16,32679
3365193,15,32680
3365193,16,32711
3365448,15,32707
3365448,16,32679
3365702,15,32686
3365702,16,32660
3365958,15,32687
3365958,16,32679
3366170,15,32678
3366170,16,32698
3366424,15,32688
3366424,16,32695
3366676,15,32695
3366676,16,32688
3366935,15,32683
3366935,16,32689
3367188,15,32685
3367188,16,32703
3367443,15,32682
3367443,16,32683
3367701,15,32689
3367701,16,32690
3367955,15,32674
3367955,16,32680
3368168,15,32706
3368168,16,32698
3368420,15,32691
3368420,16,32678
3368678,15,32679
3368678,16,32695
3368935,15,32717
3368935,16,32702
3369187,15,32693
3369187,16,32679
3369439,15,32692
3369439,16,32690
3369699,15,32687
3369699,16,32670
3369954,15,32662
3369954,16,32696
3370210,15,32693
3370210,16,32687
3370422,15,32684
3370422,16,32687
3370675,15,32690
3370675,16,32691
3370930,15,32682
3370930,16,32704
3371184,15,32692
3371184,16,32689
3371443,15,32704
3371443,16,32686
3371697,15,32705
3371697,16,32684
3371947,15,32682
3371947,16,32709
3372203,15,32668
3372203,16,32694
3372417,15,32664
3372417,16,32688
3372672,15,32694
3372672,16,32695
3372926,15,32670
3372926,16,32673
3373185,15,32677
3373185,16,32696
3373438,15,32673
3373438,16,32682
3373696,15,32675
3373696,16,32710
3373946,15,32692
3373946,16,32697
3374200,15,32689
3374200,16,32678
3374458,15,32692
3374458,16,32674
3374669,15,32677
3374669,16,32694
3374925,15,32689
3374925,16,32711
3375183,15,32676
3375183,16,32686
3375435,15,32696
3375435,16,32700
3375692,15,32695
3375692,16,32704
3375946,15,32685
3375946,16,32691
3376200,15,32688
3376200,16,32689
3376456,15,32684
3376456,16,32697
3376668,15,32690
3376668,16,32689
3376923,15,32676
3376923,16,32663
3377179,15,32708
3377179,16,32697
3377433,15,32683
3377433,16,32690
3377688,15,32690
3377688,16,32700
3377943,15,32679
3377943,16,32671
3378196,15,32691
3378196,16,32691
3378453,15,32676
3378453,16,32684
3378706,15,32680
3378706,16,32710
3378921,15,32690
3378921,16,32680
3379175,15,32680
3379175,16,32676
3379433,15,32691
3379433,16,32680
3379685,15,32684
3379685,16,32693
3379938,15,32682
3379938,16,32683
3380195,15,32708
3380195,16,32685
3380451,15,32694
3380451,16,32698
3380704,15,32697
3380704,16,32706
3380917,15,32689
3380917,16,32730
3381172,15,32709
3381172,16,32677
3381427,15,32678
3381427,16,32680
3381684,15,32684
3381684,16,32685
3381936,15,32673
3381936,16,32683
3382190,15,32674
3382190,16,32703
3382450,15,32691
3382450,16,32679
3382703,15,32662
3382703,16,32669
3382956,15,32691
3382956,16,32679
3383172,15,32683
3383172,16,32695
3383422,15,32681
3383422,16,32692
3383679,15,32700
3383679,16,32700
3383937,15,32691
3383937,16,32701
3384190,15,32682
3384190,16,32685
3384446,15,32680
3384446,16,32676
3384699,15,32697
3384699,16,32678
3384953,15,32685
3384953,16,32692
3385168,15,32698
3385168,16,32698
3385423,15,32685
3385423,16,32698
3385676,15,32705
3385676,16,32699
3385932,15,32700
3385932,16,32687
3386188,15,32680
3386188,16,32686
3386442,15,32702
3386442,16,32676
3386695,15,32703
3386695,16,32679
3386952,15,32686
3386952,16,32687
3387209,15,32684
3387209,16,32683
3387420,15,32692
3387420,16,32673
3387675,15,32683
3387675,16,32682
3387929,15,32679
3387929,16,32698
3388184,15,32705
3388184,16,32684
3388441,15,32689
3388441,16,32681
3388694,15,32690
3388694,16,32678
3388949,15,32690
3388949,16,32688
3389208,15,32685
3389208,16,32700
3389419,15,32683
3389419,16,32675
3389674,15,32695
3389674,16,32685
3389929,15,32685
3389929,16,32696
3390181,15,32674
3390181,16,32699
3390436,15,32699
3390436,16,32693
3390693,15,32704
3390693,16,32683
3390948,15,32690
3390948,16,32684
3391203,15,32681
3391203,16,32666
3391460,15,32661
3391460,16,32675
3391671,15,32682
3391671,16,32666
3391925,15,32691
3391925,16,32701
3392180,15,32692
3392180,16,32691
3392435,15,32681
3392435,16,32668
3392688,15,32688
3392688,16,32690
3392947,15,32706
3392947,16,32678
3393201,15,32664
3393201,16,32679
3393454,15,32688
3393454,16,32685
3393666,15,32677
3393666,16,32685
3393924,15,32685
3393924,16,32681
3394177,15,32675
3394177,16,32688
3394430,15,32713
3394430,16,32688
3394688,15,32681
3394688,16,32689
3394943,15,32692
3394943,16,32684
3395198,15,32702
3395198,16,32684
3395454,15,32679
3395454,16,32699
3395708,15,32704
3395708,16,32682
3395922,15,32698
3395922,16,32684
3396176,15,32690
3396176,16,32699
3396432,15,32703
3396432,16,32689
3396684,15,32691
3396684,16,32687
3396939,15,32687
3396939,16,32680
3397194,15,32701
3397194,16,32694
3397451,15,32675
3397451,16,32684
3397705,15,32692
3397705,16,32689
3397918,15,32693
3397918,16,32676
3398174,15,32669
3398174,16,32676
3398427,15,32681
3398427,16,32703
3398684,15,32696
3398684,16,32702
3398938,15,32706
3398938,16,32689
3399192,15,32695
3399192,16,32683
3399446,15,32694
3399446,16,32676
3399702,15,32690
3399702,16,32700
3399956,15,32691
3399956,16,32706
3400170,15,32689
3400170,16,32709
3400424,15,32699
3400424,16,32687
3400677,15,32704
3400677,16,32688
3400938,15,32698
3400938,16,32694
3401191,15,32701
3401191,16,32691
3401448,15,32675
3401448,16,32687
3401702,15,32689
3401702,16,32704
3401956,15,32691
3401956,16,32699
3402170,15,32686
3402170,16,32677
3402423,15,32687
3402423,16,32689
3402677,15,32685
3402677,16,32683
3402936,15,32684
3402936,16,32673
3403189,15,32669
3403189,16,32675
3403441,15,32680
3403441,16,32687
3403700,15,32686
3403700,16,32690
3403953,15,32701
3403953,16,32707
3404207,15,32687
3404207,16,32700
3404422,15,32702
3404422,16,32687
3404675,15,32706
3404675,16,32678
3404932,15,32684
3404932,16,32694
3405184,15,32700
3405184,16,32670
3405436,15,32669
3405436,16,32689
3405694,15,32704
3405694,16,32691
3405952,15,32710
3405952,16,32679
3406206,15,32668
3406206,16,32682
3406417,15,32678
3406417,16,32700
3406668,15,32689
3406668,16,32701
3406929,15,32673
3406929,16,32700
3407183,15,32692
3407183,16,32670
3407440,15,32691
3407440,16,32699
3407693,15,32683
3407693,16,32711
3407948,15,32687
3407948,16,32683
3408204,15,32668
3408204,16,32669
3408456,15,32693
3408456,16,32691
3408673,15,32685
3408673,16,32690
3408927,15,32691
3408927,16,32692
3409181,15,32698
3409181,16,32708
3409433,15,32701
3409433,16,32697
3409692,15,32688
3409692,16,32696
3409944,15,32676
3409944,16,32690
3410198,15,32683
3410198,16,32682
3410454,15,32692
3410454,16,32691
3410668,15,32698
3410668,16,32681
3410921,15,32695
3410921,16,32686
3411178,15,32697
3411178,16,32690
3411430,15,32692
3411430,16,32695
3411689,15,32692
3411689,16,32674
3411942,15,32707
3411942,16,32672
3412199,15,32672
3412199,16,32686
3412455,15,32685
3412455,16,32669
3412710,15,32700
3412710,16,32685
3412924,15,32697
3412924,16,32693
3413177,15,32683
3413177,16,32683
3413428,15,32667
3413428,16,32691
3413685,15,32690
3413685,16,32685
3413941,15,32660
3413941,16,32683
3414197,15,32700
3414197,16,32676
3414449,15,32679
3414449,16,32682
3414705,15,32684
3414705,16,32703
3414917,15,32676
3414917,16,32680
3415173,15,32696
3415173,16,32698
3415427,15,32678
3415427,16,32678
3415680,15,32691
3415680,16,32667
3415937,15,32684
3415937,16,32688
3416195,15,32692
3416195,16,32693
3416446,15,32685
3416446,16,32693
3416701,15,32673
3416701,16,32680
3416955,15,32700
3416955,16,32702
3417170,15,32666
3417170,16,32697
3417425,15,32707
3417425,16,32689
3417680,15,32683
3417680,16,32678
3417937,15,32665
3417937,16,32683
3418191,15,32695
3418191,16,32687
3418446,15,32702
3418446,16,32689
3418701,15,32699
3418701,16,32683
3418956,15,32696
3418956,16,32704
3419167,15,32699
3419167,16,32676
3419424,15,32694
3419424,16,32691
3419678,15,32680
3419678,16,32671
3419931,15,32687
3419931,16,32679
3420188,15,32688
3420188,16,32675
3420443,15,32676
3420443,16,32683
3420697,15,32699
3420697,16,32692
3420951,15,32694
3420951,16,32682
3421210,15,32690
3421210,16,32695
3421421,15,32694
3421421,16,32679
3421673,15,32676
3421673,16,32670
3421927,15,32687
3421927,16,32686
3422184,15,32698
3422184,16,32695
3422440,15,32679
3422440,16,32687
3422696,15,32666
3422696,16,32697
3422950,15,32683
3422950,16,32691
3423206,15,32697
3423206,16,32675
3423416,15,32703
3423416,16,32681
3423669,15,32696
3423669,16,32689
3423929,15,32701
3423929,16,32692
3424185,15,32697
3424185,16,32707
3424438,15,32689
3424438,16,32696
3424695,15,32695
3424695,16,32685
3424947,15,32687
3424947,16,32703
3425203,15,32692
3425203,16,32682
3425459,15,32672
3425459,16,32700
3425670,15,32694
3425670,16,32698
3425927,15,32684
3425927,16,32675
3426181,15,32685
3426181,16,32686
3426435,15,32688
3426435,16,32693
3426687,15,32693
3426687,16,32703
3426946,15,32674
3426946,16,32699
3427203,15,32700
3427203,16,32685
3427457,15,32703
3427457,16,32677
3427668,15,32685
3427668,16,32678
3427921,15,32681
3427921,16,32702
3428178,15,32693
3428178,16,32695
3428433,15,32681
3428433,16,32672
3428688,15,32684
3428688,16,32672
3428945,15,32691
3428945,16,32679
3429199,15,32674
3429199,16,32699
3429454,15,32684
3429454,16,32682
3429706,15,32703
3429706,16,32685
3429921,15,32678
3429921,16,32685
3430174,15,32688
3430174,16,32688
3430431,15,32679
3430431,16,32664
3430687,15,32683
3430687,16,32688
3430941,15,32688
3430941,16,32678
3431195,15,32686
3431195,16,32703
3431450,15,32691
3431450,16,32686
3431704,15,32711
3431704,16,32681
3431918,15,32696
3431918,16,32678
3432172,15,32663
3432172,16,32705
3432431,15,32690
3432431,16,32694
3432682,15,32693
3432682,16,32678
3432936,15,32683
3432936,16,32678
3433191,15,32688
3433191,16,32682
3433448,15,32688
3433448,16,32697
3433701,15,32705
3433701,16,32674
3433958,15,32712
3433958,16,32687
3434172,15,32680
3434172,16,32701
3434423,15,32700
3434423,16,32665
3434680,15,32674
3434680,16,32690
3434936,15,32690
3434936,16,32690
3435189,15,32692
3435189,16,32696
3435444,15,32686
3435444,16,32692
3435697,15,32665
3435697,16,32692
3435956,15,32683
3435956,16,32684
3436169,15,32695
3436169,16,32669
3436422,15,32714
3436422,16,32692
3436679,15,32671
3436679,16,32681
3436934,15,32671
3436934,16,32688
3437188,15,32697
3437188,16,32671
3437442,15,32704
3437442,16,32697
3437699,15,32679
3437699,16,32670
3437951,15,32682
3437951,16,32721
3438207,15,32695
3438207,16,32700
3438420,15,32689
3438420,16,32690
3438676,15,32684
3438676,16,32687
3438930,15,32692
3438930,16,32690
3439184,15,32695
3439184,16,32718
3439440,15,32684
3439440,16,32682
3439696,15,32692
3439696,16,32689
3439950,15,32667
3439950,16,32677
3440207,15,32708
3440207,16,32699
3440418,15,32698
3440418,16,32677
3440676,15,32698
3440676,16,32678
3440930,15,32701
3440930,16,32687
3441182,15,32692
3441182,16,32699
3441438,15,32678
3441438,16,32680
3441690,15,32700
3441690,16,32692
3441948,15,32696
3441948,16,32678
3442205,15,32682
3442205,16,32685
3442459,15,32698
3442459,16,32679
3442670,15,32698
3442670,16,32687
3442925,15,32684
3442925,16,32704
3443178,15,32683
3443178,16,32677
3443435,15,32673
3443435,16,32688
3443690,15,32700
3443690,16,32688
3443944,15,32682
3443944,16,32683
3444197,15,32701
3444197,16,32699
3444456,15,32685
3444456,16,32710
3444667,15,32682
3444667,16,32706
3444922,15,32707
3444922,16,32693
3445179,15,32686
3445179,16,32699
3445430,15,32675
3445430,16,32701
3445686,15,32692
3445686,16,32695
3445945,15,32685
3445945,16,32694
3446198,15,32684
3446198,16,32702
3446455,15,32679
3446455,16,32707
3446708,15,32689
3446708,16,32708
3446920,15,32698
3446920,16,32679
3447176,15,32702
3447176,16,32698
3447431,15,32679
3447431,16,32695
3447685,15,32681
3447685,16,32683
3447940,15,32689
3447940,16,32689
3448195,15,32689
3448195,16,32693
3448453,15,32701
3448453,16,32681
3448704,15,32690
3448704,16,32689
3448918,15,32666
3448918,16,32670
3449172,15,32700
3449172,16,32678
3449426,15,32696
3449426,16,32694
3449682,15,32698
3449682,16,32702
3449940,15,32716
3449940,16,32696
3450195,15,32683
3450195,16,32688
3450444,15,32683
3450444,16,32717
3450704,15,32707
3450704,16,32686
3450955,15,32686
3450955,16,32691
3451169,15,32688
3451169,16,32689
3451426,15,32704
3451426,16,32687
3451679,15,32680
3451679,16,32704
3451931,15,32692
3451931,16,32670
3452190,15,32698
3452190,16,32705
3452444,15,32698
3452444,16,32680
3452701,15,32696
3452701,16,32683
3452956,15,32678
3452956,16,32688
3453166,15,32682
3453166,16,32680
3453422,15,32695
3453422,16,32679
3453677,15,32690
3453677,16,32700
3453931,15,32689
3453931,16,32694
3454189,15,32678
3454189,16,32690
3454446,15,32683
3454446,16,32700
3454699,15,32689
3454699,16,32668
3454954,15,32696
3454954,16,32685
3455206,15,32690
3455206,16,32688
3455419,15,32689
3455419,16,32680
3455673,15,32701
3455673,16,32681
3455930,15,32697
3455930,16,32681
3456184,15,32678
3456184,16,32698
3456441,15,32722
3456441,16,32698
3456697,15,32685
3456697,16,32681
3456949,15,32692
3456949,16,32693
3457205,15,32697
3457205,16,32684
3457416,15,32667
3457416,16,32696
3457671,15,32679
3457671,16,32695
3457928,15,32670
3457928,16,32690
3458182,15,32698
3458182,16,32669
3458439,15,32707
3458439,16,32695
3458691,15,32685
3458691,16,32681
3458946,15,32703
3458946,16,32693
3459201,15,32690
3459201,16,32688
3459458,15,32690
3459458,16,32696
3459669,15,32689
3459669,16,32686
3459925,15,32678
3459925,16,32701
3460182,15,32688
3460182,16,32678
3460436,15,32686
3460436,16,32657
3460690,15,32686
3460690,16,32702
3460942,15,32678
3460942,16,32693
3461196,15,32690
3461196,16,32686
3461454,15,32684
3461454,16,32677
3461666,15,32689
3461666,16,32662
3461922,15,32699
3461922,16,32690
3462174,15,32693
3462174,16,32682
3462432,15,32679
3462432,16,32700
3462687,15,32686
3462687,16,32683
3462944,15,32691
3462944,16,32698
3463199,15,32694
3463199,16,32665
3463452,15,32678
3463452,16,32677
3463709,15,32680
3463709,16,32682
3463920,15,32681
3463920,16,32701
3464177,15,32697
3464177,16,32681
3464430,15,32715
3464430,16,32689
3464684,15,32694
3464684,16,32674
3464939,15,32698
3464939,16,32691
3465195,15,32692
3465195,16,32689
3465451,15,32695
3465451,16,32683
3465707,15,32675
3465707,16,32688
3465917,15,32676
3465917,16,32703
3466172,15,32709
3466172,16,32694
3466426,15,32695
3466426,16,32690
3466683,15,32701
3466683,16,32698
3466938,15,32682
3466938,16,32715
3467193,15,32679
3467193,16,32700
3467448,15,32699
3467448,16,32679
3467704,15,32692
3467704,16,32686
3467957,15,32688
3467957,16,32702
3468172,15,32694
3468172,16,32699
3468425,15,32693
3468425,16,32666
3468680,15,32681
3468680,16,32689
3468934,15,32689
3468934,16,32694
3469192,15,32684
3469192,16,32688
3469445,15,32716
3469445,16,32691
3469700,15,32702
3469700,16,32688
3469954,15,32692
3469954,16,32708
3470166,15,32684
3470166,16,32672
3470423,15,32689
3470423,16,32683
3470674,15,32694
3470674,16,32693
3470935,15,32681
3470935,16,32694
3471187,15,32698
3471187,16,32683
3471443,15,32702
3471443,16,32680
3471699,15,32666
3471699,16,32684
3471953,15,32674
3471953,16,32692
3472207,15,32692
3472207,16,32695
3472423,15,32675
3472423,16,32688
3472674,15,32704
3472674,16,32700
3472927,15,32698
3472927,16,32682
3473184,15,32704
3473184,16,32681
3473442,15,32693
3473442,16,32685
3473694,15,32691
3473694,16,32691
3473951,15,32681
3473951,16,32682
3474206,15,32682
3474206,16,32698
3474414,15,32695
3474414,16,32673
3474671,15,32678
3474671,16,32707
3474927,15,32682
3474927,16,32688
3475182,15,32688
3475182,16,32687
3475439,15,32710
3475439,16,32693
3475693,15,32688
3475693,16,32692
3475947,15,32687
3475947,16,32692
3476203,15,32683
3476203,16,32690
3476458,15,32701
3476458,16,32709
3476672,15,32691
3476672,16,32680
3476921,15,32685
3476921,16,32688
3477178,15,32688
3477178,16,32671
3477438,15,32676
3477438,16,32679
3477692,15,32672
3477692,16,32693
3477947,15,32678
3477947,16,32717
3478199,15,32688
3478199,16,32678
3478456,15,32682
3478456,16,32695
3478667,15,32703
3478667,16,32697
3478922,15,32693
3478922,16,32698
3479177,15,32691
3479177,16,32699
3479433,15,32692
3479433,16,32696
3479689,15,32701
3479689,16,32686
3479939,15,32697
3479939,16,32678
3480197,15,32702
3480197,16,32666
3480452,15,32694
3480452,16,32668
3480707,15,32676
3480707,16,32686
3480920,15,32689
3480920,16,32693
3481176,15,32697
3481176,16,32706
3481433,15,32696
3481433,16,32705
3481686,15,32694
3481686,16,32694
3481939,15,32691
3481939,16,32691
3482196,15,32710
3482196,16,32690
3482451,15,32682
3482451,16,32675
3482706,15,32700
3482706,16,32684
3482918,15,32696
3482918,16,32688
3483172,15,32688
3483172,16,32680
3483426,15,32682
3483426,16,32684
3483683,15,32670
3483683,16,32680
3483936,15,32693
3483936,16,32713
3484193,15,32678
3484193,16,32691
3484446,15,32676
3484446,16,32706
3484701,15,32670
3484701,16,32680
3484958,15,32684
3484958,16,32698
3485171,15,32689
3485171,16,32711
3485428,15,32696
3485428,16,32701
3485680,15,32691
3485680,16,32702
3485936,15,32681
3485936,16,32705
3486193,15,32679
3486193,16,32696
3486449,15,32680
3486449,16,32683
3486701,15,32691
3486701,16,32682
3486955,15,32700
3486955,16,32687
3487168,15,32674
3487168,16,32697
3487422,15,32687
3487422,16,32700
3487678,15,32693
3487678,16,32674
3487932,15,32680
3487932,16,32680
3488189,15,32677
3488189,16,32678
3488442,15,32672
3488442,16,32706
3488698,15,32695
3488698,16,32702
3488951,15,32691
3488951,16,32688
3489209,15,32710
3489209,16,32677
3489419,15,32678
3489419,16,32686
3489678,15,32697
3489678,16,32693
3489927,15,32694
3489927,16,32675
3490183,15,32699
3490183,16,32711
3490441,15,32678
3490441,16,32699
3490698,15,32712
3490698,16,32676
3490950,15,32703
3490950,16,32689
3491208,15,32694
3491208,16,32674
3491416,15,32691
3491416,16,32708
3491674,15,32701
3491674,16,32686
3491926,15,32696
3491926,16,32681
3492182,15,32668
3492182,16,32686
3492442,15,32706
3492442,16,32706
3492693,15,32689
3492693,16,32688
3492945,15,32716
3492945,16,32699
3493202,15,32698
3493202,16,32695
3493459,15,32683
3493459,16,32695
3493670,15,32703
3493670,16,32699
3493928,15,32689
3493928,16,32686
3494181,15,32703
3494181,16,32672
3494438,15,32692
3494438,16,32674
3494691,15,32695
3494691,16,32683
3494945,15,32686
3494945,16,32681
3495200,15,32682
3495200,16,32707
3495454,15,32671
3495454,16,32695
3495666,15,32683
3495666,16,32689
3495923,15,32693
3495923,16,32665
3496180,15,32668
3496180,16,32688
3496431,15,32703
3496431,16,32686
3496688,15,32690
3496688,16,32686
3496941,15,32704
3496941,16,32691
3497197,15,32682
3497197,16,32699
3497451,15,32686
3497451,16,32688
3497708,15,32701
3497708,16,32686
3497919,15,32686
3497919,16,32693
3498176,15,32693
3498176,16,32714
3498433,15,32704
3498433,16,32691
3498688,15,32688
3498688,16,32681
3498940,15,32687
3498940,16,32682
3499194,15,32690
3499194,16,32663
3499448,15,32680
3499448,16,32687
3499707,15,32673
3499707,16,32688
3499917,15,32684
3499917,16,32677
3500173,15,32678
3500173,16,32700
3500430,15,32692
3500430,16,32698
3500682,15,32682
3500682,16,32682
3500937,15,32687
3500937,16,32685
3501194,15,32700
3501194,16,32693
3501446,15,32697
3501446,16,32689
3501702,15,32696
3501702,16,32688
3501957,15,32693
3501957,16,32674
3502169,15,32694
3502169,16,32698
3502423,15,32671
3502423,16,32696
3502679,15,32691
3502679,16,32677
3502933,15,32682
3502933,16,32685
3503191,15,32690
3503191,16,32692
3503445,15,32671
3503445,16,32701
3503701,15,32714
3503701,16,32689
3503956,15,32691
3503956,16,32668
3504168,15,32681
3504168,16,32697
3504422,15,32695
3504422,16,32694
3504678,15,32697
3504678,16,32693
3504935,15,32683
3504935,16,32694
3505187,15,32706
3505187,16,32690
3505443,15,32694
3505443,16,32685
3505697,15,32689
3505697,16,32697
3505954,15,32688
3505954,16,32692
3506208,15,32689
3506208,16,32711
3506418,15,32688
3506418,16,32684
3506673,15,32679
3506673,16,32662
3506928,15,32686
3506928,16,32690
3507186,15,32688
3507186,16,32691
3507441,15,32685
3507441,16,32680
3507694,15,32686
3507694,16,32685
3507951,15,32666
3507951,16,32675
3508205,15,32685
3508205,16,32693
3508417,15,32690
3508417,16,32696
3508673,15,32680
3508673,16,32697
3508926,15,32705
3508926,16,32682
3509184,15,32688
3509184,16,32693
3509437,15,32688
3509437,16,32683
3509691,15,32678
3509691,16,32676
3509949,15,32688
3509949,16,32689
3510203,15,32685
3510203,16,32685
3510457,15,32687
3510457,16,32686
3510669,15,32698
3510669,16,32689
3510924,15,32686
3510924,16,32687
3511178,15,32682
3511178,16,32698
3511437,15,32688
3511437,16,32696
3511693,15,32688
3511693,16,32685
3511944,15,32679
3511944,16,32691
3512201,15,32692
3512201,16,32705
3512455,15,32671
3512455,16,32706
3512669,15,32694
3512669,16,32694
3512924,15,32683
3512924,16,32693
3513180,15,32684
3513180,16,32688
3513431,15,32682
3513431,16,32697
3513689,15,32673
3513689,16,32692
3513945,15,32690
3513945,16,32685
3514197,15,32684
3514197,16,32692
3514453,15,32679
3514453,16,32695
3514709,15,32686
3514709,16,32684
3514917,15,32693
3514917,16,32706
3515176,15,32695
3515176,16,32694
3515430,15,32712
3515430,16,32693
3515688,15,32695
3515688,16,32681
3515940,15,32682
3515940,16,32677
3516195,15,32681
3516195,16,32694
3516448,15,32682
3516448,16,32667
3516704,15,32689
3516704,16,32697
3516915,15,32689
3516915,16,32694
3517170,15,32716
3517170,16,32694
3517430,15,32682
3517430,16,32702
3517683,15,32696
3517683,16,32690
3517936,15,32676
3517936,16,32686
3518192,15,32693
3518192,16,32692
3518444,15,32677
3518444,16,32688
3518702,15,32705
3518702,16,32692
3518960,15,32694
3518960,16,32689
3519168,15,32674
3519168,16,32688
3519422,15,32682
3519422,16,32689
3519679,15,32710
3519679,16,32686
3519935,15,32686
3519935,16,32679
3520190,15,32682
3520190,16,32702
3520444,15,32681
3520444,16,32678
3520701,15,32682
3520701,16,32684
3520955,15,32686
3520955,16,32688
3521166,15,32687
3521166,16,32679
3521422,15,32692
3521422,16,32688
3521677,15,32681
3521677,16,32676
3521932,15,32694
3521932,16,32698
3522188,15,32685
3522188,16,32693
3522444,15,32689
3522444,16,32704
3522698,15,32692
3522698,16,32694
3522954,15,32695
3522954,16,32686
3523207,15,32699
3523207,16,32681
3523420,15,32687
3523420,16,32681
3523677,15,32682
3523677,16,32674
3523929,15,32694
3523929,16,32691
3524184,15,32686
3524184,16,32696
3524441,15,32679
3524441,16,32694
3524693,15,32682
3524693,16,32674
3524947,15,32703
3524947,16,32698
3525207,15,32685
3525207,16,32702
3525416,15,32685
3525416,16,32682
3525674,15,32696
3525674,16,32698
3525928,15,32677
3525928,16,32698
3526184,15,32694
3526184,16,32687
3526436,15,32685
3526436,16,32700
3526694,15,32692
3526694,16,32692
3526948,15,32710
3526948,16,32689
3527202,15,32676
3527202,16,32697
3527458,15,32673
3527458,16,32692
3527672,15,32687
3527672,16,32677
3527927,15,32688
3527927,16,32689
3528182,15,32694
3528182,16,32685
3528436,15,32691
3528436,16,32683
3528689,15,32667
3528689,16,32683
3528946,15,32679
3528946,16,32672
3529199,15,32690
3529199,16,32698
3529457,15,32684
3529457,16,32676
3529668,15,32690
3529668,16,32699
3529921,15,32700
3529921,16,32673
3530177,15,32692
3530177,16,32672
3530434,15,32679
3530434,16,32693
3530685,15,32670
3530685,16,32710
3530941,15,32684
3530941,16,32704
3531197,15,32685
3531197,16,32676
3531453,15,32681
3531453,16,32680
3531708,15,32682
3531708,16,32690
3531920,15,32690
3531920,16,32677
3532176,15,32678
3532176,16,32687
3532428,15,32657
3532428,16,32686
3532687,15,32688
3532687,16,32689
3532940,15,32692
3532940,16,32712
3533195,15,32705
3533195,16,32683
3533450,15,32705
3533450,16,32686
3533703,15,32670
3533703,16,32681
3533920,15,32700
3533920,16,32695
3534170,15,32694
3534170,16,32694
3534426,15,32685
3534426,16,32686
3534682,15,32694
3534682,16,32690
3534934,15,32684
3534934,16,32674
3535195,15,32678
3535195,16,32677
3535449,15,32688
3535449,16,32701
3535703,15,32704
3535703,16,32674
3535960,15,32691
3535960,16,32701
3536170,15,32690
3536170,16,32693
3536426,15,32700
3536426,16,32701
3536682,15,32686
3536682,16,32697
3536936,15,32685
3536936,16,32694
3537190,15,32694
3537190,16,32704
3537445,15,32697
3537445,16,32680
3537698,15,32667
3537698,16,32705
3537954,15,32698
3537954,16,32683
3538168,15,32694
3538168,16,32689
3538423,15,32698
3538423,16,32695
3538678,15,32697
3538678,16,32696
3538933,15,32696
3538933,16,32695
3539187,15,32704
3539187,16,32682
3539443,15,32706
3539443,16,32677
3539699,15,32691
3539699,16,32692
3539952,15,32697
3539952,16,32690
3540207,15,32688
3540207,16,32698
3540417,15,32690
3540417,16,32687
3540677,15,32689
3540677,16,32692
3540929,15,32691
3540929,16,32677
3541186,15,32686
3541186,16,32692
3541442,15,32694
3541442,16,32697
3541695,15,32691
3541695,16,32698
3541950,15,32690
3541950,16,32697
3542204,15,32688
3542204,16,32676
3542417,15,32693
3542417,16,32708
3542673,15,32686
3542673,16,32697
3542926,15,32702
3542926,16,32699
3543183,15,32692
3543183,16,32686
3543438,15,32676
3543438,16,32681
3543693,15,32680
3543693,16,32689
3543948,15,32694
3543948,16,32686
3544206,15,32678
3544206,16,32675
3544456,15,32701
3544456,16,32698
3544668,15,32689
3544668,16,32691
3544923,15,32706
3544923,16,32693
3545182,15,32682
3545182,16,32697
3545436,15,32693
3545436,16,32698
3545689,15,32703
3545689,16,32673
3545946,15,32683
3545946,16,32691
3546200,15,32685
3546200,16,32692
3546458,15,32706
3546458,16,32705
3546668,15,32685
3546668,16,32689
3546923,15,32706
3546923,16,32698
3547178,15,32700
3547178,16,32700
3547431,15,32689
3547431,16,32686
3547689,15,32716
3547689,16,32697
3547942,15,32701
3547942,16,32699
3548197,15,32689
3548197,16,32684
3548452,15,32675
3548452,16,32702
3548708,15,32708
3548708,16,32665
3548922,15,32692
3548922,16,32685
3549174,15,32690
3549174,16,32692
3549432,15,32691
3549432,16,32690
3549684,15,32681
3549684,16,32688
3549938,15,32689
3549938,16,32691
3550195,15,32682
3550195,16,32674
3550453,15,32693
3550453,16,32700
3550706,15,32682
3550706,16,32695
3550916,15,32689
3550916,16,32687
3551172,15,32689
3551172,16,32678
3551427,15,32699
3551427,16,32702
3551683,15,32662
3551683,16,32697
3551939,15,32687
3551939,16,32691
3552192,15,32685
3552192,16,32672
3552447,15,32698
3552447,16,32688
3552700,15,32687
3552700,16,32687
3552958,15,32681
3552958,16,32690
3553168,15,32685
3553168,16,32702
3553426,15,32691
3553426,16,32690
3553680,15,32685
3553680,16,32684
3553935,15,32685
3553935,16,32694
3554190,15,32688
3554190,16,32697
3554445,15,32683
3554445,16,32665
3554699,15,32680
3554699,16,32671
3554955,15,32675
3554955,16,32676
3555168,15,32692
3555168,16,32684
3555423,15,32698
3555423,16,32696
3555677,15,32683
3555677,16,32674
3555934,15,32708
3555934,16,32704
3556187,15,32691
3556187,16,32699
3556442,15,32688
3556442,16,32709
3556698,15,32688
3556698,16,32672
3556956,15,32694
3556956,16,32693
3557206,15,32691
3557206,16,32678
3557419,15,32684
3557419,16,32669
3557677,15,32687
3557677,16,32683
3557931,15,32697
3557931,16,32700
3558186,15,32690
3558186,16,32691
3558438,15,32697
3558438,16,32671
3558696,15,32690
3558696,16,32687
3558950,15,32686
3558950,16,32675
3559204,15,32710
3559204,16,32676
3559418,15,32674
3559418,16,32671
3559674,15,32695
3559674,16,32712
3559927,15,32698
3559927,16,32697
3560182,15,32679
3560182,16,32683
3560437,15,32687
3560437,16,32685
3560693,15,32697
3560693,16,32702
3560947,15,32677
3560947,16,32659
3561203,15,32690
3561203,16,32686
3561456,15,32667
3561456,16,32693
3561674,15,32697
3561674,16,32682
3561924,15,32696
3561924,16,32680
3562177,15,32694
3562177,16,32688
3562434,15,32701
3562434,16,32694
3562689,15,32681
3562689,16,32701
3562946,15,32672
3562946,16,32676
3563200,15,32685
3563200,16,32703
3563453,15,32689
3563453,16,32689
3563670,15,32677
3563670,16,32662
3563923,15,32702
3563923,16,32706
3564176,15,32701
3564176,16,32675
3564431,15,32697
3564431,16,32692
3564688,15,32716
3564688,16,32693
3564943,15,32691
3564943,16,32700
3565198,15,32704
3565198,16,32672
3565453,15,32679
3565453,16,32684
3565707,15,32688
3565707,16,32681
3565920,15,32660
3565920,16,32695
3566177,15,32684
3566177,16,32696
3566428,15,32703
3566428,16,32674
3566683,15,32711
3566683,16,32694
3566938,15,32674
3566938,16,32675
3567192,15,32678
3567192,16,32680
3567453,15,32685
3567453,16,32683
3567706,15,32696
3567706,16,32689
3567917,15,32680
3567917,16,32707
3568173,15,32687
3568173,16,32687
3568429,15,32688
3568429,16,32699
3568679,15,32695
3568679,16,32689
3568936,15,32694
3568936,16,32674
3569193,15,32703
3569193,16,32680
3569448,15,32689
3569448,16,32676
3569704,15,32703
3569704,16,32690
3569955,15,32709
3569955,16,32688
3570170,15,32691
3570170,16,32691
3570424,15,32686
3570424,16,32685
3570680,15,32686
3570680,16,32693
3570935,15,32688
3570935,16,32680
3571191,15,32690
3571191,16,32699
3571445,15,32691
3571445,16,32714
3571698,15,32693
3571698,16,32693
3571956,15,32688
3571956,16,32697
3572167,15,32699
3572167,16,32692
3572423,15,32689
3572423,16,32672
3572675,15,32676
3572675,16,32688
3572935,15,32676
3572935,16,32687
3573187,15,32696
3573187,16,32692
3573442,15,32683
3573442,16,32674
3573697,15,32685
3573697,16,32696
3573950,15,32693
3573950,16,32679
3574209,15,32704
3574209,16,32694
3574421,15,32680
3574421,16,32687
3574674,15,32675
3574674,16,32682
3574926,15,32683
3574926,16,32694
3575186,15,32684
3575186,16,32703
3575440,15,32693
3575440,16,32701
3575699,15,32697
3575699,16,32704
3575946,15,32689
3575946,16,32689
3576207,15,32699
3576207,16,32671
3576416,15,32671
3576416,16,32678
3576673,15,32687
3576673,16,32675
3576926,15,32674
3576926,16,32683
3577181,15,32700
3577181,16,32708
3577436,15,32692
3577436,16,32699
3577693,15,32691
3577693,16,32707
3577946,15,32696
3577946,16,32701
3578204,15,32687
3578204,16,32689
3578456,15,32662
3578456,16,32701
3578670,15,32687
3578670,16,32684
3578926,15,32692
3578926,16,32691
3579180,15,32713
3579180,16,32687
3579435,15,32670
3579435,16,32693
3579691,15,32686
3579691,16,32682
3579945,15,32669
3579945,16,32696
3580200,15,32694
3580200,16,32687
3580455,15,32673
3580455,16,32671
3580667,15,32680
3580667,16,32691
3580921,15,32692
3580921,16,32686
3581176,15,32685
3581176,16,32696
3581432,15,32686
3581432,16,32684
3581686,15,32709
3581686,16,32693
3581943,15,32675
3581943,16,32676
3582195,15,32706
3582195,16,32705
3582448,15,32710
3582448,16,32702
3582710,15,32694
3582710,16,32693
3582919,15,32694
3582919,16,32669
3583177,15,32698
3583177,16,32715
3583426,15,32688
3583426,16,32693
3583686,15,32687
3583686,16,32674
3583937,15,32692
3583937,16,32688
3584196,15,32696
3584196,16,32679
3584449,15,32668
3584449,16,32690
3584707,15,32664
3584707,16,32662
3584917,15,32696
3584917,16,32695
3585174,15,32676
3585174,16,32675
3585430,15,32699
3585430,16,32691
3585685,15,32698
3585685,16,32688
3585936,15,32689
3585936,16,32688
3586190,15,32711
3586190,16,32705
3586449,15,32711
3586449,16,32675
3586704,15,32708
3586704,16,32686
3586959,15,32684
3586959,16,32714
3587170,15,32664
3587170,16,32692
3587426,15,32689
3587426,16,32698
3587681,15,32674
3587681,16,32684
3587935,15,32693
3587935,16,32689
3588191,15,32687
3588191,16,32677
3588443,15,32708
3588443,16,32701
3588703,15,32685
3588703,16,32699
3588954,15,32691
3588954,16,32687
3589165,15,32679
3589165,16,32699
3589423,15,32682
3589423,16,32687
3589677,15,32679
3589677,16,32701
3589931,15,32687
3589931,16,32699
3590186,15,32678
3590186,16,32674
3590444,15,32687
3590444,16,32692
3590696,15,32686
3590696,16,32692
3590952,15,32695
3590952,16,32683
3591206,15,32691
3591206,16,32693
3591420,15,32704
3591420,16,32675
3591675,15,32664
3591675,16,32686
3591932,15,32703
3591932,16,32707
3592186,15,32674
3592186,16,32700
3592443,15,32676
3592443,16,32678
3592695,15,32692
3592695,16,32686
3592950,15,32684
3592950,16,32695
3593205,15,32694
3593205,16,32706
3593417,15,32678
3593417,16,32679
3593672,15,32691
3593672,16,32681
3593926,15,32695
3593926,16,32680
3594182,15,32687
3594182,16,32685
3594438,15,32701
3594438,16,32706
3594692,15,32676
3594692,16,32708
3594949,15,32706
3594949,16,32686
3595201,15,32681
3595201,16,32672
3595454,15,32690
3595454,16,32676
3595671,15,32669
3595671,16,32696
3595924,15,32694
3595924,16,32690
3596179,15,32675
3596179,16,32684
3596437,15,32681
3596437,16,32699
3596690,15,32697
3596690,16,32691
3596946,15,32685
3596946,16,32687
3597201,15,32689
3597201,16,32698
3597454,15,32700
3597454,16,32679
3597666,15,32677
3597666,16,32703
3597924,15,32685
3597924,16,32690
3598179,15,32701
3598179,16,32685
3598435,15,32694
3598435,16,32667
3598686,15,32676
3598686,16,32684
3598943,15,32697
3598943,16,32694
3599198,15,32695
3599198,16,32685
3599451,15,32690
3599451,16,32689
3599707,15,32697
3599707,16,32698
3599921,15,32698
3599921,16,32680
3600174,15,32698
3600174,16,32682
3600432,15,32667
3600432,16,32688
3600684,15,32676
3600684,16,32669
3600941,15,32701
3600941,16,32692
3601197,15,32674
3601197,16,32700
3601450,15,32693
3601450,16,32684
3601702,15,32672
3601702,16,32692
3601917,15,32696
3601917,16,32667
3602172,15,32669
3602172,16,32695
3602427,15,32694
3602427,16,32687
3602682,15,32688
3602682,16,32698
3602940,15,32684
3602940,16,32673
3603192,15,32683
3603192,16,32709
3603447,15,32676
3603447,16,32704
3603705,15,32676
3603705,16,32703
3603957,15,32668
3603957,16,32688
3604169,15,32661
3604169,16,32699
3604425,15,32678
3604425,16,32691
3604679,15,32688
3604679,16,32705
3604933,15,32717
3604933,16,32689
3605192,15,32675
3605192,16,32683
3605443,15,32681
3605443,16,32700
3605700,15,32684
3605700,16,32678
3605959,15,32684
3605959,16,32694
3606166,15,32685
3606166,16,32678
3606426,15,32678
3606426,16,32690
3606679,15,32681
3606679,16,32701
3606932,15,32676
3606932,16,32665
3607187,15,32684
3607187,16,32677
3607443,15,32694
3607443,16,32672
3607697,15,32689
3607697,16,32679
3607952,15,32709
3607952,16,32695
3608207,15,32700
3608207,16,32686
3608419,15,32684
3608419,16,32671
3608679,15,32699
3608679,16,32683
3608930,15,32681
3608930,16,32691
3609188,15,32694
3609188,16,32683
3609439,15,32696
3609439,16,32684
3609695,15,32685
3609695,16,32705
3609951,15,32687
3609951,16,32672
3610205,15,32681
3610205,16,32699
3610418,15,32665
3610418,16,32687
3610672,15,32685
3610672,16,32698
3610928,15,32697
3610928,16,32684
3611181,15,32695
3611181,16,32680
3611434,15,32670
3611434,16,32675
3611690,15,32694
3611690,16,32699
3611946,15,32681
3611946,16,32686
3612205,15,32685
3612205,16,32704
3612460,15,32673
3612460,16,32686
3612672,15,32690
3612672,16,32723
3612924,15,32662
3612924,16,32680
3613183,15,32675
3613183,16,32705
3613435,15,32690
3613435,16,32670
3613690,15,32698
3613690,16,32684
3613947,15,32698
3613947,16,32690
3614201,15,32695
3614201,16,32678
3614457,15,32683
3614457,16,32691
3614666,15,32693
3614666,16,32682
3614923,15,32678
3614923,16,32701
3615179,15,32691
3615179,16,32698
3615434,15,32711
3615434,16,32675
3615687,15,32675
3615687,16,32688
3615945,15,32691
3615945,16,32670
3616196,15,32692
3616196,16,32682
3616452,15,32685
3616452,16,32686
3616706,15,32712
3616706,16,32692
3616921,15,32691
3616921,16,32670
3617175,15,32721
3617175,16,32688
3617429,15,32685
3617429,16,32690
3617685,15,32686
3617685,16,32686
3617940,15,32687
3617940,16,32709
3618195,15,32674
3618195,16,32711
3618450,15,32677
3618450,16,32694
3618707,15,32697
3618707,16,32685
3618918,15,32669
3618918,16,32686
3619172,15,32694
3619172,16,32688
3619429,15,32687
3619429,16,32680
3619683,15,32690
3619683,16,32683
3619936,15,32666
3619936,16,32676
3620191,15,32690
3620191,16,32698
3620448,15,32687
3620448,16,32687
3620702,15,32692
3620702,16,32683
3620958,15,32696
3620958,16,32694
3621170,15,32696
3621170,16,32702
3621424,15,32699
3621424,16,32672
3621679,15,32689
3621679,16,32700
3621936,15,32676
3621936,16,32709
3622188,15,32675
3622188,16,32696
3622445,15,32689
3622445,16,32691
3622701,15,32684
3622701,16,32702
3622955,15,32686
3622955,16,32682
3623167,15,32688
3623167,16,32701
3623425,15,32693
3623425,16,32692
3623675,15,32693
3623675,16,32685
3623930,15,32676
3623930,16,32695
3624188,15,32707
3624188,16,32698
3624443,15,32691
3624443,16,32705
3624698,15,32678
3624698,16,32693
3624952,15,32716
3624952,16,32698
3625209,15,32702
3625209,16,32694
3625420,15,32702
3625420,16,32677
3625676,15,32685
3625676,16,32682
3625927,15,32696
3625927,16,32699
3626185,15,32693
3626185,16,32688
3626439,15,32687
3626439,16,32676
3626694,15,32681
3626694,16,32681
3626950,15,32712
3626950,16,32678
3627206,15,32690
3627206,16,32677
3627420,15,32698
3627420,16,32703
3627673,15,32691
3627673,16,32674
3627927,15,32696
3627927,16,32700
3628186,15,32677
3628186,16,32682
3628440,15,32691
3628440,16,32705
3628691,15,32700
3628691,16,32688
3628949,15,32681
3628949,16,32724
3629201,15,32682
3629201,16,32699
3629455,15,32695
3629455,16,32690
3629668,15,32693
3629668,16,32686
3629926,15,32690
3629926,16,32689
3630179,15,32685
3630179,16,32705
3630436,15,32693
3630436,16,32692
3630690,15,32691
3630690,16,32690
3630945,15,32688
3630945,16,32699
3631200,15,32688
3631200,16,32679
3631456,15,32693
3631456,16,32670
3631669,15,32674
3631669,16,32681
3631920,15,32689
3631920,16,32677
3632179,15,32669
3632179,16,32668
3632433,15,32688
3632433,16,32680
3632689,15,32693
3632689,16,32689
3632944,15,32690
3632944,16,32671
3633198,15,32672
3633198,16,32692
3633451,15,32701
3633451,16,32684
3633707,15,32687
3633707,16,32673
3633918,15,32701
3633918,16,32681
3634177,15,32681
3634177,16,32682
3634432,15,32701
3634432,16,32681
3634689,15,32684
3634689,16,32694
3634939,15,32686
3634939,16,32681
3635196,15,32682
3635196,16,32671
3635454,15,32679
3635454,16,32698
3635706,15,32695
3635706,16,32687
3635917,15,32677
3635917,16,32679
3636174,15,32685
3636174,16,32679
3636427,15,32678
3636427,16,32682
3636681,15,32682
3636681,16,32697
3636939,15,32686
3636939,16,32697
3637196,15,32686
3637196,16,32693
3637448,15,32667
3637448,16,32706
3637703,15,32691
3637703,16,32699
3637958,15,32702
3637958,16,32705
3638171,15,32694
3638171,16,32707
3638423,15,32699
3638423,16,32700
3638680,15,32675
3638680,16,32689
3638935,15,32698
3638935,16,32688
3639193,15,32671
3639193,16,32677
3639443,15,32703
3639443,16,32689
3639698,15,32665
3639698,16,32674
3639954,15,32694
3639954,16,32696
3640168,15,32681
3640168,16,32687
3640423,15,32675
3640423,16,32702
3640677,15,32669
3640677,16,32674
3640935,15,32681
3640935,16,32691
3641187,15,32681
3641187,16,32673
3641443,15,32690
3641443,16,32696
3641698,15,32681
3641698,16,32652
3641954,15,32684
3641954,16,32689
3642208,15,32671
3642208,16,32697
3642419,15,32691
3642419,16,32679
3642674,15,32680
3642674,16,32688
3642929,15,32688
3642929,16,32701
3643186,15,32689
3643186,16,32701
3643437,15,32703
3643437,16,32688
3643693,15,32689
3643693,16,32684
3643951,15,32690
3643951,16,32706
3644205,15,32661
3644205,16,32696
3644419,15,32676
3644419,16,32680
3644672,15,32679
3644672,16,32686
3644927,15,32677
3644927,16,32698
3645182,15,32682
3645182,16,32689
3645438,15,32688
3645438,16,32687
3645690,15,32687
3645690,16,32673
3645948,15,32680
3645948,16,32718
3646202,15,32694
3646202,16,32685
3646457,15,32688
3646457,16,32677
3646671,15,32701
3646671,16,32681
3646924,15,32699
3646924,16,32686
3647182,15,32690
3647182,16,32673
3647435,15,32679
3647435,16,32705
3647689,15,32688
3647689,16,32693
3647944,15,32681
3647944,16,32703
3648200,15,32683
3648200,16,32703
3648454,15,32678
3648454,16,32692
3648669,15,32687
3648669,16,32685
3648922,15,32675
3648922,16,32691
3649179,15,32663
3649179,16,32683
3649433,15,32692
3649433,16,32694
3649688,15,32700
3649688,16,32688
3649942,15,32673
3649942,16,32675
3650198,15,32692
3650198,16,32691
3650452,15,32698
3650452,16,32677
3650708,15,32670
3650708,16,32715
3650919,15,32697
3650919,16,32684
3651173,15,32692
3651173,16,32685
3651427,15,32689
3651427,16,32692
3651686,15,32670
3651686,16,32699
3651942,15,32680
3651942,16,32681
3652194,15,32668
3652194,16,32695
3652448,15,32682
3652448,16,32706
3652704,15,32705
3652704,16,32693
3652917,15,32678
3652917,16,32672
3653174,15,32686
3653174,16,32690
3653429,15,32680
3653429,16,32685
3653682,15,32693
3653682,16,32681
3653936,15,32708
3653936,16,32712
3654189,15,32696
3654189,16,32705
3654445,15,32694
3654445,16,32689
3654701,15,32688
3654701,16,32692
3654959,15,32689
3654959,16,32693
3655171,15,32691
3655171,16,32702
3655425,15,32676
3655425,16,32670
3655678,15,32684
3655678,16,32691
3655935,15,32700
3655935,16,32697
3656190,15,32695
3656190,16,32688
3656448,15,32694
3656448,16,32700
3656700,15,32686
3656700,16,32697
3656954,15,32680
3656954,16,32677
3657166,15,32716
3657166,16,32682
3657423,15,32683
3657423,16,32685
3657679,15,32681
3657679,16,32709
3657934,15,32711
3657934,16,32676
3658187,15,32698
3658187,16,32686
3658446,15,32686
3658446,16,32684
3658696,15,32700
3658696,16,32686
3658953,15,32690
3658953,16,32689
3659205,15,32689
3659205,16,32679
3659419,15,32684
3659419,16,32714
3659674,15,32707
3659674,16,32695
3659931,15,32692
3659931,16,32673
3660185,15,32688
3660185,16,32695
3660439,15,32695
3660439,16,32695
3660695,15,32677
3660695,16,32693
3660948,15,32676
3660948,16,32683
3661204,15,32698
3661204,16,32692
3661417,15,32685
3661417,16,32676
3661675,15,32686
3661675,16,32710
3661927,15,32689
3661927,16,32679
3662181,15,32693
3662181,16,32680
3662434,15,32707
3662434,16,32697
3662691,15,32693
3662691,16,32695
3662946,15,32693
3662946,16,32692
3663201,15,32695
3663201,16,32686
3663458,15,32670
3663458,16,32671
3663667,15,32677
3663667,16,32697
3663927,15,32697
3663927,16,32671
3664180,15,32680
3664180,16,32684
3664434,15,32671
3664434,16,32676
3664691,15,32685
3664691,16,32684
3664946,15,32684
3664946,16,32698
3665202,15,32684
3665202,16,32679
3665454,15,32694
3665454,16,32676
3665666,15,32685
3665666,16,32679
3665921,15,32686
3665921,16,32712
3666175,15,32679
3666175,16,32698
3666431,15,32695
3666431,16,32708
3666687,15,32690
3666687,16,32672
3666942,15,32699
3666942,16,32688
3667198,15,32676
3667198,16,32688
3667454,15,32679
3667454,16,32690
3667709,15,32696
3667709,16,32680
3667917,15,32695
3667917,16,32705
3668176,15,32692
3668176,16,32687
3668431,15,32667
3668431,16,32677
3668686,15,32684
3668686,16,32674
3668941,15,32712
3668941,16,32687
3669194,15,32690
3669194,16,32685
3669451,15,32685
3669451,16,32689
3669707,15,32681
3669707,16,32687
3669917,15,32703
3669917,16,32699
3670172,15,32692
3670172,16,32694
3670428,15,32682
3670428,16,32679
3670681,15,32710
3670681,16,32686
3670940,15,32694
3670940,16,32685
3671192,15,32693
3671192,16,32696
3671447,15,32693
3671447,16,32694
3671699,15,32671
3671699,16,32676
3671958,15,32682
3671958,16,32690
3672171,15,32668
3672171,16,32689
3672427,15,32701
3672427,16,32688
3672680,15,32710
3672680,16,32689
3672939,15,32693
3672939,16,32701
3673191,15,32705
3673191,16,32689
3673444,15,32681
3673444,16,32695
3673698,15,32674
3673698,16,32677
3673955,15,32696
3673955,16,32683
3674168,15,32693
3674168,16,32686
3674423,15,32694
3674423,16,32679
3674680,15,32685
3674680,16,32713
3674930,15,32682
3674930,16,32666
3675189,15,32682
3675189,16,32692
3675443,15,32678
3675443,16,32678
3675694,15,32704
3675694,16,32690
3675953,15,32687
3675953,16,32693
3676207,15,32692
3676207,16,32681
3676421,15,32685
3676421,16,32683
3676677,15,32700
3676677,16,32700
3676930,15,32684
3676930,16,32698
3677184,15,32704
3677184,16,32679
3677441,15,32696
3677441,16,32686
3677694,15,32684
3677694,16,32693
3677948,15,32698
3677948,16,32687
3678206,15,32685
3678206,16,32707
3678414,15,32694
3678414,16,32686
3678674,15,32679
3678674,16,32674
3678925,15,32697
3678925,16,32683
3679181,15,32667
3679181,16,32690
3679439,15,32684
3679439,16,32677
3679692,15,32693
3679692,16,32679
3679945,15,32703
3679945,16,32700
3680201,15,32703
3680201,16,32681
3680456,15,32691
3680456,16,32696
3680671,15,32691
3680671,16,32692
3680925,15,32698
3680925,16,32685
3681180,15,32688
3681180,16,32698
3681432,15,32691
3681432,16,32697
3681690,15,32676
3681690,16,32688
3681946,15,32681
3681946,16,32679
3682199,15,32694
3682199,16,32682
3682456,15,32674
3682456,16,32671
3682667,15,32675
3682667,16,32691
3682922,15,32689
3682922,16,32657
3683180,15,32681
3683180,16,32687
3683433,15,32692
3683433,16,32683
3683685,15,32699
3683685,16,32670
3683942,15,32696
3683942,16,32683
3684195,15,32679
3684195,16,32682
3684451,15,32690
3684451,16,32665
3684708,15,32704
3684708,16,32691
3684920,15,32674
3684920,16,32684
3685179,15,32693
3685179,16,32682
3685432,15,32687
3685432,16,32702
3685683,15,32679
3685683,16,32678
3685942,15,32686
3685942,16,32696
3686193,15,32690
3686193,16,32680
3686450,15,32696
3686450,16,32676
3686704,15,32672
3686704,16,32673
3686920,15,32699
3686920,16,32678
3687171,15,32673
3687171,16,32689
3687428,15,32678
3687428,16,32685
3687683,15,32679
3687683,16,32668
3687936,15,32688
3687936,16,32690
3688193,15,32668
3688193,16,32689
3688449,15,32681
3688449,16,32683
3688703,15,32688
3688703,16,32694
3688957,15,32690
3688957,16,32690
3689168,15,32660
3689168,16,32688
3689424,15,32681
3689424,16,32699
3689680,15,32703
3689680,16,32702
3689934,15,32680
3689934,16,32689
3690190,15,32689
3690190,16,32709
3690446,15,32699
3690446,16,32666
3690701,15,32691
3690701,16,32678
3690953,15,32674
3690953,16,32679
3691167,15,32686
3691167,16,32699
3691424,15,32704
3691424,16,32678
3691677,15,32671
3691677,16,32697
3691931,15,32696
3691931,16,32683
3692185,15,32705
3692185,16,32697
3692444,15,32681
3692444,16,32678
3692699,15,32691
3692699,16,32679
3692953,15,32681
3692953,16,32693
3693208,15,32686
3693208,16,32682
3693420,15,32677
3693420,16,32683
3693674,15,32695
3693674,16,32690
3693929,15,32705
3693929,16,32694
3694185,15,32690
3694185,16,32682
3694442,15,32696
3694442,16,32666
3694693,15,32688
3694693,16,32698
3694949,15,32693
3694949,16,32666
3695202,15,32687
3695202,16,32699
3695416,15,32678
3695416,16,32696
3695670,15,32695
3695670,16,32684
3695929,15,32709
3695929,16,32679
3696185,15,32693
3696185,16,32685
3696436,15,32679
3696436,16,32703
3696693,15,32664
3696693,16,32674
3696948,15,32685
3696948,16,32679
3697203,15,32708
3697203,16,32688
3697460,15,32708
3697460,16,32691
3697671,15,32687
3697671,16,32681
3697923,15,32694
3697923,16,32705
3698181,15,32679
3698181,16,32685
3698437,15,32686
3698437,16,32686
3698689,15,32691
3698689,16,32691
3698945,15,32689
3698945,16,32706
3699199,15,32691
3699199,16,32682
3699454,15,32688
3699454,16,32691
3699667,15,32681
3699667,16,32688
3699920,15,32680
3699920,16,32695
3700174,15,32688
3700174,16,32674
3700431,15,32694
3700431,16,32682
3700689,15,32698
3700689,16,32699
3700943,15,32694
3700943,16,32684
3701197,15,32680
3701197,16,32693
3701452,15,32701
3701452,16,32685
3701707,15,32676
3701707,16,32681
3701925,15,32701
3701925,16,32697
3702173,15,32673
3702173,16,32662
3702431,15,32679
3702431,16,32705
3702684,15,32672
3702684,16,32695
3702941,15,32686
3702941,16,32694
3703195,15,32692
3703195,16,32692
3703450,15,32688
3703450,16,32696
3703705,15,32703
3703705,16,32695
3703917,15,32686
3703917,16,32704
3704174,15,32679
3704174,16,32691
3704428,15,32693
3704428,16,32682
3704683,15,32674
3704683,16,32700
3704938,15,32680
3704938,16,32710
3705191,15,32694
3705191,16,32698
3705445,15,32702
3705445,16,32684
3705705,15,32702
3705705,16,32686
3705958,15,32684
3705958,16,32700
3706169,15,32676
3706169,16,32710
3706424,15,32691
3706424,16,32681
3706680,15,32703
3706680,16,32677
3706935,15,32694
3706935,16,32703
3707189,15,32690
3707189,16,32701
3707446,15,32669
3707446,16,32694
3707699,15,32679
3707699,16,32697
3707956,15,32696
3707956,16,32673
3708169,15,32694
3708169,16,32697
3708424,15,32672
3708424,16,32685
3708676,15,32675
3708676,16,32704
3708932,15,32676
3708932,16,32686
3709186,15,32707
3709186,16,32693
3709442,15,32680
3709442,16,32671
3709700,15,32678
3709700,16,32691
3709954,15,32698
3709954,16,32692
3710208,15,32672
3710208,16,32693
3710417,15,32703
3710417,16,32687
3710675,15,32672
3710675,16,32668
3710931,15,32694
3710931,16,32684
3711184,15,32667
3711184,16,32695
3711440,15,32686
3711440,16,32677
3711696,15,32693
3711696,16,32705
3711949,15,32682
3711949,16,32682
3712206,15,32686
3712206,16,32707
3712419,15,32713
3712419,16,32669
3712675,15,32664
3712675,16,32685
3712929,15,32687
3712929,16,32676
3713184,15,32681
3713184,16,32702
3713436,15,32674
3713436,16,32708
3713692,15,32689
3713692,16,32679
3713946,15,32684
3713946,16,32696
3714200,15,32701
3714200,16,32699
3714458,15,32680
3714458,16,32682
3714670,15,32683
3714670,16,32691
3714926,15,32685
3714926,16,32712
3715181,15,32691
3715181,16,32699
3715436,15,32674
3715436,16,32689
3715688,15,32685
3715688,16,32674
3715945,15,32703
3715945,16,32700
3716201,15,32687
3716201,16,32676
3716454,15,32669
3716454,16,32709
3716666,15,32685
3716666,16,32699
3716923,15,32698
3716923,16,32684
3717178,15,32702
3717178,16,32676
3717435,15,32685
3717435,16,32669
3717688,15,32680
3717688,16,32692
3717941,15,32687
3717941,16,32675
3718198,15,32701
3718198,16,32699
3718452,15,32683
3718452,16,32706
3718706,15,32699
3718706,16,32686
3718919,15,32688
3718919,16,32694
3719174,15,32689
3719174,16,32695
3719431,15,32693
3719431,16,32688
3719683,15,32668
3719683,16,32680
3719940,15,32687
3719940,16,32679
3720195,15,32684
3720195,16,32696
3720448,15,32683
3720448,16,32674
3720702,15,32695
3720702,16,32689
3720914,15,32679
3720914,16,32690
3721172,15,32690
3721172,16,32686
3721429,15,32677
3721429,16,32707
3721683,15,32693
3721683,16,32682
3721938,15,32687
3721938,16,32699
3722193,15,32697
3722193,16,32692
3722447,15,32680
3722447,16,32682
3722703,15,32693
3722703,16,32710
3722955,15,32698
3722955,16,32716
3723168,15,32680
3723168,16,32687
3723425,15,32694
3723425,16,32689
3723681,15,32708
3723681,16,32691
3723934,15,32700
3723934,16,32697
3724189,15,32675
3724189,16,32697
3724444,15,32703
3724444,16,32680
3724701,15,32684
3724701,16,32686
3724953,15,32697
3724953,16,32667
3725167,15,32669
3725167,16,32691
3725424,15,32686
3725424,16,32703
3725677,15,32691
3725677,16,32700
3725931,15,32705
3725931,16,32693
3726186,15,32700
3726186,16,32695
3726441,15,32674
3726441,16,32677
3726700,15,32680
3726700,16,32705
3726951,15,32685
3726951,16,32674
3727206,15,32664
3727206,16,32683
3727420,15,32683
3727420,16,32684
3727673,15,32695
3727673,16,32700
3727930,15,32669
3727930,16,32700
3728185,15,32676
3728185,16,32679
3728441,15,32699
3728441,16,32697
3728695,15,32680
3728695,16,32706
3728950,15,32685
3728950,16,32689
3729205,15,32676
3729205,16,32688
3729416,15,32686
3729416,16,32697
3729673,15,32705
3729673,16,32681
3729928,15,32681
3729928,16,32708
3730184,15,32705
3730184,16,32674
3730437,15,32678
3730437,16,32675
3730692,15,32691
3730692,16,32691
3730947,15,32679
3730947,16,32687
3731199,15,32691
3731199,16,32698
3731459,15,32674
3731459,16,32685
3731672,15,32674
3731672,16,32689
3731922,15,32668
3731922,16,32670
3732180,15,32686
3732180,16,32687
3732434,15,32686
3732434,16,32695
3732688,15,32692
3732688,16,32682
3732944,15,32689
3732944,16,32684
3733201,15,32686
3733201,16,32678
3733454,15,32698
3733454,16,32694
3733669,15,32681
3733669,16,32701
3733921,15,32708
3733921,16,32701
3734178,15,32716
3734178,16,32674
3734433,15,32696
3734433,16,32685
3734686,15,32697
3734686,16,32675
3734942,15,32699
3734942,16,32673
3735195,15,32683
3735195,16,32680
3735454,15,32689
3735454,16,32698
3735708,15,32698
3735708,16,32691
3735921,15,32689
3735921,16,32683
3736176,15,32699
3736176,16,32680
3736432,15,32675
3736432,16,32675
3736685,15,32669
3736685,16,32701
3736939,15,32681
3736939,16,32675
3737195,15,32689
3737195,16,32688
3737449,15,32674
3737449,16,32679
3737704,15,32707
3737704,16,32695
3737918,15,32700
3737918,16,32685
3738172,15,32692
3738172,16,32683
3738428,15,32701
3738428,16,32682
3738682,15,32702
3738682,16,32686
3738938,15,32688
3738938,16,32686
3739191,15,32691
3739191,16,32711
3739446,15,32702
3739446,16,32681
3739704,15,32694
3739704,16,32684
3739958,15,32690
3739958,16,32710
3740170,15,32693
3740170,16,32691
3740425,15,32680
3740425,16,32690
3740679,15,32681
3740679,16,32676
3740935,15,32702
3740935,16,32678
3741189,15,32669
3741189,16,32685
3741445,15,32689
3741445,16,32682
3741699,15,32676
3741699,16,32690
3741954,15,32685
3741954,16,32699
3742167,15,32693
3742167,16,32679
3742421,15,32675
3742421,16,32699
3742673,15,32678
3742673,16,32678
3742933,15,32689
3742933,16,32695
3743186,15,32684
3743186,16,32701
3743443,15,32691
3743443,16,32702
3743698,15,32692
3743698,16,32676
3743953,15,32682
3743953,16,32687
3744208,15,32685
3744208,16,32715
3744421,15,32692
3744421,16,32690
3744673,15,32676
3744673,16,32678
3744931,15,32686
3744931,16,32682
3745184,15,32701
3745184,16,32688
3745441,15,32697
3745441,16,32689
3745695,15,32685
3745695,16,32676
3745950,15,32694
3745950,16,32697
3746206,15,32702
3746206,16,32699
3746417,15,32692
3746417,16,32689
3746673,15,32678
3746673,16,32699
3746926,15,32683
3746926,16,32690
3747183,15,32696
3747183,16,32691
3747438,15,32688
3747438,16,32673
3747697,15,32710
3747697,16,32689
3747948,15,32685
3747948,16,32701
3748201,15,32686
3748201,16,32692
3748458,15,32697
3748458,16,32672
3748673,15,32691
3748673,16,32686
3748923,15,32689
3748923,16,32700
3749181,15,32682
3749181,16,32686
3749437,15,32700
3749437,16,32690
3749689,15,32692
3749689,16,32694
3749944,15,32677
3749944,16,32681
3750201,15,32692
3750201,16,32701
3750452,15,32700
3750452,16,32702
3750667,15,32693
3750667,16,32691
3750924,15,32686
3750924,16,32684
3751175,15,32690
3751175,16,32697
3751430,15,32683
3751430,16,32687
3751689,15,32682
3751689,16,32684
3751941,15,32658
3751941,16,32686
3752200,15,32693
3752200,16,32691
3752454,15,32692
3752454,16,32681
3752708,15,32702
3752708,16,32685
3752923,15,32695
3752923,16,32702
3753174,15,32690
3753174,16,32688
3753433,15,32684
3753433,16,32673
3753687,15,32678
3753687,16,32706
3753942,15,32686
3753942,16,32702
3754195,15,32694
3754195,16,32696
3754452,15,32682
3754452,16,32685
3754704,15,32683
3754704,16,32684
3754918,15,32698
3754918,16,32693
3755172,15,32687
3755172,16,32696
3755427,15,32685
3755427,16,32679
3755682,15,32699
3755682,16,32679
3755939,15,32682
3755939,16,32657
3756189,15,32693
3756189,16,32682
3756449,15,32698
3756449,16,32685
3756703,15,32679
3756703,16,32696
3756956,15,32679
3756956,16,32665
3757171,15,32688
3757171,16,32696
3757428,15,32710
3757428,16,32683
3757678,15,32692
3757678,16,32685
3757936,15,32692
3757936,16,32694
3758191,15,32675
3758191,16,32707
3758447,15,32689
3758447,16,32674
3758699,15,32680
3758699,16,32675
3758957,15,32687
3758957,16,32691
3759165,15,32674
3759165,16,32693
3759421,15,32694
3759421,16,32672
3759679,15,32700
3759679,16,32673
3759932,15,32678
3759932,16,32688
3760185,15,32700
3760185,16,32687
3760444,15,32693
3760444,16,32694
3760698,15,32694
3760698,16,32675
3760953,15,32689
3760953,16,32700
3761211,15,32682
3761211,16,32676
3761419,15,32707
3761419,16,32668
3761675,15,32692
3761675,16,32669
3761931,15,32684
3761931,16,32697
3762183,15,32682
3762183,16,32666
3762441,15,32688
3762441,16,32697
3762692,15,32702
3762692,16,32700
3762951,15,32699
3762951,16,32687
3763205,15,32701
3763205,16,32689
3763420,15,32670
3763420,16,32719
3763674,15,32701
3763674,16,32699
3763928,15,32673
3763928,16,32706
3764182,15,32686
3764182,16,32686
3764437,15,32684
3764437,16,32681
3764692,15,32678
3764692,16,32697
3764950,15,32681
3764950,16,32693
3765202,15,32676
3765202,16,32684
3765457,15,32672
3765457,16,32671
3765669,15,32688
3765669,16,32679
3765929,15,32704
3765929,16,32685
3766178,15,32690
3766178,16,32697
3766433,15,32707
3766433,16,32677
3766688,15,32677
3766688,16,32689
3766944,15,32676
3766944,16,32694
3767199,15,32677
3767199,16,32687
3767453,15,32689
3767453,16,32696
3767668,15,32692
3767668,16,32701
3767926,15,32687
3767926,16,32696
3768175,15,32700
3768175,16,32711
3768431,15,32702
3768431,16,32687
3768688,15,32675
3768688,16,32677
3768943,15,32699
3768943,16,32698
3769196,15,32684
3769196,16,32688
3769452,15,32667
3769452,16,32684
3769709,15,32687
3769709,16,32683
3769919,15,32685
3769919,16,32692
3770174,15,32683
3770174,16,32688
3770430,15,32672
3770430,16,32699
3770685,15,32700
3770685,16,32698
3770941,15,32682
3770941,16,32709
3771194,15,32695
3771194,16,32693
3771454,15,32686
3771454,16,32700
3771707,15,32695
3771707,16,32691
3771915,15,32674
3771915,16,32689
3772170,15,32676
3772170,16,32675
3772427,15,32680
3772427,16,32691
3772681,15,32685
3772681,16,32684
3772936,15,32703
3772936,16,32682
3773192,15,32689
3773192,16,32690
3773448,15,32707
3773448,16,32688
3773701,15,32692
3773701,16,32715
3773957,15,32681
3773957,16,32687
3774172,15,32681
3774172,16,32688
3774426,15,32682
3774426,16,32705
3774680,15,32700
3774680,16,32687
3774934,15,32678
3774934,16,32688
3775191,15,32694
3775191,16,32677
3775446,15,32675
3775446,16,32701
3775702,15,32700
3775702,16,32691
3775955,15,32698
3775955,16,32692
3776168,15,32695
3776168,16,32693
3776422,15,32680
3776422,16,32679
3776678,15,32682
3776678,16,32711
3776935,15,32667
3776935,16,32680
3777187,15,32694
3777187,16,32698
3777443,15,32690
3777443,16,32689
3777699,15,32688
3777699,16,32694
3777952,15,32695
3777952,16,32682
3778209,15,32679
3778209,16,32695
3778418,15,32687
3778418,16,32684
3778673,15,32685
3778673,16,32677
3778931,15,32700
3778931,16,32695
3779185,15,32676
3779185,16,32697
3779440,15,32677
3779440,16,32682
3779694,15,32669
3779694,16,32701
3779948,15,32712
3779948,16,32679
3780202,15,32689
3780202,16,32672
3780415,15,32679
3780415,16,32695
3780672,15,32688
3780672,16,32678
3780928,15,32702
3780928,16,32690
3781184,15,32697
3781184,16,32678
3781436,15,32686
3781436,16,32693
3781691,15,32684
3781691,16,32685
3781945,15,32675
3781945,16,32698
3782201,15,32689
3782201,16,32690
3782456,15,32681
3782456,16,32695
3782669,15,32685
3782669,16,32693
3782926,15,32703
3782926,16,32685
3783182,15,32691
3783182,16,32681
3783435,15,32701
3783435,16,32680
3783689,15,32681
3783689,16,32667
3783945,15,32693
3783945,16,32678
3784201,15,32693
3784201,16,32683
3784454,15,32689
3784454,16,32680
3784666,15,32672
3784666,16,32703
3784923,15,32709
3784923,16,32694
3785180,15,32693
3785180,16,32674
3785431,15,32697
3785431,16,32674
3785687,15,32683
3785687,16,32680
3785941,15,32698
3785941,16,32699
3786197,15,32700
3786197,16,32701
3786453,15,32684
3786453,16,32707
3786706,15,32683
3786706,16,32695
3786921,15,32697
3786921,16,32693
3787172,15,32679
3787172,16,32695
3787431,15,32674
3787431,16,32698
3787686,15,32699
3787686,16,32686
3787944,15,32677
3787944,16,32675
3788196,15,32685
3788196,16,32677
3788449,15,32700
3788449,16,32697
3788703,15,32692
3788703,16,32700
3788918,15,32688
3788918,16,32701
3789171,15,32695
3789171,16,32693
3789428,15,32683
3789428,16,32679
3789683,15,32678
3789683,16,32701
3789937,15,32688
3789937,16,32690
3790192,15,32701
3790192,16,32675
3790448,15,32681
3790448,16,32706
3790699,15,32696
3790699,16,32683
3790958,15,32687
3790958,16,32685
3791170,15,32698
3791170,16,32680
3791425,15,32685
3791425,16,32687
3791680,15,32681
3791680,16,32685
3791935,15,32697
3791935,16,32693
3792190,15,32712
3792190,16,32697
3792445,15,32678
3792445,16,32699
3792701,15,32671
3792701,16,32681
3792954,15,32670
3792954,16,32674
3793168,15,32714
3793168,16,32686
3793424,15,32678
3793424,16,32693
3793678,15,32685
3793678,16,32678
3793934,15,32677
3793934,16,32694
3794188,15,32698
3794188,16,32694
3794442,15,32711
3794442,16,32693
3794698,15,32666
3794698,16,32693
3794954,15,32692
3794954,16,32693
3795207,15,32691
3795207,16,32670
3795422,15,32676
3795422,16,32683
3795677,15,32689
3795677,16,32677
3795932,15,32704
3795932,16,32676
3796184,15,32696
3796184,16,32716
3796441,15,32691
3796441,16,32698
3796697,15,32687
3796697,16,32668
3796950,15,32694
3796950,16,32690
3797208,15,32695
3797208,16,32680
3797419,15,32708
3797419,16,32699
3797673,15,32679
3797673,16,32692
3797926,15,32679
3797926,16,32673
3798185,15,32691
3798185,16,32701
3798441,15,32707
3798441,16,32686
3798692,15,32675
3798692,16,32697
3798948,15,32689
3798948,16,32657
3799204,15,32700
3799204,16,32707
3799459,15,32683
3799459,16,32683
3799667,15,32682
3799667,16,32695
3799923,15,32678
3799923,16,32672
3800178,15,32695
3800178,16,32690
3800435,15,32696
3800435,16,32695
3800688,15,32679
3800688,16,32673
3800945,15,32687
3800945,16,32663
3801201,15,32679
3801201,16,32691
3801454,15,32689
3801454,16,32699
3801668,15,32690
3801668,16,32660
3801924,15,32704
3801924,16,32695
3802179,15,32682
3802179,16,32694
3802432,15,32693
3802432,16,32682
3802686,15,32691
3802686,16,32685
3802945,15,32689
3802945,16,32696
3803199,15,32703
3803199,16,32697
3803453,15,32707
3803453,16,32682
3803707,15,32703
3803707,16,32681
3803920,15,32696
3803920,16,32691
3804177,15,32697
3804177,16,32680
3804428,15,32707
3804428,16,32688
3804684,15,32702
3804684,16,32683
3804941,15,32675
3804941,16,32701
3805195,15,32689
3805195,16,32699
3805451,15,32693
3805451,16,32688
3805706,15,32688
3805706,16,32684
3805918,15,32695
3805918,16,32701
3806173,15,32689
3806173,16,32695
3806427,15,32711
3806427,16,32676
3806680,15,32700
3806680,16,32695
3806939,15,32696
3806939,16,32696
3807193,15,32700
3807193,16,32691
3807449,15,32669
3807449,16,32679
3807703,15,32678
3807703,16,32656
3807959,15,32679
3807959,16,32681
3808170,15,32688
3808170,16,32696
3808422,15,32693
3808422,16,32702
3808677,15,32704
3808677,16,32687
3808936,15,32696
3808936,16,32686
3809191,15,32688
3809191,16,32678
3809443,15,32704
3809443,16,32687
3809701,15,32703
3809701,16,32690
3809957,15,32685
3809957,16,32703
3810167,15,32670
3810167,16,32673
3810423,15,32683
3810423,16,32687
3810675,15,32703
3810675,16,32684
3810934,15,32690
3810934,16,32686
3811187,15,32703
3811187,16,32672
3811442,15,32682
3811442,16,32686
3811698,15,32683
3811698,16,32687
3811953,15,32671
3811953,16,32691
3812209,15,32681
3812209,16,32687
3812420,15,32701
3812420,16,32695
3812674,15,32671
3812674,16,32691
3812932,15,32678
3812932,16,32677
3813185,15,32686
3813185,16,32698
3813440,15,32676
3813440,16,32693
3813693,15,32680
3813693,16,32689
3813949,15,32695
3813949,16,32705
3814207,15,32692
3814207,16,32676
3814420,15,32692
3814420,16,32707
3814672,15,32710
3814672,16,32695
3814926,15,32679
3814926,16,32700
3815180,15,32696
3815180,16,32704
3815438,15,32686
3815438,16,32679
3815694,15,32674
3815694,16,32685
3815950,15,32696
3815950,16,32674
3816200,15,32666
3816200,16,32675
3816459,15,32709
3816459,16,32687
3816668,15,32700
3816668,16,32690
3816926,15,32690
3816926,16,32686
3817177,15,32688
3817177,16,32685
3817436,15,32673
3817436,16,32680
3817690,15,32682
3817690,16,32690
3817943,15,32665
3817943,16,32703
3818202,15,32687
3818202,16,32694
3818454,15,32676
3818454,16,32697
3818669,15,32680
3818669,16,32695
3818924,15,32698
3818924,16,32698
3819177,15,32699
3819177,16,32680
3819434,15,32701
3819434,16,32686
3819687,15,32684
3819687,16,32705
3819943,15,32694
3819943,16,32677
3820200,15,32694
3820200,16,32688
3820453,15,32683
3820453,16,32687
3820705,15,32709
3820705,16,32698
3820920,15,32697
3820920,16,32690
3821179,15,32680
3821179,16,32667
3821428,15,32683
3821428,16,32670
3821685,15,32667
3821685,16,32686
3821943,15,32670
3821943,16,32688
3822194,15,32712
3822194,16,32689
3822448,15,32698
3822448,16,32680
3822706,15,32697
3822706,16,32691
3822915,15,32691
3822915,16,32705
3823173,15,32685
3823173,16,32693
3823427,15,32685
3823427,16,32688
3823686,15,32670
3823686,16,32675
3823938,15,32693
3823938,16,32673
3824192,15,32702
3824192,16,32681
3824450,15,32686
3824450,16,32671
3824702,15,32696
3824702,16,32678
3824958,15,32699
3824958,16,32703
3825172,15,32686
3825172,16,32676
3825424,15,32700
3825424,16,32694
3825679,15,32699
3825679,16,32688
3825937,15,32682
3825937,16,32689
3826191,15,32685
3826191,16,32678
3826444,15,32683
3826444,16,32692
3826703,15,32685
3826703,16,32682
3826956,15,32696
3826956,16,32678
3827167,15,32683
3827167,16,32675
3827423,15,32717
3827423,16,32708
3827679,15,32695
3827679,16,32698
3827933,15,32668
3827933,16,32690
3828189,15,32698
3828189,16,32699
3828445,15,32692
3828445,16,32704
3828697,15,32675
3828697,16,32690
3828952,15,32694
3828952,16,32685
3829206,15,32699
3829206,16,32683
3829418,15,32690
3829418,16,32681
3829676,15,32691
3829676,16,32683
3829929,15,32703
3829929,16,32698
3830185,15,32693
3830185,16,32696
3830442,15,32691
3830442,16,32699
3830694,15,32686
3830694,16,32709
3830952,15,32689
3830952,16,32680
3831206,15,32684
3831206,16,32686
3831419,15,32684
3831419,16,32677
3831672,15,32682
3831672,16,32709
3831927,15,32691
3831927,16,32697
3832183,15,32680
3832183,16,32725
3832436,15,32667
3832436,16,32697
3832691,15,32697
3832691,16,32712
3832947,15,32690
3832947,16,32704
3833204,15,32674
3833204,16,32687
3833458,15,32703
3833458,16,32714
3833671,15,32691
3833671,16,32686
3833925,15,32689
3833925,16,32681
3834178,15,32689
3834178,16,32706
3834434,15,32686
3834434,16,32681
3834689,15,32695
3834689,16,32669
3834943,15,32674
3834943,16,32684
3835202,15,32681
3835202,16,32707
3835455,15,32679
3835455,16,32708
3835668,15,32694
3835668,16,32709
3835924,15,32688
3835924,16,32687
3836179,15,32693
3836179,16,32684
3836430,15,32688
3836430,16,32673
3836689,15,32682
3836689,16,32685
3836942,15,32698
3836942,16,32690
3837196,15,32680
3837196,16,32700
3837451,15,32684
3837451,16,32700
3837707,15,32695
3837707,16,32669
3837919,15,32708
3837919,16,32697
3838175,15,32684
3838175,16,32690
3838432,15,32684
3838432,16,32695
3838685,15,32679
3838685,16,32693
3838941,15,32691
3838941,16,32689
3839195,15,32693
3839195,16,32702
3839452,15,32704
3839452,16,32686
3839704,15,32673
3839704,16,32679
3839915,15,32685
3839915,16,32697
3840175,15,32682
3840175,16,32693
3840428,15,32685
3840428,16,32705
3840682,15,32688
3840682,16,32705
3840937,15,32708
3840937,16,32696
3841194,15,32706
3841194,16,32691
3841450,15,32697
3841450,16,32695
3841703,15,32698
3841703,16,32723
3841958,15,32695
3841958,16,32660
3842170,15,32678
3842170,16,32688
3842426,15,32690
3842426,16,32710
3842682,15,32695
3842682,16,32689
3842936,15,32697
3842936,16,32693
3843187,15,32694
3843187,16,32686
3843446,15,32677
3843446,16,32673
3843700,15,32706
3843700,16,32700
3843955,15,32668
3843955,16,32692
3844167,15,32682
3844167,16,32679
3844421,15,32702
3844421,16,32689
3844675,15,32681
3844675,16,32714
3844933,15,32687
3844933,16,32688
3845187,15,32693
3845187,16,32704
3845442,15,32678
3845442,16,32696
3845702,15,32689
3845702,16,32671
3845952,15,32706
3845952,16,32686
3846207,15,32677
3846207,16,32688
3846418,15,32687
3846418,16,32682
3846676,15,32697
3846676,16,32676
3846931,15,32704
3846931,16,32681
3847185,15,32707
3847185,16,32685
3847440,15,32701
3847440,16,32683
3847697,15,32695
3847697,16,32689
3847949,15,32686
3847949,16,32691
3848206,15,32690
3848206,16,32676
3848419,15,32700
3848419,16,32680
3848672,15,32661
3848672,16,32672
3848927,15,32691
3848927,16,32676
3849181,15,32694
3849181,16,32696
3849437,15,32688
3849437,16,32688
3849689,15,32682
3849689,16,32673
3849950,15,32685
3849950,16,32682
3850201,15,32694
3850201,16,32698
3850456,15,32678
3850456,16,32687
3850672,15,32683
3850672,16,32688
3850926,15,32677
3850926,16,32700
3851179,15,32688
3851179,16,32700
3851436,15,32683
3851436,16,32695
3851688,15,32677
3851688,16,32685
3851947,15,32694
3851947,16,32698
3852202,15,32683
3852202,16,32681
3852456,15,32694
3852456,16,32695
3852666,15,32711
3852666,16,32718
3852924,15,32688
3852924,16,32699
3853176,15,32696
3853176,16,32700
3853432,15,32705
3853432,16,32706
3853690,15,32689
3853690,16,32685
3853943,15,32686
3853943,16,32701
3854197,15,32691
3854197,16,32686
3854454,15,32686
3854454,16,32672
3854708,15,32675
3854708,16,32695
3854922,15,32695
3854922,16,32678
3855174,15,32688
3855174,16,32701
3855431,15,32698
3855431,16,32671
3855684,15,32690
3855684,16,32684
3855938,15,32690
3855938,16,32696
3856196,15,32693
3856196,16,32717
3856449,15,32696
3856449,16,32687
3856704,15,32699
3856704,16,32671
3856918,15,32699
3856918,16,32709
3857171,15,32687
3857171,16,32691
3857426,15,32678
3857426,16,32682
3857681,15,32679
3857681,16,32694
3857936,15,32678
3857936,16,32682
3858190,15,32694
3858190,16,32702
3858447,15,32700
3858447,16,32677
3858706,15,32690
3858706,16,32671
3858957,15,32678
3858957,16,32699
3859169,15,32696
3859169,16,32693
3859426,15,32700
3859426,16,32684
3859682,15,32705
3859682,16,32674
3859936,15,32675
3859936,16,32713
3860190,15,32706
3860190,16,32668
3860445,15,32698
3860445,16,32688
3860701,15,32696
3860701,16,32673
3860956,15,32703
3860956,16,32671
3861170,15,32703
3861170,16,32707
3861424,15,32692
3861424,16,32684
3861678,15,32682
3861678,16,32689
3861935,15,32675
3861935,16,32694
3862184,15,32684
3862184,16,32707
3862442,15,32690
3862442,16,32680
3862699,15,32706
3862699,16,32683
3862953,15,32705
3862953,16,32698
3863210,15,32685
3863210,16,32684
3863421,15,32667
3863421,16,32699
3863674,15,32686
3863674,16,32678
3863928,15,32701
3863928,16,32689
3864182,15,32689
3864182,16,32688
3864438,15,32682
3864438,16,32696
3864694,15,32675
3864694,16,32695
3864949,15,32698
3864949,16,32705
3865202,15,32685
3865202,16,32680
3865418,15,32672
3865418,16,32679
3865671,15,32673
3865671,16,32683
3865928,15,32700
3865928,16,32680
3866183,15,32689
3866183,16,32678
3866436,15,32702
3866436,16,32691
3866692,15,32686
3866692,16,32672
3866948,15,32697
3866948,16,32697
3867200,15,32696
3867200,16,32674
3867457,15,32685
3867457,16,32698
3867668,15,32684
3867668,16,32710
3867924,15,32693
3867924,16,32684
3868181,15,32699
3868181,16,32678
3868436,15,32693
3868436,16,32701
3868693,15,32676
3868693,16,32713
3868944,15,32691
3868944,16,32693
3869201,15,32674
3869201,16,32687
3869455,15,32673
3869455,16,32661
3869668,15,32687
3869668,16,32706
3869923,15,32681
3869923,16,32685
3870177,15,32679
3870177,16,32683
3870431,15,32705
3870431,16,32682
3870688,15,32685
3870688,16,32692
3870943,15,32650
3870943,16,32695
3871197,15,32691
3871197,16,32673
3871454,15,32688
3871454,16,32687
3871707,15,32694
3871707,16,32689
3871922,15,32693
3871922,16,32696
3872174,15,32694
3872174,16,32693
3872434,15,32684
3872434,16,32693
3872684,15,32686
3872684,16,32684
3872938,15,32676
3872938,16,32693
3873198,15,32685
3873198,16,32706
3873450,15,32691
3873450,16,32697
3873708,15,32693
3873708,16,32691
3873919,15,32687
3873919,16,32688
3874172,15,32685
3874172,16,32670
3874427,15,32698
3874427,16,32666
3874681,15,32681
3874681,16,32661
3874936,15,32695
3874936,16,32673
3875194,15,32704
3875194,16,32688
3875451,15,32683
3875451,16,32671
3875702,15,32682
3875702,16,32693
3875959,15,32676
3875959,16,32695
3876171,15,32687
3876171,16,32686
3876426,15,32685
3876426,16,32695
3876681,15,32682
3876681,16,32676
3876933,15,32694
3876933,16,32710
3877189,15,32699
3877189,16,32692
3877445,15,32699
3877445,16,32686
3877700,15,32689
3877700,16,32697
3877954,15,32686
3877954,16,32677
3878168,15,32675
3878168,16,32687
3878421,15,32677
3878421,16,32677
3878681,15,32673
3878681,16,32669
3878929,15,32688
3878929,16,32700
3879190,15,32690
3879190,16,32674
3879445,15,32688
3879445,16,32681
3879697,15,32693
3879697,16,32703
3879953,15,32686
3879953,16,32680
3880208,15,32673
3880208,16,32687
3880420,15,32678
3880420,16,32706
3880675,15,32690
3880675,16,32697
3880930,15,32694
3880930,16,32672
3881185,15,32700
3881185,16,32696
3881440,15,32693
3881440,16,32684
3881695,15,32672
3881695,16,32684
3881950,15,32687
3881950,16,32668
3882205,15,32694
3882205,16,32689
3882417,15,32701
3882417,16,32680
3882672,15,32676
3882672,16,32705
3882926,15,32671
3882926,16,32708
3883180,15,32682
3883180,16,32677
3883438,15,32674
3883438,16,32686
3883692,15,32699
3883692,16,32694
3883948,15,32692
3883948,16,32674
3884205,15,32681
3884205,16,32680
3884457,15,32690
3884457,16,32687
3884673,15,32683
3884673,16,32693
3884926,15,32679
3884926,16,32692
3885181,15,32678
3885181,16,32704
3885433,15,32697
3885433,16,32690
3885690,15,32689
3885690,16,32698
3885945,15,32700
3885945,16,32679
3886199,15,32686
3886199,16,32662
3886452,15,32670
3886452,16,32662
3886666,15,32674
3886666,16,32688
3886923,15,32711
3886923,16,32684
3887176,15,32703
3887176,16,32692
3887433,15,32684
3887433,16,32687
3887686,15,32671
3887686,16,32684
3887942,15,32691
3887942,16,32680
3888198,15,32689
3888198,16,32679
3888452,15,32663
3888452,16,32690
3888708,15,32691
3888708,16,32665
3888922,15,32693
3888922,16,32701
3889175,15,32684
3889175,16,32687
3889432,15,32682
3889432,16,32688
3889686,15,32700
3889686,16,32666
3889940,15,32697
3889940,16,32691
3890195,15,32673
3890195,16,32679
3890451,15,32691
3890451,16,32693
3890703,15,32695
3890703,16,32677
3890917,15,32690
3890917,16,32697
3891171,15,32699
3891171,16,32684
3891429,15,32690
3891429,16,32698
3891684,15,32681
3891684,16,32674
3891938,15,32684
3891938,16,32693
3892192,15,32693
3892192,16,32691
3892448,15,32682
3892448,16,32680
3892702,15,32682
3892702,16,32699
3892957,15,32679
3892957,16,32697
3893169,15,32678
3893169,16,32684
3893423,15,32695
3893423,16,32695
3893682,15,32670
3893682,16,32688
3893937,15,32698
3893937,16,32687
3894188,15,32683
3894188,16,32718
3894445,15,32679
3894445,16,32683
3894697,15,32719
3894697,16,32682
3894957,15,32693
3894957,16,32715
3895170,15,32696
3895170,16,32685
3895424,15,32682
3895424,16,32699
3895677,15,32678
3895677,16,32675
3895934,15,32698
3895934,16,32685
3896188,15,32680
3896188,16,32691
3896445,15,32681
3896445,16,32686
3896698,15,32701
3896698,16,32685
3896953,15,32665
3896953,16,32699
3897209,15,32693
3897209,16,32671
3897419,15,32693
3897419,16,32687
3897676,15,32660
3897676,16,32683
3897929,15,32685
3897929,16,32671
3898187,15,32693
3898187,16,32670
3898438,15,32701
3898438,16,32679
3898695,15,32679
3898695,16,32690
3898952,15,32693
3898952,16,32707
3899203,15,32691
3899203,16,32688
3899417,15,32701
3899417,16,32703
3899673,15,32677
3899673,16,32687
3899927,15,32694
3899927,16,32711
3900184,15,32679
3900184,16,32684
3900439,15,32693
3900439,16,32697
3900692,15,32687
3900692,16,32689
3900946,15,32694
3900946,16,32682
3901203,15,32706
3901203,16,32671
3901458,15,32687
3901458,16,32667
3901671,15,32684
3901671,16,32687
3901925,15,32694
3901925,16,32671
3902179,15,32683
3902179,16,32669
3902437,15,32700
3902437,16,32693
3902688,15,32685
3902688,16,32707
3902944,15,32684
3902944,16,32686
3903197,15,32662
3903197,16,32677
3903454,15,32691
3903454,16,32687
3903668,15,32656
3903668,16,32670
3903920,15,32677
3903920,16,32688
3904179,15,32677
3904179,16,32690
3904429,15,32700
3904429,16,32685
3904687,15,32678
3904687,16,32693
3904942,15,32696
3904942,16,32716
3905198,15,32684
3905198,16,32675
3905452,15,32699
3905452,16,32668
3905709,15,32696
3905709,16,32689
3905922,15,32698
3905922,16,32686
3906175,15,32699
3906175,16,32680
3906429,15,32684
3906429,16,32678
3906685,15,32687
3906685,16,32690
3906939,15,32682
3906939,16,32704
3907196,15,32675
3907196,16,32701
3907451,15,32685
3907451,16,32708
3907708,15,32690
3907708,16,32684
3907916,15,32690
3907916,16,32674
3908174,15,32713
3908174,16,32688
3908428,15,32695
3908428,16,32693
3908683,15,32697
3908683,16,32689
3908939,15,32679
3908939,16,32679
3909193,15,32696
3909193,16,32690
3909448,15,32690
3909448,16,32694
3909702,15,32687
3909702,16,32687
3909955,15,32675
3909955,16,32676
3910167,15,32685
3910167,16,32674
3910425,15,32691
3910425,16,32693
3910680,15,32686
3910680,16,32686
3910931,15,32681
3910931,16,32683
3911190,15,32692
3911190,16,32692
3911446,15,32701
3911446,16,32682
3911699,15,32675
3911699,16,32683
3911955,15,32689
3911955,16,32691
3912169,15,32688
3912169,16,32694
3912423,15,32697
3912423,16,32704
3912674,15,32698
3912674,16,32673
3912933,15,32693
3912933,16,32700
3913189,15,32678
3913189,16,32679
3913446,15,32668
3913446,16,32696
3913693,15,32706
3913693,16,32683
3913952,15,32701
3913952,16,32689
3914205,15,32677
3914205,16,32685
3914419,15,32674
3914419,16,32692
3914676,15,32677
3914676,16,32682
3914933,15,32695
3914933,16,32687
3915186,15,32684
3915186,16,32688
3915438,15,32681
3915438,16,32691
3915696,15,32706
3915696,16,32696
3915950,15,32697
3915950,16,32698
3916207,15,32705
3916207,16,32697
3916417,15,32684
3916417,16,32678
3916674,15,32690
3916674,16,32685
3916927,15,32701
3916927,16,32688
3917182,15,32697
3917182,16,32693
3917436,15,32704
3917436,16,32681
3917690,15,32698
3917690,16,32697
3917946,15,32680
3917946,16,32654
3918202,15,32688
3918202,16,32673
3918458,15,32677
3918458,16,32707
3918670,15,32692
3918670,16,32702
3918927,15,32675
3918927,16,32680
3919178,15,32668
3919178,16,32678
3919437,15,32696
3919437,16,32683
3919688,15,32700
3919688,16,32685
3919946,15,32687
3919946,16,32685
3920199,15,32680
3920199,16,32694
3920454,15,32685
3920454,16,32673
3920670,15,32693
3920670,16,32691
3920921,15,32696
3920921,16,32675
3921182,15,32691
3921182,16,32674
3921432,15,32700
3921432,16,32678
3921687,15,32693
3921687,16,32671
3921940,15,32685
3921940,16,32694
3922198,15,32693
3922198,16,32686
3922452,15,32680
3922452,16,32689
3922709,15,32693
3922709,16,32702
3922921,15,32682
3922921,16,32680
3923176,15,32666
3923176,16,32701
3923428,15,32663
3923428,16,32681
3923687,15,32683
3923687,16,32677
3923940,15,32699
3923940,16,32720
3924194,15,32691
3924194,16,32681
3924450,15,32690
3924450,16,32689
3924705,15,32688
3924705,16,32693
3924918,15,32699
3924918,16,32687
3925171,15,32707
3925171,16,32705
3925429,15,32686
3925429,16,32684
3925682,15,32699
3925682,16,32668
3925937,15,32673
3925937,16,32685
3926195,15,32675
3926195,16,32700
3926445,15,32699
3926445,16,32682
3926704,15,32677
3926704,16,32687
3926957,15,32675
3926957,16,32673
3927171,15,32703
3927171,16,32691
3927423,15,32693
3927423,16,32715
3927680,15,32687
3927680,16,32694
3927935,15,32691
3927935,16,32693
3928190,15,32685
3928190,16,32697
3928445,15,32682
3928445,16,32675
3928699,15,32680
3928699,16,32694
3928956,15,32682
3928956,16,32692
3929168,15,32698
3929168,16,32686
3929423,15,32698
3929423,16,32675
3929678,15,32683
3929678,16,32679
3929931,15,32687
3929931,16,32695
3930187,15,32659
3930187,16,32674
3930444,15,32693
3930444,16,32673
3930694,15,32697
3930694,16,32685
3930950,15,32696
3930950,16,32691
3931206,15,32678
3931206,16,32675
3931420,15,32684
3931420,16,32704
3931677,15,32675
3931677,16,32680
3931931,15,32692
3931931,16,32684
3932185,15,32674
3932185,16,32679
3932441,15,32706
3932441,16,32694
3932696,15,32705
3932696,16,32706
3932951,15,32685
3932951,16,32678
3933206,15,32671
3933206,16,32678
3933417,15,32693
3933417,16,32695
3933673,15,32698
3933673,16,32706
3933926,15,32694
3933926,16,32700
3934182,15,32697
3934182,16,32694
3934438,15,32691
3934438,16,32694
3934690,15,32678
3934690,16,32683
3934950,15,32695
3934950,16,32688
3935202,15,32696
3935202,16,32700
3935458,15,32691
3935458,16,32685
3935668,15,32689
3935668,16,32698
3935924,15,32695
3935924,16,32693
3936180,15,32683
3936180,16,32690
3936437,15,32713
3936437,16,32690
3936689,15,32684
3936689,16,32707
3936945,15,32688
3936945,16,32694
3937199,15,32686
3937199,16,32703
3937453,15,32686
3937453,16,32680
3937667,15,32691
3937667,16,32715
3937924,15,32675
3937924,16,32670
3938178,15,32675
3938178,16,32681
3938433,15,32696
3938433,16,32701
3938689,15,32690
3938689,16,32691
3938946,15,32702
3938946,16,32675
3939197,15,32694
3939197,16,32684
3939452,15,32675
3939452,16,32674
3939709,15,32701
3939709,16,32680
3939922,15,32691
3939922,16,32710
3940173,15,32682
3940173,16,32703
3940426,15,32699
3940426,16,32711
3940686,15,32691
3940686,16,32678
3940940,15,32682
3940940,16,32703
3941196,15,32696
3941196,16,32682
3941449,15,32694
3941449,16,32694
3941706,15,32708
3941706,16,32684
3941916,15,32702
3941916,16,32682
3942172,15,32683
3942172,16,32673
3942425,15,32690
3942425,16,32683
3942683,15,32695
3942683,16,32685
3942938,15,32696
3942938,16,32669
3943191,15,32699
3943191,16,32670
3943446,15,32704
3943446,16,32684
3943701,15,32691
3943701,16,32688
3943956,15,32703
3943956,16,32684
3944172,15,32686
3944172,16,32715
3944424,15,32688
3944424,16,32684
3944681,15,32695
3944681,16,32697
3944935,15,32683
3944935,16,32687
3945188,15,32686
3945188,16,32686
3945442,15,32697
3945442,16,32678
3945702,15,32700
3945702,16,32673
3945957,15,32677
3945957,16,32688
3946166,15,32681
3946166,16,32685
3946423,15,32688
3946423,16,32679
3946676,15,32687
3946676,16,32688
3946934,15,32708
3946934,16,32689
3947187,15,32683
3947187,16,32681
3947442,15,32704
3947442,16,32685
3947697,15,32689
3947697,16,32695
3947952,15,32692
3947952,16,32719
3948209,15,32681
3948209,16,32685
3948423,15,32682
3948423,16,32689
3948676,15,32692
3948676,16,32683
3948931,15,32681
3948931,16,32702
3949185,15,32692
3949185,16,32677
3949440,15,32699
3949440,16,32671
3949691,15,32701
3949691,16,32687
3949949,15,32675
3949949,16,32683
3950205,15,32688
3950205,16,32713
3950419,15,32680
3950419,16,32670
3950674,15,32689
3950674,16,32690
3950931,15,32693
3950931,16,32686
3951183,15,32705
3951183,16,32698
3951436,15,32704
3951436,16,32712
3951693,15,32686
3951693,16,32653
3951948,15,32680
3951948,16,32703
3952205,15,32685
3952205,16,32702
3952460,15,32703
3952460,16,32687
3952669,15,32690
3952669,16,32700
3952927,15,32697
3952927,16,32702
3953180,15,32689
3953180,16,32683
3953434,15,32696
3953434,16,32696
3953689,15,32699
3953689,16,32685
3953942,15,32682
3953942,16,32679
3954200,15,32685
3954200,16,32696
3954455,15,32684
3954455,16,32676
3954666,15,32680
3954666,16,32691
3954920,15,32682
3954920,16,32690
3955177,15,32686
3955177,16,32703
3955432,15,32678
3955432,16,32705
3955689,15,32676
3955689,16,32714
3955941,15,32686
3955941,16,32709
3956199,15,32692
3956199,16,32686
3956453,15,32701
3956453,16,32709
3956707,15,32683
3956707,16,32681
3956920,15,32693
3956920,16,32665
3957176,15,32710
3957176,16,32696
3957431,15,32703
3957431,16,32692
3957686,15,32720
3957686,16,32680
3957940,15,32695
3957940,16,32686
3958195,15,32668
3958195,16,32687
3958450,15,32697
3958450,16,32675
3958705,15,32688
3958705,16,32671
3958918,15,32698
3958918,16,32676
3959172,15,32691
3959172,16,32692
3959426,15,32682
3959426,16,32684
3959681,15,32690
3959681,16,32680
3959937,15,32687
3959937,16,32670
3960190,15,32695
3960190,16,32700
3960448,15,32689
3960448,16,32676
3960703,15,32676
3960703,16,32686
3960959,15,32673
3960959,16,32696
3961169,15,32677
3961169,16,32682
3961425,15,32683
3961425,16,32693
3961677,15,32688
3961677,16,32696
3961933,15,32690
3961933,16,32690
3962187,15,32681
3962187,16,32707
3962446,15,32676
3962446,16,32697
3962699,15,32677
3962699,16,32689
3962957,15,32690
3962957,16,32675
3963170,15,32692
3963170,16,32694
3963424,15,32690
3963424,16,32693
3963678,15,32681
3963678,16,32677
3963931,15,32667
3963931,16,32670
3964189,15,32673
3964189,16,32693
3964443,15,32704
3964443,16,32703
3964698,15,32696
3964698,16,32695
3964953,15,32687
3964953,16,32701
3965207,15,32666
3965207,16,32686
3965419,15,32692
3965419,16,32698
3965674,15,32691
3965674,16,32685
3965930,15,32686
3965930,16,32680
3966185,15,32695
3966185,16,32679
3966440,15,32674
3966440,16,32681
3966696,15,32671
3966696,16,32700
3966951,15,32697
3966951,16,32678
3967204,15,32681
3967204,16,32696
3967418,15,32689
3967418,16,32674
3967673,15,32675
3967673,16,32683
3967924,15,32690
3967924,16,32684
3968185,15,32691
3968185,16,32693
3968438,15,32681
3968438,16,32683
3968690,15,32684
3968690,16,32677
3968947,15,32680
3968947,16,32702
3969203,15,32695
3969203,16,32690
3969456,15,32682
3969456,16,32680
3969671,15,32685
3969671,16,32675
3969924,15,32692
3969924,16,32674
3970179,15,32684
3970179,16,32678
3970433,15,32688
3970433,16,32694
3970691,15,32702
3970691,16,32694
3970945,15,32681
3970945,16,32685
3971198,15,32697
3971198,16,32689
3971456,15,32683
3971456,16,32693
3971666,15,32711
3971666,16,32690
3971923,15,32687
3971923,16,32680
3972179,15,32680
3972179,16,32687
3972433,15,32689
3972433,16,32694
3972687,15,32703
3972687,16,32702
3972941,15,32687
3972941,16,32683
3973196,15,32696
3973196,16,32686
3973451,15,32691
3973451,16,32690
3973708,15,32667
3973708,16,32679
3973921,15,32669
3973921,16,32680
3974172,15,32688
3974172,16,32685
3974428,15,32702
3974428,16,32696
3974684,15,32701
3974684,16,32683
3974943,15,32699
3974943,16,32692
3975195,15,32690
3975195,16,32669
3975450,15,32679
3975450,16,32683
3975704,15,32702
3975704,16,32693
3975917,15,32690
3975917,16,32671
3976170,15,32693
3976170,16,32695
3976429,15,32677
3976429,16,32680
3976681,15,32692
3976681,16,32696
3976939,15,32684
3976939,16,32682
3977190,15,32691
3977190,16,32689
3977446,15,32697
3977446,16,32708
3977702,15,32674
3977702,16,32687
3977957,15,32683
3977957,16,32675
3978170,15,32686
3978170,16,32709
3978423,15,32671
3978423,16,32673
3978681,15,32709
3978681,16,32689
3978936,15,32686
3978936,16,32708
3979191,15,32694
3979191,16,32697
3979444,15,32691
3979444,16,32679
3979700,15,32683
3979700,16,32677
3979955,15,32696
3979955,16,32676
3980163,15,32683
3980163,16,32705
3980421,15,32685
3980421,16,32679
3980678,15,32680
3980678,16,32675
3980931,15,32685
3980931,16,32701
3981188,15,32692
3981188,16,32686
3981440,15,32695
3981440,16,32677
3981696,15,32703
3981696,16,32696
3981953,15,32707
3981953,16,32704
3982209,15,32677
3982209,16,32673
3982421,15,32709
3982421,16,32688
3982674,15,32668
3982674,16,32697
3982932,15,32689
3982932,16,32682
3983184,15,32676
3983184,16,32688
3983439,15,32684
3983439,16,32667
3983693,15,32699
3983693,16,32690
3983950,15,32673
3983950,16,32684
3984208,15,32693
3984208,16,32683
3984419,15,32702
3984419,16,32705
3984674,15,32682
3984674,16,32683
3984927,15,32690
3984927,16,32685
3985183,15,32673
3985183,16,32678
3985436,15,32698
3985436,16,32683
3985691,15,32704
3985691,16,32695
3985949,15,32693
3985949,16,32701
3986206,15,32703
3986206,16,32670
3986458,15,32683
3986458,16,32689
3986670,15,32672
3986670,16,32681
3986926,15,32687
3986926,16,32690
3987180,15,32690
3987180,16,32683
3987432,15,32685
3987432,16,32691
3987692,15,32685
3987692,16,32683
3987946,15,32673
3987946,16,32693
3988199,15,32686
3988199,16,32682
3988458,15,32699
3988458,16,32679
3988667,15,32687
3988667,16,32693
3988926,15,32699
3988926,16,32696
3989177,15,32691
3989177,16,32682
3989433,15,32696
3989433,16,32691
3989688,15,32691
3989688,16,32671
3989942,15,32695
3989942,16,32689
3990199,15,32709
3990199,16,32698
3990452,15,32682
3990452,16,32657
3990707,15,32686
3990707,16,32680
3990917,15,32699
3990917,16,32715
3991174,15,32674
3991174,16,32695
3991428,15,32701
3991428,16,32692
3991686,15,32685
3991686,16,32707
3991940,15,32695
3991940,16,32692
3992196,15,32695
3992196,16,32696
3992453,15,32685
3992453,16,32691
3992706,15,32678
3992706,16,32699
3992918,15,32685
3992918,16,32707
3993176,15,32693
3993176,16,32674
3993427,15,32703
3993427,16,32684
3993683,15,32704
3993683,16,32682
3993938,15,32683
3993938,16,32700
3994193,15,32686
3994193,16,32682
3994446,15,32690
3994446,16,32684
3994700,15,32687
3994700,16,32673
3994957,15,32711
3994957,16,32674
3995171,15,32665
3995171,16,32688
3995423,15,32701
3995423,16,32696
3995681,15,32679
3995681,16,32685
3995936,15,32696
3995936,16,32687
3996188,15,32684
3996188,16,32696
3996444,15,32691
3996444,16,32702
3996699,15,32701
3996699,16,32687
3996954,15,32681
3996954,16,32687
3997167,15,32686
3997167,16,32674
3997422,15,32678
3997422,16,32695
3997679,15,32716
3997679,16,32695
3997931,15,32703
3997931,16,32681
3998187,15,32692
3998187,16,32674
3998443,15,32704
3998443,16,32679
3998698,15,32720
3998698,16,32674
3998953,15,32694
3998953,16,32689
3999204,15,32704
3999204,16,32685
3999423,15,32687
3999423,16,32692
3999676,15,32704
3999676,16,32696
3999927,15,32701
3999927,16,32697
4000187,15,32691
4000187,16,32689
4000441,15,32684
4000441,16,32687
4000695,15,32677
4000695,16,32678
4000949,15,32685
4000949,16,32695
4001206,15,32698
4001206,16,32676
4001419,15,32686
4001419,16,32689
4001671,15,32715
4001671,16,32682
4001927,15,32690
4001927,16,32674
4002184,15,32700
4002184,16,32709
4002438,15,32700
4002438,16,32693
4002693,15,32695
4002693,16,32707
4002947,15,32689
4002947,16,32682
4003203,15,32690
4003203,16,32684
4003456,15,32691
4003456,16,32700
4003668,15,32696
4003668,16,32670
4003925,15,32686
4003925,16,32700
4004183,15,32687
4004183,16,32698
4004437,15,32680
4004437,16,32679
4004691,15,32687
4004691,16,32678
4004946,15,32664
4004946,16,32684
4005203,15,32695
4005203,16,32694
4005452,15,32691
4005452,16,32678
4005668,15,32685
4005668,16,32687
4005922,15,32687
4005922,16,32672
4006177,15,32676
4006177,16,32690
4006432,15,32688
4006432,16,32677
4006690,15,32689
4006690,16,32671
4006943,15,32693
4006943,16,32682
4007200,15,32694
4007200,16,32678
4007452,15,32697
4007452,16,32682
4007708,15,32665
4007708,16,32686
4007922,15,32689
4007922,16,32692
4008175,15,32700
4008175,16,32681
4008428,15,32691
4008428,16,32680
4008685,15,32685
4008685,16,32693
4008939,15,32688
4008939,16,32691
4009199,15,32678
4009199,16,32683
4009451,15,32675
4009451,16,32685
4009702,15,32700
4009702,16,32686
4009918,15,32685
4009918,16,32687
4010172,15,32688
4010172,16,32688
4010426,15,32670
4010426,16,32688
4010684,15,32695
4010684,16,32679
4010935,15,32681
4010935,16,32691
4011191,15,32696
4011191,16,32689
4011447,15,32693
4011447,16,32690
4011703,15,32693
4011703,16,32702
4011958,15,32695
4011958,16,32692
4012171,15,32681
4012171,16,32680
4012427,15,32680
4012427,16,32697
4012679,15,32686
4012679,16,32675
4012934,15,32701
4012934,16,32672
4013190,15,32698
4013190,16,32687
4013444,15,32685
4013444,16,32692
4013697,15,32707
4013697,16,32699
4013954,15,32713
4013954,16,32683
4014166,15,32684
4014166,16,32688
4014419,15,32680
4014419,16,32669
4014679,15,32679
4014679,16,32678
4014934,15,32691
4014934,16,32681
4015188,15,32695
4015188,16,32682
4015444,15,32698
4015444,16,32690
4015698,15,32704
4015698,16,32691
4015953,15,32671
4015953,16,32697
4016210,15,32681
4016210,16,32662
4016420,15,32667
4016420,16,32686
4016675,15,32688
4016675,16,32678
4016928,15,32691
4016928,16,32678
4017186,15,32696
4017186,16,32703
4017439,15,32698
4017439,16,32713
4017696,15,32687
4017696,16,32679
4017951,15,32696
4017951,16,32687
4018205,15,32689
4018205,16,32692
4018419,15,32682
4018419,16,32693
4018671,15,32693
4018671,16,32704
4018928,15,32688
4018928,16,32694
4019184,15,32698
4019184,16,32672
4019435,15,32700
4019435,16,32693
4019692,15,32695
4019692,16,32687
4019946,15,32679
4019946,16,32677
4020201,15,32691
4020201,16,32686
4020457,15,32689
4020457,16,32701
4020672,15,32673
4020672,16,32680
4020923,15,32677
4020923,16,32695
4021182,15,32673
4021182,16,32707
4021436,15,32677
4021436,16,32687
4021692,15,32659
4021692,16,32692
4021947,15,32696
4021947,16,32695
4022200,15,32701
4022200,16,32700
4022455,15,32696
4022455,16,32700
4022666,15,32675
4022666,16,32694
4022922,15,32687
4022922,16,32690
4023179,15,32697
4023179,16,32701
4023430,15,32684
4023430,16,32685
4023688,15,32681
4023688,16,32681
4023941,15,32682
4023941,16,32675
4024200,15,32679
4024200,16,32695
4024452,15,32697
4024452,16,32680
4024708,15,32688
4024708,16,32695
4024921,15,32669
4024921,16,32708
4025175,15,32696
4025175,16,32688
4025427,15,32695
4025427,16,32678
4025686,15,32673
4025686,16,32672
4025941,15,32686
4025941,16,32675
4026193,15,32685
4026193,16,32680
4026452,15,32687
4026452,16,32679
4026705,15,32688
4026705,16,32702
4026917,15,32693
4026917,16,32672
4027174,15,32681
4027174,16,32669
4027426,15,32682
4027426,16,32688
4027680,15,32693
4027680,16,32702
4027937,15,32685
4027937,16,32685
4028194,15,32693
4028194,16,32693
4028448,15,32685
4028448,16,32698
4028704,15,32674
4028704,16,32688
4028957,15,32689
4028957,16,32687
4029173,15,32698
4029173,16,32674
4029424,15,32684
4029424,16,32693
4029681,15,32696
4029681,16,32690
4029936,15,32694
4029936,16,32682
4030189,15,32705
4030189,16,32673
4030444,15,32703
4030444,16,32672
4030699,15,32692
4030699,16,32676
4030953,15,32686
4030953,16,32685
4031166,15,32683
4031166,16,32691
4031419,15,32695
4031419,16,32695
4031678,15,32690
4031678,16,32692
4031934,15,32683
4031934,16,32674
4032188,15,32697
4032188,16,32685
4032445,15,32681
4032445,16,32696
4032702,15,32680
4032702,16,32698
4032950,15,32691
4032950,16,32688
4033208,15,32696
4033208,16,32678
4033420,15,32685
4033420,16,32684
4033675,15,32679
4033675,16,32679
4033930,15,32690
4033930,16,32676
4034184,15,32696
4034184,16,32683
4034438,15,32688
4034438,16,32696
4034695,15,32685
4034695,16,32704
4034952,15,32683
4034952,16,32684
4035203,15,32706
4035203,16,32672
4035418,15,32680
4035418,16,32693
4035673,15,32683
4035673,16,32678
4035930,15,32692
4035930,16,32692
4036182,15,32680
4036182,16,32671
4036438,15,32695
4036438,16,32687
4036694,15,32698
4036694,16,32693
4036948,15,32697
4036948,16,32678
4037205,15,32687
4037205,16,32708
4037460,15,32680
4037460,16,32691
4037673,15,32701
4037673,16,32669
4037923,15,32693
4037923,16,32699
4038180,15,32686
4038180,16,32696
4038437,15,32678
4038437,16,32691
4038689,15,32704
4038689,16,32680
4038942,15,32721
4038942,16,32678
4039196,15,32692
4039196,16,32688
4039453,15,32700
4039453,16,32670
4039665,15,32683
4039665,16,32680
4039922,15,32695
4039922,16,32675
4040175,15,32697
4040175,16,32695
4040432,15,32677
4040432,16,32698
4040688,15,32670
4040688,16,32684
4040942,15,32681
4040942,16,32687
4041197,15,32688
4041197,16,32681
4041452,15,32696
4041452,16,32683
4041708,15,32691
4041708,16,32693
4041920,15,32681
4041920,16,32674
4042176,15,32693
4042176,16,32684
4042431,15,32693
4042431,16,32675
4042684,15,32697
4042684,16,32693
4042940,15,32702
4042940,16,32692
4043194,15,32688
4043194,16,32699
4043450,15,32695
4043450,16,32680
4043707,15,32701
4043707,16,32662
4043916,15,32682
4043916,16,32684
4044172,15,32691
4044172,16,32709
4044428,15,32679
4044428,16,32692
4044683,15,32681
4044683,16,32687
4044937,15,32708
4044937,16,32687
4045188,15,32696
4045188,16,32677
4045447,15,32687
4045447,16,32695
4045704,15,32689
4045704,16,32678
4045955,15,32682
4045955,16,32688
4046170,15,32683
4046170,16,32672
4046422,15,32685
4046422,16,32678
4046684,15,32679
4046684,16,32678
4046935,15,32692
4046935,16,32666
4047191,15,32682
4047191,16,32693
4047445,15,32677
4047445,16,32699
4047698,15,32721
4047698,16,32710
4047953,15,32674
4047953,16,32679
4048170,15,32681
4048170,16,32688
4048422,15,32699
4048422,16,32700
4048675,15,32686
4048675,16,32703
4048932,15,32692
4048932,16,32693
4049191,15,32680
4049191,16,32699
4049441,15,32682
4049441,16,32679
4049699,15,32675
4049699,16,32695
4049954,15,32715
4049954,16,32698
4050208,15,32695
4050208,16,32651
4050418,15,32685
4050418,16,32698
4050674,15,32676
4050674,16,32692
4050932,15,32673
4050932,16,32664
4051186,15,32690
4051186,16,32700
4051442,15,32698
4051442,16,32703
4051696,15,32668
4051696,16,32688
4051952,15,32691
4051952,16,32676
4052207,15,32703
4052207,16,32686
4052417,15,32705
4052417,16,32708
4052674,15,32691
4052674,16,32673
4052930,15,32707
4052930,16,32688
4053183,15,32705
4053183,16,32687
4053435,15,32686
4053435,16,32676
4053693,15,32682
4053693,16,32692
4053947,15,32689
4053947,16,32679
4054200,15,32678
4054200,16,32699
4054459,15,32694
4054459,16,32689
4054669,15,32696
4054669,16,32672
4054927,15,32707
4054927,16,32686
4055180,15,32673
4055180,16,32704
4055436,15,32689
4055436,16,32704
4055690,15,32700
4055690,16,32681
4055945,15,32696
4055945,16,32678
4056201,15,32719
4056201,16,32688
4056455,15,32686
4056455,16,32677
4056669,15,32685
4056669,16,32688
4056922,15,32693
4056922,16,32690
4057180,15,32684
4057180,16,32689
4057432,15,32675
4057432,16,32692
4057688,15,32681
4057688,16,32687
4057942,15,32674
4057942,16,32672
4058199,15,32704
4058199,16,32694
4058452,15,32691
4058452,16,32669
4058707,15,32697
4058707,16,32677
4058919,15,32686
4058919,16,32702
4059174,15,32694
4059174,16,32680
4059429,15,32675
4059429,16,32697
4059688,15,32709
4059688,16,32663
4059937,15,32682
4059937,16,32697
4060194,15,32695
4060194,16,32688
4060449,15,32691
4060449,16,32703
4060704,15,32675
4060704,16,32683
4060916,15,32697
4060916,16,32693
4061173,15,32686
4061173,16,32709
4061428,15,32680
4061428,16,32680
4061682,15,32700
4061682,16,32712
4061936,15,32684
4061936,16,32685
4062193,15,32691
4062193,16,32672
4062447,15,32714
4062447,16,32687
4062703,15,32706
4062703,16,32696
4062956,15,32678
4062956,16,32691
4063172,15,32701
4063172,16,32703
4063428,15,32676
4063428,16,32695
4063681,15,32697
4063681,16,32691
4063937,15,32682
4063937,16,32688
4064190,15,32698
4064190,16,32709
4064443,15,32666
4064443,16,32695
4064700,15,32689
4064700,16,32690
4064953,15,32669
4064953,16,32674
4065167,15,32684
4065167,16,32682
4065424,15,32686
4065424,16,32700
4065674,15,32700
4065674,16,32679
4065931,15,32680
4065931,16,32685
4066187,15,32688
4066187,16,32691
4066443,15,32684
4066443,16,32691
4066699,15,32683
4066699,16,32682
4066952,15,32691
4066952,16,32685
4067207,15,32685
4067207,16,32696
4067417,15,32679
4067417,16,32686
4067673,15,32703
4067673,16,32688
4067930,15,32705
4067930,16,32674
4068186,15,32685
4068186,16,32692
4068439,15,32691
4068439,16,32714
4068692,15,32707
4068692,16,32672
4068952,15,32677
4068952,16,32691
4069205,15,32699
4069205,16,32694
4069417,15,32686
4069417,16,32693
4069674,15,32695
4069674,16,32691
4069928,15,32677
4069928,16,32701
4070183,15,32704
4070183,16,32690
4070437,15,32706
4070437,16,32689
4070695,15,32695
4070695,16,32688
4070948,15,32694
4070948,16,32691
4071203,15,32689
4071203,16,32693
4071459,15,32691
4071459,16,32692
4071671,15,32696
4071671,16,32690
4071926,15,32679
4071926,16,32697
4072181,15,32689
4072181,16,32683
4072432,15,32698
4072432,16,32679
4072689,15,32694
4072689,16,32676
4072946,15,32692
4072946,16,32706
4073200,15,32674
4073200,16,32691
4073456,15,32698
4073456,16,32697
4073666,15,32694
4073666,16,32680
4073923,15,32678
4073923,16,32689
4074180,15,32681
4074180,16,32704
4074431,15,32688
4074431,16,32688
4074687,15,32700
4074687,16,32685
4074941,15,32689
4074941,16,32704
4075197,15,32688
4075197,16,32697
4075454,15,32705
4075454,16,32677
4075709,15,32690
4075709,16,32695
4075918,15,32691
4075918,16,32698
4076178,15,32689
4076178,16,32687
4076431,15,32709
4076431,16,32670
4076684,15,32689
4076684,16,32704
4076940,15,32688
4076940,16,32699
4077194,15,32684
4077194,16,32683
4077451,15,32682
4077451,16,32696
4077704,15,32689
4077704,16,32675
4077917,15,32691
4077917,16,32686
4078175,15,32695
4078175,16,32693
4078428,15,32678
4078428,16,32655
4078683,15,32705
4078683,16,32691
4078937,15,32697
4078937,16,32682
4079191,15,32675
4079191,16,32692
4079448,15,32678
4079448,16,32709
4079703,15,32704
4079703,16,32679
4079960,15,32684
4079960,16,32698
4080169,15,32671
4080169,16,32715
4080427,15,32666
4080427,16,32688
4080680,15,32685
4080680,16,32684
4080937,15,32699
4080937,16,32689
4081191,15,32698
4081191,16,32676
4081444,15,32684
4081444,16,32695
4081699,15,32698
4081699,16,32701
4081952,15,32704
4081952,16,32697
4082170,15,32686
4082170,16,32671
4082422,15,32688
4082422,16,32680
4082676,15,32691
4082676,16,32698
4082934,15,32688
4082934,16,32671
4083189,15,32670
4083189,16,32668
4083442,15,32705
4083442,16,32692
4083701,15,32696
4083701,16,32685
4083951,15,32694
4083951,16,32691
4084210,15,32675
4084210,16,32682
4084418,15,32701
4084418,16,32692
4084676,15,32699
4084676,16,32689
4084931,15,32699
4084931,16,32697
4085185,15,32692
4085185,16,32685
4085442,15,32675
4085442,16,32684
4085696,15,32679
4085696,16,32683
4085950,15,32694
4085950,16,32671
4086203,15,32681
4086203,16,32699
4086418,15,32695
4086418,16,32694
4086672,15,32699
4086672,16,32672
4086927,15,32685
4086927,16,32688
4087183,15,32670
4087183,16,32688
4087441,15,32670
4087441,16,32690
4087694,15,32695
4087694,16,32685
4087948,15,32686
4087948,16,32705
4088204,15,32716
4088204,16,32687
4088457,15,32680
4088457,16,32691
4088672,15,32706
4088672,16,32689
4088924,15,32684
4088924,16,32682
4089182,15,32705
4089182,16,32687
4089437,15,32697
4089437,16,32680
4089693,15,32691
4089693,16,32703
4089945,15,32693
4089945,16,32687
4090203,15,32691
4090203,16,32683
4090455,15,32710
4090455,16,32682
4090667,15,32715
4090667,16,32684
4090923,15,32678
4090923,16,32674
4091178,15,32689
4091178,16,32679
4091434,15,32703
4091434,16,32696
4091688,15,32679
4091688,16,32681
4091939,15,32705
4091939,16,32689
4092199,15,32668
4092199,16,32703
4092452,15,32661
4092452,16,32655
4092709,15,32690
4092709,16,32698
4092920,15,32675
4092920,16,32698
4093175,15,32699
4093175,16,32684
4093430,15,32697
4093430,16,32677
4093685,15,32727
4093685,16,32687
4093940,15,32695
4093940,16,32703
4094196,15,32695
4094196,16,32694
4094451,15,32692
4094451,16,32688
4094706,15,32695
4094706,16,32705
4094917,15,32686
4094917,16,32700
4095178,15,32676
4095178,16,32671
4095429,15,32709
4095429,16,32690
4095683,15,32695
4095683,16,32694
4095939,15,32697
4095939,16,32675
4096195,15,32703
4096195,16,32698
4096450,15,32671
4096450,16,32683
4096702,15,32680
4096702,16,32701
4096956,15,32666
4096956,16,32687
4097171,15,32693
4097171,16,32707
4097424,15,32663
4097424,16,32682
4097679,15,32675
4097679,16,32703
4097936,15,32690
4097936,16,32687
4098190,15,32679
4098190,16,32674
4098445,15,32692
4098445,16,32688
4098701,15,32685
4098701,16,32683
4098957,15,32693
4098957,16,32715
4099169,15,32673
4099169,16,32684
4099422,15,32709
4099422,16,32693
4099678,15,32707
4099678,16,32673
4099932,15,32695
4099932,16,32686
4100188,15,32685
4100188,16,32699
4100444,15,32679
4100444,16,32686
4100698,15,32665
4100698,16,32699
4100953,15,32691
4100953,16,32687
4101206,15,32688
4101206,16,32688
4101420,15,32695
4101420,16,32683
4101674,15,32685
4101674,16,32676
4101931,15,32684
4101931,16,32693
4102186,15,32698
4102186,16,32693
4102443,15,32673
4102443,16,32696
4102697,15,32674
4102697,16,32676
4102951,15,32680
4102951,16,32680
4103202,15,32653
4103202,16,32683
4103419,15,32670
4103419,16,32680
4103674,15,32688
4103674,16,32689
4103926,15,32689
4103926,16,32674
4104181,15,32696
4104181,16,32682
4104436,15,32670
4104436,16,32692
4104688,15,32692
4104688,16,32684
4104949,15,32686
4104949,16,32685
4105203,15,32691
4105203,16,32694
4105457,15,32659
4105457,16,32671
4105668,15,32712
4105668,16,32681
4105922,15,32686
4105922,16,32694
4106181,15,32673
4106181,16,32676
4106436,15,32687
4106436,16,32685
4106690,15,32675
4106690,16,32666
4106947,15,32688
4106947,16,32685
4107198,15,32696
4107198,16,32664
4107457,15,32694
4107457,16,32690
4107668,15,32692
4107668,16,32707
4107923,15,32683
4107923,16,32700
4108173,15,32690
4108173,16,32696
4108433,15,32705
4108433,16,32701
4108687,15,32675
4108687,16,32695
4108945,15,32678
4108945,16,32695
4109198,15,32679
4109198,16,32699
4109455,15,32694
4109455,16,32689
4109705,15,32688
4109705,16,32693
4109920,15,32688
4109920,16,32668
4110173,15,32696
4110173,16,32683
4110431,15,32694
4110431,16,32706
4110686,15,32676
4110686,16,32689
4110941,15,32707
4110941,16,32672
4111194,15,32693
4111194,16,32678
4111451,15,32695
4111451,16,32706
4111704,15,32691
4111704,16,32685
4111915,15,32705
4111915,16,32684
4112172,15,32683
4112172,16,32698
4112429,15,32706
4112429,16,32675
4112681,15,32700
4112681,16,32686
4112937,15,32690
4112937,16,32691
4113191,15,32686
4113191,16,32682
4113450,15,32707
4113450,16,32671
4113703,15,32691
4113703,16,32680
4113958,15,32695
4113958,16,32684
4114167,15,32704
4114167,16,32694
4114427,15,32695
4114427,16,32694
4114679,15,32706
4114679,16,32702
4114936,15,32702
4114936,16,32695
4115190,15,32703
4115190,16,32686
4115446,15,32682
4115446,16,32691
4115700,15,32694
4115700,16,32693
4115956,15,32701
4115956,16,32672
4116169,15,32688
4116169,16,32681
4116424,15,32686
4116424,16,32678
4116677,15,32689
4116677,16,32704
4116933,15,32678
4116933,16,32693
4117189,15,32675
4117189,16,32684
4117439,15,32681
4117439,16,32676
4117697,15,32670
4117697,16,32693
4117953,15,32687
4117953,16,32678
4118206,15,32692
4118206,16,32685
4118421,15,32672
4118421,16,32695
4118673,15,32695
4118673,16,32705
4118929,15,32672
4118929,16,32680
4119187,15,32691
4119187,16,32689
4119438,15,32699
4119438,16,32674
4119692,15,32693
4119692,16,32686
4119950,15,32667
4119950,16,32700
4120205,15,32691
4120205,16,32681
4120418,15,32698
4120418,16,32685
4120672,15,32692
4120672,16,32699
4120925,15,32694
4120925,16,32673
4121181,15,32687
4121181,16,32679
4121436,15,32709
4121436,16,32694
4121690,15,32683
4121690,16,32700
4121948,15,32693
4121948,16,32689
4122203,15,32686
4122203,16,32677
4122458,15,32690
4122458,16,32690
4122671,15,32692
4122671,16,32665
4122925,15,32672
4122925,16,32680
4123180,15,32680
4123180,16,32671
4123431,15,32693
4123431,16,32698
4123691,15,32660
4123691,16,32677
4123944,15,32700
4123944,16,32681
4124199,15,32698
4124199,16,32708
4124456,15,32680
4124456,16,32688
4124667,15,32671
4124667,16,32685
4124922,15,32657
4124922,16,32693
4125176,15,32688
4125176,16,32678
4125434,15,32686
4125434,16,32675
4125688,15,32686
4125688,16,32667
4125943,15,32680
4125943,16,32698
4126198,15,32701
4126198,16,32701
4126454,15,32694
4126454,16,32690
4126707,15,32698
4126707,16,32674
4126921,15,32700
4126921,16,32680
4127176,15,32692
4127176,16,32685
4127428,15,32690
4127428,16,32692
4127682,15,32700
4127682,16,32698
4127939,15,32692
4127939,16,32678
4128197,15,32700
4128197,16,32683
4128448,15,32702
4128448,16,32670
4128705,15,32682
4128705,16,32693
4128916,15,32691
4128916,16,32701
4129174,15,32691
4129174,16,32694
4129426,15,32700
4129426,16,32704
4129680,15,32703
4129680,16,32701
4129939,15,32684
4129939,16,32688
4130190,15,32694
4130190,16,32694
4130447,15,32707
4130447,16,32678
4130701,15,32685
4130701,16,32670
4130959,15,32689
4130959,16,32702
4131171,15,32695
4131171,16,32710
4131426,15,32679
4131426,16,32687
4131681,15,32664
4131681,16,32689
4131936,15,32683
4131936,16,32676
4132192,15,32690
4132192,16,32684
4132447,15,32674
4132447,16,32694
4132701,15,32684
4132701,16,32683
4132956,15,32683
4132956,16,32694
4133166,15,32680
4133166,16,32683
4133422,15,32686
4133422,16,32689
4133681,15,32687
4133681,16,32707
4133936,15,32694
4133936,16,32694
4134190,15,32681
4134190,16,32682
4134441,15,32681
4134441,16,32681
4134697,15,32689
4134697,16,32692
4134952,15,32696
4134952,16,32697
4135206,15,32695
4135206,16,32687
4135422,15,32669
4135422,16,32672
4135675,15,32683
4135675,16,32675
4135930,15,32687
4135930,16,32692
4136185,15,32667
4136185,16,32693
4136441,15,32675
4136441,16,32687
4136696,15,32673
4136696,16,32695
4136949,15,32685
4136949,16,32673
4137206,15,32684
4137206,16,32698
4137415,15,32696
4137415,16,32688
4137670,15,32688
4137670,16,32700
4137927,15,32678
4137927,16,32690
4138182,15,32694
4138182,16,32702
4138436,15,32682
4138436,16,32677
4138692,15,32699
4138692,16,32665
4138943,15,32699
4138943,16,32683
4139207,15,32706
4139207,16,32695
4139459,15,32698
4139459,16,32697
4139673,15,32681
4139673,16,32697
4139925,15,32694
4139925,16,32689
4140181,15,32703
4140181,16,32684
4140436,15,32697
4140436,16,32691
4140690,15,32689
4140690,16,32686
4140947,15,32699
4140947,16,32692
4141198,15,32685
4141198,16,32692
4141454,15,32718
4141454,16,32691
4141668,15,32704
4141668,16,32696
4141921,15,32682
4141921,16,32685
4142178,15,32688
4142178,16,32692
4142436,15,32685
4142436,16,32695
4142686,15,32709
4142686,16,32688
4142942,15,32686
4142942,16,32695
4143198,15,32698
4143198,16,32689
4143450,15,32693
4143450,16,32681
4143707,15,32684
4143707,16,32675
4143921,15,32686
4143921,16,32693
4144175,15,32707
4144175,16,32686
4144430,15,32665
4144430,16,32703
4144684,15,32686
4144684,16,32686
4144942,15,32670
4144942,16,32692
4145195,15,32697
4145195,16,32706
4145451,15,32704
4145451,16,32682
4145703,15,32671
4145703,16,32689
4145918,15,32694
4145918,16,32688
4146171,15,32689
4146171,16,32701
4146430,15,32710
4146430,16,32705
4146682,15,32680
4146682,16,32695
4146936,15,32699
4146936,16,32695
4147194,15,32676
4147194,16,32683
4147447,15,32697
4147447,16,32675
4147701,15,32681
4147701,16,32695
4147959,15,32673
4147959,16,32686
4148169,15,32699
4148169,16,32678
4148426,15,32700
4148426,16,32694
4148680,15,32696
4148680,16,32706
4148936,15,32682
4148936,16,32687
4149190,15,32701
4149190,16,32667
4149445,15,32703
4149445,16,32685
4149701,15,32692
4149701,16,32686
4149955,15,32699
4149955,16,32685
4150169,15,32683
4150169,16,32672
4150422,15,32684
4150422,16,32686
4150679,15,32676
4150679,16,32679
4150934,15,32699
4150934,16,32686
4151188,15,32699
4151188,16,32692
4151443,15,32702
4151443,16,32716
4151697,15,32669
4151697,16,32705
4151952,15,32677
4151952,16,32697
4152206,15,32694
4152206,16,32711
4152420,15,32689
4152420,16,32696
4152674,15,32691
4152674,16,32667
4152932,15,32710
4152932,16,32690
4153185,15,32686
4153185,16,32693
4153439,15,32699
4153439,16,32696
4153698,15,32688
4153698,16,32684
4153949,15,32677
4153949,16,32697
4154205,15,32691
4154205,16,32700
4154414,15,32690
4154414,16,32681
4154672,15,32704
4154672,16,32705
4154926,15,32702
4154926,16,32682
4155182,15,32681
4155182,16,32696
4155437,15,32684
4155437,16,32696
4155695,15,32683
4155695,16,32692
4155945,15,32692
4155945,16,32696
4156202,15,32688
4156202,16,32708
4156460,15,32696
4156460,16,32687
4156669,15,32693
4156669,16,32687
4156925,15,32690
4156925,16,32687
4157181,15,32689
4157181,16,32685
4157433,15,32676
4157433,16,32682
4157691,15,32690
4157691,16,32694
4157946,15,32698
4157946,16,32710
4158202,15,32699
4158202,16,32693
4158453,15,32671
4158453,16,32698
4158666,15,32677
4158666,16,32686
4158920,15,32692
4158920,16,32697
4159177,15,32715
4159177,16,32689
4159432,15,32697
4159432,16,32699
4159686,15,32691
4159686,16,32683
4159942,15,32710
4159942,16,32678
4160199,15,32670
4160199,16,32693
4160451,15,32685
4160451,16,32683
4160708,15,32696
4160708,16,32689
4160921,15,32690
4160921,16,32686
4161174,15,32680
4161174,16,32689
4161431,15,32689
4161431,16,32694
4161687,15,32705
4161687,16,32695
4161937,15,32691
4161937,16,32702
4162196,15,32702
4162196,16,32691
4162449,15,32689
4162449,16,32685
4162706,15,32695
4162706,16,32668
4162919,15,32702
4162919,16,32689
4163175,15,32696
4163175,16,32694
4163427,15,32693
4163427,16,32696
4163682,15,32691
4163682,16,32685
4163937,15,32668
4163937,16,32678
4164192,15,32688
4164192,16,32698
4164447,15,32683
4164447,16,32699
4164702,15,32694
4164702,16,32669
4164957,15,32687
4164957,16,32684
4165172,15,32696
4165172,16,32688
4165425,15,32693
4165425,16,32692
4165680,15,32701
4165680,16,32706
4165936,15,32677
4165936,16,32689
4166192,15,32672
4166192,16,32693
4166443,15,32698
4166443,16,32687
4166698,15,32683
4166698,16,32694
4166950,15,32681
4166950,16,32683
4167168,15,32695
4167168,16,32683
4167421,15,32678
4167421,16,32696
4167676,15,32695
4167676,16,32692
4167933,15,32677
4167933,16,32683
4168185,15,32688
4168185,16,32679
4168440,15,32689
4168440,16,32695
4168699,15,32662
4168699,16,32700
4168953,15,32678
4168953,16,32672
4169204,15,32704
4169204,16,32696
4169420,15,32704
4169420,16,32678
4169678,15,32687
4169678,16,32693
4169932,15,32691
4169932,16,32691
4170187,15,32704
4170187,16,32699
4170440,15,32694
4170440,16,32685
4170695,15,32665
4170695,16,32681
4170950,15,32682
4170950,16,32667
4171205,15,32686
4171205,16,32682
4171418,15,32685
4171418,16,32691
4171671,15,32693
4171671,16,32703
4171925,15,32703
4171925,16,32680
4172186,15,32693
4172186,16,32678
4172438,15,32682
4172438,16,32684
4172693,15,32670
4172693,16,32700
4172948,15,32662
4172948,16,32701
4173202,15,32696
4173202,16,32680
4173458,15,32688
4173458,16,32693
4173669,15,32682
4173669,16,32700
4173925,15,32670
4173925,16,32671
4174178,15,32690
4174178,16,32709
4174435,15,32693
4174435,16,32686
4174689,15,32693
4174689,16,32670
4174946,15,32670
4174946,16,32701
4175198,15,32679
4175198,16,32691
4175456,15,32684
4175456,16,32677
4175671,15,32697
4175671,16,32679
4175923,15,32695
4175923,16,32681
4176180,15,32683
4176180,16,32696
4176431,15,32686
4176431,16,32670
4176687,15,32700
4176687,16,32700
4176940,15,32688
4176940,16,32687
4177198,15,32698
4177198,16,32687
4177454,15,32692
4177454,16,32693
4177708,15,32676
4177708,16,32693
4177921,15,32679
4177921,16,32694
4178175,15,32704
4178175,16,32669
4178432,15,32694
4178432,16,32678
4178686,15,32681
4178686,16,32687
4178941,15,32690
4178941,16,32699
4179195,15,32683
4179195,16,32674
4179452,15,32692
4179452,16,32687
4179700,15,32690
4179700,16,32690
4179916,15,32701
4179916,16,32684
4180173,15,32682
4180173,16,32684
4180423,15,32681
4180423,16,32690
4180679,15,32698
4180679,16,32706
4180940,15,32701
4180940,16,32684
4181193,15,32670
4181193,16,32687
4181445,15,32699
4181445,16,32694
4181701,15,32697
4181701,16,32686
4181956,15,32703
4181956,16,32680
4182171,15,32672
4182171,16,32682
4182426,15,32698
4182426,16,32680
4182683,15,32672
4182683,16,32671
4182937,15,32679
4182937,16,32697
4183190,15,32679
4183190,16,32693
4183446,15,32681
4183446,16,32683
4183702,15,32692
4183702,16,32677
4183956,15,32680
4183956,16,32691
4184167,15,32692
4184167,16,32701
4184423,15,32695
4184423,16,32683
4184679,15,32671
4184679,16,32683
4184933,15,32682
4184933,16,32695
4185187,15,32680
4185187,16,32686
4185442,15,32692
4185442,16,32680
4185695,15,32682
4185695,16,32692
4185953,15,32689
4185953,16,32691
4186208,15,32698
4186208,16,32681
4186422,15,32677
4186422,16,32680
4186674,15,32681
4186674,16,32687
4186931,15,32687
4186931,16,32683
4187184,15,32694
4187184,16,32697
4187438,15,32699
4187438,16,32679
4187695,15,32690
4187695,16,32670
4187953,15,32701
4187953,16,32698
4188205,15,32686
4188205,16,32683
4188415,15,32678
4188415,16,32687
4188672,15,32699
4188672,16,32689
4188929,15,32686
4188929,16,32676
4189184,15,32701
4189184,16,32698
4189437,15,32701
4189437,16,32696
4189692,15,32687
4189692,16,32702
4189948,15,32673
4189948,16,32673
4190201,15,32711
4190201,16,32723
4190458,15,32692
4190458,16,32691
4190672,15,32708
4190672,16,32677
4190924,15,32709
4190924,16,32692
4191179,15,32683
4191179,16,32689
4191437,15,32686
4191437,16,32699
4191691,15,32681
4191691,16,32667
4191945,15,32691
4191945,16,32698
4192200,15,32696
4192200,16,32675
4192455,15,32676
4192455,16,32680
4192667,15,32702
4192667,16,32690
4192923,15,32700
4192923,16,32691
4193178,15,32685
4193178,16,32703
4193433,15,32680
4193433,16,32682
4193689,15,32681
4193689,16,32676
4193945,15,32676
4193945,16,32701
4194199,15,32678
4194199,16,32700
4194452,15,32679
4194452,16,32688
4194708,15,32687
4194708,16,32709
4194917,15,32690
4194917,16,32674
4195178,15,32682
4195178,16,32674
4195432,15,32674
4195432,16,32685
4195683,15,32677
4195683,16,32690
4195938,15,32701
4195938,16,32695
4196198,15,32672
4196198,16,32680
4196453,15,32678
4196453,16,32694
4196706,15,32702
4196706,16,32698
4196918,15,32690
4196918,16,32691
4197175,15,32707
4197175,16,32690
4197428,15,32682
4197428,16,32694
4197681,15,32681
4197681,16,32681
4197938,15,32695
4197938,16,32690
4198193,15,32686
4198193,16,32703
4198446,15,32696
4198446,16,32697
4198702,15,32680
4198702,16,32684
4198956,15,32691
4198956,16,32689
4199171,15,32666
4199171,16,32680
4199426,15,32672
4199426,16,32674
4199681,15,32679
4199681,16,32682
4199934,15,32671
4199934,16,32688
4200189,15,32704
4200189,16,32692
4200443,15,32691
4200443,16,32697
4200700,15,32717
4200700,16,32693
4200954,15,32694
4200954,16,32683
4201167,15,32688
4201167,16,32702
4201424,15,32688
4201424,16,32687
4201677,15,32687
4201677,16,32686
4201930,15,32673
4201930,16,32687
4202188,15,32694
4202188,16,32686
4202441,15,32682
4202441,16,32659
4202699,15,32690
4202699,16,32684
4202953,15,32695
4202953,16,32686
4203207,15,32689
4203207,16,32683
4203423,15,32675
4203423,16,32707
4203676,15,32679
4203676,16,32683
4203930,15,32665
4203930,16,32680
4204185,15,32686
4204185,16,32686
4204438,15,32692
4204438,16,32677
4204695,15,32687
4204695,16,32682
4204950,15,32687
4204950,16,32676
4205206,15,32691
4205206,16,32697
4205418,15,32691
4205418,16,32677
4205673,15,32684
4205673,16,32683
4205930,15,32704
4205930,16,32691
4206182,15,32687
4206182,16,32693
4206437,15,32709
4206437,16,32691
4206692,15,32697
4206692,16,32681
4206947,15,32695
4206947,16,32701
4207201,15,32696
4207201,16,32695
4207457,15,32692
4207457,16,32694
4207669,15,32674
4207669,16,32696
4207924,15,32696
4207924,16,32678
4208182,15,32676
4208182,16,32661
4208434,15,32711
4208434,16,32680
4208688,15,32674
4208688,16,32677
4208943,15,32684
4208943,16,32663
4209200,15,32682
4209200,16,32684
4209452,15,32684
4209452,16,32694
4209669,15,32684
4209669,16,32668
4209924,15,32690
4209924,16,32693
4210176,15,32686
4210176,16,32694
4210432,15,32690
4210432,16,32697
4210687,15,32692
4210687,16,32677
4210944,15,32677
4210944,16,32683
4211199,15,32702
4211199,16,32689
4211453,15,32683
4211453,16,32697
4211708,15,32678
4211708,16,32697
4211918,15,32711
4211918,16,32698
4212173,15,32695
4212173,16,32680
4212428,15,32689
4212428,16,32697
4212685,15,32691
4212685,16,32699
4212938,15,32696
4212938,16,32711
4213195,15,32699
4213195,16,32690
4213448,15,32685
4213448,16,32689
4213705,15,32682
4213705,16,32690
4213917,15,32693
4213917,16,32697
4214172,15,32696
4214172,16,32680
4214429,15,32674
4214429,16,32696
4214682,15,32688
4214682,16,32684
4214938,15,32684
4214938,16,32692
4215192,15,32692
4215192,16,32697
4215446,15,32696
4215446,16,32691
4215702,15,32696
4215702,16,32684
4215959,15,32682
4215959,16,32676
4216168,15,32696
4216168,16,32680
4216423,15,32682
4216423,16,32693
4216679,15,32688
4216679,16,32683
4216935,15,32676
4216935,16,32691
4217190,15,32700
4217190,16,32707
4217445,15,32675
4217445,16,32685
4217700,15,32699
4217700,16,32686
4217955,15,32696
4217955,16,32682
4218167,15,32690
4218167,16,32693
4218423,15,32680
4218423,16,32675
4218678,15,32675
4218678,16,32672
4218932,15,32689
4218932,16,32688
4219187,15,32704
4219187,16,32697
4219443,15,32683
4219443,16,32706
4219698,15,32686
4219698,16,32702
4219950,15,32720
4219950,16,32697
4220209,15,32678
4220209,16,32709
4220420,15,32689
4220420,16,32687
4220677,15,32688
4220677,16,32700
4220930,15,32680
4220930,16,32690
4221184,15,32679
4221184,16,32720
4221440,15,32713
4221440,16,32690
4221696,15,32691
4221696,16,32680
4221948,15,32693
4221948,16,32700
4222205,15,32676
4222205,16,32687
4222415,15,32705
4222415,16,32672
4222671,15,32691
4222671,16,32697
4222926,15,32703
4222926,16,32685
4223182,15,32680
4223182,16,32695
4223437,15,32700
4223437,16,32682
4223693,15,32672
4223693,16,32680
4223946,15,32697
4223946,16,32694
4224203,15,32701
4224203,16,32680
4224459,15,32675
4224459,16,32690
4224671,15,32682
4224671,16,32675
4224924,15,32698
4224924,16,32699
4225180,15,32693
4225180,16,32700
4225435,15,32680
4225435,16,32693
4225692,15,32691
4225692,16,32681
4225947,15,32687
4225947,16,32694
4226198,15,32672
4226198,16,32699
4226454,15,32688
4226454,16,32674
4226670,15,32691
4226670,16,32713
4226923,15,32688
4226923,16,32683
4227176,15,32688
4227176,16,32690
4227431,15,32706
4227431,16,32672
4227688,15,32702
4227688,16,32680
4227940,15,32689
4227940,16,32679
4228197,15,32682
4228197,16,32673
4228455,15,32703
4228455,16,32692
4228708,15,32688
4228708,16,32673
4228920,15,32683
4228920,16,32704
4229173,15,32688
4229173,16,32712
4229428,15,32668
4229428,16,32693
4229684,15,32690
4229684,16,32674
4229940,15,32691
4229940,16,32685
4230196,15,32681
4230196,16,32712
4230449,15,32691
4230449,16,32694
4230704,15,32671
4230704,16,32693
4230920,15,32701
4230920,16,32683
4231174,15,32685
4231174,16,32674
4231428,15,32692
4231428,16,32681
4231684,15,32687
4231684,16,32701
4231939,15,32681
4231939,16,32680
4232191,15,32700
4232191,16,32693
4232449,15,32706
4232449,16,32671
4232703,15,32701
4232703,16,32706
4232961,15,32687
4232961,16,32674
4233172,15,32683
4233172,16,32680
4233427,15,32680
4233427,16,32689
4233680,15,32690
4233680,16,32676
4233938,15,32688
4233938,16,32680
4234189,15,32683
4234189,16,32704
4234445,15,32674
4234445,16,32677
4234703,15,32672
4234703,16,32694
4234954,15,32672
4234954,16,32691
4235169,15,32688
4235169,16,32679
4235424,15,32697
4235424,16,32685
4235678,15,32685
4235678,16,32699
4235933,15,32687
4235933,16,32678
4236188,15,32706
4236188,16,32687
4236442,15,32680
4236442,16,32697
4236696,15,32680
4236696,16,32672
4236956,15,32677
4236956,16,32693
4237207,15,32675
4237207,16,32705
4237421,15,32688
4237421,16,32701
4237675,15,32704
4237675,16,32710
4237931,15,32683
4237931,16,32680
4238183,15,32679
4238183,16,32682
4238440,15,32690
4238440,16,32694
4238697,15,32678
4238697,16,32689
4238952,15,32704
4238952,16,32687
4239205,15,32682
4239205,16,32690
4239415,15,32680
4239415,16,32690
4239672,15,32678
4239672,16,32694
4239927,15,32687
4239927,16,32702
4240180,15,32707
4240180,16,32707
4240438,15,32695
4240438,16,32697
4240693,15,32678
4240693,16,32697
4240946,15,32685
4240946,16,32693
4241202,15,32688
4241202,16,32673
4241459,15,32679
4241459,16,32681
4241672,15,32715
4241672,16,32718
4241926,15,32673
4241926,16,32695
4242179,15,32677
4242179,16,32691
4242432,15,32671
4242432,16,32680
4242688,15,32700
4242688,16,32687
4242946,15,32697
4242946,16,32672
4243202,15,32688
4243202,16,32690
4243455,15,32696
4243455,16,32696
4243669,15,32681
4243669,16,32691
4243922,15,32693
4243922,16,32692
4244179,15,32678
4244179,16,32685
4244429,15,32689
4244429,16,32686
4244687,15,32688
4244687,16,32698
4244943,15,32669
4244943,16,32683
4245198,15,32685
4245198,16,32680
4245452,15,32675
4245452,16,32706
4245709,15,32682
4245709,16,32696
4245921,15,32691
4245921,16,32687
4246176,15,32676
4246176,16,32677
4246429,15,32675
4246429,16,32683
4246685,15,32706
4246685,16,32693
4246941,15,32687
4246941,16,32690
4247197,15,32685
4247197,16,32684
4247450,15,32694
4247450,16,32683
4247705,15,32689
4247705,16,32692
4247919,15,32701
4247919,16,32689
4248172,15,32686
4248172,16,32666
4248430,15,32695
4248430,16,32684
4248683,15,32678
4248683,16,32685
4248936,15,32672
4248936,16,32691
4249193,15,32697
4249193,16,32693
4249448,15,32680
4249448,16,32672
4249701,15,32697
4249701,16,32676
4249959,15,32679
4249959,16,32679
4250169,15,32689
4250169,16,32694
4250425,15,32692
4250425,16,32697
4250682,15,32691
4250682,16,32684
4250934,15,32687
4250934,16,32681
4251189,15,32669
4251189,16,32715
4251446,15,32693
4251446,16,32698
4251703,15,32663
4251703,16,32702
4251957,15,32683
4251957,16,32686
4252166,15,32681
4252166,16,32675
4252424,15,32699
4252424,16,32692
4252675,15,32682
4252675,16,32690
4252933,15,32696
4252933,16,32695
4253189,15,32687
4253189,16,32695
4253445,15,32692
4253445,16,32706
4253697,15,32680
4253697,16,32703
4253954,15,32703
4253954,16,32700
4254207,15,32673
4254207,16,32691
4254419,15,32698
4254419,16,32677
4254678,15,32696
4254678,16,32687
4254928,15,32690
4254928,16,32694
4255186,15,32693
4255186,16,32689
4255442,15,32683
4255442,16,32696
4255693,15,32691
4255693,16,32702
4255949,15,32689
4255949,16,32695
4256205,15,32696
4256205,16,32680
4256415,15,32672
4256415,16,32698
4256670,15,32710
4256670,16,32694
4256928,15,32679
4256928,16,32701
4257184,15,32702
4257184,16,32709
4257437,15,32693
4257437,16,32697
4257694,15,32707
4257694,16,32696
4257949,15,32698
4257949,16,32695
4258204,15,32700
4258204,16,32691
4258457,15,32687
4258457,16,32697
4258669,15,32693
4258669,16,32688
4258923,15,32687
4258923,16,32710
4259180,15,32672
4259180,16,32680
4259432,15,32673
4259432,16,32690
4259688,15,32694
4259688,16,32700
4259946,15,32679
4259946,16,32698
4260198,15,32688
4260198,16,32700
4260457,15,32709
4260457,16,32665
4260666,15,32688
4260666,16,32702
4260922,15,32711
4260922,16,32687
4261177,15,32679
4261177,16,32694
4261432,15,32688
4261432,16,32687
4261685,15,32678
4261685,16,32676
4261944,15,32668
4261944,16,32691
4262201,15,32682
4262201,16,32685
4262453,15,32678
4262453,16,32690
4262710,15,32691
4262710,16,32693
4262920,15,32700
4262920,16,32687
4263174,15,32682
4263174,16,32680
4263430,15,32674
4263430,16,32669
4263683,15,32706
4263683,16,32694
4263937,15,32707
4263937,16,32687
4264196,15,32687
4264196,16,32701
4264450,15,32674
4264450,16,32670
4264706,15,32683
4264706,16,32700
4264916,15,32701
4264916,16,32672
4265172,15,32665
4265172,16,32669
4265425,15,32676
4265425,16,32684
4265682,15,32684
4265682,16,32700
4265932,15,32688
4265932,16,32673
4266191,15,32693
4266191,16,32677
4266446,15,32671
4266446,16,32709
4266702,15,32680
4266702,16,32690
4266958,15,32696
4266958,16,32694
4267169,15,32682
4267169,16,32705
4267425,15,32706
4267425,16,32703
4267679,15,32696
4267679,16,32696
4267937,15,32682
4267937,16,32700
4268189,15,32689
4268189,16,32695
4268445,15,32678
4268445,16,32698
4268701,15,32671
4268701,16,32687
4268954,15,32691
4268954,16,32697
4269168,15,32695
4269168,16,32688
4269420,15,32693
4269420,16,32679
4269679,15,32718
4269679,16,32712
4269931,15,32677
4269931,16,32679
4270191,15,32671
4270191,16,32699
4270442,15,32691
4270442,16,32703
4270696,15,32690
4270696,16,32704
4270955,15,32688
4270955,16,32667
4271207,15,32677
4271207,16,32687
4271421,15,32706
4271421,16,32701
4271674,15,32694
4271674,16,32682
4271930,15,32687
4271930,16,32664
4272186,15,32685
4272186,16,32674
4272438,15,32703
4272438,16,32694
4272696,15,32681
4272696,16,32688
4272948,15,32694
4272948,16,32703
4273206,15,32691
4273206,16,32704
4273417,15,32673
4273417,16,32670
4273674,15,32694
4273674,16,32677
4273928,15,32695
4273928,16,32687
4274183,15,32695
4274183,16,32677
4274439,15,32701
4274439,16,32693
4274693,15,32699
4274693,16,32729
4274949,15,32685
4274949,16,32696
4275204,15,32671
4275204,16,32713
4275458,15,32684
4275458,16,32687
4275669,15,32695
4275669,16,32709
4275923,15,32701
4275923,16,32696
4276179,15,32680
4276179,16,32700
4276435,15,32698
4276435,16,32694
4276689,15,32673
4276689,16,32687
4276945,15,32686
4276945,16,32690
4277200,15,32680
4277200,16,32684
4277455,15,32696
4277455,16,32675
4277668,15,32679
4277668,16,32702
4277923,15,32693
4277923,16,32684
4278176,15,32676
4278176,16,32657
4278436,15,32703
4278436,16,32677
4278687,15,32683
4278687,16,32703
4278941,15,32683
4278941,16,32695
4279196,15,32682
4279196,16,32673
4279452,15,32662
4279452,16,32693
4279706,15,32689
4279706,16,32699
4279918,15,32696
4279918,16,32695
4280175,15,32703
4280175,16,32692
4280430,15,32679
4280430,16,32688
4280684,15,32670
4280684,16,32669
4280942,15,32687
4280942,16,32689
4281193,15,32683
4281193,16,32697
4281451,15,32683
4281451,16,32697
4281707,15,32682
4281707,16,32684
4281913,15,32679
4281913,16,32691
4282172,15,32687
4282172,16,32693
4282429,15,32692
4282429,16,32702
4282682,15,32695
4282682,16,32681
4282941,15,32694
4282941,16,32693
4283193,15,32673
4283193,16,32686
4283447,15,32671
4283447,16,32694
4283699,15,32696
4283699,16,32683
4283958,15,32684
4283958,16,32680
4284168,15,32702
4284168,16,32683
4284424,15,32701
4284424,16,32693
4284683,15,32689
4284683,16,32699
4284935,15,32683
4284935,16,32687
4285189,15,32693
4285189,16,32695
4285446,15,32674
4285446,16,32694
4285702,15,32708
4285702,16,32692
4285957,15,32695
4285957,16,32682
4286168,15,32704
4286168,16,32696
4286421,15,32684
4286421,16,32685
4286680,15,32676
4286680,16,32667
4286935,15,32685
4286935,16,32689
4287192,15,32682
4287192,16,32682
4287443,15,32698
4287443,16,32676
4287697,15,32687
4287697,16,32689
4287952,15,32684
4287952,16,32692
4288209,15,32665
4288209,16,32701
4288417,15,32685
4288417,16,32668
4288676,15,32705
4288676,16,32672
4288930,15,32675
4288930,16,32687
4289180,15,32687
4289180,16,32685
4289439,15,32679
4289439,16,32691
4289694,15,32700
4289694,16,32689
4289949,15,32688
4289949,16,32693
4290201,15,32680
4290201,16,32693
4290415,15,32687
4290415,16,32730
4290673,15,32702
4290673,16,32704
4290929,15,32682
4290929,16,32703
4291183,15,32684
4291183,16,32701
4291437,15,32705
4291437,16,32669
4291692,15,32683
4291692,16,32695
4291948,15,32675
4291948,16,32693
4292201,15,32674
4292201,16,32696
4292457,15,32708
4292457,16,32680
4292670,15,32699
4292670,16,32691
4292925,15,32665
4292925,16,32689
4293182,15,32679
4293182,16,32682
4293437,15,32680
4293437,16,32691
4293688,15,32686
4293688,16,32679
4293948,15,32686
4293948,16,32698
4294200,15,32708
4294200,16,32692
4294451,15,32679
4294451,16,32688
4294667,15,32680
4294667,16,32690
4294920,15,32701
4294920,16,32700
4295175,15,32683
4295175,16,32688
4295432,15,32706
4295432,16,32696
4295686,15,32683
4295686,16,32683
4295943,15,32700
4295943,16,32686
4296196,15,32697
4296196,16,32682
4296452,15,32680
4296452,16,32692
4296705,15,32688
4296705,16,32679
4296920,15,32681
4296920,16,32702
4297175,15,32701
4297175,16,32702
4297432,15,32693
4297432,16,32699
4297685,15,32684
4297685,16,32698
4297939,15,32691
4297939,16,32702
4298196,15,32676
4298196,16,32678
4298451,15,32706
4298451,16,32668
4298705,15,32708
4298705,16,32692
4298918,15,32694
4298918,16,32689
4299171,15,32688
4299171,16,32687
4299427,15,32698
4299427,16,32691
4299683,15,32685
4299683,16,32683
4299937,15,32677
4299937,16,32697
4300195,15,32680
4300195,16,32675
4300449,15,32697
4300449,16,32675
4300703,15,32680
4300703,16,32683
4300959,15,32693
4300959,16,32680
4301169,15,32698
4301169,16,32714
4301425,15,32686
4301425,16,32694
4301678,15,32689
4301678,16,32665
4301935,15,32693
4301935,16,32700
4302187,15,32700
4302187,16,32681
4302445,15,32688
4302445,16,32691
4302701,15,32686
4302701,16,32679
4302955,15,32706
4302955,16,32680
4303167,15,32690
4303167,16,32666
4303422,15,32691
4303422,16,32707
4303677,15,32681
4303677,16,32708
4303933,15,32688
4303933,16,32675
4304185,15,32687
4304185,16,32684
4304441,15,32694
4304441,16,32680
4304698,15,32679
4304698,16,32684
4304952,15,32687
4304952,16,32687
4305205,15,32681
4305205,16,32686
4305417,15,32696
4305417,16,32685
4305674,15,32709
4305674,16,32691
4305928,15,32679
4305928,16,32678
4306183,15,32697
4306183,16,32699
4306441,15,32679
4306441,16,32682
4306697,15,32699
4306697,16,32678
4306950,15,32698
4306950,16,32687
4307203,15,32687
4307203,16,32683
4307419,15,32681
4307419,16,32703
4307674,15,32683
4307674,16,32676
4307928,15,32707
4307928,16,32711
4308183,15,32687
4308183,16,32690
4308436,15,32691
4308436,16,32686
4308692,15,32694
4308692,16,32700
4308947,15,32686
4308947,16,32677
4309201,15,32678
4309201,16,32702
4309457,15,32694
4309457,16,32685
4309670,15,32675
4309670,16,32684
4309925,15,32676
4309925,16,32692
4310178,15,32675
4310178,16,32692
4310435,15,32669
4310435,16,32692
4310689,15,32682
4310689,16,32692
4310943,15,32682
4310943,16,32683
4311200,15,32689
4311200,16,32695
4311455,15,32671
4311455,16,32691
4311667,15,32684
4311667,16,32696
4311921,15,32686
4311921,16,32677
4312179,15,32699
4312179,16,32684
4312432,15,32689
4312432,16,32674
4312687,15,32684
4312687,16,32681
4312941,15,32682
4312941,16,32701
4313196,15,32673
4313196,16,32680
4313452,15,32679
4313452,16,32688
4313706,15,32685
4313706,16,32677
4313919,15,32706
4313919,16,32689
4314175,15,32683
4314175,16,32712
4314430,15,32707
4314430,16,32676
4314685,15,32686
4314685,16,32699
4314940,15,32669
4314940,16,32694
4315192,15,32691
4315192,16,32686
4315449,15,32681
4315449,16,32695
4315706,15,32686
4315706,16,32687
4315920,15,32702
4315920,16,32683
4316173,15,32686
4316173,16,32687
4316427,15,32686
4316427,16,32700
4316683,15,32703
4316683,16,32693
4316940,15,32673
4316940,16,32695
4317190,15,32691
4317190,16,32693
4317447,15,32685
4317447,16,32701
4317703,15,32668
4317703,16,32693
4317959,15,32681
4317959,16,32706
4318170,15,32691
4318170,16,32695
4318427,15,32688
4318427,16,32687
4318680,15,32689
4318680,16,32691
4318936,15,32693
4318936,16,32686
4319189,15,32679
4319189,16,32674
4319447,15,32688
4319447,16,32685
4319699,15,32683
4319699,16,32696
4319956,15,32710
4319956,16,32683
4320168,15,32697
4320168,16,32695
4320424,15,32681
4320424,16,32697
4320675,15,32683
4320675,16,32696
4320934,15,32678
4320934,16,32690
4321188,15,32671
4321188,16,32674
4321441,15,32694
4321441,16,32703
4321695,15,32708
4321695,16,32696
4321952,15,32700
4321952,16,32688
4322209,15,32685
4322209,16,32666
4322420,15,32685
4322420,16,32693
4322674,15,32699
4322674,16,32668
4322929,15,32688
4322929,16,32695
4323189,15,32688
4323189,16,32694
4323441,15,32682
4323441,16,32686
4323693,15,32705
4323693,16,32682
4323951,15,32682
4323951,16,32669
4324206,15,32707
4324206,16,32700
4324418,15,32694
4324418,16,32692
4324672,15,32673
4324672,16,32696
4324927,15,32701
4324927,16,32707
4325183,15,32693
4325183,16,32674
4325436,15,32693
4325436,16,32689
4325691,15,32667
4325691,16,32677
4325949,15,32678
4325949,16,32701
4326203,15,32696
4326203,16,32693
4326457,15,32694
4326457,16,32680
4326669,15,32690
4326669,16,32707
4326928,15,32682
4326928,16,32685
4327182,15,32683
4327182,16,32668
4327435,15,32682
4327435,16,32693
4327691,15,32696
4327691,16,32676
4327946,15,32665
4327946,16,32697
4328198,15,32703
4328198,16,32676
4328456,15,32685
4328456,16,32691
4328668,15,32690
4328668,16,32682
4328923,15,32687
4328923,16,32688
4329175,15,32678
4329175,16,32708
4329432,15,32682
4329432,16,32695
4329688,15,32686
4329688,16,32697
4329944,15,32705
4329944,16,32675
4330199,15,32694
4330199,16,32710
4330451,15,32678
4330451,16,32696
4330709,15,32699
4330709,16,32695
4330922,15,32695
4330922,16,32693
4331174,15,32690
4331174,16,32696
4331427,15,32685
4331427,16,32690
4331685,15,32674
4331685,16,32692
4331940,15,32690
4331940,16,32670
4332195,15,32704
4332195,16,32693
4332449,15,32699
4332449,16,32694
4332706,15,32677
4332706,16,32682
4332917,15,32696
4332917,16,32682
4333173,15,32675
4333173,16,32708
4333429,15,32707
4333429,16,32685
4333684,15,32693
4333684,16,32704
4333940,15,32682
4333940,16,32694
4334193,15,32680
4334193,16,32681
4334448,15,32714
4334448,16,32683
4334702,15,32697
4334702,16,32691
4334959,15,32687
4334959,16,32666
4335170,15,32699
4335170,16,32694
4335426,15,32689
4335426,16,32677
4335683,15,32699
4335683,16,32688
4335932,15,32671
4335932,16,32692
4336189,15,32685
4336189,16,32686
4336444,15,32684
4336444,16,32683
4336699,15,32693
4336699,16,32691
4336957,15,32696
4336957,16,32661
4337167,15,32689
4337167,16,32690
4337422,15,32671
4337422,16,32682
4337678,15,32671
4337678,16,32676
4337933,15,32689
4337933,16,32704
4338188,15,32690
4338188,16,32682
4338443,15,32674
4338443,16,32677
4338695,15,32688
4338695,16,32693
4338953,15,32671
4338953,16,32675
4339209,15,32683
4339209,16,32671
4339420,15,32696
4339420,16,32684
4339673,15,32705
4339673,16,32703
4339930,15,32698
4339930,16,32683
4340184,15,32707
4340184,16,32712
4340442,15,32698
4340442,16,32692
4340695,15,32693
4340695,16,32670
4340950,15,32694
4340950,16,32689
4341204,15,32697
4341204,16,32679
4341415,15,32679
4341415,16,32703
4341674,15,32715
4341674,16,32680
4341926,15,32707
4341926,16,32698
4342182,15,32698
4342182,16,32693
4342437,15,32671
4342437,16,32700
4342694,15,32697
4342694,16,32688
4342946,15,32700
4342946,16,32682
4343202,15,32687
4343202,16,32697
4343459,15,32681
4343459,16,32703
4343668,15,32682
4343668,16,32695
4343925,15,32702
4343925,16,32690
4344178,15,32675
4344178,16,32674
4344435,15,32685
4344435,16,32701
4344692,15,32684
4344692,16,32716
4344948,15,32678
4344948,16,32686
4345201,15,32689
4345201,16,32682
4345458,15,32689
4345458,16,32689
4345668,15,32690
4345668,16,32706
4345925,15,32681
4345925,16,32694
4346176,15,32672
4346176,16,32699
4346436,15,32689
4346436,16,32681
4346687,15,32684
4346687,16,32719
4346944,15,32677
4346944,16,32685
4347199,15,32695
4347199,16,32680
4347451,15,32676
4347451,16,32680
4347707,15,32699
4347707,16,32673
4347919,15,32690
4347919,16,32674
4348176,15,32688
4348176,16,32697
4348431,15,32688
4348431,16,32681
4348685,15,32682
4348685,16,32693
4348937,15,32693
4348937,16,32677
4349198,15,32701
4349198,16,32677
4349450,15,32689
4349450,16,32686
4349706,15,32702
4349706,16,32686
4349920,15,32679
4349920,16,32675
4350174,15,32686
4350174,16,32686
4350429,15,32700
4350429,16,32682
4350682,15,32681
4350682,16,32698
4350937,15,32666
4350937,16,32714
4351194,15,32690
4351194,16,32689
4351446,15,32687
4351446,16,32682
4351702,15,32693
4351702,16,32692
4351956,15,32677
4351956,16,32671
4352169,15,32671
4352169,16,32705
4352424,15,32699
4352424,16,32680
4352683,15,32694
4352683,16,32694
4352936,15,32693
4352936,16,32701
4353190,15,32683
4353190,16,32694
4353445,15,32679
4353445,16,32688
4353699,15,32666
4353699,16,32691
4353954,15,32680
4353954,16,32690
4354167,15,32693
4354167,16,32681
4354425,15,32692
4354425,16,32686
4354679,15,32703
4354679,16,32686
4354932,15,32672
4354932,16,32700
4355185,15,32690
4355185,16,32697
4355443,15,32692
4355443,16,32704
4355700,15,32681
4355700,16,32697
4355951,15,32680
4355951,16,32687
4356211,15,32693
4356211,16,32699
4356418,15,32693
4356418,16,32696
4356675,15,32689
4356675,16,32692
4356932,15,32672
4356932,16,32693
4357189,15,32704
4357189,16,32670
4357440,15,32688
4357440,16,32692
4357694,15,32685
4357694,16,32674
4357949,15,32679
4357949,16,32652
4358204,15,32680
4358204,16,32687
4358416,15,32694
4358416,16,32688
4358671,15,32700
4358671,16,32699
4358928,15,32699
4358928,16,32693
4359182,15,32703
4359182,16,32674
4359438,15,32702
4359438,16,32690
4359693,15,32676
4359693,16,32685
4359949,15,32693
4359949,16,32695
4360204,15,32682
4360204,16,32684
4360459,15,32683
4360459,16,32701
4360669,15,32708
4360669,16,32683
4360927,15,32680
4360927,16,32718
4361180,15,32687
4361180,16,32704
4361430,15,32700
4361430,16,32668
4361691,15,32689
4361691,16,32694
4361943,15,32693
4361943,16,32666
4362196,15,32692
4362196,16,32661
4362456,15,32680
4362456,16,32706
4362669,15,32691
4362669,16,32691
4362922,15,32680
4362922,16,32692
4363175,15,32689
4363175,16,32691
4363430,15,32688
4363430,16,32698
4363686,15,32719
4363686,16,32694
4363944,15,32714
4363944,16,32671
4364194,15,32702
4364194,16,32687
4364451,15,32677
4364451,16,32691
4364708,15,32693
4364708,16,32694
4364919,15,32673
4364919,16,32654
4365178,15,32685
4365178,16,32680
4365430,15,32691
4365430,16,32669
4365686,15,32706
4365686,16,32684
4365939,15,32683
4365939,16,32707
4366195,15,32686
4366195,16,32683
4366449,15,32695
4366449,16,32687
4366705,15,32694
4366705,16,32690
4366918,15,32699
4366918,16,32684
4367170,15,32670
4367170,16,32695
4367428,15,32690
4367428,16,32705
4367681,15,32688
4367681,16,32671
4367936,15,32692
4367936,16,32685
4368192,15,32691
4368192,16,32683
4368447,15,32679
4368447,16,32686
4368701,15,32666
4368701,16,32680
4368956,15,32682
4368956,16,32690
4369172,15,32680
4369172,16,32693
4369421,15,32710
4369421,16,32693
4369680,15,32711
4369680,16,32700
4369934,15,32674
4369934,16,32681
4370192,15,32697
4370192,16,32675
4370445,15,32670
4370445,16,32688
4370702,15,32667
4370702,16,32704
4370953,15,32695
4370953,16,32703
4371166,15,32676
4371166,16,32659
4371422,15,32687
4371422,16,32688
4371676,15,32694
4371676,16,32677
4371935,15,32680
4371935,16,32689
4372188,15,32675
4372188,16,32692
4372444,15,32676
4372444,16,32695
4372699,15,32701
4372699,16,32690
4372953,15,32701
4372953,16,32705
4373205,15,32689
4373205,16,32666
4373421,15,32695
4373421,16,32704
4373674,15,32680
4373674,16,32691
4373930,15,32687
4373930,16,32701
4374186,15,32693
4374186,16,32665
4374440,15,32705
4374440,16,32675
4374693,15,32701
4374693,16,32692
4374950,15,32705
4374950,16,32715
4375204,15,32709
4375204,16,32688
4375418,15,32697
4375418,16,32690
4375674,15,32677
4375674,16,32680
4375930,15,32679
4375930,16,32683
4376181,15,32686
4376181,16,32689
4376437,15,32681
4376437,16,32688
4376692,15,32678
4376692,16,32707
4376948,15,32685
4376948,16,32707
4377200,15,32676
4377200,16,32678
4377460,15,32690
4377460,16,32688
4377670,15,32701
4377670,16,32683
4377925,15,32689
4377925,16,32691
4378181,15,32691
4378181,16,32661
4378434,15,32692
4378434,16,32681
4378691,15,32704
4378691,16,32687
4378942,15,32673
4378942,16,32689
4379202,15,32695
4379202,16,32692
4379458,15,32687
4379458,16,32703
4379671,15,32693
4379671,16,32689
4379921,15,32698
4379921,16,32709
4380176,15,32689
4380176,16,32700
4380432,15,32717
4380432,16,32694
4380687,15,32690
4380687,16,32687
4380943,15,32675
4380943,16,32684
4381196,15,32688
4381196,16,32697
4381453,15,32688
4381453,16,32683
4381706,15,32679
4381706,16,32690
4381920,15,32697
4381920,16,32658
4382177,15,32691
4382177,16,32690
4382429,15,32675
4382429,16,32680
4382683,15,32686
4382683,16,32701
4382941,15,32673
4382941,16,32686
4383194,15,32669
4383194,16,32699
4383449,15,32688
4383449,16,32681
4383704,15,32687
4383704,16,32684
4383917,15,32684
4383917,16,32695
4384172,15,32676
4384172,16,32675
4384427,15,32695
4384427,16,32700
4384683,15,32702
4384683,16,32678
4384937,15,32677
4384937,16,32673
4385190,15,32699
4385190,16,32680
4385445,15,32680
4385445,16,32686
4385702,15,32681
4385702,16,32682
4385957,15,32700
4385957,16,32674
4386170,15,32683
4386170,16,32692
4386425,15,32697
4386425,16,32693
4386681,15,32703
4386681,16,32693
4386936,15,32695
4386936,16,32688
4387190,15,32685
4387190,16,32676
4387447,15,32678
4387447,16,32687
4387701,15,32704
4387701,16,32695
4387953,15,32721
4387953,16,32696
4388168,15,32706
4388168,16,32689
4388424,15,32690
4388424,16,32680
4388678,15,32712
4388678,16,32688
4388933,15,32693
4388933,16,32696
4389187,15,32681
4389187,16,32697
4389442,15,32690
4389442,16,32695
4389696,15,32701
4389696,16,32685
4389953,15,32703
4389953,16,32693
4390208,15,32673
4390208,16,32667
4390421,15,32681
4390421,16,32712
4390677,15,32700
4390677,16,32672
4390926,15,32682
4390926,16,32701
4391186,15,32695
4391186,16,32695
4391441,15,32720
4391441,16,32686
4391697,15,32694
4391697,16,32682
4391951,15,32704
4391951,16,32698
4392207,15,32709
4392207,16,32686
4392415,15,32686
4392415,16,32696
4392673,15,32691
4392673,16,32684
4392928,15,32688
4392928,16,32692
4393183,15,32682
4393183,16,32685
4393437,15,32670
4393437,16,32686
4393691,15,32680
4393691,16,32676
4393947,15,32683
4393947,16,32684
4394202,15,32691
4394202,16,32699
4394457,15,32678
4394457,16,32674
4394669,15,32706
4394669,16,32691
4394925,15,32697
4394925,16,32685
4395182,15,32692
4395182,16,32702
4395432,15,32698
4395432,16,32697
4395693,15,32688
4395693,16,32689
4395946,15,32699
4395946,16,32679
4396201,15,32674
4396201,16,32686
4396454,15,32678
4396454,16,32683
4396667,15,32685
4396667,16,32688
4396921,15,32705
4396921,16,32701
4397178,15,32690
4397178,16,32656
4397434,15,32688
4397434,16,32680
4397688,15,32687
4397688,16,32678
4397943,15,32677
4397943,16,32698
4398198,15,32697
4398198,16,32664
4398451,15,32694
4398451,16,32688
4398709,15,32682
4398709,16,32698
4398922,15,32678
4398922,16,32705
4399177,15,32680
4399177,16,32659
4399428,15,32696
4399428,16,32701
4399685,15,32683
4399685,16,32689
4399939,15,32712
4399939,16,32696
4400193,15,32690
4400193,16,32686
4400451,15,32712
4400451,16,32698
4400707,15,32688
4400707,16,32676
4400919,15,32689
4400919,16,32680
4401170,15,32696
4401170,16,32670
4401428,15,32685
4401428,16,32705
4401682,15,32668
4401682,16,32682
4401937,15,32691
4401937,16,32684
4402196,15,32708
4402196,16,32671
4402449,15,32683
4402449,16,32679
4402702,15,32691
4402702,16,32692
4402959,15,32699
4402959,16,32707
4403170,15,32698
4403170,16,32682
4403423,15,32669
4403423,16,32696
4403682,15,32696
4403682,16,32682
4403936,15,32681
4403936,16,32709
4404192,15,32676
4404192,16,32696
4404445,15,32698
4404445,16,32687
4404698,15,32686
4404698,16,32691
4404955,15,32681
4404955,16,32687
4405167,15,32702
4405167,16,32693
4405424,15,32677
4405424,16,32691
4405677,15,32678
4405677,16,32695
4405932,15,32691
4405932,16,32675
4406189,15,32696
4406189,16,32682
4406445,15,32670
4406445,16,32665
4406695,15,32676
4406695,16,32669
4406951,15,32692
4406951,16,32694
4407208,15,32676
4407208,16,32684
4407420,15,32698
4407420,16,32696
4407674,15,32689
4407674,16,32681
4407931,15,32682
4407931,16,32698
4408186,15,32685
4408186,16,32703
4408440,15,32693
4408440,16,32681
4408698,15,32673
4408698,16,32683
4408949,15,32667
4408949,16,32701
4409205,15,32684
4409205,16,32690
4409420,15,32690
4409420,16,32702
4409674,15,32663
4409674,16,32692
4409927,15,32689
4409927,16,32705
4410185,15,32704
4410185,16,32685
4410440,15,32710
4410440,16,32682
4410691,15,32666
4410691,16,32691
4410946,15,32688
4410946,16,32690
4411200,15,32690
4411200,16,32694
4411455,15,32670
4411455,16,32686
4411670,15,32686
4411670,16,32690
4411928,15,32655
4411928,16,32676
4412179,15,32699
4412179,16,32689
4412431,15,32683
4412431,16,32683
4412692,15,32688
4412692,16,32692
4412946,15,32689
4412946,16,32696
4413200,15,32688
4413200,16,32699
4413457,15,32707
4413457,16,32671
4413667,15,32707
4413667,16,32676
4413923,15,32684
4413923,16,32683
4414177,15,32694
4414177,16,32681
4414432,15,32680
4414432,16,32679
4414690,15,32680
4414690,16,32676
4414945,15,32691
4414945,16,32674
4415196,15,32689
4415196,16,32675
4415451,15,32682
4415451,16,32681
4415708,15,32690
4415708,16,32685
4415920,15,32676
4415920,16,32702
4416174,15,32677
4416174,16,32702
4416432,15,32690
4416432,16,32662
4416686,15,32695
4416686,16,32690
4416939,15,32676
4416939,16,32692
4417197,15,32702
4417197,16,32728
4417449,15,32685
4417449,16,32682
4417705,15,32682
4417705,16,32702
4417920,15,32678
4417920,16,32688
4418173,15,32667
4418173,16,32662
4418429,15,32689
4418429,16,32691
4418680,15,32704
4418680,16,32680
4418938,15,32697
4418938,16,32701
4419193,15,32694
4419193,16,32669
4419447,15,32689
4419447,16,32683
4419703,15,32672
4419703,16,32695
4419959,15,32710
4419959,16,32685
4420169,15,32698
4420169,16,32701
4420424,15,32712
4420424,16,32690
4420679,15,32683
4420679,16,32691
4420934,15,32668
4420934,16,32688
4421190,15,32703
4421190,16,32684
4421448,15,32679
4421448,16,32658
4421701,15,32692
4421701,16,32657
4421954,15,32691
4421954,16,32671
4422166,15,32706
4422166,16,32718
4422422,15,32680
4422422,16,32683
4422674,15,32699
4422674,16,32683
4422934,15,32700
4422934,16,32680
4423189,15,32677
4423189,16,32692
4423444,15,32672
4423444,16,32690
4423698,15,32669
4423698,16,32696
4423954,15,32697
4423954,16,32695
4424208,15,32667
4424208,16,32677
4424417,15,32696
4424417,16,32689
4424672,15,32694
4424672,16,32691
4424932,15,32704
4424932,16,32692
4425187,15,32688
4425187,16,32681
4425440,15,32685
4425440,16,32691
4425694,15,32682
4425694,16,32690
4425949,15,32697
4425949,16,32686
4426206,15,32686
4426206,16,32673
4426415,15,32681
4426415,16,32681
4426675,15,32695
4426675,16,32689
4426927,15,32694
4426927,16,32676
4427183,15,32702
4427183,16,32688
4427438,15,32687
4427438,16,32704
4427693,15,32667
4427693,16,32664
4427949,15,32690
4427949,16,32696
4428202,15,32703
4428202,16,32695
4428458,15,32697
4428458,16,32681
4428669,15,32678
4428669,16,32680
4428927,15,32702
4428927,16,32696
4429182,15,32672
4429182,16,32677
4429434,15,32698
4429434,16,32697
4429692,15,32703
4429692,16,32689
4429945,15,32696
4429945,16,32676
4430202,15,32701
4430202,16,32694
4430455,15,32670
4430455,16,32690
4430668,15,32706
4430668,16,32689
4430923,15,32679
4430923,16,32696
4431178,15,32699
4431178,16,32670
4431433,15,32679
4431433,16,32686
4431686,15,32691
4431686,16,32698
4431942,15,32689
4431942,16,32678
4432196,15,32688
4432196,16,32673
4432455,15,32692
4432455,16,32687
4432706,15,32697
4432706,16,32684
4432919,15,32693
4432919,16,32697
4433175,15,32679
4433175,16,32704
4433430,15,32690
4433430,16,32693
4433683,15,32686
4433683,16,32698
4433939,15,32695
4433939,16,32660
4434195,15,32691
4434195,16,32674
4434451,15,32678
4434451,16,32705
4434707,15,32700
4434707,16,32685
4434919,15,32677
4434919,16,32685
4435173,15,32697
4435173,16,32701
4435426,15,32685
4435426,16,32695
4435680,15,32698
4435680,16,32675
4435939,15,32689
4435939,16,32688
4436194,15,32698
4436194,16,32684
4436448,15,32695
4436448,16,32674
4436701,15,32685
4436701,16,32681
4436956,15,32695
4436956,16,32678
4437171,15,32718
4437171,16,32683
4437426,15,32689
4437426,16,32688
4437682,15,32674
4437682,16,32687
4437936,15,32677
4437936,16,32673
4438190,15,32694
4438190,16,32687
4438445,15,32680
4438445,16,32678
4438700,15,32704
4438700,16,32698
4438955,15,32685
4438955,16,32678
4439168,15,32703
4439168,16,32686
4439421,15,32671
4439421,16,32694
4439678,15,32702
4439678,16,32674
4439931,15,32685
4439931,16,32689
4440190,15,32682
4440190,16,32694
4440442,15,32662
4440442,16,32668
4440698,15,32711
4440698,16,32708
4440951,15,32678
4440951,16,32693
4441208,15,32675
4441208,16,32675
4441420,15,32702
4441420,16,32675
4441675,15,32710
4441675,16,32704
4441932,15,32683
4441932,16,32693
4442186,15,32675
4442186,16,32692
4442443,15,32696
4442443,16,32696
4442695,15,32666
4442695,16,32681
4442949,15,32683
4442949,16,32700
4443204,15,32683
4443204,16,32678
4443419,15,32681
4443419,16,32691
4443671,15,32712
4443671,16,32684
4443929,15,32673
4443929,16,32699
4444181,15,32691
4444181,16,32706
4444437,15,32686
4444437,16,32676
4444692,15,32681
4444692,16,32689
4444944,15,32683
4444944,16,32708
4445203,15,32687
4445203,16,32687
4445457,15,32698
4445457,16,32682
4445672,15,32702
4445672,16,32699
4445925,15,32682
4445925,16,32686
4446181,15,32689
4446181,16,32685
4446435,15,32692
4446435,16,32664
4446690,15,32669
4446690,16,32673
4446944,15,32708
4446944,16,32690
4447200,15,32695
4447200,16,32682
4447454,15,32689
4447454,16,32682
4447666,15,32688
4447666,16,32693
4447925,15,32673
4447925,16,32694
4448179,15,32691
4448179,16,32688
4448434,15,32683
4448434,16,32677
4448686,15,32674
4448686,16,32712
4448942,15,32695
4448942,16,32679
4449200,15,32671
4449200,16,32696
4449454,15,32680
4449454,16,32696
4449711,15,32705
4449711,16,32683
4449923,15,32684
4449923,16,32704
4450177,15,32686
4450177,16,32673
4450429,15,32666
4450429,16,32690
4450682,15,32689
4450682,16,32689
4450940,15,32691
4450940,16,32701
4451195,15,32672
4451195,16,32681
4451448,15,32670
4451448,16,32688
4451705,15,32695
4451705,16,32675
4451921,15,32667
4451921,16,32682
4452173,15,32678
4452173,16,32691
4452426,15,32681
4452426,16,32692
4452681,15,32694
4452681,16,32694
4452937,15,32679
4452937,16,32680
4453193,15,32687
4453193,16,32700
4453449,15,32673
4453449,16,32690
4453702,15,32686
4453702,16,32665
4453956,15,32692
4453956,16,32678
4454168,15,32700
4454168,16,32699
4454426,15,32706
4454426,16,32698
4454681,15,32694
4454681,16,32668
4454933,15,32690
4454933,16,32696
4455188,15,32708
4455188,16,32683
4455444,15,32688
4455444,16,32684
4455701,15,32697
4455701,16,32701
4455958,15,32690
4455958,16,32693
4456165,15,32698
4456165,16,32677
4456422,15,32691
4456422,16,32694
4456680,15,32689
4456680,16,32685
4456932,15,32672
4456932,16,32684
4457189,15,32686
4457189,16,32696
4457440,15,32679
4457440,16,32684
4457699,15,32696
4457699,16,32698
4457953,15,32705
4457953,16,32702
4458207,15,32678
4458207,16,32698
4458419,15,32698
4458419,16,32680
4458674,15,32676
4458674,16,32708
4458931,15,32692
4458931,16,32691
4459184,15,32695
4459184,16,32698
4459440,15,32685
4459440,16,32705
4459693,15,32699
4459693,16,32687
4459949,15,32669
4459949,16,32694
4460206,15,32707
4460206,16,32699
4460417,15,32703
4460417,16,32687
4460674,15,32692
4460674,16,32685
4460930,15,32667
4460930,16,32687
4461183,15,32682
4461183,16,32679
4461434,15,32665
4461434,16,32673
4461691,15,32684
4461691,16,32685
4461948,15,32698
4461948,16,32687
4462205,15,32691
4462205,16,32695
4462459,15,32678
4462459,16,32664
4462668,15,32701
4462668,16,32674
4462926,15,32684
4462926,16,32677
4463180,15,32699
4463180,16,32686
4463433,15,32682
4463433,16,32681
4463689,15,32697
4463689,16,32690
4463944,15,32691
4463944,16,32695
4464202,15,32674
4464202,16,32696
4464455,15,32696
4464455,16,32688
4464670,15,32704
4464670,16,32687
4464922,15,32687
4464922,16,32686
4465178,15,32693
4465178,16,32703
4465433,15,32693
4465433,16,32684
4465688,15,32696
4465688,16,32697
4465941,15,32699
4465941,16,32692
4466198,15,32681
4466198,16,32701
4466450,15,32698
4466450,16,32702
4466709,15,32693
4466709,16,32696
4466920,15,32694
4466920,16,32704
4467175,15,32697
4467175,16,32690
4467430,15,32701
4467430,16,32669
4467686,15,32679
4467686,16,32692
4467939,15,32673
4467939,16,32691
4468196,15,32685
4468196,16,32677
4468451,15,32702
4468451,16,32682
4468706,15,32678
4468706,16,32718
4468917,15,32685
4468917,16,32690
4469172,15,32704
4469172,16,32677
4469428,15,32683
4469428,16,32694
4469682,15,32696
4469682,16,32684
4469937,15,32695
4469937,16,32695
4470191,15,32689
4470191,16,32681
4470448,15,32688
4470448,16,32696
4470704,15,32678
4470704,16,32689
4470957,15,32688
4470957,16,32684
4471170,15,32700
4471170,16,32697
4471425,15,32677
4471425,16,32676
4471681,15,32700
4471681,16,32677
4471939,15,32687
4471939,16,32684
4472190,15,32683
4472190,16,32689
4472445,15,32691
4472445,16,32671
4472697,15,32702
4472697,16,32681
4472952,15,32688
4472952,16,32688
4473169,15,32683
4473169,16,32697
4473420,15,32696
4473420,16,32690
4473674,15,32685
4473674,16,32697
4473935,15,32676
4473935,16,32685
4474189,15,32697
4474189,16,32681
4474442,15,32683
4474442,16,32684
4474697,15,32684
4474697,16,32696
4474952,15,32682
4474952,16,32697
4475206,15,32699
4475206,16,32695
4475422,15,32693
4475422,16,32667
4475673,15,32683
4475673,16,32716
4475930,15,32694
4475930,16,32684
4476187,15,32689
4476187,16,32691
4476441,15,32671
4476441,16,32688
4476695,15,32696
4476695,16,32703
4476949,15,32672
4476949,16,32684
4477205,15,32700
4477205,16,32696
4477416,15,32679
4477416,16,32702
4477673,15,32692
4477673,16,32695
4477927,15,32671
4477927,16,32703
4478187,15,32665
4478187,16,32695
4478437,15,32691
4478437,16,32670
4478693,15,32675
4478693,16,32689
4478950,15,32690
4478950,16,32690
4479206,15,32685
4479206,16,32681
4479460,15,32689
4479460,16,32692
4479669,15,32693
4479669,16,32694
4479924,15,32707
4479924,16,32699
4480178,15,32690
4480178,16,32694
4480436,15,32692
4480436,16,32695
4480690,15,32692
4480690,16,32688
4480944,15,32697
4480944,16,32672
4481202,15,32697
4481202,16,32680
4481454,15,32679
4481454,16,32674
4481665,15,32692
4481665,16,32684
4481925,15,32703
4481925,16,32670
4482179,15,32700
4482179,16,32684
4482432,15,32699
4482432,16,32661
4482688,15,32684
4482688,16,32687
4482942,15,32685
4482942,16,32673
4483198,15,32674
4483198,16,32686
4483452,15,32699
4483452,16,32693
4483707,15,32682
4483707,16,32704
4483918,15,32701
4483918,16,32687
4484178,15,32681
4484178,16,32678
4484431,15,32697
4484431,16,32690
4484684,15,32673
4484684,16,32673
4484940,15,32680
4484940,16,32693
4485196,15,32691
4485196,16,32678
4485451,15,32695
4485451,16,32689
4485706,15,32672
4485706,16,32694
4485920,15,32680
4485920,16,32694
4486173,15,32692
4486173,16,32676
4486427,15,32688
4486427,16,32683
4486683,15,32701
4486683,16,32704
4486938,15,32700
4486938,16,32702
4487192,15,32670
4487192,16,32693
4487447,15,32680
4487447,16,32682
4487703,15,32699
4487703,16,32681
4487955,15,32709
4487955,16,32682
4488170,15,32705
4488170,16,32691
4488423,15,32685
4488423,16,32668
4488678,15,32681
4488678,16,32703
4488935,15,32702
4488935,16,32689
4489193,15,32701
4489193,16,32691
4489441,15,32666
4489441,16,32697
4489702,15,32691
4489702,16,32690
4489956,15,32687
4489956,16,32682
4490167,15,32688
4490167,16,32689
4490423,15,32683
4490423,16,32687
4490678,15,32685
4490678,16,32682
4490934,15,32684
4490934,16,32687
4491188,15,32677
4491188,16,32696
4491443,15,32683
4491443,16,32702
4491700,15,32692
4491700,16,32695
4491954,15,32689
4491954,16,32702
4492206,15,32684
4492206,16,32690
4492418,15,32716
4492418,16,32699
4492677,15,32669
4492677,16,32697
4492930,15,32695
4492930,16,32683
4493185,15,32705
4493185,16,32682
4493443,15,32709
4493443,16,32703
4493695,15,32691
4493695,16,32696
4493949,15,32681
4493949,16,32686
4494206,15,32693
4494206,16,32695
4494417,15,32676
4494417,16,32679
4494671,15,32687
4494671,16,32686
4494927,15,32686
4494927,16,32677
4495181,15,32707
4495181,16,32686
4495437,15,32685
4495437,16,32701
4495691,15,32678
4495691,16,32672
4495946,15,32712
4495946,16,32688
4496201,15,32693
4496201,16,32691
4496456,15,32706
4496456,16,32687
4496670,15,32700
4496670,16,32695
4496925,15,32695
4496925,16,32689
4497181,15,32685
4497181,16,32687
4497435,15,32700
4497435,16,32670
4497692,15,32700
4497692,16,32706
4497946,15,32692
4497946,16,32688
4498199,15,32676
4498199,16,32684
4498456,15,32665
4498456,16,32680
4498667,15,32675
4498667,16,32683
4498924,15,32690
4498924,16,32687
4499177,15,32711
4499177,16,32694
4499433,15,32699
4499433,16,32688
4499686,15,32681
4499686,16,32683
4499941,15,32716
4499941,16,32679
4500197,15,32660
4500197,16,32710
4500451,15,32669
4500451,16,32690
4500708,15,32693
4500708,16,32661
4500922,15,32682
4500922,16,32700
4501176,15,32702
4501176,16,32700
4501427,15,32679
4501427,16,32691
4501685,15,32702
4501685,16,32699
4501939,15,32679
4501939,16,32691
4502197,15,32699
4502197,16,32696
4502450,15,32682
4502450,16,32691
4502707,15,32710
4502707,16,32678
4502915,15,32678
4502915,16,32693
4503173,15,32692
4503173,16,32687
4503428,15,32690
4503428,16,32695
4503679,15,32724
4503679,16,32707
4503936,15,32688
4503936,16,32696
4504189,15,32685
4504189,16,32687
4504448,15,32710
4504448,16,32670
4504701,15,32695
4504701,16,32705
4504959,15,32683
4504959,16,32693
4505170,15,32684
4505170,16,32705
4505425,15,32698
4505425,16,32705
4505682,15,32691
4505682,16,32687
4505936,15,32692
4505936,16,32686
4506189,15,32685
4506189,16,32695
4506445,15,32666
4506445,16,32690
4506697,15,32687
4506697,16,32686
4506954,15,32683
4506954,16,32703
4507169,15,32678
4507169,16,32664
4507424,15,32719
4507424,16,32683
4507679,15,32678
4507679,16,32697
4507935,15,32685
4507935,16,32692
4508189,15,32688
4508189,16,32694
4508444,15,32698
4508444,16,32695
4508699,15,32688
4508699,16,32692
4508952,15,32688
4508952,16,32669
4509207,15,32687
4509207,16,32677
4509417,15,32694
4509417,16,32692
4509673,15,32678
4509673,16,32689
4509932,15,32688
4509932,16,32702
4510186,15,32677
4510186,16,32683
4510439,15,32680
4510439,16,32702
4510696,15,32687
4510696,16,32679
4510953,15,32699
4510953,16,32678
4511204,15,32679
4511204,16,32696
4511416,15,32699
4511416,16,32688
4511672,15,32691
4511672,16,32689
4511927,15,32685
4511927,16,32682
4512183,15,32693
4512183,16,32679
4512435,15,32693
4512435,16,32688
4512694,15,32683
4512694,16,32697
4512946,15,32680
4512946,16,32716
4513202,15,32696
4513202,16,32696
4513455,15,32712
4513455,16,32697
4513667,15,32700
4513667,16,32662
4513925,15,32696
4513925,16,32657
4514177,15,32680
4514177,16,32698
4514433,15,32680
4514433,16,32711
4514690,15,32699
4514690,16,32686
4514946,15,32691
4514946,16,32683
4515199,15,32694
4515199,16,32683
4515460,15,32691
4515460,16,32704
4515668,15,32685
4515668,16,32694
4515918,15,32713
4515918,16,32672
4516177,15,32697
4516177,16,32689
4516430,15,32700
4516430,16,32670
4516686,15,32670
4516686,16,32673
4516942,15,32688
4516942,16,32674
4517199,15,32706
4517199,16,32694
4517452,15,32699
4517452,16,32674
4517707,15,32676
4517707,16,32691
4517919,15,32688
4517919,16,32698
4518175,15,32694
4518175,16,32688
4518431,15,32685
4518431,16,32696
4518687,15,32690
4518687,16,32672
4518940,15,32688
4518940,16,32694
4519191,15,32689
4519191,16,32681
4519451,15,32672
4519451,16,32690
4519705,15,32688
4519705,16,32701
4519917,15,32672
4519917,16,32696
4520175,15,32692
4520175,16,32686
4520427,15,32690
4520427,16,32695
4520681,15,32688
4520681,16,32656
4520937,15,32681
4520937,16,32698
4521196,15,32682
4521196,16,32703
4521449,15,32692
4521449,16,32687
4521701,15,32683
4521701,16,32708
4521956,15,32689
4521956,16,32696
4522170,15,32679
4522170,16,32687
4522425,15,32693
4522425,16,32691
4522681,15,32684
4522681,16,32688
4522934,15,32690
4522934,16,32692
4523191,15,32692
4523191,16,32694
4523447,15,32688
4523447,16,32677
4523700,15,32680
4523700,16,32690
4523957,15,32679
4523957,16,32672
4524166,15,32700
4524166,16,32684
4524423,15,32690
4524423,16,32703
4524677,15,32695
4524677,16,32710
4524934,15,32695
4524934,16,32694
4525187,15,32680
4525187,16,32703
4525442,15,32673
4525442,16,32681
4525697,15,32693
4525697,16,32703
4525952,15,32703
4525952,16,32701
4526207,15,32675
4526207,16,32676
4526420,15,32686
4526420,16,32681
4526674,15,32682
4526674,16,32681
4526930,15,32687
4526930,16,32682
4527186,15,32696
4527186,16,32683
4527443,15,32680
4527443,16,32690
4527695,15,32697
4527695,16,32686
4527951,15,32704
4527951,16,32695
4528206,15,32680
4528206,16,32676
4528419,15,32695
4528419,16,32682
4528672,15,32678
4528672,16,32689
4528930,15,32693
4528930,16,32691
4529185,15,32682
4529185,16,32677
4529436,15,32701
4529436,16,32677
4529691,15,32688
4529691,16,32696
4529948,15,32676
4529948,16,32689
4530200,15,32696
4530200,16,32671
4530459,15,32698
4530459,16,32662
4530672,15,32695
4530672,16,32680
4530924,15,32675
4530924,16,32689
4531183,15,32688
4531183,16,32685
4531435,15,32684
4531435,16,32702
4531692,15,32671
4531692,16,32686
4531944,15,32682
4531944,16,32684
4532199,15,32695
4532199,16,32698
4532456,15,32675
4532456,16,32677
4532668,15,32690
4532668,16,32669
4532919,15,32693
4532919,16,32680
4533179,15,32679
4533179,16,32688
4533433,15,32700
4533433,16,32672
4533690,15,32690
4533690,16,32663
4533943,15,32681
4533943,16,32693
4534198,15,32689
4534198,16,32684
4534452,15,32697
4534452,16,32694
4534707,15,32693
4534707,16,32692
4534921,15,32685
4534921,16,32685
4535174,15,32684
4535174,16,32685
4535432,15,32698
4535432,16,32687
4535685,15,32674
4535685,16,32673
4535942,15,32690
4535942,16,32694
4536195,15,32692
4536195,16,32686
4536448,15,32677
4536448,16,32674
4536707,15,32691
4536707,16,32684
4536916,15,32689
4536916,16,32674
4537171,15,32695
4537171,16,32682
4537428,15,32665
4537428,16,32702
4537682,15,32689
4537682,16,32695
4537937,15,32694
4537937,16,32678
4538195,15,32683
4538195,16,32699
4538448,15,32699
4538448,16,32683
4538701,15,32663
4538701,16,32700
4538956,15,32681
4538956,16,32694
4539171,15,32690
4539171,16,32677
4539421,15,32664
4539421,16,32695
4539682,15,32702
4539682,16,32679
4539934,15,32685
4539934,16,32679
4540191,15,32693
4540191,16,32696
4540446,15,32699
4540446,16,32698
4540699,15,32676
4540699,16,32684
4540954,15,32692
4540954,16,32671
4541169,15,32685
4541169,16,32679
4541423,15,32682
4541423,16,32690
4541676,15,32679
4541676,16,32702
4541932,15,32701
4541932,16,32670
4542189,15,32685
4542189,16,32692
4542443,15,32695
4542443,16,32680
4542696,15,32687
4542696,16,32698
4542951,15,32676
4542951,16,32692
4543209,15,32676
4543209,16,32700
4543420,15,32679
4543420,16,32690
4543678,15,32668
4543678,16,32685
4543930,15,32697
4543930,16,32681
4544185,15,32697
4544185,16,32679
4544441,15,32682
4544441,16,32689
4544695,15,32688
4544695,16,32688
4544951,15,32680
4544951,16,32692
4545206,15,32682
4545206,16,32681
4545417,15,32694
4545417,16,32704
4545671,15,32693
4545671,16,32692
4545930,15,32690
4545930,16,32695
4546184,15,32684
4546184,16,32696
4546436,15,32688
4546436,16,32706
4546689,15,32693
4546689,16,32685
4546947,15,32690
4546947,16,32687
4547203,15,32679
4547203,16,32675
4547456,15,32680
4547456,16,32680
4547671,15,32677
4547671,16,32692
4547925,15,32676
4547925,16,32701
4548176,15,32689
4548176,16,32675
4548431,15,32675
4548431,16,32698
4548688,15,32694
4548688,16,32690
4548948,15,32702
4548948,16,32678
4549201,15,32676
4549201,16,32704
4549455,15,32688
4549455,16,32700
4549667,15,32686
4549667,16,32690
4549921,15,32690
4549921,16,32683
4550177,15,32692
4550177,16,32692
4550433,15,32680
4550433,16,32686
4550689,15,32686
4550689,16,32676
4550943,15,32680
4550943,16,32689
4551196,15,32677
4551196,16,32673
4551454,15,32686
4551454,16,32686
4551708,15,32664
4551708,16,32667
4551919,15,32687
4551919,16,32690
4552177,15,32682
4552177,16,32685
4552428,15,32695
4552428,16,32689
4552685,15,32686
4552685,16,32713
4552939,15,32690
4552939,16,32671
4553194,15,32696
4553194,16,32696
4553449,15,32677
4553449,16,32682
4553705,15,32694
4553705,16,32686
4553920,15,32688
4553920,16,32675
4554173,15,32694
4554173,16,32697
4554428,15,32717
4554428,16,32689
4554685,15,32676
4554685,16,32693
4554937,15,32686
4554937,16,32710
4555193,15,32686
4555193,16,32684
4555446,15,32689
4555446,16,32670
4555701,15,32691
4555701,16,32678
4555955,15,32702
4555955,16,32675
4556172,15,32681
4556172,16,32698
4556428,15,32701
4556428,16,32712
4556680,15,32705
4556680,16,32691
4556936,15,32683
4556936,16,32681
4557189,15,32685
4557189,16,32682
4557444,15,32693
4557444,16,32699
4557701,15,32692
4557701,16,32685
4557956,15,32681
4557956,16,32694
4558166,15,32700
4558166,16,32679
4558423,15,32699
4558423,16,32679
4558677,15,32686
4558677,16,32683
4558932,15,32690
4558932,16,32686
4559185,15,32682
4559185,16,32698
4559444,15,32684
4559444,16,32690
4559699,15,32687
4559699,16,32703
4559956,15,32690
4559956,16,32684
4560207,15,32692
4560207,16,32670
4560422,15,32682
4560422,16,32684
4560676,15,32672
4560676,16,32693
4560929,15,32680
4560929,16,32693
4561187,15,32690
4561187,16,32680
4561438,15,32711
4561438,16,32686
4561693,15,32693
4561693,16,32704
4561951,15,32680
4561951,16,32703
4562204,15,32693
4562204,16,32706
4562418,15,32683
4562418,16,32680
4562671,15,32692
4562671,16,32706
4562927,15,32680
4562927,16,32689
4563181,15,32710
4563181,16,32679
4563440,15,32690
4563440,16,32685
4563695,15,32684
4563695,16,32676
4563949,15,32691
4563949,16,32694
4564204,15,32679
4564204,16,32693
4564459,15,32678
4564459,16,32695
4564672,15,32681
4564672,16,32677
4564924,15,32693
4564924,16,32674
4565182,15,32693
4565182,16,32696
4565437,15,32681
4565437,16,32691
4565693,15,32687
4565693,16,32670
4565945,15,32691
4565945,16,32675
4566198,15,32668
4566198,16,32688
4566456,15,32677
4566456,16,32695
4566670,15,32678
4566670,16,32691
4566920,15,32679
4566920,16,32707
4567178,15,32673
4567178,16,32693
4567434,15,32688
4567434,16,32675
4567689,15,32687
4567689,16,32687
4567944,15,32681
4567944,16,32694
4568198,15,32681
4568198,16,32698
4568452,15,32692
4568452,16,32685
4568707,15,32694
4568707,16,32685
4568919,15,32715
4568919,16,32687
4569175,15,32694
4569175,16,32682
4569429,15,32695
4569429,16,32667
4569686,15,32676
4569686,16,32669
4569939,15,32686
4569939,16,32679
4570193,15,32660
4570193,16,32685
4570450,15,32695
4570450,16,32701
4570705,15,32695
4570705,16,32678
4570918,15,32691
4570918,16,32680
4571172,15,32695
4571172,16,32692
4571428,15,32709
4571428,16,32690
4571682,15,32698
4571682,16,32702
4571937,15,32700
4571937,16,32709
4572192,15,32670
4572192,16,32684
4572448,15,32695
4572448,16,32687
4572703,15,32681
4572703,16,32712
4572957,15,32683
4572957,16,32689
4573170,15,32702
4573170,16,32693
4573423,15,32678
4573423,16,32695
4573681,15,32683
4573681,16,32694
4573937,15,32677
4573937,16,32699
4574190,15,32687
4574190,16,32682
4574444,15,32690
4574444,16,32691
4574699,15,32703
4574699,16,32677
4574954,15,32698
4574954,16,32698
4575166,15,32690
4575166,16,32687
4575424,15,32684
4575424,16,32685
4575677,15,32675
4575677,16,32705
4575933,15,32708
4575933,16,32680
4576189,15,32693
4576189,16,32701
4576443,15,32683
4576443,16,32672
4576701,15,32681
4576701,16,32690
4576952,15,32691
4576952,16,32683
4577206,15,32694
4577206,16,32702
4577423,15,32694
4577423,16,32682
4577675,15,32670
4577675,16,32702
4577931,15,32707
4577931,16,32693
4578187,15,32671
4578187,16,32670
4578441,15,32704
4578441,16,32682
4578696,15,32704
4578696,16,32680
4578952,15,32687
4578952,16,32694
4579207,15,32696
4579207,16,32682
4579417,15,32695
4579417,16,32696
4579673,15,32675
4579673,16,32686
4579928,15,32683
4579928,16,32690
4580182,15,32679
4580182,16,32673
4580439,15,32693
4580439,16,32696
4580693,15,32689
4580693,16,32695
4580947,15,32674
4580947,16,32677
4581202,15,32680
4581202,16,32690
4581460,15,32701
4581460,16,32704
4581671,15,32696
4581671,16,32683
4581922,15,32686
4581922,16,32709
4582177,15,32697
4582177,16,32685
4582435,15,32667
4582435,16,32666
4582690,15,32688
4582690,16,32659
4582947,15,32701
4582947,16,32692
4583198,15,32678
4583198,16,32678
4583453,15,32689
4583453,16,32693
4583666,15,32688
4583666,16,32690
4583925,15,32692
4583925,16,32669
4584177,15,32712
4584177,16,32676
4584433,15,32699
4584433,16,32692
4584687,15,32687
4584687,16,32687
4584941,15,32674
4584941,16,32693
4585196,15,32666
4585196,16,32679
4585453,15,32667
4585453,16,32686
4585710,15,32685
4585710,16,32709
4585919,15,32709
4585919,16,32689
4586177,15,32683
4586177,16,32679
4586429,15,32699
4586429,16,32689
4586685,15,32697
4586685,16,32691
4586938,15,32680
4586938,16,32694
4587192,15,32696
4587192,16,32693
4587453,15,32690
4587453,16,32689
4587706,15,32692
4587706,16,32683
4587918,15,32684
4587918,16,32699
4588172,15,32682
4588172,16,32699
4588428,15,32694
4588428,16,32687
4588684,15,32696
4588684,16,32698
4588938,15,32700
4588938,16,32690
4589190,15,32694
4589190,16,32698
4589445,15,32699
4589445,16,32706
4589705,15,32694
4589705,16,32703
4589959,15,32682
4589959,16,32705
4590170,15,32669
4590170,16,32679
4590425,15,32675
4590425,16,32682
4590681,15,32681
4590681,16,32696
4590936,15,32683
4590936,16,32684
4591191,15,32689
4591191,16,32683
4591446,15,32713
4591446,16,32682
4591701,15,32693
4591701,16,32687
4591957,15,32687
4591957,16,32673
4592164,15,32693
4592164,16,32672
4592422,15,32688
4592422,16,32681
4592678,15,32681
4592678,16,32675
4592931,15,32686
4592931,16,32695
4593189,15,32699
4593189,16,32689
4593438,15,32700
4593438,16,32697
4593698,15,32694
4593698,16,32720
4593950,15,32676
4593950,16,32684
4594209,15,32678
4594209,16,32685
4594422,15,32688
4594422,16,32701
4594674,15,32690
4594674,16,32674
4594930,15,32702
4594930,16,32690
4595185,15,32678
4595185,16,32695
4595439,15,32699
4595439,16,32694
4595694,15,32692
4595694,16,32696
4595952,15,32687
4595952,16,32695
4596204,15,32700
4596204,16,32683
4596418,15,32695
4596418,16,32681
4596673,15,32684
4596673,16,32694
4596927,15,32679
4596927,16,32708
4597182,15,32669
4597182,16,32687
4597439,15,32667
4597439,16,32684
4597693,15,32700
4597693,16,32680
4597946,15,32669
4597946,16,32705
4598200,15,32673
4598200,16,32700
4598458,15,32685
4598458,16,32698
4598669,15,32677
4598669,16,32696
4598927,15,32688
4598927,16,32687
4599179,15,32689
4599179,16,32697
4599433,15,32693
4599433,16,32683
4599687,15,32680
4599687,16,32689
4599946,15,32689
4599946,16,32690
4600200,15,32695
4600200,16,32675
4600454,15,32690
4600454,16,32674
4600667,15,32694
4600667,16,32664
4600922,15,32703
4600922,16,32692
4601177,15,32687
4601177,16,32700
4601433,15,32690
4601433,16,32704
4601686,15,32685
4601686,16,32706
4601941,15,32693
4601941,16,32671
4602199,15,32683
4602199,16,32693
4602450,15,32709
4602450,16,32697
4602709,15,32699
4602709,16,32682
4602919,15,32677
4602919,16,32713
4603175,15,32671
4603175,16,32699
4603433,15,32681
4603433,16,32686
4603686,15,32696
4603686,16,32693
4603939,15,32692
4603939,16,32663
4604196,15,32706
4604196,16,32675
4604452,15,32690
4604452,16,32683
4604705,15,32690
4604705,16,32686
4604916,15,32692
4604916,16,32694
4605170,15,32705
4605170,16,32686
4605428,15,32683
4605428,16,32669
4605684,15,32691
4605684,16,32686
4605937,15,32691
4605937,16,32688
4606193,15,32677
4606193,16,32693
4606449,15,32703
4606449,16,32688
4606705,15,32710
4606705,16,32702
4606955,15,32702
4606955,16,32677
4607169,15,32693
4607169,16,32690
4607423,15,32695
4607423,16,32704
4607679,15,32704
4607679,16,32699
4607935,15,32685
4607935,16,32669
4608191,15,32682
4608191,16,32703
4608445,15,32698
4608445,16,32678
4608699,15,32687
4608699,16,32699
4608957,15,32680
4608957,16,32682
4609168,15,32684
4609168,16,32694
4609421,15,32705
4609421,16,32689
4609679,15,32701
4609679,16,32683
4609931,15,32703
4609931,16,32678
4610188,15,32696
4610188,16,32678
4610444,15,32680
4610444,16,32681
4610698,15,32691
4610698,16,32690
4610952,15,32679
4610952,16,32695
4611209,15,32695
4611209,16,32691
4611420,15,32704
4611420,16,32683
4611675,15,32690
4611675,16,32692
4611930,15,32683
4611930,16,32699
4612185,15,32695
4612185,16,32673
4612441,15,32689
4612441,16,32695
4612699,15,32683
4612699,16,32686
4612950,15,32694
4612950,16,32702
4613205,15,32669
4613205,16,32696
4613419,15,32686
4613419,16,32682
4613671,15,32709
4613671,16,32689
4613927,15,32688
4613927,16,32672
4614184,15,32675
4614184,16,32694
4614438,15,32674
4614438,16,32682
4614693,15,32686
4614693,16,32673
4614947,15,32690
4614947,16,32683
4615202,15,32699
4615202,16,32673
4615457,15,32693
4615457,16,32704
4615671,15,32683
4615671,16,32669
4615926,15,32681
4615926,16,32682
4616178,15,32681
4616178,16,32689
4616434,15,32697
4616434,16,32676
4616690,15,32685
4616690,16,32680
4616944,15,32671
4616944,16,32689
4617199,15,32701
4617199,16,32689
4617458,15,32674
4617458,16,32681
4617667,15,32693
4617667,16,32685
4617923,15,32679
4617923,16,32675
4618176,15,32682
4618176,16,32676
4618431,15,32689
4618431,16,32706
4618689,15,32679
4618689,16,32667
4618945,15,32704
4618945,16,32690
4619197,15,32689
4619197,16,32680
4619454,15,32704
4619454,16,32690
4619711,15,32679
4619711,16,32696
4619918,15,32674
4619918,16,32697
4620177,15,32689
4620177,16,32672
4620429,15,32690
4620429,16,32680
4620687,15,32679
4620687,16,32707
4620938,15,32688
4620938,16,32686
4621196,15,32699
4621196,16,32687
4621447,15,32682
4621447,16,32677
4621706,15,32691
4621706,16,32685
4621919,15,32688
4621919,16,32689
4622173,15,32685
4622173,16,32674
4622429,15,32678
4622429,16,32683
4622682,15,32684
4622682,16,32698
4622938,15,32681
4622938,16,32688
4623191,15,32676
4623191,16,32694
4623447,15,32699
4623447,16,32685
4623703,15,32680
4623703,16,32694
4623959,15,32686
4623959,16,32684
4624168,15,32669
4624168,16,32699
4624424,15,32663
4624424,16,32701
4624681,15,32686
4624681,16,32684
4624935,15,32697
4624935,16,32679
4625190,15,32671
4625190,16,32690
4625446,15,32706
4625446,16,32688
4625698,15,32698
4625698,16,32684
4625954,15,32711
4625954,16,32687
4626167,15,32699
4626167,16,32706
4626423,15,32692
4626423,16,32679
4626677,15,32707
4626677,16,32692
4626932,15,32683
4626932,16,32696
4627188,15,32701
4627188,16,32708
4627442,15,32690
4627442,16,32689
4627698,15,32700
4627698,16,32683
4627953,15,32699
4627953,16,32661
4628207,15,32695
4628207,16,32697
4628421,15,32687
4628421,16,32687
4628675,15,32706
4628675,16,32694
4628931,15,32690
4628931,16,32695
4629186,15,32690
4629186,16,32701
4629440,15,32695
4629440,16,32702
4629697,15,32694
4629697,16,32699
4629950,15,32707
4629950,16,32684
4630206,15,32667
4630206,16,32673
4630415,15,32697
4630415,16,32663
4630670,15,32689
4630670,16,32719
4630927,15,32691
4630927,16,32689
4631184,15,32701
4631184,16,32687
4631438,15,32687
4631438,16,32690
4631693,15,32690
4631693,16,32690
4631945,15,32695
4631945,16,32698
4632202,15,32680
4632202,16,32692
4632456,15,32675
4632456,16,32686
4632668,15,32704
4632668,16,32701
4632926,15,32687
4632926,16,32676
4633181,15,32694
4633181,16,32676
4633436,15,32674
4633436,16,32688
4633689,15,32686
4633689,16,32668
4633944,15,32689
4633944,16,32680
4634200,15,32683
4634200,16,32679
4634453,15,32666
4634453,16,32707
4634664,15,32675
4634664,16,32696
4634922,15,32695
4634922,16,32685
4635180,15,32673
4635180,16,32675
4635435,15,32696
4635435,16,32688
4635690,15,32694
4635690,16,32684
4635941,15,32676
4635941,16,32693
4636196,15,32673
4636196,16,32678
4636452,15,32687
4636452,16,32674
4636708,15,32686
4636708,16,32690
4636919,15,32699
4636919,16,32698
4637172,15,32680
4637172,16,32702
4637428,15,32682
4637428,16,32706
4637686,15,32677
4637686,16,32682
4637943,15,32676
4637943,16,32684
4638193,15,32691
4638193,16,32709
4638450,15,32696
4638450,16,32681
4638706,15,32679
4638706,16,32698
4638915,15,32663
4638915,16,32703
4639172,15,32688
4639172,16,32693
4639427,15,32683
4639427,16,32704
4639681,15,32679
4639681,16,32687
4639938,15,32702
4639938,16,32671
4640193,15,32697
4640193,16,32689
4640445,15,32694
4640445,16,32691
4640704,15,32681
4640704,16,32691
4640958,15,32684
4640958,16,32698
4641169,15,32687
4641169,16,32687
4641426,15,32687
4641426,16,32690
4641681,15,32682
4641681,16,32697
4641936,15,32699
4641936,16,32667
4642191,15,32693
4642191,16,32683
4642444,15,32683
4642444,16,32694
4642697,15,32694
4642697,16,32671
4642953,15,32677
4642953,16,32686
4643167,15,32690
4643167,16,32688
4643422,15,32681
4643422,16,32686
4643677,15,32681
4643677,16,32674
4643933,15,32671
4643933,16,32672
4644186,15,32676
4644186,16,32700
4644441,15,32685
4644441,16,32688
4644696,15,32682
4644696,16,32697
4644955,15,32677
4644955,16,32677
4645207,15,32673
4645207,16,32676
4645419,15,32686
4645419,16,32697
4645674,15,32682
4645674,16,32702
4645928,15,32680
4645928,16,32690
4646184,15,32694
4646184,16,32676
4646441,15,32684
4646441,16,32681
4646694,15,32686
4646694,16,32701
4646950,15,32688
4646950,16,32695
4647206,15,32691
4647206,16,32674
4647417,15,32702
4647417,16,32689
4647674,15,32691
4647674,16,32688
4647929,15,32701
4647929,16,32687
4648182,15,32682
4648182,16,32690
4648439,15,32696
4648439,16,32671
4648690,15,32688
4648690,16,32697
4648949,15,32682
4648949,16,32697
4649202,15,32692
4649202,16,32696
4649455,15,32681
4649455,16,32695
4649670,15,32669
4649670,16,32674
4649924,15,32711
4649924,16,32687
4650178,15,32700
4650178,16,32676
4650435,15,32673
4650435,16,32719
4650691,15,32707
4650691,16,32675
4650944,15,32702
4650944,16,32695
4651199,15,32716
4651199,16,32677
4651453,15,32692
4651453,16,32691
4651667,15,32681
4651667,16,32689
4651925,15,32709
4651925,16,32689
4652178,15,32682
4652178,16,32687
4652432,15,32712
4652432,16,32696
4652688,15,32695
4652688,16,32683
4652943,15,32705
4652943,16,32682
4653198,15,32694
4653198,16,32694
4653453,15,32678
4653453,16,32692
4653705,15,32689
4653705,16,32699
4653921,15,32689
4653921,16,32695
4654174,15,32696
4654174,16,32681
4654431,15,32679
4654431,16,32701
4654686,15,32682
4654686,16,32680
4654942,15,32686
4654942,16,32691
4655194,15,32689
4655194,16,32686
4655449,15,32702
4655449,16,32700
4655708,15,32679
4655708,16,32716
4655920,15,32681
4655920,16,32694
4656174,15,32682
4656174,16,32692
4656426,15,32704
4656426,16,32694
4656686,15,32695
4656686,16,32680
4656938,15,32682
4656938,16,32684
4657193,15,32675
4657193,16,32696
4657449,15,32675
4657449,16,32692
4657701,15,32700
4657701,16,32702
4657958,15,32688
4657958,16,32694
4658173,15,32669
4658173,16,32706
4658425,15,32683
4658425,16,32686
4658678,15,32684
4658678,16,32690
4658937,15,32690
4658937,16,32706
4659191,15,32699
4659191,16,32692
4659447,15,32666
4659447,16,32669
4659701,15,32686
4659701,16,32690
4659953,15,32688
4659953,16,32681
4660170,15,32676
4660170,16,32695
4660423,15,32693
4660423,16,32716
4660678,15,32685
4660678,16,32680
4660933,15,32681
4660933,16,32691
4661189,15,32682
4661189,16,32693
4661440,15,32685
4661440,16,32686
4661698,15,32691
4661698,16,32701
4661951,15,32683
4661951,16,32699
4662206,15,32684
4662206,16,32672
4662421,15,32679
4662421,16,32696
4662670,15,32684
4662670,16,32675
4662930,15,32688
4662930,16,32695
4663186,15,32692
4663186,16,32683
4663440,15,32689
4663440,16,32674
4663694,15,32695
4663694,16,32682
4663950,15,32687
4663950,16,32697
4664205,15,32705
4664205,16,32683
4664417,15,32687
4664417,16,32694
4664671,15,32691
4664671,16,32683
4664926,15,32692
4664926,16,32693
4665182,15,32670
4665182,16,32702
4665438,15,32686
4665438,16,32690
4665693,15,32681
4665693,16,32679
4665945,15,32672
4665945,16,32705
4666200,15,32690
4666200,16,32703
4666458,15,32674
4666458,16,32691
4666672,15,32666
4666672,16,32672
4666926,15,32675
4666926,16,32682
4667178,15,32673
4667178,16,32687
4667435,15,32694
4667435,16,32688
4667693,15,32691
4667693,16,32691
4667944,15,32684
4667944,16,32662
4668199,15,32685
4668199,16,32673
4668453,15,32675
4668453,16,32686
4668666,15,32683
4668666,16,32669
4668923,15,32686
4668923,16,32664
4669179,15,32696
4669179,16,32700
4669430,15,32701
4669430,16,32700
4669687,15,32678
4669687,16,32679
4669943,15,32686
4669943,16,32692
4670195,15,32682
4670195,16,32698
4670452,15,32687
4670452,16,32707
4670707,15,32675
4670707,16,32680
4670922,15,32679
4670922,16,32697
4671175,15,32679
4671175,16,32693
4671430,15,32682
4671430,16,32691
4671686,15,32674
4671686,16,32685
4671939,15,32691
4671939,16,32657
4672195,15,32693
4672195,16,32697
4672450,15,32691
4672450,16,32680
4672705,15,32681
4672705,16,32700
4672915,15,32706
4672915,16,32688
4673172,15,32678
4673172,16,32695
4673427,15,32669
4673427,16,32695
4673686,15,32670
4673686,16,32687
4673937,15,32690
4673937,16,32677
4674192,15,32686
4674192,16,32672
4674452,15,32708
4674452,16,32700
4674702,15,32697
4674702,16,32695
4674958,15,32676
4674958,16,32682
4675169,15,32688
4675169,16,32690
4675425,15,32678
4675425,16,32718
4675681,15,32680
4675681,16,32695
4675937,15,32687
4675937,16,32703
4676190,15,32682
4676190,16,32673
4676447,15,32693
4676447,16,32696
4676701,15,32696
4676701,16,32694
4676954,15,32693
4676954,16,32693
4677167,15,32688
4677167,16,32652
4677423,15,32685
4677423,16,32699
4677678,15,32713
4677678,16,32698
4677930,15,32681
4677930,16,32702
4678189,15,32686
4678189,16,32704
4678444,15,32683
4678444,16,32678
4678696,15,32704
4678696,16,32689
4678954,15,32709
4678954,16,32671
4679207,15,32711
4679207,16,32713
4679417,15,32684
4679417,16,32666
4679676,15,32711
4679676,16,32702
4679932,15,32721
4679932,16,32676
4680185,15,32698
4680185,16,32698
4680440,15,32686
4680440,16,32680
4680698,15,32658
4680698,16,32678
4680949,15,32676
4680949,16,32677
4681206,15,32690
4681206,16,32683
4681417,15,32664
4681417,16,32699
4681674,15,32686
4681674,16,32688
4681926,15,32698
4681926,16,32675
4682179,15,32693
4682179,16,32701
4682438,15,32680
4682438,16,32673
4682691,15,32677
4682691,16,32676
4682945,15,32701
4682945,16,32685
4683204,15,32683
4683204,16,32685
4683458,15,32690
4683458,16,32679
4683668,15,32678
4683668,16,32677
4683924,15,32680
4683924,16,32693
4684180,15,32693
4684180,16,32692
4684435,15,32691
4684435,16,32664
4684692,15,32689
4684692,16,32690
4684948,15,32685
4684948,16,32683
4685198,15,32675
4685198,16,32685
4685455,15,32682
4685455,16,32681
4685668,15,32701
4685668,16,32714
4685925,15,32701
4685925,16,32696
4686178,15,32696
4686178,16,32683
4686431,15,32670
4686431,16,32687
4686689,15,32706
4686689,16,32682
4686943,15,32701
4686943,16,32682
4687198,15,32683
4687198,16,32677
4687453,15,32695
4687453,16,32690
4687709,15,32690
4687709,16,32682
4687920,15,32673
4687920,16,32678
4688176,15,32690
4688176,16,32700
4688430,15,32702
4688430,16,32679
4688686,15,32699
4688686,16,32687
4688936,15,32671
4688936,16,32687
4689195,15,32684
4689195,16,32698
4689447,15,32686
4689447,16,32694
4689707,15,32693
4689707,16,32698
4689918,15,32669
4689918,16,32678
4690173,15,32687
4690173,16,32691
4690431,15,32680
4690431,16,32687
4690681,15,32696
4690681,16,32672
4690939,15,32687
4690939,16,32677
4691192,15,32707
4691192,16,32695
4691448,15,32704
4691448,16,32672
4691701,15,32719
4691701,16,32682
4691959,15,32685
4691959,16,32693
4692171,15,32696
4692171,16,32681
4692423,15,32691
4692423,16,32688
4692681,15,32705
4692681,16,32681
4692933,15,32689
4692933,16,32685
4693190,15,32686
4693190,16,32684
4693444,15,32697
4693444,16,32685
4693703,15,32699
4693703,16,32685
4693952,15,32675
4693952,16,32681
4694166,15,32707
4694166,16,32707
4694423,15,32684
4694423,16,32705
4694679,15,32708
4694679,16,32681
4694934,15,32675
4694934,16,32687
4695188,15,32679
4695188,16,32681
4695442,15,32680
4695442,16,32697
4695699,15,32670
4695699,16,32675
4695954,15,32690
4695954,16,32694
4696209,15,32688
4696209,16,32681
4696420,15,32688
4696420,16,32675
4696674,15,32699
4696674,16,32680
4696931,15,32689
4696931,16,32689
4697185,15,32699
4697185,16,32689
4697438,15,32687
4697438,16,32675
4697696,15,32669
4697696,16,32691
4697949,15,32689
4697949,16,32697
4698207,15,32703
4698207,16,32698
4698418,15,32687
4698418,16,32691
4698671,15,32679
4698671,16,32685
4698929,15,32688
4698929,16,32686
4699184,15,32688
4699184,16,32696
4699438,15,32686
4699438,16,32681
4699693,15,32711
4699693,16,32689
4699947,15,32690
4699947,16,32690
4700201,15,32680
4700201,16,32694
4700459,15,32707
4700459,16,32671
4700668,15,32700
4700668,16,32699
4700923,15,32696
4700923,16,32689
4701181,15,32688
4701181,16,32682
4701437,15,32694
4701437,16,32671
4701691,15,32692
4701691,16,32676
4701944,15,32697
4701944,16,32673
4702199,15,32717
4702199,16,32676
4702455,15,32694
4702455,16,32699
4702667,15,32690
4702667,16,32689
4702923,15,32680
4702923,16,32703
4703178,15,32701
4703178,16,32678
4703432,15,32682
4703432,16,32687
4703689,15,32680
4703689,16,32680
4703940,15,32691
4703940,16,32682
4704197,15,32706
4704197,16,32701
4704457,15,32717
4704457,16,32669
4704705,15,32702
4704705,16,32689
4704920,15,32710
4704920,16,32693
4705175,15,32704
4705175,16,32674
4705429,15,32712
4705429,16,32697
4705681,15,32689
4705681,16,32675
4705942,15,32693
4705942,16,32689
4706194,15,32709
4706194,16,32659
4706450,15,32681
4706450,16,32684
4706705,15,32693
4706705,16,32694
4706918,15,32679
4706918,16,32673
4707174,15,32680
4707174,16,32703
4707428,15,32691
4707428,16,32704
4707683,15,32695
4707683,16,32711
4707937,15,32684
4707937,16,32678
4708191,15,32690
4708191,16,32658
4708449,15,32703
4708449,16,32686
4708702,15,32697
4708702,16,32696
4708958,15,32694
4708958,16,32684
4709169,15,32671
4709169,16,32706
4709427,15,32677
4709427,16,32686
4709680,15,32670
4709680,16,32710
4709935,15,32692
4709935,16,32674
4710187,15,32686
4710187,16,32690
4710450,15,32682
4710450,16,32688
4710699,15,32692
4710699,16,32692
4710956,15,32682
4710956,16,32691
4711167,15,32701
4711167,16,32685
4711423,15,32679
4711423,16,32691
4711678,15,32701
4711678,16,32680
4711932,15,32679
4711932,16,32713
4712187,15,32681
4712187,16,32686
4712443,15,32716
4712443,16,32688
4712699,15,32685
4712699,16,32685
4712953,15,32682
4712953,16,32698
4713207,15,32668
4713207,16,32689
4713420,15,32676
4713420,16,32698
4713671,15,32678
4713671,16,32715
4713931,15,32697
4713931,16,32685
4714184,15,32673
4714184,16,32700
4714440,15,32690
4714440,16,32684
4714696,15,32677
4714696,16,32694
4714950,15,32694
4714950,16,32669
4715204,15,32697
4715204,16,32669
4715415,15,32706
4715415,16,32688
4715675,15,32674
4715675,16,32703
4715926,15,32681
4715926,16,32688
4716180,15,32678
4716180,16,32702
4716436,15,32692
4716436,16,32687
4716691,15,32687
4716691,16,32677
4716946,15,32700
4716946,16,32698
4717204,15,32677
4717204,16,32696
4717457,15,32712
4717457,16,32697
4717670,15,32696
4717670,16,32686
4717923,15,32690
4717923,16,32692
4718180,15,32684
4718180,16,32689
4718434,15,32701
4718434,16,32704
4718689,15,32682
4718689,16,32685
4718946,15,32672
4718946,16,32700
4719198,15,32693
4719198,16,32679
4719457,15,32687
4719457,16,32677
4719668,15,32692
4719668,16,32688
4719922,15,32686
4719922,16,32671
4720178,15,32708
4720178,16,32692
4720434,15,32693
4720434,16,32687
4720685,15,32696
4720685,16,32693
4720943,15,32695
4720943,16,32700
4721200,15,32699
4721200,16,32690
4721452,15,32694
4721452,16,32695
4721708,15,32682
4721708,16,32688
4721919,15,32686
4721919,16,32693
4722177,15,32675
4722177,16,32669
4722429,15,32675
4722429,16,32711
4722685,15,32684
4722685,16,32672
4722940,15,32687
4722940,16,32684
4723196,15,32680
4723196,16,32697
4723452,15,32685
4723452,16,32680
4723706,15,32679
4723706,16,32671
4723918,15,32711
4723918,16,32688
4724173,15,32696
4724173,16,32681
4724426,15,32690
4724426,16,32675
4724680,15,32680
4724680,16,32681
4724937,15,32683
4724937,16,32683
4725194,15,32686
4725194,16,32696
4725448,15,32694
4725448,16,32690
4725704,15,32693
4725704,16,32687
4725958,15,32683
4725958,16,32694
4726169,15,32674
4726169,16,32680
4726425,15,32692
4726425,16,32684
4726678,15,32690
4726678,16,32694
4726936,15,32700
4726936,16,32700
4727187,15,32690
4727187,16,32696
4727445,15,32680
4727445,16,32682
4727701,15,32693
4727701,16,32694
4727957,15,32709
4727957,16,32705
4728168,15,32690
4728168,16,32690
4728425,15,32689
4728425,16,32701
4728675,15,32696
4728675,16,32693
4728931,15,32689
4728931,16,32675
4729186,15,32690
4729186,16,32683
4729442,15,32681
4729442,16,32670
4729697,15,32682
4729697,16,32680
4729955,15,32674
4729955,16,32705
4730207,15,32697
4730207,16,32692
4730421,15,32676
4730421,16,32701
4730675,15,32706
4730675,16,32695
4730934,15,32673
4730934,16,32697
4731187,15,32679
4731187,16,32700
4731441,15,32684
4731441,16,32685
4731696,15,32684
4731696,16,32701
4731946,15,32695
4731946,16,32684
4732208,15,32700
4732208,16,32682
4732420,15,32662
4732420,16,32692
4732674,15,32683
4732674,16,32699
4732927,15,32683
4732927,16,32685
4733180,15,32681
4733180,16,32670
4733439,15,32678
4733439,16,32677
4733694,15,32705
4733694,16,32692
4733947,15,32692
4733947,16,32704
4734200,15,32690
4734200,16,32698
4734458,15,32690
4734458,16,32689
4734672,15,32673
4734672,16,32701
4734925,15,32705
4734925,16,32692
4735180,15,32690
4735180,16,32676
4735436,15,32704
4735436,16,32700
4735690,15,32689
4735690,16,32695
4735948,15,32677
4735948,16,32683
4736198,15,32684
4736198,16,32702
4736453,15,32685
4736453,16,32708
4736666,15,32686
4736666,16,32699
4736922,15,32701
4736922,16,32687
4737179,15,32675
4737179,16,32684
4737429,15,32688
4737429,16,32672
4737688,15,32705
4737688,16,32683
4737945,15,32693
4737945,16,32697
4738199,15,32688
4738199,16,32693
4738451,15,32694
4738451,16,32691
4738706,15,32676
4738706,16,32695
4738920,15,32695
4738920,16,32677
4739175,15,32681
4739175,16,32692
4739428,15,32686
4739428,16,32689
4739688,15,32704
4739688,16,32684
4739940,15,32670
4739940,16,32684
4740194,15,32679
4740194,16,32702
4740452,15,32687
4740452,16,32702
4740703,15,32697
4740703,16,32690
4740917,15,32699
4740917,16,32693
4741170,15,32699
4741170,16,32682
4741428,15,32702
4741428,16,32681
4741681,15,32688
4741681,16,32680
4741938,15,32697
4741938,16,32684
4742193,15,32698
4742193,16,32685
4742446,15,32705
4742446,16,32675
4742703,15,32674
4742703,16,32689
4742958,15,32693
4742958,16,32695
4743170,15,32674
4743170,16,32671
4743427,15,32698
4743427,16,32665
4743680,15,32693
4743680,16,32679
4743936,15,32672
4743936,16,32683
4744190,15,32680
4744190,16,32695
4744443,15,32695
4744443,16,32698
4744699,15,32687
4744699,16,32697
4744959,15,32685
4744959,16,32679
4745166,15,32709
4745166,16,32695
4745423,15,32661
4745423,16,32665
4745675,15,32705
4745675,16,32676
4745932,15,32681
4745932,16,32694
4746188,15,32681
4746188,16,32678
4746442,15,32677
4746442,16,32690
4746698,15,32707
4746698,16,32671
4746952,15,32687
4746952,16,32695
4747209,15,32686
4747209,16,32703
4747420,15,32667
4747420,16,32699
4747676,15,32686
4747676,16,32691
4747929,15,32701
4747929,16,32706
4748184,15,32675
4748184,16,32695
4748440,15,32702
4748440,16,32674
4748694,15,32700
4748694,16,32709
4748951,15,32689
4748951,16,32688
4749207,15,32673
4749207,16,32699
4749418,15,32690
4749418,16,32698
4749676,15,32684
4749676,16,32681
4749927,15,32691
4749927,16,32687
4750182,15,32671
4750182,16,32692
4750438,15,32702
4750438,16,32695
4750693,15,32692
4750693,16,32694
4750947,15,32699
4750947,16,32686
4751202,15,32702
4751202,16,32697
4751457,15,32692
4751457,16,32696
4751670,15,32685
4751670,16,32689
4751924,15,32683
4751924,16,32691
4752181,15,32693
4752181,16,32681
4752437,15,32689
4752437,16,32696
4752692,15,32693
4752692,16,32695
4752947,15,32703
4752947,16,32704
4753204,15,32678
4753204,16,32670
4753456,15,32699
4753456,16,32699
4753669,15,32688
4753669,16,32683
4753924,15,32689
4753924,16,32686
4754177,15,32690
4754177,16,32686
4754432,15,32675
4754432,16,32681
4754689,15,32694
4754689,16,32691
4754939,15,32688
4754939,16,32717
4755197,15,32694
4755197,16,32685
4755452,15,32676
4755452,16,32688
4755708,15,32685
4755708,16,32709
4755919,15,32672
4755919,16,32677
4756173,15,32669
4756173,16,32695
4756430,15,32703
4756430,16,32691
4756686,15,32700
4756686,16,32673
4756940,15,32687
4756940,16,32689
4757196,15,32710
4757196,16,32678
4757450,15,32692
4757450,16,32697
4757704,15,32708
4757704,16,32685
4757917,15,32672
4757917,16,32698
4758174,15,32684
4758174,16,32694
4758429,15,32697
4758429,16,32698
4758685,15,32679
4758685,16,32687
4758937,15,32684
4758937,16,32707
4759191,15,32705
4759191,16,32689
4759447,15,32688
4759447,16,32701
4759702,15,32675
4759702,16,32680
4759957,15,32693
4759957,16,32700
4760168,15,32674
4760168,16,32698
4760426,15,32721
4760426,16,32679
4760681,15,32706
4760681,16,32696
4760936,15,32706
4760936,16,32679
4761189,15,32688
4761189,16,32688
4761447,15,32687
4761447,16,32685
4761701,15,32683
4761701,16,32685
4761959,15,32685
4761959,16,32687
4762166,15,32697
4762166,16,32684
4762426,15,32708
4762426,16,32691
4762678,15,32689
4762678,16,32658
4762930,15,32679
4762930,16,32695
4763189,15,32686
4763189,16,32689
4763443,15,32702
4763443,16,32703
4763696,15,32686
4763696,16,32668
4763952,15,32692
4763952,16,32696
4764206,15,32691
4764206,16,32680
4764419,15,32670
4764419,16,32663
4764673,15,32689
4764673,16,32681
4764931,15,32707
4764931,16,32674
4765185,15,32698
4765185,16,32703
4765438,15,32696
4765438,16,32687
4765694,15,32669
4765694,16,32692
4765950,15,32670
4765950,16,32703
4766205,15,32686
4766205,16,32672
4766417,15,32681
4766417,16,32696
4766673,15,32687
4766673,16,32700
4766926,15,32698
4766926,16,32696
4767184,15,32691
4767184,16,32706
4767437,15,32673
4767437,16,32698
4767694,15,32686
4767694,16,32695
4767948,15,32697
4767948,16,32689
4768202,15,32685
4768202,16,32672
4768455,15,32699
4768455,16,32706
4768669,15,32675
4768669,16,32672
4768924,15,32694
4768924,16,32686
4769183,15,32690
4769183,16,32695
4769435,15,32679
4769435,16,32686
4769688,15,32669
4769688,16,32704
4769943,15,32705
4769943,16,32689
4770199,15,32691
4770199,16,32689
4770454,15,32676
4770454,16,32694
4770668,15,32702
4770668,16,32679
4770923,15,32702
4770923,16,32681
4771176,15,32698
4771176,16,32693
4771433,15,32684
4771433,16,32700
4771684,15,32683
4771684,16,32667
4771941,15,32694
4771941,16,32700
4772199,15,32683
4772199,16,32679
4772452,15,32699
4772452,16,32689
4772708,15,32680
4772708,16,32703
4772920,15,32675
4772920,16,32689
4773174,15,32681
4773174,16,32694
4773427,15,32695
4773427,16,32685
4773683,15,32712
4773683,16,32689
4773938,15,32682
4773938,16,32709
4774193,15,32670
4774193,16,32672
4774450,15,32685
4774450,16,32672
4774707,15,32690
4774707,16,32671
4774920,15,32708
4774920,16,32707
4775175,15,32684
4775175,16,32697
4775427,15,32700
4775427,16,32695
4775682,15,32680
4775682,16,32684
4775936,15,32693
4775936,16,32687
4776193,15,32673
4776193,16,32670
4776446,15,32707
4776446,16,32683
4776704,15,32673
4776704,16,32684
4776957,15,32695
4776957,16,32692
4777168,15,32676
4777168,16,32665
4777425,15,32689
4777425,16,32674
4777681,15,32689
4777681,16,32686
4777935,15,32679
4777935,16,32687
4778188,15,32678
4778188,16,32699
4778445,15,32698
4778445,16,32690
4778702,15,32681
4778702,16,32715
4778953,15,32685
4778953,16,32712
4779169,15,32705
4779169,16,32698
4779422,15,32695
4779422,16,32678
4779676,15,32682
4779676,16,32686
4779932,15,32686
4779932,16,32685
4780185,15,32696
4780185,16,32684
4780444,15,32684
4780444,16,32670
4780697,15,32700
4780697,16,32687
4780954,15,32692
4780954,16,32706
4781207,15,32657
4781207,16,32682
4781422,15,32708
4781422,16,32672
4781677,15,32703
4781677,16,32717
4781931,15,32703
4781931,16,32676
4782186,15,32683
4782186,16,32703
4782439,15,32684
4782439,16,32693
4782696,15,32701
4782696,16,32704
4782949,15,32689
4782949,16,32697
4783205,15,32707
4783205,16,32676
4783420,15,32684
4783420,16,32699
4783672,15,32672
4783672,16,32694
4783930,15,32690
4783930,16,32679
4784186,15,32682
4784186,16,32676
4784438,15,32684
4784438,16,32709
4784692,15,32669
4784692,16,32696
4784947,15,32687
4784947,16,32675
4785202,15,32696
4785202,16,32689
4785458,15,32673
4785458,16,32680
4785670,15,32698
4785670,16,32693
4785925,15,32684
4785925,16,32695
4786179,15,32708
4786179,16,32677
4786433,15,32675
4786433,16,32703
4786690,15,32697
4786690,16,32697
4786944,15,32697
4786944,16,32699
4787200,15,32692
4787200,16,32680
4787456,15,32703
4787456,16,32688
4787666,15,32694
4787666,16,32695
4787921,15,32681
4787921,16,32670
4788179,15,32691
4788179,16,32671
4788434,15,32700
4788434,16,32700
4788690,15,32694
4788690,16,32688
4788941,15,32703
4788941,16,32693
4789200,15,32688
4789200,16,32688
4789454,15,32687
4789454,16,32694
4789704,15,32707
4789704,16,32687
4789921,15,32691
4789921,16,32697
4790174,15,32689
4790174,16,32679
4790429,15,32705
4790429,16,32701
4790683,15,32670
4790683,16,32681
4790939,15,32677
4790939,16,32702
4791195,15,32697
4791195,16,32671
4791447,15,32702
4791447,16,32680
4791705,15,32697
4791705,16,32702
4791916,15,32704
4791916,16,32690
4792172,15,32677
4792172,16,32693
4792427,15,32694
4792427,16,32682
4792681,15,32692
4792681,16,32674
4792938,15,32680
4792938,16,32679
4793194,15,32688
4793194,16,32664
4793447,15,32695
4793447,16,32694
4793704,15,32690
4793704,16,32694
4793957,15,32680
4793957,16,32681
4794170,15,32661
4794170,16,32705
4794425,15,32690
4794425,16,32663
4794681,15,32669
4794681,16,32704
4794937,15,32696
4794937,16,32683
4795190,15,32699
4795190,16,32684
4795445,15,32683
4795445,16,32696
4795698,15,32697
4795698,16,32701
4795956,15,32684
4795956,16,32714
4796169,15,32694
4796169,16,32692
4796421,15,32670
4796421,16,32692
4796677,15,32693
4796677,16,32685
4796933,15,32671
4796933,16,32722
4797187,15,32693
4797187,16,32693
4797440,15,32680
4797440,16,32670
4797699,15,32680
4797699,16,32701
4797953,15,32693
4797953,16,32687
4798207,15,32684
4798207,16,32668
4798420,15,32707
4798420,16,32683
4798674,15,32679
4798674,16,32683
4798930,15,32679
4798930,16,32694
4799186,15,32685
4799186,16,32684
4799442,15,32687
4799442,16,32683
4799696,15,32681
4799696,16,32675
4799948,15,32678
4799948,16,32658
4800205,15,32717
4800205,16,32691
4800419,15,32686
4800419,16,32670
4800673,15,32687
4800673,16,32684
4800927,15,32719
4800927,16,32681
4801185,15,32692
4801185,16,32671
4801437,15,32690
4801437,16,32700
4801693,15,32687
4801693,16,32681
4801949,15,32704
4801949,16,32707
4802202,15,32680
4802202,16,32678
4802456,15,32701
4802456,16,32679
4802667,15,32698
4802667,16,32683
4802926,15,32687
4802926,16,32698
4803179,15,32683
4803179,16,32685
4803435,15,32661
4803435,16,32694
4803688,15,32711
4803688,16,32687
4803945,15,32694
4803945,16,32681
4804198,15,32688
4804198,16,32706
4804452,15,32690
4804452,16,32675
4804668,15,32698
4804668,16,32674
4804921,15,32692
4804921,16,32692
4805178,15,32688
4805178,16,32683
4805433,15,32703
4805433,16,32675
4805687,15,32692
4805687,16,32668
4805945,15,32696
4805945,16,32704
4806200,15,32691
4806200,16,32701
4806453,15,32680
4806453,16,32692
4806710,15,32681
4806710,16,32697
4806921,15,32704
4806921,16,32702
4807174,15,32689
4807174,16,32691
4807433,15,32685
4807433,16,32677
4807685,15,32686
4807685,16,32679
4807943,15,32680
4807943,16,32706
4808192,15,32679
4808192,16,32687
4808451,15,32672
4808451,16,32689
4808703,15,32685
4808703,16,32689
4808917,15,32701
4808917,16,32676
4809173,15,32697
4809173,16,32676
4809427,15,32681
4809427,16,32676
4809685,15,32699
4809685,16,32699
4809936,15,32683
4809936,16,32680
4810193,15,32689
4810193,16,32670
4810448,15,32689
4810448,16,32682
4810704,15,32680
4810704,16,32688
4810956,15,32701
4810956,16,32666
4811172,15,32686
4811172,16,32694
4811425,15,32684
4811425,16,32680
4811680,15,32678
4811680,16,32691
4811932,15,32699
4811932,16,32678
4812192,15,32668
4812192,16,32684
4812445,15,32696
4812445,16,32694
4812700,15,32696
4812700,16,32685
4812956,15,32687
4812956,16,32681
4813168,15,32697
4813168,16,32674
4813423,15,32704
4813423,16,32692
4813678,15,32683
4813678,16,32685
4813933,15,32673
4813933,16,32677
4814187,15,32689
4814187,16,32680
4814444,15,32687
4814444,16,32695
4814696,15,32683
4814696,16,32676
4814952,15,32687
4814952,16,32700
4815207,15,32681
4815207,16,32681
4815420,15,32690
4815420,16,32679
4815676,15,32693
4815676,16,32692
4815932,15,32677
4815932,16,32685
4816186,15,32697
4816186,16,32685
4816440,15,32704
4816440,16,32698
4816694,15,32672
4816694,16,32694
4816951,15,32694
4816951,16,32676
4817205,15,32703
4817205,16,32688
4817417,15,32697
4817417,16,32676
4817673,15,32702
4817673,16,32689
4817928,15,32685
4817928,16,32688
4818181,15,32704
4818181,16,32707
4818440,15,32693
4818440,16,32667
4818691,15,32696
4818691,16,32690
4818947,15,32710
4818947,16,32695
4819204,15,32703
4819204,16,32677
4819457,15,32681
4819457,16,32711
4819670,15,32684
4819670,16,32690
4819927,15,32691
4819927,16,32687
4820179,15,32681
4820179,16,32702
4820429,15,32679
4820429,16,32688
4820691,15,32695
4820691,16,32671
4820945,15,32698
4820945,16,32697
4821201,15,32679
4821201,16,32697
4821454,15,32705
4821454,16,32699
4821668,15,32698
4821668,16,32692
4821922,15,32680
4821922,16,32693
4822177,15,32676
4822177,16,32690
4822431,15,32684
4822431,16,32709
4822689,15,32701
4822689,16,32671
4822940,15,32674
4822940,16,32685
4823198,15,32684
4823198,16,32693
4823452,15,32683
4823452,16,32657
4823705,15,32695
4823705,16,32680
4823922,15,32681
4823922,16,32700
4824176,15,32696
4824176,16,32683
4824432,15,32684
4824432,16,32701
4824685,15,32697
4824685,16,32678
4824940,15,32694
4824940,16,32684
4825192,15,32682
4825192,16,32710
4825450,15,32686
4825450,16,32695
4825706,15,32696
4825706,16,32714
4825915,15,32687
4825915,16,32697
4826172,15,32682
4826172,16,32686
4826428,15,32690
4826428,16,32679
4826683,15,32683
4826683,16,32686
4826939,15,32668
4826939,16,32689
4827193,15,32695
4827193,16,32687
4827449,15,32715
4827449,16,32699
4827702,15,32708
4827702,16,32688
4827955,15,32694
4827955,16,32686
4828169,15,32693
4828169,16,32690
4828426,15,32693
4828426,16,32688
4828682,15,32681
4828682,16,32686
4828932,15,32679
4828932,16,32667
4829190,15,32687
4829190,16,32680
4829446,15,32699
4829446,16,32707
4829701,15,32691
4829701,16,32687
4829956,15,32680
4829956,16,32704
4830168,15,32698
4830168,16,32708
4830425,15,32680
4830425,16,32699
4830679,15,32682
4830679,16,32675
4830934,15,32699
4830934,16,32695
4831189,15,32680
4831189,16,32687
4831444,15,32675
4831444,16,32693
4831699,15,32697
4831699,16,32685
4831952,15,32688
4831952,16,32693
4832207,15,32689
4832207,16,32701
4832421,15,32706
4832421,16,32680
4832673,15,32688
4832673,16,32674
4832932,15,32698
4832932,16,32661
4833185,15,32689
4833185,16,32689
4833443,15,32684
4833443,16,32680
4833697,15,32717
4833697,16,32676
4833949,15,32687
4833949,16,32693
4834207,15,32712
4834207,16,32690
4834418,15,32684
4834418,16,32655
4834670,15,32678
4834670,16,32691
4834928,15,32684
4834928,16,32690
4835184,15,32684
4835184,16,32687
4835435,15,32696
4835435,16,32701
4835692,15,32693
4835692,16,32683
4835945,15,32677
4835945,16,32676
4836203,15,32681
4836203,16,32693
4836458,15,32678
4836458,16,32716
4836669,15,32689
4836669,16,32683
4836925,15,32697
4836925,16,32696
4837181,15,32674
4837181,16,32697
4837434,15,32689
4837434,16,32691
4837690,15,32669
4837690,16,32674
4837947,15,32676
4837947,16,32686
4838199,15,32683
4838199,16,32664
4838454,15,32677
4838454,16,32693
4838669,15,32694
4838669,16,32695
4838922,15,32677
4838922,16,32674
4839178,15,32692
4839178,16,32695
4839434,15,32686
4839434,16,32702
4839687,15,32699
4839687,16,32670
4839942,15,32708
4839942,16,32698
4840196,15,32688
4840196,16,32698
4840452,15,32681
4840452,16,32694
4840705,15,32703
4840705,16,32684
4840920,15,32691
4840920,16,32693
4841176,15,32703
4841176,16,32678
4841430,15,32676
4841430,16,32697
4841685,15,32679
4841685,16,32706
4841939,15,32699
4841939,16,32699
4842194,15,32702
4842194,16,32701
4842452,15,32680
4842452,16,32695
4842705,15,32698
4842705,16,32688
4842917,15,32680
4842917,16,32698
4843172,15,32697
4843172,16,32684
4843427,15,32700
4843427,16,32673
4843681,15,32672
4843681,16,32701
4843939,15,32692
4843939,16,32673
4844193,15,32686
4844193,16,32673
4844448,15,32689
4844448,16,32694
4844703,15,32671
4844703,16,32700
4844956,15,32694
4844956,16,32673
4845171,15,32681
4845171,16,32694
4845427,15,32704
4845427,16,32691
4845679,15,32697
4845679,16,32698
4845936,15,32693
4845936,16,32691
4846187,15,32693
4846187,16,32679
4846444,15,32689
4846444,16,32679
4846699,15,32669
4846699,16,32695
4846956,15,32690
4846956,16,32699
4847167,15,32684
4847167,16,32687
4847423,15,32694
4847423,16,32704
4847676,15,32698
4847676,16,32696
4847932,15,32696
4847932,16,32709
4848189,15,32676
4848189,16,32709
4848445,15,32699
4848445,16,32662
4848697,15,32691
4848697,16,32680
4848953,15,32684
4848953,16,32675
4849208,15,32680
4849208,16,32714
4849419,15,32689
4849419,16,32697
4849676,15,32701
4849676,16,32690
4849928,15,32725
4849928,16,32687
4850189,15,32683
4850189,16,32683
4850438,15,32681
4850438,16,32678
4850696,15,32684
4850696,16,32666
4850948,15,32674
4850948,16,32682
4851206,15,32690
4851206,16,32693
4851419,15,32684
4851419,16,32682
4851672,15,32683
4851672,16,32703
4851926,15,32693
4851926,16,32710
4852182,15,32698
4852182,16,32709
4852437,15,32684
4852437,16,32694
4852692,15,32691
4852692,16,32659
4852948,15,32690
4852948,16,32709
4853202,15,32691
4853202,16,32697
4853458,15,32700
4853458,16,32705
4853668,15,32694
4853668,16,32691
4853925,15,32674
4853925,16,32696
4854183,15,32705
4854183,16,32677
4854434,15,32696
4854434,16,32670
4854690,15,32688
4854690,16,32694
4854946,15,32684
4854946,16,32697
4855199,15,32671
4855199,16,32683
4855455,15,32678
4855455,16,32691
4855667,15,32698
4855667,16,32703
4855923,15,32684
4855923,16,32695
4856177,15,32699
4856177,16,32683
4856431,15,32695
4856431,16,32689
4856686,15,32698
4856686,16,32687
4856943,15,32692
4856943,16,32688
4857199,15,32682
4857199,16,32693
4857452,15,32686
4857452,16,32700
4857708,15,32698
4857708,16,32688
4857922,15,32713
4857922,16,32674
4858176,15,32679
4858176,16,32668
4858431,15,32687
4858431,16,32705
4858683,15,32713
4858683,16,32702
4858939,15,32686
4858939,16,32664
4859191,15,32693
4859191,16,32695
4859449,15,32686
4859449,16,32674
4859704,15,32704
4859704,16,32690
4859917,15,32701
4859917,16,32695
4860172,15,32699
4860172,16,32704
4860430,15,32705
4860430,16,32687
4860683,15,32703
4860683,16,32677
4860937,15,32679
4860937,16,32699
4861194,15,32681
4861194,16,32679
4861449,15,32690
4861449,16,32665
4861701,15,32688
4861701,16,32688
4861957,15,32706
4861957,16,32684
4862168,15,32690
4862168,16,32699
4862428,15,32689
4862428,16,32694
4862681,15,32704
4862681,16,32689
4862934,15,32684
4862934,16,32664
4863189,15,32699
4863189,16,32671
4863446,15,32685
4863446,16,32680
4863700,15,32676
4863700,16,32689
4863955,15,32702
4863955,16,32675
4864169,15,32706
4864169,16,32689
4864424,15,32678
4864424,16,32707
4864680,15,32686
4864680,16,32682
4864932,15,32670
4864932,16,32687
4865189,15,32708
4865189,16,32705
4865444,15,32681
4865444,16,32689
4865697,15,32687
4865697,16,32699
4865953,15,32686
4865953,16,32697
4866208,15,32686
4866208,16,32694
4866419,15,32688
4866419,16,32688
4866673,15,32679
4866673,16,32686
4866930,15,32685
4866930,16,32690
4867183,15,32656
4867183,16,32680
4867439,15,32685
4867439,16,32688
4867694,15,32683
4867694,16,32690
4867950,15,32689
4867950,16,32677
4868204,15,32689
4868204,16,32701
4868420,15,32699
4868420,16,32692
4868674,15,32702
4868674,16,32701
4868928,15,32695
4868928,16,32686
4869182,15,32697
4869182,16,32684
4869434,15,32698
4869434,16,32681
4869693,15,32669
4869693,16,32688
4869948,15,32682
4869948,16,32681
4870200,15,32686
4870200,16,32682
4870458,15,32687
4870458,16,32688
4870671,15,32702
4870671,16,32680
4870923,15,32687
4870923,16,32700
4871180,15,32687
4871180,16,32679
4871432,15,32678
4871432,16,32699
4871687,15,32692
4871687,16,32681
4871945,15,32684
4871945,16,32682
4872200,15,32700
4872200,16,32687
4872458,15,32692
4872458,16,32694
4872669,15,32676
4872669,16,32681
4872922,15,32693
4872922,16,32687
4873178,15,32683
4873178,16,32680
4873432,15,32681
4873432,16,32687
4873688,15,32691
4873688,16,32685
4873943,15,32684
4873943,16,32703
4874196,15,32688
4874196,16,32701
4874453,15,32708
4874453,16,32684
4874707,15,32672
4874707,16,32680
4874919,15,32677
4874919,16,32710
4875174,15,32696
4875174,16,32702
4875428,15,32706
4875428,16,32675
4875686,15,32687
4875686,16,32691
4875939,15,32679
4875939,16,32697
4876194,15,32683
4876194,16,32693
4876449,15,32670
4876449,16,32698
4876705,15,32684
4876705,16,32697
4876920,15,32674
4876920,16,32679
4877172,15,32691
4877172,16,32678
4877426,15,32674
4877426,16,32706
4877680,15,32707
4877680,16,32708
4877937,15,32685
4877937,16,32687
4878194,15,32688
4878194,16,32708
4878450,15,32693
4878450,16,32691
4878702,15,32689
4878702,16,32703
4878958,15,32704
4878958,16,32690
4879169,15,32691
4879169,16,32676
4879425,15,32693
4879425,16,32671
4879681,15,32691
4879681,16,32669
4879935,15,32682
4879935,16,32697
4880189,15,32692
4880189,16,32711
4880443,15,32674
4880443,16,32676
4880699,15,32702
4880699,16,32699
4880953,15,32678
4880953,16,32721
4881169,15,32733
4881169,16,32675
4881423,15,32693
4881423,16,32675
4881678,15,32692
4881678,16,32670
4881931,15,32716
4881931,16,32685
4882187,15,32679
4882187,16,32686
4882444,15,32675
4882444,16,32680
4882695,15,32689
4882695,16,32689
4882949,15,32671
4882949,16,32692
4883210,15,32673
4883210,16,32700
4883420,15,32684
4883420,16,32714
4883676,15,32698
4883676,16,32694
4883932,15,32675
4883932,16,32683
4884182,15,32703
4884182,16,32681
4884440,15,32684
4884440,16,32687
4884695,15,32679
4884695,16,32691
4884950,15,32681
4884950,16,32707
4885205,15,32693
4885205,16,32702
4885419,15,32690
4885419,16,32688
4885674,15,32691
4885674,16,32687
4885927,15,32685
4885927,16,32696
4886184,15,32678
4886184,16,32681
4886436,15,32697
4886436,16,32688
4886693,15,32694
4886693,16,32694
4886950,15,32674
4886950,16,32695
4887202,15,32692
4887202,16,32683
4887455,15,32678
4887455,16,32683
4887670,15,32683
4887670,16,32692
4887924,15,32697
4887924,16,32689
4888181,15,32676
4888181,16,32688
4888434,15,32685
4888434,16,32676
4888690,15,32678
4888690,16,32672
4888946,15,32680
4888946,16,32697
4889197,15,32681
4889197,16,32684
4889455,15,32685
4889455,16,32690
4889669,15,32690
4889669,16,32688
4889924,15,32683
4889924,16,32695
4890175,15,32717
4890175,16,32690
4890432,15,32698
4890432,16,32705
4890687,15,32672
4890687,16,32690
4890941,15,32688
4890941,16,32700
4891198,15,32703
4891198,16,32685
4891454,15,32701
4891454,16,32692
4891708,15,32658
4891708,16,32698
4891921,15,32685
4891921,16,32677
4892175,15,32688
4892175,16,32693
4892429,15,32686
4892429,16,32688
4892685,15,32692
4892685,16,32673
4892939,15,32683
4892939,16,32666
4893195,15,32693
4893195,16,32681
4893450,15,32691
4893450,16,32700
4893708,15,32681
4893708,16,32681
4893915,15,32686
4893915,16,32709
4894171,15,32672
4894171,16,32690
4894428,15,32694
4894428,16,32694
4894686,15,32679
4894686,16,32694
4894937,15,32675
4894937,16,32693
4895194,15,32692
4895194,16,32666
4895447,15,32685
4895447,16,32678
4895702,15,32698
4895702,16,32697
4895959,15,32703
4895959,16,32677
4896170,15,32689
4896170,16,32679
4896424,15,32693
4896424,16,32681
4896678,15,32701
4896678,16,32695
4896936,15,32678
4896936,16,32683
4897191,15,32684
4897191,16,32700
4897446,15,32680
4897446,16,32699
4897701,15,32685
4897701,16,32682
4897954,15,32685
4897954,16,32702
4898168,15,32695
4898168,16,32664
4898422,15,32700
4898422,16,32688
4898677,15,32675
4898677,16,32689
4898932,15,32678
4898932,16,32683
4899185,15,32678
4899185,16,32698
4899442,15,32687
4899442,16,32681
4899700,15,32703
4899700,16,32674
4899953,15,32675
4899953,16,32685
4900209,15,32682
4900209,16,32697
4900419,15,32686
4900419,16,32689
4900672,15,32684
4900672,16,32691
4900926,15,32677
4900926,16,32679
4901186,15,32711
4901186,16,32681
4901440,15,32713
4901440,16,32684
4901698,15,32688
4901698,16,32700
4901949,15,32690
4901949,16,32667
4902204,15,32690
4902204,16,32695
4902419,15,32694
4902419,16,32673
4902672,15,32697
4902672,16,32683
4902927,15,32699
4902927,16,32698
4903181,15,32697
4903181,16,32675
4903438,15,32686
4903438,16,32692
4903694,15,32689
4903694,16,32686
4903947,15,32690
4903947,16,32686
4904205,15,32674
4904205,16,32696
4904457,15,32682
4904457,16,32683
4904671,15,32675
4904671,16,32699
4904929,15,32665
4904929,16,32683
4905181,15,32690
4905181,16,32707
4905436,15,32702
4905436,16,32698
4905689,15,32698
4905689,16,32709
4905943,15,32702
4905943,16,32671
4906195,15,32688
4906195,16,32682
4906456,15,32697
4906456,16,32708
4906666,15,32682
4906666,16,32696
4906922,15,32697
4906922,16,32680
4907175,15,32690
4907175,16,32689
4907431,15,32684
4907431,16,32703
4907688,15,32689
4907688,16,32691
4907943,15,32682
4907943,16,32684
4908197,15,32691
4908197,16,32689
4908451,15,32669
4908451,16,32660
4908707,15,32663
4908707,16,32685
4908922,15,32690
4908922,16,32679
4909175,15,32704
4909175,16,32693
4909431,15,32694
4909431,16,32698
4909685,15,32676
4909685,16,32688
4909939,15,32686
4909939,16,32671
4910196,15,32692
4910196,16,32697
4910450,15,32683
4910450,16,32698
4910703,15,32692
4910703,16,32692
4910916,15,32694
4910916,16,32682
4911173,15,32691
4911173,16,32679
4911427,15,32687
4911427,16,32681
4911682,15,32688
4911682,16,32691
4911939,15,32695
4911939,16,32677
4912193,15,32691
4912193,16,32691
4912445,15,32688
4912445,16,32712
4912703,15,32690
4912703,16,32696
4912958,15,32698
4912958,16,32680
4913168,15,32675
4913168,16,32685
4913427,15,32654
4913427,16,32715
4913682,15,32708
4913682,16,32685
4913938,15,32682
4913938,16,32711
4914188,15,32694
4914188,16,32703
4914444,15,32670
4914444,16,32700
4914701,15,32686
4914701,16,32704
4914956,15,32689
4914956,16,32682
4915169,15,32696
4915169,16,32690
4915421,15,32713
4915421,16,32683
4915674,15,32674
4915674,16,32685
4915932,15,32683
4915932,16,32682
4916185,15,32695
4916185,16,32691
4916441,15,32694
4916441,16,32678
4916697,15,32699
4916697,16,32697
4916953,15,32685
4916953,16,32710
4917209,15,32674
4917209,16,32703
4917419,15,32677
4917419,16,32683
4917677,15,32675
4917677,16,32685
4917930,15,32698
4917930,16,32692
4918187,15,32703
4918187,16,32697
4918438,15,32676
4918438,16,32673
4918694,15,32700
4918694,16,32678
4918950,15,32679
4918950,16,32695
4919205,15,32680
4919205,16,32676
4919417,15,32707
4919417,16,32687
4919672,15,32704
4919672,16,32673
4919926,15,32704
4919926,16,32698
4920182,15,32680
4920182,16,32673
4920438,15,32679
4920438,16,32678
4920693,15,32685
4920693,16,32710
4920947,15,32692
4920947,16,32694
4921205,15,32680
4921205,16,32666
4921454,15,32691
4921454,16,32694
4921668,15,32685
4921668,16,32677
4921928,15,32682
4921928,16,32680
4922181,15,32683
4922181,16,32698
4922433,15,32704
4922433,16,32689
4922691,15,32685
4922691,16,32681
4922945,15,32699
4922945,16,32705
4923204,15,32683
4923204,16,32694
4923453,15,32697
4923453,16,32672
4923668,15,32701
4923668,16,32700
4923922,15,32688
4923922,16,32696
4924177,15,32673
4924177,16,32662
4924435,15,32694
4924435,16,32689
4924686,15,32699
4924686,16,32679
4924943,15,32696
4924943,16,32679
4925198,15,32672
4925198,16,32684
4925448,15,32681
4925448,16,32692
4925707,15,32697
4925707,16,32689
4925919,15,32672
4925919,16,32673
4926173,15,32706
4926173,16,32691
4926432,15,32680
4926432,16,32684
4926682,15,32672
4926682,16,32714
4926945,15,32699
4926945,16,32691
4927193,15,32687
4927193,16,32672
4927451,15,32692
4927451,16,32694
4927705,15,32699
4927705,16,32704
4927916,15,32683
4927916,16,32685
4928171,15,32661
4928171,16,32680
4928428,15,32689
4928428,16,32685
4928681,15,32691
4928681,16,32689
4928937,15,32676
4928937,16,32705
4929193,15,32689
4929193,16,32676
4929447,15,32698
4929447,16,32679
4929705,15,32687
4929705,16,32682
4929961,15,32680
4929961,16,32688
4930170,15,32670
4930170,16,32681
4930426,15,32693
4930426,16,32672
4930678,15,32688
4930678,16,32712
4930936,15,32692
4930936,16,32690
4931189,15,32697
4931189,16,32690
4931446,15,32698
4931446,16,32695
4931701,15,32668
4931701,16,32692
4931955,15,32682
4931955,16,32692
4932168,15,32722
4932168,16,32671
4932424,15,32687
4932424,16,32676
4932679,15,32690
4932679,16,32681
4932932,15,32697
4932932,16,32684
4933188,15,32687
4933188,16,32676
4933442,15,32698
4933442,16,32688
4933696,15,32674
4933696,16,32669
4933953,15,32683
4933953,16,32675
4934204,15,32686
4934204,16,32680
4934419,15,32698
4934419,16,32681
4934674,15,32691
4934674,16,32686
4934928,15,32698
4934928,16,32680
4935188,15,32681
4935188,16,32668
4935440,15,32694
4935440,16,32705
4935696,15,32685
4935696,16,32688
4935949,15,32710
4935949,16,32665
4936204,15,32706
4936204,16,32676
4936419,15,32690
4936419,16,32674
4936674,15,32683
4936674,16,32664
4936928,15,32691
4936928,16,32676
4937182,15,32679
4937182,16,32709
4937438,15,32668
4937438,16,32694
4937694,15,32699
4937694,16,32680
4937948,15,32675
4937948,16,32691
4938202,15,32682
4938202,16,32669
4938457,15,32691
4938457,16,32679
4938670,15,32687
4938670,16,32690
4938924,15,32668
4938924,16,32692
4939182,15,32682
4939182,16,32702
4939434,15,32697
4939434,16,32702
4939693,15,32679
4939693,16,32696
4939946,15,32678
4939946,16,32695
4940200,15,32690
4940200,16,32674
4940454,15,32687
4940454,16,32686
4940668,15,32683
4940668,16,32703
4940923,15,32696
4940923,16,32678
4941176,15,32679
4941176,16,32695
4941431,15,32682
4941431,16,32705
4941688,15,32674
4941688,16,32685
4941942,15,32674
4941942,16,32686
4942197,15,32702
4942197,16,32708
4942450,15,32712
4942450,16,32683
4942708,15,32693
4942708,16,32712
4942919,15,32692
4942919,16,32700
4943175,15,32695
4943175,16,32680
4943430,15,32686
4943430,16,32686
4943684,15,32691
4943684,16,32696
4943940,15,32698
4943940,16,32693
4944193,15,32689
4944193,16,32676
4944452,15,32691
4944452,16,32706
4944705,15,32690
4944705,16,32691
4944918,15,32678
4944918,16,32692
4945170,15,32692
4945170,16,32692
4945428,15,32698
4945428,16,32690
4945682,15,32699
4945682,16,32681
4945937,15,32687
4945937,16,32687
4946193,15,32701
4946193,16,32715
4946449,15,32675
4946449,16,32676
4946702,15,32685
4946702,16,32692
4946957,15,32691
4946957,16,32680
4947171,15,32679
4947171,16,32680
4947426,15,32677
4947426,16,32686
4947679,15,32696
4947679,16,32664
4947937,15,32681
4947937,16,32687
4948189,15,32716
4948189,16,32704
4948443,15,32685
4948443,16,32709
4948701,15,32680
4948701,16,32691
4948954,15,32695
4948954,16,32683
4949168,15,32700
4949168,16,32689
4949422,15,32685
4949422,16,32688
4949677,15,32690
4949677,16,32679
4949932,15,32692
4949932,16,32674
4950187,15,32691
4950187,16,32681
4950444,15,32692
4950444,16,32687
4950696,15,32691
4950696,16,32685
4950950,15,32682
4950950,16,32686
4951209,15,32682
4951209,16,32692
4951420,15,32680
4951420,16,32704
4951676,15,32700
4951676,16,32697
4951930,15,32684
4951930,16,32713
4952185,15,32677
4952185,16,32692
4952438,15,32703
4952438,16,32687
4952694,15,32684
4952694,16,32692
4952948,15,32701
4952948,16,32689
4953205,15,32691
4953205,16,32676
4953418,15,32697
4953418,16,32703
4953674,15,32678
4953674,16,32689
4953929,15,32706
4953929,16,32668
4954185,15,32699
4954185,16,32702
4954438,15,32690
4954438,16,32694
4954691,15,32701
4954691,16,32686
4954948,15,32686
4954948,16,32664
4955204,15,32684
4955204,16,32668
4955459,15,32690
4955459,16,32691
4955670,15,32696
4955670,16,32694
4955926,15,32710
4955926,16,32688
4956176,15,32689
4956176,16,32693
4956436,15,32701
4956436,16,32656
4956691,15,32692
4956691,16,32691
4956946,15,32692
4956946,16,32666
4957198,15,32674
4957198,16,32711
4957455,15,32674
4957455,16,32683
4957667,15,32678
4957667,16,32679
4957920,15,32691
4957920,16,32674
4958179,15,32689
4958179,16,32681
4958435,15,32695
4958435,16,32680
4958688,15,32673
4958688,16,32673
4958942,15,32686
4958942,16,32700
4959197,15,32688
4959197,16,32688
4959451,15,32704
4959451,16,32680
4959708,15,32708
4959708,16,32688
4959922,15,32711
4959922,16,32679
4960174,15,32698
4960174,16,32691
4960432,15,32677
4960432,16,32667
4960684,15,32712
4960684,16,32693
4960941,15,32684
4960941,16,32688
4961197,15,32693
4961197,16,32682
4961449,15,32686
4961449,16,32688
4961704,15,32679
4961704,16,32684
4961919,15,32699
4961919,16,32692
4962171,15,32680
4962171,16,32689
4962428,15,32712
4962428,16,32689
4962681,15,32691
4962681,16,32697
4962939,15,32676
4962939,16,32698
4963193,15,32697
4963193,16,32671
4963448,15,32686
4963448,16,32697
4963701,15,32714
4963701,16,32718
4963956,15,32693
4963956,16,32681
4964169,15,32689
4964169,16,32690
4964425,15,32682
4964425,16,32676
4964679,15,32695
4964679,16,32705
4964936,15,32686
4964936,16,32690
4965190,15,32691
4965190,16,32689
4965445,15,32672
4965445,16,32684
4965701,15,32700
4965701,16,32686
4965954,15,32674
4965954,16,32682
4966170,15,32664
4966170,16,32702
4966424,15,32677
4966424,16,32689
4966676,15,32697
4966676,16,32675
4966932,15,32679
4966932,16,32682
4967186,15,32682
4967186,16,32670
4967443,15,32684
4967443,16,32684
4967698,15,32698
4967698,16,32705
4967952,15,32693
4967952,16,32677
4968207,15,32703
4968207,16,32700
4968420,15,32685
4968420,16,32684
4968676,15,32675
4968676,16,32692
4968928,15,32695
4968928,16,32674
4969186,15,32684
4969186,16,32687
4969441,15,32678
4969441,16,32694
4969694,15,32701
4969694,16,32690
4969952,15,32696
4969952,16,32676
4970205,15,32701
4970205,16,32675
4970416,15,32692
4970416,16,32680
4970672,15,32701
4970672,16,32704
4970925,15,32667
4970925,16,32683
4971183,15,32662
4971183,16,32697
4971438,15,32690
4971438,16,32685
4971693,15,32689
4971693,16,32692
4971947,15,32683
4971947,16,32662
4972202,15,32687
4972202,16,32689
4972458,15,32674
4972458,16,32677
4972670,15,32684
4972670,16,32665
4972923,15,32695
4972923,16,32691
4973182,15,32686
4973182,16,32702
4973437,15,32701
4973437,16,32695
4973690,15,32673
4973690,16,32693
4973945,15,32677
4973945,16,32688
4974199,15,32694
4974199,16,32684
4974459,15,32668
4974459,16,32705
4974668,15,32683
4974668,16,32705
4974923,15,32687
4974923,16,32693
4975176,15,32691
4975176,16,32690
4975432,15,32698
4975432,16,32676
4975687,15,32685
4975687,16,32702
4975942,15,32704
4975942,16,32694
4976195,15,32679
4976195,16,32701
4976453,15,32686
4976453,16,32683
4976710,15,32696
4976710,16,32687
4976923,15,32697
4976923,16,32672
4977177,15,32681
4977177,16,32701
4977430,15,32692
4977430,16,32695
4977685,15,32702
4977685,16,32693
4977939,15,32678
4977939,16,32689
4978196,15,32701
4978196,16,32686
4978451,15,32680
4978451,16,32689
4978705,15,32670
4978705,16,32701
4978916,15,32700
4978916,16,32702
4979170,15,32689
4979170,16,32682
4979425,15,32698
4979425,16,32690
4979681,15,32694
4979681,16,32681
4979935,15,32676
4979935,16,32696
4980191,15,32685
4980191,16,32671
4980449,15,32684
4980449,16,32688
4980706,15,32672
4980706,16,32699
4980958,15,32689
4980958,16,32683
4981171,15,32684
4981171,16,32681
4981425,15,32684
4981425,16,32681
4981680,15,32690
4981680,16,32683
4981934,15,32709
4981934,16,32675
4982190,15,32692
4982190,16,32678
4982445,15,32710
4982445,16,32712
4982698,15,32681
4982698,16,32701
4982954,15,32660
4982954,16,32711
4983166,15,32680
4983166,16,32681
4983422,15,32692
4983422,16,32674
4983676,15,32713
4983676,16,32687
4983930,15,32689
4983930,16,32720
4984188,15,32692
4984188,16,32696
4984442,15,32687
4984442,16,32673
4984701,15,32714
4984701,16,32686
4984955,15,32704
4984955,16,32679
4985209,15,32690
4985209,16,32683
4985418,15,32681
4985418,16,32678
4985672,15,32675
4985672,16,32686
4985930,15,32684
4985930,16,32702
4986185,15,32693
4986185,16,32685
4986439,15,32667
4986439,16,32693
4986694,15,32698
4986694,16,32710
4986948,15,32700
4986948,16,32699
4987205,15,32674
4987205,16,32676
4987417,15,32716
4987417,16,32687
4987673,15,32683
4987673,16,32687
4987927,15,32689
4987927,16,32687
4988182,15,32671
4988182,16,32713
4988437,15,32681
4988437,16,32691
4988691,15,32691
4988691,16,32687
4988947,15,32696
4988947,16,32676
4989203,15,32689
4989203,16,32705
4989457,15,32674
4989457,16,32689
4989671,15,32673
4989671,16,32678
4989923,15,32693
4989923,16,32705
4990180,15,32686
4990180,16,32685
4990433,15,32702
4990433,16,32698
4990688,15,32681
4990688,16,32681
4990946,15,32684
4990946,16,32688
4991200,15,32711
4991200,16,32686
4991454,15,32665
4991454,16,32683
4991666,15,32696
4991666,16,32691
4991923,15,32683
4991923,16,32688
4992178,15,32680
4992178,16,32683
4992430,15,32688
4992430,16,32694
4992689,15,32705
4992689,16,32675
4992940,15,32686
4992940,16,32677
4993199,15,32684
4993199,16,32692
4993453,15,32696
4993453,16,32676
4993707,15,32692
4993707,16,32691
4993921,15,32707
4993921,16,32681
4994177,15,32678
4994177,16,32690
4994427,15,32666
4994427,16,32680
4994683,15,32708
4994683,16,32695
4994940,15,32692
4994940,16,32683
4995196,15,32682
4995196,16,32705
4995449,15,32676
4995449,16,32694
4995706,15,32688
4995706,16,32689
4995919,15,32671
4995919,16,32671
4996171,15,32675
4996171,16,32698
4996426,15,32679
4996426,16,32687
4996684,15,32686
4996684,16,32700
4996940,15,32699
4996940,16,32677
4997194,15,32679
4997194,16,32685
4997445,15,32694
4997445,16,32681
4997705,15,32684
4997705,16,32689
4997958,15,32681
4997958,16,32669
4998173,15,32703
4998173,16,32694
4998423,15,32678
4998423,16,32700
4998679,15,32694
4998679,16,32693
4998934,15,32683
4998934,16,32687
4999192,15,32677
4999192,16,32689
4999445,15,32672
4999445,16,32694
4999701,15,32689
4999701,16,32691
4999955,15,32671
4999955,16,32684
5000169,15,32697
5000169,16,32702
5000423,15,32663
5000423,16,32677
5000677,15,32666
5000677,16,32698
