t_us,pin,raw
1000000,15,32691
1000275,15,32684
1000523,15,32720
1000774,15,32689
1001021,15,32677
1001268,15,32713
1001519,15,32727
1001762,15,32697
1002012,15,32702
1002263,15,32712
1002512,15,32708
1002754,15,32714
1003007,15,32701
1003250,15,32729
1003500,15,32716
1003780,15,32717
1004028,15,32720
1004275,15,32713
1004524,15,32723
1004772,15,32732
1005020,15,32716
1005267,15,32716
1005514,15,32748
1005766,15,32717
1006011,15,32744
1006261,15,32717
1006508,15,32738
1006755,15,32728
1007003,15,32733
1007251,15,32723
1007503,15,32736
1007778,15,32721
1008026,15,32728
1008276,15,32719
1008521,15,32712
1008771,15,32729
1009020,15,32709
1009268,15,32694
1009517,15,32703
1009762,15,32730
1010011,15,32709
1010260,15,32705
1010505,15,32696
1010757,15,32682
1011005,15,32704
1011251,15,32699
1011531,15,32713
1011777,15,32693
1012026,15,32696
1012272,15,32678
1012521,15,32682
1012773,15,32675
1013017,15,32691
1013267,15,32652
1013514,15,32668
1013764,15,32673
1014008,15,32681
1014257,15,32659
1014504,15,32664
1014752,15,32648
1015005,15,32674
1015251,15,32673
1015530,15,32647
1015778,15,32661
1016024,15,32666
1016275,15,32653
1016524,15,32668
1016770,15,32662
1017016,15,32672
1017266,15,32658
1017512,15,32661
1017760,15,32651
1018009,15,32638
1018258,15,32644
1018506,15,32648
1018754,15,32664
1019001,15,32661
1019281,15,32661
1019526,15,32654
1019774,15,32662
1020023,15,32662
1020273,15,32660
1020522,15,32662
1020769,15,32655
1021016,15,32655
1021263,15,32681
1021509,15,32669
1021759,15,32660
1022007,15,32682
1022255,15,32674
1022504,15,32670
1022753,15,32667
1023001,15,32697
1023279,15,32683
1023528,15,32673
1023775,15,32705
1024022,15,32691
1024268,15,32682
1024518,15,32688
1024766,15,32714
1025016,15,32689
1025262,15,32695
1025510,15,32713
1025757,15,32708
1026010,15,32705
1026254,15,32724
1026503,15,32711
1026752,15,32693
1027029,15,32732
1027278,15,32715
1027523,15,32718
1027774,15,32723
1028024,15,32721
1028270,15,32729
1028517,15,32727
1028765,15,32720
1029016,15,32729
1029263,15,32706
1029507,15,32729
1029759,15,32728
1030004,15,32734
1030255,15,32740
1030501,15,32720
1030748,15,32724
1031030,15,32721
1031277,15,32708
1031525,15,32734
1031773,15,32707
1032020,15,32715
1032269,15,32717
1032517,15,32717
1032767,15,32705
1033015,15,32712
1033258,15,32714
1033509,15,32713
1033758,15,32682
1034006,15,32723
1034251,15,32707
1034502,15,32688
1034781,15,32705
1035027,15,32685
1035273,15,32691
1035524,15,32695
1035770,15,32678
1036022,15,32682
1036270,15,32690
1036513,15,32676
1036767,15,32666
1037010,15,32668
1037261,15,32683
1037508,15,32678
1037759,15,32650
1038002,15,32659
1038255,15,32660
1038499,15,32665
1038776,15,32665
1039026,15,32672
1039275,15,32671
1039525,15,32636
1039769,15,32666
1040018,15,32638
1040268,15,32639
1040516,15,32643
1040760,15,32668
1041012,15,32658
1041258,15,32648
1041508,15,32659
1041758,15,32651
1042006,15,32653
1042250,15,32651
1042530,15,32636
1042779,15,32651
1043023,15,32650
1043274,15,32680
1043522,15,32653
1043770,15,32663
1044018,15,32664
1044266,15,32661
1044513,15,32658
1044761,15,32664
1045010,15,32664
1045261,15,32678
1045504,15,32658
1045753,15,32659
1046002,15,32685
1046250,15,32672
1046531,15,32707
1046779,15,32665
1047025,15,32682
1047273,15,32706
1047519,15,32700
1047767,15,32707
1048019,15,32686
1048265,15,32692
1048511,15,32691
1048760,15,32700
1049010,15,32693
1049254,15,32692
1049504,15,32701
1049754,15,32714
1049999,15,32707
1050277,15,32723
1050531,15,32709
1050775,15,32726
1051025,15,32701
1051273,15,32716
1051521,15,32726
1051768,15,32705
1052016,15,32713
1052265,15,32736
1052509,15,32705
1052760,15,32716
1053006,15,32731
1053256,15,32727
1053504,15,32726
1053753,15,32710
1054001,15,32717
1054279,15,32713
1054527,15,32708
1054777,15,32734
1055022,15,32728
1055268,15,32714
1055522,15,32716
1055768,15,32721
1056015,15,32710
1056263,15,32706
1056510,15,32738
1056759,15,32725
1057008,15,32698
1057258,15,32700
1057501,15,32700
1057753,15,32709
1058029,15,32701
1058278,15,32697
1058527,15,32690
1058775,15,32690
1059020,15,32683
1059270,15,32679
1059517,15,32684
1059766,15,32687
1060014,15,32692
1060263,15,32684
1060509,15,32674
1060756,15,32679
1061006,15,32672
1061255,15,32672
1061503,15,32673
1061751,15,32665
1062029,15,32672
1062277,15,32698
1062523,15,32664
1062776,15,32668
1063020,15,32667
1063271,15,32670
1063516,15,32663
1063763,15,32663
1064012,15,32644
1064262,15,32658
1064508,15,32660
1064755,15,32661
1065006,15,32638
1065254,15,32661
1065501,15,32640
1065779,15,32661
1066029,15,32655
1066274,15,32644
1066525,15,32668
1066772,15,32667
1067020,15,32655
1067267,15,32670
1067515,15,32669
1067764,15,32673
1068013,15,32661
1068260,15,32676
1068506,15,32682
1068758,15,32693
1069007,15,32671
1069253,15,32674
1069499,15,32670
1069778,15,32661
1070026,15,32672
1070274,15,32672
1070525,15,32692
1070772,15,32680
1071017,15,32695
1071269,15,32698
1071514,15,32684
1071765,15,32697
1072010,15,32708
1072260,15,32686
1072507,15,32703
1072758,15,32706
1073003,15,32703
1073252,15,32717
1073532,15,32716
1073781,15,32707
1074027,15,32709
1074276,15,32721
1074521,15,32696
1074767,15,32726
1075017,15,32698
1075265,15,32727
1075515,15,32704
1075761,15,32728
1076010,15,32711
1076257,15,32727
1076505,15,32709
1076753,15,32743
1077001,15,32695
1077250,15,32717
1077533,15,32731
1077776,15,32718
1078025,15,32730
1078273,15,32710
1078520,15,32716
1078771,15,32717
1079017,15,32709
1079266,15,32721
1079512,15,32725
1079762,15,32720
1080009,15,32694
1080258,15,32722
1080501,15,32707
1080753,15,32714
1081002,15,32713
1081280,15,32703
1081528,15,32700
1081774,15,32680
1082025,15,32685
1082271,15,32691
1082522,15,32688
1082768,15,32688
1083016,15,32690
1083265,15,32702
1083513,15,32660
1083761,15,32703
1084007,15,32692
1084256,15,32669
1084503,15,32668
1084753,15,32677
1084997,15,32691
1085280,15,32690
1085530,15,32668
1085774,15,32676
1086023,15,32669
1086269,15,32670
1086519,15,32652
1086765,15,32669
1087016,15,32655
1087262,15,32658
1087509,15,32671
1087759,15,32653
1088009,15,32650
1088255,15,32663
1088503,15,32664
1088749,15,32664
1089031,15,32656
1089277,15,32659
1089526,15,32651
1089776,15,32657
1090022,15,32634
1090273,15,32651
1090519,15,32663
1090767,15,32660
1091011,15,32661
1091264,15,32679
1091507,15,32681
1091758,15,32659
1092006,15,32666
1092257,15,32670
1092501,15,32676
1092748,15,32673
1093027,15,32671
1093276,15,32691
1093526,15,32676
1093773,15,32689
1094021,15,32684
1094269,15,32686
1094518,15,32683
1094763,15,32689
1095014,15,32686
1095263,15,32696
1095509,15,32678
1095757,15,32693
1096005,15,32687
1096253,15,32710
1096501,15,32696
1096781,15,32698
1097024,15,32700
1097274,15,32699
1097523,15,32683
1097773,15,32715
1098021,15,32724
1098267,15,32718
1098518,15,32700
1098763,15,32718
1099011,15,32718
1099262,15,32708
1099507,15,32729
1099755,15,32735
1100003,15,32724
1100253,15,32728
1100499,15,32710
1100777,15,32727
1101028,15,32729
1101276,15,32703
1101523,15,32720
1101770,15,32728
1102018,15,32714
1102267,15,32712
1102515,15,32718
1102764,15,32713
1103011,15,32732
1103262,15,32708
1103507,15,32704
1103758,15,32709
1104003,15,32708
1104252,15,32713
1104530,15,32707
1104779,15,32700
1105027,15,32700
1105278,15,32707
1105523,15,32715
1105769,15,32701
1106019,15,32698
1106266,15,32708
1106514,15,32693
1106761,15,32689
1107013,15,32707
1107256,15,32680
1107508,15,32673
1107755,15,32688
1108002,15,32684
1108251,15,32671
1108529,15,32677
1108777,15,32673
1109026,15,32663
1109272,15,32665
1109522,15,32672
1109771,15,32673
1110018,15,32656
1110264,15,32661
1110514,15,32680
1110760,15,32666
1111010,15,32654
1111256,15,32657
1111506,15,32659
1111754,15,32687
1111999,15,32653
1112281,15,32658
1112527,15,32661
1112772,15,32670
1113025,15,32671
1113273,15,32658
1113519,15,32644
1113765,15,32647
1114013,15,32677
1114263,15,32638
1114511,15,32664
1114761,15,32668
1115007,15,32666
1115256,15,32660
1115506,15,32672
1115752,15,32668
1115998,15,32678
1116279,15,32684
1116526,15,32671
1116775,15,32677
1117019,15,32682
1117269,15,32683
1117516,15,32698
1117769,15,32673
1118015,15,32685
1118265,15,32695
1118509,15,32680
1118760,15,32683
1119009,15,32693
1119255,15,32668
1119501,15,32707
1119753,15,32695
1120029,15,32701
1120276,15,32720
1120527,15,32688
1120773,15,32697
1121023,15,32704
1121267,15,32712
1121519,15,32724
1121764,15,32727
1122014,15,32715
1122261,15,32703
1122510,15,32707
1122757,15,32719
1123006,15,32712
1123255,15,32710
1123502,15,32705
1123751,15,32713
1124031,15,32716
1124278,15,32713
1124526,15,32726
1124775,15,32712
1125021,15,32721
1125269,15,32710
1125518,15,32702
1125766,15,32703
1126014,15,32718
1126262,15,32698
1126509,15,32722
1126757,15,32728
1127005,15,32697
1127258,15,32698
1127499,15,32703
1127777,15,32713
1128028,15,32718
1128276,15,32722
1128524,15,32732
1128774,15,32676
1129021,15,32704
1129267,15,32719
1129514,15,32712
1129764,15,32684
1130011,15,32685
1130258,15,32696
1130507,15,32687
1130755,15,32689
1131004,15,32688
1131252,15,32701
1131500,15,32654
1131779,15,32683
1132026,15,32664
1132278,15,32681
1132522,15,32692
1132771,15,32674
1133019,15,32681
1133267,15,32670
1133517,15,32680
1133763,15,32686
1134011,15,32662
1134261,15,32684
1134507,15,32659
1134755,15,32671
1135003,15,32658
1135250,15,32692
1135529,15,32655
1135776,15,32667
1136025,15,32674
1136274,15,32669
1136522,15,32675
1136770,15,32669
1137017,15,32670
1137266,15,32648
1137515,15,32658
1137761,15,32649
1138010,15,32656
1138257,15,32640
1138507,15,32662
1138753,15,32678
1139001,15,32655
1139250,15,32662
1139528,15,32644
1139778,15,32655
1140024,15,32660
1140273,15,32693
1140521,15,32661
1140771,15,32682
1141016,15,32688
1141264,15,32672
1141512,15,32667
1141761,15,32672
1142012,15,32670
1142261,15,32680
1142504,15,32675
1142754,15,32690
1143002,15,32678
1143280,15,32679
1143528,15,32706
1143776,15,32706
1144026,15,32703
1144270,15,32693
1144518,15,32688
1144764,15,32699
1145015,15,32698
1145263,15,32694
1145513,15,32712
1145758,15,32703
1146006,15,32674
1146255,15,32687
1146505,15,32707
1146752,15,32716
1146999,15,32719
1147278,15,32695
1147524,15,32713
1147775,15,32721
1148024,15,32745
1148272,15,32713
1148520,15,32718
1148765,15,32719
1149014,15,32714
1149263,15,32708
1149510,15,32721
1149760,15,32718
1150010,15,32695
1150255,15,32708
1150504,15,32698
1150749,15,32707
1151032,15,32701
1151277,15,32707
1151525,15,32704
1151774,15,32700
1152021,15,32696
1152271,15,32702
1152518,15,32704
1152765,15,32710
1153012,15,32704
1153260,15,32694
1153510,15,32697
1153759,15,32689
1154007,15,32670
1154254,15,32702
1154503,15,32689
1154752,15,32713
1155028,15,32680
1155275,15,32671
1155521,15,32694
1155771,15,32672
1156023,15,32667
1156270,15,32673
1156515,15,32678
1156766,15,32666
1157012,15,32686
1157262,15,32670
1157508,15,32684
1157758,15,32671
1158006,15,32681
1158256,15,32663
1158500,15,32654
1158778,15,32653
1159028,15,32647
1159275,15,32662
1159521,15,32668
1159774,15,32653
1160022,15,32690
1160270,15,32673
1160516,15,32671
1160765,15,32674
1161014,15,32667
1161259,15,32679
1161507,15,32676
1161757,15,32660
1162003,15,32675
1162251,15,32660
1162500,15,32657
1162781,15,32669
1163026,15,32659
1163274,15,32669
1163522,15,32684
1163773,15,32684
1164018,15,32692
1164270,15,32658
1164515,15,32687
1164762,15,32687
1165011,15,32692
1165260,15,32675
1165509,15,32681
1165755,15,32668
1166003,15,32673
1166253,15,32666
1166529,15,32683
1166778,15,32678
1167030,15,32686
1167273,15,32687
1167522,15,32704
1167769,15,32678
1168018,15,32714
1168269,15,32718
1168515,15,32698
1168759,15,32700
1169010,15,32714
1169259,15,32691
1169505,15,32701
1169754,15,32713
1170003,15,32716
1170251,15,32686
1170530,15,32711
1170775,15,32724
1171026,15,32700
1171273,15,32719
1171522,15,32731
1171768,15,32706
1172017,15,32708
1172265,15,32704
1172512,15,32700
1172759,15,32703
1173012,15,32717
1173256,15,32718
1173505,15,32718
1173754,15,32701
1174000,15,32714
1174278,15,32709
1174530,15,32718
1174776,15,32716
1175025,15,32702
1175272,15,32701
1175522,15,32694
1175767,15,32702
1176017,15,32713
1176263,15,32683
1176513,15,32691
1176761,15,32702
1177008,15,32705
1177256,15,32709
1177503,15,32687
1177749,15,32690
1178000,15,32680
1178277,15,32694
1178528,15,32675
1178775,15,32702
1179024,15,32691
1179272,15,32683
1179520,15,32676
1179768,15,32687
1180014,15,32677
1180266,15,32696
1180511,15,32688
1180759,15,32682
1181005,15,32689
1181256,15,32661
1181501,15,32683
1181749,15,32670
1182029,15,32680
1182279,15,32664
1182527,15,32681
1182776,15,32671
1183022,15,32683
1183268,15,32684
1183515,15,32680
1183768,15,32648
1184013,15,32673
1184262,15,32659
1184512,15,32664
1184756,15,32662
1185006,15,32667
1185253,15,32683
1185500,15,32686
1185748,15,32662
1186030,15,32671
1186277,15,32670
1186521,15,32667
1186774,15,32675
1187019,15,32678
1187270,15,32645
1187518,15,32672
1187767,15,32691
1188010,15,32680
1188260,15,32680
1188511,15,32688
1188758,15,32685
1189005,15,32701
1189253,15,32686
1189500,15,32686
1189781,15,32679
1190027,15,32700
1190274,15,32694
1190524,15,32697
1190773,15,32702
1191020,15,32665
1191269,15,32705
1191518,15,32681
1191763,15,32699
1192012,15,32689
1192260,15,32697
1192507,15,32692
1192754,15,32684
1193004,15,32714
1193252,15,32694
1193499,15,32681
1193777,15,32703
1194029,15,32701
1194273,15,32709
1194525,15,32717
1194771,15,32715
1195017,15,32716
1195267,15,32700
1195515,15,32726
1195761,15,32717
1196008,15,32716
1196257,15,32716
1196507,15,32718
1196756,15,32731
1197004,15,32688
1197254,15,32711
1197529,15,32695
1197779,15,32691
1198027,15,32720
1198272,15,32716
1198523,15,32698
1198770,15,32716
1199018,15,32702
1199267,15,32689
1199511,15,32706
1199763,15,32683
1200007,15,32684
1200258,15,32706
1200506,15,32699
1200754,15,32705
1201003,15,32711
1201250,15,32697
1201527,15,32683
1201777,15,32681
1202026,15,32679
1202273,15,32709
1202522,15,32690
1202769,15,32703
1203017,15,32680
1203265,15,32694
1203513,15,32688
1203763,15,32684
1204010,15,32671
1204256,15,32660
1204505,15,32685
1204751,15,32682
1205001,15,32684
1205279,15,32670
1205528,15,32664
1205775,15,32677
1206023,15,32663
1206272,15,32671
1206520,15,32680
1206769,15,32664
1207013,15,32665
1207263,15,32670
1207512,15,32663
1207761,15,32671
1208007,15,32686
1208257,15,32671
1208502,15,32676
1208753,15,32665
1209001,15,32651
1209279,15,32685
1209527,15,32667
1209775,15,32659
1210024,15,32671
1210272,15,32657
1210517,15,32678
1210768,15,32681
1211015,15,32676
1211265,15,32668
1211508,15,32674
1211758,15,32677
1212007,15,32686
1212255,15,32665
1212503,15,32685
1212752,15,32696
1213031,15,32682
1213280,15,32672
1213525,15,32678
1213778,15,32678
1214022,15,32657
1214271,15,32671
1214518,15,32702
1214766,15,32693
1215014,15,32715
1215264,15,32701
1215508,15,32697
1215757,15,32673
1216006,15,32683
1216254,15,32699
1216505,15,32705
1216752,15,32704
1217031,15,32703
1217278,15,32710
1217526,15,32724
1217774,15,32688
1218019,15,32714
1218269,15,32693
1218518,15,32707
1218765,15,32685
1219013,15,32714
1219258,15,32704
1219505,15,32700
1219756,15,32717
1220006,15,32699
1220251,15,32707
1220500,15,32702
1220783,15,32693
1221029,15,32713
1221276,15,32713
1221522,15,32695
1221773,15,32701
1222020,15,32701
1222267,15,32702
1222517,15,32709
1222762,15,32704
1223011,15,32722
1223259,15,32704
1223508,15,32701
1223756,15,32694
1224006,15,32696
1224249,15,32693
1224496,15,32698
1224779,15,32683
1225025,15,32673
1225277,15,32692
1225523,15,32690
1225771,15,32694
1226020,15,32684
1226265,15,32697
1226513,15,32703
1226762,15,32676
1227012,15,32689
1227257,15,32692
1227510,15,32673
1227756,15,32669
1228005,15,32676
1228251,15,32671
1228530,15,32683
1228779,15,32675
1229024,15,32668
1229274,15,32679
1229524,15,32674
1229769,15,32662
1230017,15,32682
1230265,15,32683
1230515,15,32646
1230764,15,32676
1231009,15,32677
1231258,15,32674
1231505,15,32683
1231752,15,32670
1232005,15,32682
1232250,15,32689
1232529,15,32665
1232776,15,32694
1233025,15,32665
1233274,15,32670
1233521,15,32681
1233769,15,32689
1234017,15,32675
1234265,15,32661
1234512,15,32664
1234757,15,32670
1235011,15,32664
1235258,15,32650
1235504,15,32687
1235753,15,32681
1236001,15,32675
1236279,15,32700
1236528,15,32686
1236774,15,32677
1237023,15,32670
1237272,15,32684
1237519,15,32697
1237767,15,32685
1238017,15,32686
1238266,15,32692
1238513,15,32695
1238760,15,32690
1239009,15,32696
1239257,15,32685
1239502,15,32706
1239753,15,32717
1239997,15,32676
1240281,15,32699
1240527,15,32693
1240773,15,32691
1241027,15,32704
1241267,15,32711
1241516,15,32697
1241767,15,32701
1242015,15,32705
1242264,15,32721
1242511,15,32701
1242758,15,32710
1243008,15,32700
1243254,15,32713
1243504,15,32720
1243753,15,32714
1244029,15,32701
1244277,15,32702
1244526,15,32687
1244775,15,32716
1245021,15,32722
1245271,15,32698
1245515,15,32723
1245766,15,32725
1246013,15,32712
1246260,15,32710
1246509,15,32709
1246756,15,32695
1247006,15,32702
1247254,15,32695
1247500,15,32712
1247751,15,32693
1248027,15,32707
1248277,15,32689
1248525,15,32697
1248775,15,32703
1249021,15,32700
1249270,15,32719
1249520,15,32703
1249766,15,32691
1250013,15,32680
1250262,15,32688
1250509,15,32673
1250759,15,32695
1251003,15,32691
1251253,15,32687
1251504,15,32686
1251778,15,32677
1252029,15,32677
1252278,15,32685
1252522,15,32677
1252774,15,32683
1253016,15,32671
1253266,15,32682
1253516,15,32654
1253763,15,32680
1254013,15,32686
1254259,15,32681
1254509,15,32666
1254758,15,32679
1255004,15,32671
1255253,15,32679
1255499,15,32681
1255779,15,32699
1256026,15,32674
1256276,15,32669
1256523,15,32666
1256770,15,32680
1257019,15,32645
1257266,15,32672
1257518,15,32652
1257766,15,32654
1258011,15,32691
1258260,15,32676
1258509,15,32688
1258756,15,32680
1259002,15,32663
1259252,15,32675
1259530,15,32688
1259778,15,32682
1260024,15,32688
1260275,15,32700
1260522,15,32664
1260769,15,32681
1261020,15,32675
1261267,15,32678
1261514,15,32670
1261763,15,32692
1262010,15,32696
1262259,15,32686
1262505,15,32706
1262755,15,32693
1263002,15,32707
1263249,15,32702
1263528,15,32702
1263778,15,32675
1264025,15,32692
1264273,15,32721
1264519,15,32701
1264768,15,32703
1265015,15,32702
1265262,15,32707
1265513,15,32711
1265756,15,32681
1266010,15,32712
1266257,15,32724
1266503,15,32710
1266754,15,32705
1267002,15,32714
1267279,15,32697
1267528,15,32689
1267776,15,32704
1268025,15,32701
1268272,15,32702
1268520,15,32709
1268768,15,32695
1269017,15,32706
1269264,15,32703
1269511,15,32705
1269761,15,32699
1270008,15,32698
1270255,15,32721
1270506,15,32704
1270752,15,32710
1271004,15,32682
1271280,15,32676
1271526,15,32707
1271774,15,32692
1272020,15,32705
1272272,15,32710
1272521,15,32706
1272766,15,32705
1273015,15,32684
1273261,15,32702
1273509,15,32674
1273756,15,32687
1274008,15,32683
1274253,15,32692
1274503,15,32693
1274752,15,32682
1275029,15,32682
1275276,15,32693
1275523,15,32689
1275774,15,32684
1276023,15,32685
1276269,15,32686
1276518,15,32674
1276767,15,32665
1277017,15,32663
1277262,15,32687
1277510,15,32657
1277758,15,32683
1278006,15,32673
1278254,15,32688
1278501,15,32680
1278752,15,32675
1279031,15,32662
1279278,15,32660
1279523,15,32677
1279773,15,32675
1280021,15,32674
1280270,15,32650
1280519,15,32663
1280766,15,32676
1281014,15,32686
1281261,15,32680
1281507,15,32681
1281756,15,32674
1282005,15,32681
1282255,15,32642
1282499,15,32670
1282780,15,32686
1283028,15,32677
1283276,15,32659
1283519,15,32689
1283774,15,32674
1284020,15,32684
1284267,15,32680
1284517,15,32701
1284765,15,32672
1285009,15,32683
1285257,15,32695
1285507,15,32677
1285757,15,32675
1286004,15,32686
1286252,15,32697
1286502,15,32694
1286778,15,32706
1287027,15,32684
1287276,15,32699
1287520,15,32684
1287771,15,32706
1288018,15,32701
1288269,15,32685
1288515,15,32706
1288763,15,32698
1289013,15,32711
1289257,15,32722
1289507,15,32720
1289755,15,32708
1290003,15,32715
1290250,15,32705
1290529,15,32712
1290778,15,32691
1291024,15,32719
1291275,15,32708
1291519,15,32709
1291771,15,32711
1292017,15,32705
1292265,15,32699
1292514,15,32711
1292761,15,32696
1293011,15,32689
1293257,15,32715
1293505,15,32705
1293754,15,32672
1294002,15,32700
1294251,15,32704
1294530,15,32694
1294777,15,32703
1295024,15,32691
1295274,15,32692
1295522,15,32695
1295770,15,32685
1296016,15,32695
1296267,15,32696
1296514,15,32681
1296765,15,32698
1297009,15,32700
1297258,15,32699
1297504,15,32706
1297755,15,32692
1298000,15,32667
1298282,15,32692
1298530,15,32681
1298777,15,32688
1299024,15,32690
1299274,15,32678
1299521,15,32682
1299768,15,32688
1300015,15,32662
1300262,15,32675
1300510,15,32680
1300761,15,32673
1301006,15,32678
1301256,15,32669
1301504,15,32671
1301753,15,32679
1302000,15,32670
1302277,15,32676
1302527,15,32683
1302776,15,32674
1303022,15,32672
1303266,15,32662
1303517,15,32679
1303767,15,32675
1304015,15,32674
1304261,15,32679
1304512,15,32660
1304759,15,32666
1305006,15,32691
1305255,15,32692
1305500,15,32658
1305751,15,32691
1306030,15,32663
1306277,15,32655
1306526,15,32684
1306773,15,32690
1307025,15,32672
1307271,15,32678
1307516,15,32682
1307766,15,32691
1308015,15,32688
1308263,15,32662
1308510,15,32686
1308758,15,32706
1309008,15,32689
1309252,15,32700
1309502,15,32693
1309747,15,32679
1310029,15,32699
1310278,15,32697
1310525,15,32703
1310771,15,32707
1311025,15,32696
1311270,15,32702
1311517,15,32716
1311762,15,32688
1312013,15,32699
1312261,15,32703
1312509,15,32696
1312760,15,32704
1313004,15,32685
1313253,15,32685
1313503,15,32687
1313780,15,32702
1314029,15,32721
1314278,15,32708
1314523,15,32701
1314772,15,32678
1315021,15,32703
1315271,15,32722
1315516,15,32703
1315762,15,32699
1316013,15,32703
1316261,15,32721
1316507,15,32715
1316758,15,32726
1317003,15,32685
1317253,15,32709
1317501,15,32707
1317779,15,32719
1318027,15,32684
1318277,15,32683
1318522,15,32704
1318773,15,32697
1319020,15,32704
1319266,15,32699
1319515,15,32678
1319765,15,32707
1320010,15,32695
1320259,15,32678
1320504,15,32676
1320756,15,32697
1321004,15,32690
1321251,15,32692
1321529,15,32711
1321775,15,32690
1322026,15,32681
1322274,15,32687
1322522,15,32689
1322772,15,32681
1323018,15,32686
1323263,15,32685
1323516,15,32671
1323765,15,32704
1324011,15,32679
1324259,15,32692
1324505,15,32665
1324753,15,32659
1325001,15,32662
1325251,15,32688
1325527,15,32686
1325776,15,32674
1326025,15,32687
1326271,15,32674
1326521,15,32705
1326770,15,32685
1327016,15,32663
1327264,15,32688
1327513,15,32665
1327762,15,32659
1328011,15,32671
1328259,15,32679
1328506,15,32669
1328754,15,32685
1329003,15,32679
1329282,15,32671
1329526,15,32664
1329777,15,32689
1330025,15,32688
1330273,15,32666
1330520,15,32672
1330770,15,32690
1331017,15,32680
1331264,15,32669
1331511,15,32683
1331758,15,32704
1332008,15,32663
1332255,15,32704
1332504,15,32686
1332749,15,32681
1333000,15,32679
1333278,15,32682
1333525,15,32674
1333775,15,32691
1334024,15,32676
1334273,15,32711
1334522,15,32709
1334765,15,32672
1335016,15,32701
1335263,15,32711
1335509,15,32707
1335757,15,32706
1336004,15,32703
1336258,15,32699
1336505,15,32699
1336749,15,32695
1337029,15,32702
1337278,15,32709
1337523,15,32689
1337773,15,32684
1338021,15,32693
1338272,15,32712
1338515,15,32704
1338766,15,32704
1339012,15,32710
1339264,15,32724
1339510,15,32703
1339757,15,32705
1340004,15,32697
1340257,15,32697
1340501,15,32698
1340751,15,32681
1341028,15,32702
1341278,15,32684
1341527,15,32691
1341773,15,32695
1342021,15,32706
1342270,15,32683
1342516,15,32698
1342766,15,32706
1343015,15,32700
1343263,15,32694
1343512,15,32719
1343759,15,32706
1344004,15,32695
1344253,15,32684
1344504,15,32685
1344782,15,32676
1345029,15,32690
1345274,15,32714
1345523,15,32673
1345771,15,32702
1346021,15,32681
1346270,15,32679
1346517,15,32703
1346763,15,32691
1347009,15,32674
1347257,15,32683
1347506,15,32675
1347754,15,32681
1348005,15,32670
1348253,15,32698
1348501,15,32692
1348781,15,32692
1349028,15,32680
1349276,15,32701
1349523,15,32670
1349771,15,32670
1350018,15,32681
1350268,15,32676
1350515,15,32657
1350761,15,32669
1351011,15,32672
1351258,15,32670
1351508,15,32677
1351754,15,32656
1352005,15,32657
1352251,15,32691
1352530,15,32665
1352777,15,32673
1353027,15,32657
1353275,15,32668
1353524,15,32692
1353773,15,32701
1354019,15,32681
1354268,15,32672
1354512,15,32708
1354764,15,32686
1355009,15,32665
1355261,15,32678
1355505,15,32676
1355750,15,32688
1356004,15,32673
1356249,15,32693
1356528,15,32673
1356778,15,32692
1357024,15,32677
1357274,15,32696
1357519,15,32705
1357768,15,32697
1358018,15,32688
1358266,15,32669
1358512,15,32685
1358762,15,32712
1359009,15,32698
1359257,15,32698
1359503,15,32702
1359751,15,32710
1360003,15,32689
1360279,15,32684
1360529,15,32692
1360775,15,32710
1361025,15,32718
1361273,15,32692
1361520,15,32698
1361768,15,32689
1362017,15,32701
1362264,15,32701
1362512,15,32702
1362759,15,32699
1363005,15,32687
1363255,15,32690
1363504,15,32718
1363752,15,32696
1363998,15,32698
1364279,15,32708
1364526,15,32698
1364776,15,32709
1365024,15,32693
1365272,15,32709
1365519,15,32713
1365768,15,32694
1366018,15,32705
1366265,15,32698
1366510,15,32690
1366760,15,32690
1367008,15,32705
1367256,15,32699
1367502,15,32698
1367751,15,32708
1368031,15,32682
1368276,15,32680
1368525,15,32710
1368776,15,32698
1369023,15,32709
1369269,15,32690
1369517,15,32692
1369768,15,32684
1370013,15,32702
1370260,15,32686
1370509,15,32688
1370755,15,32672
1371005,15,32679
1371253,15,32675
1371503,15,32708
1371749,15,32684
1372027,15,32690
1372276,15,32668
1372528,15,32654
1372775,15,32665
1373022,15,32667
1373269,15,32676
1373520,15,32655
1373768,15,32664
1374011,15,32686
1374260,15,32677
1374509,15,32675
1374755,15,32684
1375007,15,32680
1375253,15,32690
1375502,15,32684
1375779,15,32679
1376027,15,32686
1376276,15,32693
1376524,15,32663
1376771,15,32671
1377020,15,32677
1377268,15,32664
1377516,15,32659
1377764,15,32706
1378010,15,32693
1378259,15,32679
1378509,15,32672
1378756,15,32666
1379004,15,32680
1379251,15,32681
1379503,15,32680
1379780,15,32693
1380024,15,32702
1380275,15,32675
1380525,15,32700
1380771,15,32681
1381017,15,32690
1381269,15,32695
1381518,15,32676
1381763,15,32686
1382009,15,32693
1382258,15,32691
1382509,15,32681
1382753,15,32691
1383002,15,32707
1383250,15,32689
1383527,15,32696
1383777,15,32694
1384029,15,32695
1384272,15,32710
1384520,15,32711
1384768,15,32710
1385015,15,32696
1385267,15,32695
1385515,15,32689
1385762,15,32711
1386010,15,32681
1386255,15,32730
1386507,15,32687
1386752,15,32698
1387003,15,32695
1387251,15,32710
1387530,15,32698
1387777,15,32683
1388027,15,32702
1388271,15,32713
1388519,15,32701
1388769,15,32699
1389015,15,32704
1389266,15,32685
1389512,15,32692
1389761,15,32683
1390010,15,32680
1390257,15,32684
1390504,15,32699
1390751,15,32702
1391004,15,32712
1391282,15,32684
1391527,15,32715
1391776,15,32702
1392024,15,32692
1392269,15,32689
1392521,15,32690
1392771,15,32694
1393017,15,32691
1393263,15,32685
1393510,15,32700
1393761,15,32707
1394007,15,32673
1394256,15,32680
1394504,15,32685
1394754,15,32666
1395001,15,32688
1395280,15,32701
1395526,15,32688
1395776,15,32689
1396024,15,32688
1396272,15,32663
1396517,15,32664
1396769,15,32666
1397014,15,32705
1397267,15,32657
1397513,15,32693
1397758,15,32658
1398005,15,32686
1398254,15,32674
1398507,15,32664
1398753,15,32679
1399031,15,32678
1399278,15,32686
1399526,15,32685
1399774,15,32686
1400021,15,32686
1400269,15,32690
1400520,15,32686
1400766,15,32669
1401015,15,32692
1401264,15,32692
1401512,15,32687
1401757,15,32681
1402007,15,32688
1402252,15,32697
1402501,15,32657
1402752,15,32712
1403030,15,32684
1403277,15,32705
1403522,15,32678
1403775,15,32675
1404022,15,32692
1404272,15,32702
1404516,15,32683
1404766,15,32691
1405013,15,32708
1405260,15,32687
1405509,15,32681
1405754,15,32696
1406006,15,32679
1406252,15,32702
1406499,15,32705
1406780,15,32701
1407027,15,32708
1407277,15,32688
1407524,15,32693
1407774,15,32705
1408021,15,32672
1408266,15,32706
1408518,15,32696
1408763,15,32709
1409012,15,32693
1409259,15,32686
1409507,15,32679
1409758,15,32719
1410003,15,32689
1410252,15,32717
1410501,15,32720
1410778,15,32692
1411029,15,32698
1411274,15,32694
1411525,15,32700
1411773,15,32702
1412017,15,32708
1412270,15,32699
1412514,15,32726
1412765,15,32682
1413008,15,32708
1413260,15,32683
1413506,15,32714
1413756,15,32709
1414003,15,32702
1414251,15,32700
1414530,15,32695
1414776,15,32689
1415025,15,32696
1415275,15,32688
1415521,15,32690
1415772,15,32697
1416018,15,32680
1416269,15,32691
1416512,15,32696
1416763,15,32678
1417011,15,32666
1417258,15,32682
1417506,15,32696
1417755,15,32696
1418001,15,32671
1418248,15,32703
1418528,15,32676
1418776,15,32684
1419027,15,32696
1419273,15,32666
1419523,15,32694
1419768,15,32667
1420018,15,32682
1420267,15,32684
1420514,15,32678
1420762,15,32691
1421010,15,32705
1421259,15,32668
1421505,15,32673
1421753,15,32686
1422001,15,32690
1422278,15,32645
1422530,15,32673
1422775,15,32670
1423026,15,32674
1423272,15,32689
1423520,15,32672
1423766,15,32692
1424014,15,32676
1424263,15,32673
1424511,15,32676
1424761,15,32687
1425008,15,32679
1425256,15,32683
1425505,15,32670
1425753,15,32691
1426002,15,32676
1426278,15,32671
1426527,15,32682
1426772,15,32674
1427023,15,32680
1427273,15,32686
1427521,15,32692
1427767,15,32675
1428014,15,32697
1428264,15,32679
1428510,15,32685
1428763,15,32687
1429006,15,32688
1429255,15,32679
1429503,15,32682
1429749,15,32703
1430030,15,32685
1430279,15,32699
1430526,15,32684
1430773,15,32708
1431021,15,32705
1431269,15,32694
1431517,15,32692
1431765,15,32704
1432017,15,32715
1432261,15,32701
1432508,15,32700
1432758,15,32698
1433007,15,32697
1433253,15,32700
1433502,15,32687
1433748,15,32701
1434029,15,32699
1434276,15,32699
1434525,15,32698
1434775,15,32708
1435020,15,32687
1435269,15,32689
1435516,15,32674
1435765,15,32701
1436014,15,32718
1436260,15,32692
1436509,15,32718
1436755,15,32691
1437004,15,32691
1437251,15,32685
1437500,15,32682
1437781,15,32686
1438028,15,32692
1438276,15,32707
1438525,15,32703
1438774,15,32690
1439020,15,32715
1439268,15,32695
1439515,15,32692
1439764,15,32675
1440010,15,32700
1440259,15,32695
1440509,15,32683
1440757,15,32700
1441003,15,32690
1441251,15,32670
1441498,15,32696
1441776,15,32688
1442029,15,32685
1442275,15,32683
1442523,15,32691
1442772,15,32677
1443020,15,32683
1443267,15,32677
1443518,15,32681
1443762,15,32671
1444009,15,32681
1444258,15,32672
1444508,15,32672
1444758,15,32684
1445005,15,32677
1445249,15,32684
1445530,15,32700
1445778,15,32670
1446028,15,32685
1446270,15,32686
1446522,15,32671
1446771,15,32691
1447017,15,32687
1447266,15,32679
1447513,15,32685
1447762,15,32674
1448011,15,32683
1448258,15,32698
1448508,15,32664
1448754,15,32702
1449004,15,32679
1449250,15,32671
1449529,15,32689
1449775,15,32665
1450027,15,32677
1450272,15,32673
1450520,15,32681
1450769,15,32682
1451016,15,32668
1451264,15,32708
1451515,15,32691
1451762,15,32702
1452006,15,32687
1452258,15,32699
1452503,15,32685
1452752,15,32698
1453000,15,32683
1453279,15,32687
1453528,15,32703
1453774,15,32689
1454025,15,32692
1454270,15,32703
1454516,15,32687
1454771,15,32696
1455016,15,32686
1455267,15,32684
1455512,15,32678
1455759,15,32711
1456009,15,32691
1456254,15,32694
1456505,15,32678
1456752,15,32709
1457001,15,32699
1457278,15,32703
1457527,15,32690
1457776,15,32691
1458022,15,32688
1458271,15,32687
1458518,15,32701
1458768,15,32687
1459015,15,32687
1459262,15,32674
1459511,15,32680
1459758,15,32686
1460007,15,32692
1460255,15,32697
1460501,15,32695
1460751,15,32698
1461031,15,32684
1461277,15,32696
1461524,15,32712
1461774,15,32699
1462024,15,32700
1462271,15,32694
1462517,15,32700
1462767,15,32694
1463013,15,32698
1463263,15,32677
1463510,15,32704
1463758,15,32689
1464008,15,32694
1464251,15,32695
1464501,15,32672
1464747,15,32688
1465025,15,32703
1465278,15,32709
1465526,15,32686
1465774,15,32674
1466020,15,32676
1466270,15,32700
1466516,15,32677
1466766,15,32671
1467012,15,32691
1467260,15,32669
1467506,15,32680
1467757,15,32681
1468006,15,32692
1468254,15,32670
1468502,15,32672
1468781,15,32676
1469026,15,32681
1469278,15,32675
1469527,15,32680
1469771,15,32681
1470019,15,32683
1470269,15,32691
1470518,15,32675
1470767,15,32679
1471015,15,32674
1471259,15,32672
1471507,15,32674
1471758,15,32672
1472004,15,32678
1472250,15,32692
1472502,15,32676
1472780,15,32688
1473025,15,32672
1473275,15,32668
1473527,15,32675
1473769,15,32692
1474018,15,32689
1474271,15,32691
1474515,15,32686
1474764,15,32666
1475009,15,32672
1475257,15,32660
1475506,15,32684
1475754,15,32687
1476006,15,32684
1476251,15,32678
1476529,15,32691
1476779,15,32706
1477027,15,32706
1477274,15,32674
1477524,15,32705
1477771,15,32686
1478017,15,32682
1478265,15,32689
1478515,15,32697
1478762,15,32690
1479006,15,32705
1479257,15,32684
1479505,15,32688
1479755,15,32696
1480004,15,32704
1480251,15,32690
1480528,15,32690
1480778,15,32680
1481025,15,32692
1481272,15,32711
1481520,15,32693
1481768,15,32687
1482018,15,32711
1482266,15,32704
1482515,15,32711
1482758,15,32683
1483008,15,32685
1483258,15,32698
1483504,15,32705
1483753,15,32701
1484000,15,32700
1484280,15,32704
1484528,15,32707
1484774,15,32707
1485021,15,32682
1485272,15,32687
1485521,15,32702
1485768,15,32691
1486017,15,32699
1486266,15,32701
1486511,15,32701
1486762,15,32681
1487007,15,32689
1487258,15,32685
1487502,15,32721
1487752,15,32712
1488003,15,32706
1488281,15,32689
1488528,15,32668
1488775,15,32687
1489025,15,32684
1489272,15,32681
1489520,15,32694
1489767,15,32689
1490019,15,32670
1490263,15,32683
1490507,15,32685
1490761,15,32691
1491008,15,32680
1491255,15,32681
1491503,15,32680
1491751,15,32682
1492030,15,32690
1492281,15,32676
1492526,15,32674
1492772,15,32697
1493023,15,32680
1493268,15,32689
1493516,15,32663
1493765,15,32698
1494015,15,32674
1494263,15,32678
1494508,15,32684
1494758,15,32673
1495006,15,32646
1495254,15,32670
1495505,15,32685
1495749,15,32675
1496031,15,32689
1496275,15,32683
1496528,15,32684
1496771,15,32690
1497019,15,32699
1497268,15,32688
1497519,15,32672
1497764,15,32695
1498014,15,32679
1498262,15,32687
1498507,15,32683
1498757,15,32669
1499005,15,32694
1499253,15,32679
1499500,15,32678
1499781,15,32696
1500027,15,32707
1500273,15,32696
1500524,15,32697
1500774,15,32707
1501019,15,32687
1501270,15,32682
1501516,15,32688
1501765,15,32691
1502012,15,32701
1502258,15,32710
1502511,15,32704
1502754,15,32686
1503006,15,32708
1503251,15,32708
1503498,15,32678
1503779,15,32696
1504029,15,32690
1504274,15,32686
1504521,15,32694
1504770,15,32687
1505016,15,32699
1505266,15,32681
1505516,15,32680
1505763,15,32693
1506011,15,32695
1506257,15,32684
1506506,15,32682
1506757,15,32692
1507004,15,32707
1507251,15,32686
1507529,15,32717
1507779,15,32687
1508026,15,32706
1508274,15,32695
1508522,15,32672
1508772,15,32699
1509016,15,32705
1509264,15,32702
1509517,15,32676
1509763,15,32670
1510011,15,32691
1510260,15,32686
1510505,15,32697
1510754,15,32683
1511003,15,32690
1511249,15,32668
1511532,15,32707
1511779,15,32707
1512024,15,32705
1512274,15,32686
1512521,15,32673
1512769,15,32680
1513015,15,32697
1513263,15,32694
1513512,15,32678
1513761,15,32698
1514013,15,32674
1514257,15,32709
1514506,15,32676
1514752,15,32680
1515001,15,32675
1515282,15,32680
1515528,15,32669
1515773,15,32655
1516024,15,32681
1516273,15,32676
1516520,15,32661
1516770,15,32676
1517019,15,32687
1517264,15,32695
1517507,15,32697
1517760,15,32674
1518007,15,32702
1518254,15,32688
1518504,15,32683
1518752,15,32679
1519000,15,32687
1519281,15,32672
1519527,15,32677
1519777,15,32689
1520024,15,32675
1520271,15,32685
1520517,15,32671
1520767,15,32695
1521016,15,32698
1521266,15,32684
1521513,15,32668
1521760,15,32676
1522007,15,32687
1522253,15,32674
1522502,15,32681
1522753,15,32707
1523031,15,32702
1523278,15,32685
1523526,15,32672
1523774,15,32704
1524023,15,32694
1524273,15,32684
1524515,15,32680
1524768,15,32685
1525009,15,32704
1525262,15,32691
1525509,15,32705
1525758,15,32688
1526007,15,32679
1526254,15,32684
1526501,15,32692
1526752,15,32709
1527028,15,32693
1527275,15,32702
1527526,15,32696
1527772,15,32697
1528019,15,32714
1528268,15,32705
1528513,15,32707
1528767,15,32692
1529011,15,32721
1529261,15,32683
1529511,15,32695
1529755,15,32695
1530004,15,32684
1530256,15,32687
1530503,15,32691
1530781,15,32695
1531027,15,32699
1531276,15,32711
1531525,15,32698
1531772,15,32698
1532020,15,32703
1532271,15,32693
1532513,15,32697
1532765,15,32720
1533010,15,32690
1533261,15,32691
1533508,15,32695
1533757,15,32696
1534004,15,32698
1534252,15,32694
1534499,15,32699
1534780,15,32673
1535027,15,32688
1535277,15,32692
1535524,15,32681
1535769,15,32703
1536019,15,32683
1536267,15,32667
1536515,15,32688
1536761,15,32674
1537009,15,32698
1537259,15,32684
1537506,15,32688
1537753,15,32688
1538002,15,32691
1538251,15,32684
1538529,15,32669
1538779,15,32690
1539027,15,32706
1539273,15,32686
1539522,15,32683
1539770,15,32687
1540019,15,32669
1540265,15,32682
1540514,15,32675
1540760,15,32675
1541009,15,32685
1541256,15,32668
1541508,15,32682
1541752,15,32681
1542000,15,32655
1542249,15,32698
1542528,15,32697
1542776,15,32688
1543025,15,32681
1543274,15,32677
1543523,15,32694
1543770,15,32672
1544020,15,32686
1544266,15,32695
1544512,15,32708
1544759,15,32668
1545009,15,32678
1545257,15,32672
1545506,15,32679
1545753,15,32684
1546002,15,32684
1546279,15,32681
1546527,15,32674
1546780,15,32703
1547026,15,32708
1547272,15,32686
1547520,15,32702
1547766,15,32664
1548014,15,32684
1548265,15,32681
1548513,15,32680
1548759,15,32666
1549008,15,32701
1549255,15,32686
1549505,15,32697
1549753,15,32691
1550000,15,32702
1550279,15,32685
1550529,15,32685
1550776,15,32687
1551022,15,32695
1551273,15,32702
1551516,15,32690
1551767,15,32702
1552017,15,32684
1552261,15,32710
1552513,15,32694
1552759,15,32693
1553007,15,32686
1553255,15,32701
1553501,15,32711
1553749,15,32694
1554028,15,32703
1554277,15,32707
1554528,15,32689
1554770,15,32712
1555021,15,32687
1555273,15,32701
1555520,15,32691
1555766,15,32690
1556013,15,32685
1556262,15,32686
1556513,15,32702
1556757,15,32694
1557005,15,32680
1557256,15,32706
1557501,15,32713
1557750,15,32692
1558028,15,32699
1558276,15,32690
1558523,15,32697
1558771,15,32693
1559023,15,32711
1559269,15,32685
1559519,15,32691
1559767,15,32685
1560015,15,32694
1560262,15,32684
1560509,15,32695
1560756,15,32671
1561005,15,32684
1561252,15,32702
1561499,15,32677
1561780,15,32676
1562030,15,32689
1562277,15,32678
1562525,15,32683
1562772,15,32686
1563019,15,32684
1563267,15,32679
1563514,15,32709
1563767,15,32660
1564012,15,32707
1564261,15,32686
1564509,15,32686
1564755,15,32695
1565005,15,32693
1565254,15,32680
1565497,15,32689
1565781,15,32680
1566028,15,32686
1566273,15,32702
1566522,15,32673
1566769,15,32667
1567021,15,32684
1567268,15,32663
1567516,15,32690
1567761,15,32687
1568013,15,32690
1568258,15,32689
1568509,15,32670
1568755,15,32697
1569000,15,32681
1569252,15,32691
1569531,15,32674
1569781,15,32690
1570026,15,32691
1570275,15,32692
1570521,15,32698
1570770,15,32684
1571016,15,32678
1571267,15,32691
1571514,15,32703
1571760,15,32694
1572008,15,32668
1572258,15,32691
1572505,15,32698
1572753,15,32681
1573004,15,32689
1573252,15,32695
1573530,15,32689
1573777,15,32681
1574023,15,32685
1574270,15,32696
1574522,15,32710
1574768,15,32698
1575017,15,32710
1575261,15,32690
1575513,15,32664
1575762,15,32705
1576010,15,32664
1576257,15,32693
1576503,15,32702
1576752,15,32690
1577000,15,32699
1577279,15,32712
1577527,15,32710
1577778,15,32694
1578026,15,32700
1578271,15,32691
1578521,15,32684
1578765,15,32685
1579015,15,32712
1579263,15,32681
1579511,15,32697
1579759,15,32697
1580008,15,32702
1580256,15,32667
1580505,15,32704
1580754,15,32703
1581001,15,32699
1581277,15,32677
1581526,15,32685
1581776,15,32699
1582022,15,32685
1582273,15,32684
1582518,15,32685
1582765,15,32686
1583015,15,32678
1583260,15,32683
1583512,15,32684
1583759,15,32674
1584006,15,32681
1584257,15,32676
1584504,15,32690
1584750,15,32675
1585030,15,32670
1585278,15,32684
1585526,15,32685
1585777,15,32667
1586020,15,32683
1586270,15,32695
1586518,15,32674
1586767,15,32678
1587016,15,32685
1587263,15,32674
1587509,15,32687
1587755,15,32678
1588005,15,32685
1588254,15,32678
1588502,15,32670
1588748,15,32660
1589028,15,32678
1589276,15,32687
1589526,15,32677
1589773,15,32696
1590024,15,32672
1590268,15,32675
1590517,15,32703
1590764,15,32679
1591014,15,32694
1591261,15,32682
1591508,15,32704
1591756,15,32697
1592008,15,32699
1592253,15,32692
1592503,15,32656
1592781,15,32696
1593027,15,32662
1593276,15,32683
1593524,15,32687
1593771,15,32696
1594018,15,32683
1594269,15,32686
1594515,15,32680
1594761,15,32689
1595011,15,32692
1595261,15,32690
1595511,15,32695
1595754,15,32709
1596004,15,32698
1596251,15,32690
1596501,15,32666
1596782,15,32700
1597026,15,32690
1597273,15,32681
1597523,15,32680
1597770,15,32682
1598018,15,32698
1598268,15,32689
1598515,15,32691
1598765,15,32673
1599012,15,32677
1599261,15,32701
1599508,15,32672
1599754,15,32720
1600004,15,32702
1600254,15,32689
1600528,15,32692
1600776,15,32678
1601025,15,32710
1601272,15,32687
1601524,15,32688
1601770,15,32717
1602017,15,32685
1602266,15,32712
1602513,15,32688
1602759,15,32714
1603010,15,32696
1603255,15,32721
1603506,15,32691
1603754,15,32694
1604001,15,32668
1604251,15,32703
1604530,15,32684
1604778,15,32704
1605026,15,32688
1605273,15,32709
1605524,15,32713
1605770,15,32697
1606016,15,32691
1606263,15,32667
1606515,15,32684
1606760,15,32701
1607009,15,32683
1607257,15,32688
1607504,15,32682
1607754,15,32673
1608001,15,32704
1608282,15,32697
1608528,15,32686
1608774,15,32670
1609024,15,32687
1609272,15,32688
1609521,15,32676
1609769,15,32680
1610016,15,32696
1610265,15,32679
1610512,15,32678
1610765,15,32702
1611008,15,32678
1611258,15,32680
1611505,15,32668
1611750,15,32694
1612000,15,32669
1612277,15,32690
1612527,15,32688
1612774,15,32680
1613024,15,32690
1613271,15,32683
1613518,15,32690
1613768,15,32681
1614015,15,32666
1614262,15,32682
1614512,15,32670
1614759,15,32682
1615007,15,32683
1615256,15,32678
1615502,15,32695
1615751,15,32704
1616030,15,32685
1616277,15,32681
1616525,15,32679
1616774,15,32677
1617023,15,32698
1617268,15,32680
1617518,15,32683
1617765,15,32671
1618014,15,32685
1618262,15,32699
1618511,15,32674
1618755,15,32691
1619006,15,32689
1619255,15,32715
1619501,15,32671
1619753,15,32683
1620027,15,32673
1620278,15,32683
1620526,15,32679
1620772,15,32680
1621019,15,32690
1621268,15,32691
1621517,15,32689
1621762,15,32709
1622013,15,32692
1622260,15,32693
1622509,15,32722
1622755,15,32705
1623004,15,32702
1623250,15,32713
1623501,15,32692
1623780,15,32689
1624028,15,32681
1624277,15,32692
1624524,15,32682
1624772,15,32687
1625023,15,32686
1625268,15,32677
1625515,15,32695
1625764,15,32695
1626011,15,32686
1626258,15,32690
1626510,15,32692
1626757,15,32697
1627002,15,32680
1627252,15,32682
1627497,15,32696
1627779,15,32707
1628027,15,32683
1628276,15,32689
1628523,15,32682
1628771,15,32684
1629019,15,32682
1629265,15,32689
1629515,15,32689
1629765,15,32690
1630011,15,32698
1630258,15,32700
1630507,15,32686
1630754,15,32675
1631004,15,32683
1631249,15,32690
1631528,15,32682
1631780,15,32695
1632025,15,32683
1632275,15,32684
1632519,15,32695
1632768,15,32679
1633015,15,32697
1633268,15,32683
1633514,15,32688
1633761,15,32702
1634010,15,32686
1634256,15,32698
1634507,15,32699
1634754,15,32702
1635002,15,32677
1635252,15,32686
1635530,15,32681
1635777,15,32688
1636023,15,32696
1636274,15,32696
1636523,15,32688
1636771,15,32660
1637019,15,32685
1637264,15,32681
1637514,15,32693
1637760,15,32678
1638008,15,32692
1638257,15,32685
1638504,15,32689
1638753,15,32679
1638998,15,32694
1639279,15,32681
1639531,15,32671
1639776,15,32675
1640023,15,32683
1640272,15,32680
1640522,15,32692
1640768,15,32678
1641016,15,32691
1641266,15,32682
1641512,15,32681
1641762,15,32684
1642008,15,32671
1642257,15,32683
1642504,15,32692
1642752,15,32694
1643001,15,32691
1643279,15,32694
1643526,15,32689
1643776,15,32693
1644020,15,32693
1644269,15,32693
1644519,15,32682
1644765,15,32687
1645017,15,32698
1645261,15,32690
1645512,15,32701
1645756,15,32675
1646007,15,32689
1646255,15,32700
1646504,15,32714
1646750,15,32702
1647030,15,32701
1647278,15,32693
1647525,15,32680
1647770,15,32690
1648021,15,32697
1648269,15,32703
1648518,15,32693
1648767,15,32686
1649015,15,32683
1649262,15,32696
1649510,15,32693
1649758,15,32687
1650006,15,32696
1650255,15,32687
1650505,15,32667
1650751,15,32695
1651028,15,32690
1651277,15,32685
1651525,15,32694
1651772,15,32692
1652021,15,32694
1652267,15,32700
1652517,15,32680
1652768,15,32681
1653013,15,32678
1653259,15,32694
1653509,15,32691
1653757,15,32690
1654004,15,32711
1654250,15,32685
1654499,15,32693
1654779,15,32709
1655028,15,32705
1655275,15,32676
1655524,15,32682
1655775,15,32690
1656018,15,32669
1656270,15,32685
1656517,15,32705
1656764,15,32706
1657012,15,32668
1657260,15,32673
1657508,15,32674
1657756,15,32673
1658003,15,32705
1658252,15,32685
1658498,15,32685
1658777,15,32677
1659025,15,32678
1659276,15,32697
1659524,15,32687
1659772,15,32691
1660018,15,32688
1660269,15,32695
1660517,15,32688
1660763,15,32697
1661013,15,32664
1661260,15,32688
1661508,15,32672
1661753,15,32682
1662003,15,32679
1662250,15,32688
1662532,15,32712
1662781,15,32674
1663030,15,32684
1663273,15,32686
1663524,15,32693
1663770,15,32676
1664020,15,32690
1664269,15,32671
1664514,15,32699
1664761,15,32695
1665012,15,32695
1665258,15,32671
1665506,15,32686
1665754,15,32694
1665998,15,32715
1666247,15,32685
1666528,15,32690
1666775,15,32684
1667024,15,32707
1667274,15,32695
1667523,15,32675
1667768,15,32704
1668017,15,32685
1668264,15,32681
1668513,15,32699
1668758,15,32690
1669009,15,32679
1669254,15,32712
1669502,15,32695
1669753,15,32691
1670001,15,32706
1670279,15,32690
1670530,15,32702
1670775,15,32690
1671021,15,32682
1671272,15,32687
1671520,15,32713
1671765,15,32689
1672015,15,32715
1672267,15,32710
1672511,15,32695
1672760,15,32693
1673010,15,32690
1673256,15,32688
1673503,15,32699
1673751,15,32705
1674002,15,32682
1674282,15,32714
1674525,15,32681
1674776,15,32683
1675021,15,32682
1675270,15,32667
1675520,15,32685
1675769,15,32706
1676015,15,32699
1676265,15,32686
1676513,15,32696
1676759,15,32684
1677007,15,32691
1677257,15,32687
1677502,15,32681
1677752,15,32703
1678029,15,32689
1678277,15,32693
1678525,15,32683
1678777,15,32696
1679023,15,32696
1679270,15,32673
1679520,15,32686
1679770,15,32692
1680015,15,32692
1680261,15,32696
1680511,15,32687
1680759,15,32693
1681006,15,32671
1681251,15,32696
1681503,15,32690
1681748,15,32710
1682029,15,32681
1682276,15,32699
1682525,15,32691
1682772,15,32685
1683022,15,32680
1683268,15,32683
1683518,15,32682
1683764,15,32672
1684014,15,32677
1684263,15,32686
1684508,15,32694
1684757,15,32682
1685006,15,32678
1685252,15,32669
1685502,15,32713
1685782,15,32662
1686026,15,32673
1686276,15,32684
1686525,15,32684
1686774,15,32719
1687022,15,32685
1687268,15,32686
1687515,15,32675
1687764,15,32690
1688010,15,32691
1688257,15,32686
1688509,15,32687
1688756,15,32698
1689003,15,32698
1689255,15,32696
1689501,15,32682
1689778,15,32679
1690029,15,32702
1690274,15,32693
1690525,15,32677
1690771,15,32689
1691018,15,32685
1691264,15,32686
1691514,15,32683
1691764,15,32710
1692011,15,32690
1692257,15,32676
1692510,15,32703
1692754,15,32701
1693004,15,32704
1693251,15,32676
1693533,15,32700
1693779,15,32689
1694024,15,32694
1694274,15,32684
1694522,15,32698
1694768,15,32708
1695016,15,32687
1695264,15,32697
1695512,15,32704
1695763,15,32698
1696011,15,32697
1696261,15,32706
1696509,15,32689
1696754,15,32703
1697003,15,32704
1697251,15,32680
1697532,15,32673
1697777,15,32695
1698024,15,32708
1698274,15,32704
1698522,15,32697
1698771,15,32675
1699018,15,32705
1699265,15,32690
1699515,15,32684
1699764,15,32690
1700009,15,32681
1700258,15,32681
1700506,15,32695
1700753,15,32713
1700999,15,32690
1701281,15,32680
1701528,15,32687
1701776,15,32718
1702024,15,32687
1702273,15,32679
1702522,15,32662
1702769,15,32681
1703015,15,32695
1703262,15,32698
1703510,15,32684
1703759,15,32689
1704007,15,32677
1704256,15,32706
1704504,15,32667
1704750,15,32691
1705000,15,32698
1705280,15,32675
1705528,15,32664
1705775,15,32686
1706025,15,32678
1706271,15,32677
1706521,15,32697
1706766,15,32678
1707015,15,32693
1707260,15,32715
1707511,15,32695
1707763,15,32702
1708009,15,32686
1708256,15,32711
1708504,15,32673
1708754,15,32669
1709028,15,32669
1709278,15,32682
1709526,15,32677
1709775,15,32684
1710024,15,32671
1710271,15,32691
1710518,15,32667
1710766,15,32669
1711014,15,32677
1711262,15,32669
1711510,15,32690
1711756,15,32689
1712007,15,32690
1712256,15,32696
1712503,15,32694
1712750,15,32688
1713028,15,32694
1713276,15,32684
1713526,15,32706
1713772,15,32692
1714025,15,32692
1714271,15,32700
1714519,15,32686
1714765,15,32699
1715015,15,32688
1715261,15,32721
1715509,15,32706
1715758,15,32695
1716006,15,32697
1716252,15,32687
1716502,15,32701
1716780,15,32693
1717026,15,32675
1717276,15,32682
1717527,15,32689
1717771,15,32690
1718021,15,32690
1718268,15,32689
1718515,15,32678
1718762,15,32692
1719014,15,32679
1719262,15,32711
1719507,15,32696
1719756,15,32697
1720005,15,32685
1720251,15,32690
1720502,15,32703
1720777,15,32683
1721026,15,32686
1721274,15,32679
1721525,15,32692
1721772,15,32711
1722020,15,32696
1722268,15,32679
1722514,15,32689
1722761,15,32702
1723011,15,32681
1723260,15,32685
1723506,15,32709
1723754,15,32695
1724003,15,32700
1724251,15,32686
1724529,15,32722
1724775,15,32719
1725027,15,32701
1725274,15,32703
1725521,15,32709
1725773,15,32693
1726018,15,32701
1726265,15,32685
1726514,15,32697
1726761,15,32691
1727012,15,32678
1727260,15,32685
1727506,15,32679
1727751,15,32690
1728002,15,32681
1728249,15,32663
1728528,15,32675
1728776,15,32680
1729027,15,32688
1729271,15,32678
1729522,15,32691
1729768,15,32670
1730016,15,32671
1730265,15,32691
1730513,15,32672
1730760,15,32702
1731010,15,32675
1731257,15,32658
1731504,15,32693
1731752,15,32707
1732002,15,32662
1732281,15,32690
1732528,15,32690
1732778,15,32694
1733025,15,32665
1733273,15,32705
1733521,15,32704
1733767,15,32692
1734014,15,32677
1734265,15,32679
1734512,15,32689
1734762,15,32672
1735009,15,32688
1735256,15,32705
1735500,15,32676
1735754,15,32695
1736000,15,32686
1736280,15,32688
1736528,15,32679
1736775,15,32681
1737026,15,32687
1737273,15,32676
1737520,15,32689
1737769,15,32693
1738017,15,32693
1738264,15,32687
1738511,15,32693
1738760,15,32680
1739007,15,32688
1739256,15,32667
1739503,15,32674
1739750,15,32696
1740031,15,32698
1740278,15,32683
1740525,15,32680
1740772,15,32691
1741021,15,32693
1741270,15,32700
1741520,15,32696
1741766,15,32699
1742015,15,32703
1742258,15,32683
1742512,15,32684
1742758,15,32700
1743006,15,32681
1743249,15,32687
1743504,15,32702
1743751,15,32695
1744028,15,32697
1744276,15,32697
1744524,15,32690
1744773,15,32679
1745022,15,32706
1745269,15,32694
1745519,15,32693
1745766,15,32679
1746015,15,32690
1746261,15,32684
1746509,15,32704
1746757,15,32690
1747006,15,32704
1747253,15,32700
1747502,15,32676
1747779,15,32689
1748027,15,32681
1748277,15,32677
1748524,15,32698
1748771,15,32682
1749017,15,32670
1749270,15,32706
1749514,15,32684
1749766,15,32718
1750012,15,32695
1750259,15,32712
1750507,15,32707
1750756,15,32701
1751003,15,32687
1751254,15,32678
1751499,15,32687
1751780,15,32694
1752026,15,32686
1752276,15,32671
1752520,15,32683
1752772,15,32687
1753019,15,32693
1753268,15,32688
1753515,15,32689
1753765,15,32672
1754012,15,32688
1754259,15,32708
1754507,15,32688
1754755,15,32683
1755004,15,32690
1755253,15,32672
1755531,15,32671
1755778,15,32688
1756025,15,32676
1756274,15,32703
1756523,15,32682
1756772,15,32684
1757017,15,32703
1757264,15,32697
1757515,15,32678
1757762,15,32688
1758010,15,32690
1758256,15,32690
1758505,15,32678
1758754,15,32697
1759000,15,32684
1759252,15,32662
1759528,15,32700
1759776,15,32674
1760025,15,32687
1760272,15,32679
1760522,15,32664
1760770,15,32660
1761017,15,32687
1761262,15,32698
1761513,15,32707
1761762,15,32668
1762008,15,32665
1762257,15,32695
1762506,15,32699
1762754,15,32699
1763000,15,32696
1763280,15,32689
1763529,15,32682
1763778,15,32682
1764024,15,32710
1764272,15,32701
1764520,15,32704
1764767,15,32694
1765015,15,32675
1765263,15,32709
1765511,15,32685
1765761,15,32689
1766010,15,32701
1766255,15,32676
1766507,15,32692
1766752,15,32691
1766999,15,32692
1767275,15,32672
1767526,15,32676
1767773,15,32696
1768024,15,32692
1768270,15,32690
1768520,15,32691
1768769,15,32702
1769015,15,32697
1769265,15,32678
1769513,15,32675
1769760,15,32695
1770006,15,32686
1770256,15,32691
1770502,15,32703
1770749,15,32702
1771026,15,32695
1771279,15,32689
1771527,15,32671
1771775,15,32687
1772023,15,32691
1772268,15,32684
1772516,15,32678
1772767,15,32715
1773013,15,32685
1773262,15,32693
1773512,15,32698
1773758,15,32696
1774003,15,32692
1774253,15,32709
1774500,15,32689
1774751,15,32675
1775030,15,32691
1775277,15,32702
1775527,15,32698
1775771,15,32690
1776022,15,32690
1776269,15,32685
1776514,15,32692
1776767,15,32695
1777013,15,32689
1777259,15,32685
1777510,15,32694
1777755,15,32678
1778005,15,32678
1778254,15,32679
1778501,15,32676
1778776,15,32691
1779027,15,32694
1779274,15,32694
1779525,15,32666
1779772,15,32692
1780020,15,32679
1780263,15,32684
1780515,15,32688
1780763,15,32682
1781011,15,32692
1781261,15,32683
1781509,15,32683
1781757,15,32690
1782005,15,32689
1782251,15,32691
1782500,15,32665
1782777,15,32675
1783025,15,32681
1783273,15,32671
1783524,15,32689
1783773,15,32673
1784014,15,32690
1784268,15,32683
1784516,15,32684
1784763,15,32692
1785010,15,32677
1785258,15,32687
1785508,15,32684
1785755,15,32688
1786002,15,32667
1786250,15,32673
1786529,15,32686
1786779,15,32690
1787026,15,32673
1787274,15,32709
1787524,15,32694
1787768,15,32694
1788017,15,32703
1788265,15,32705
1788516,15,32675
1788760,15,32687
1789010,15,32694
1789259,15,32679
1789508,15,32684
1789752,15,32677
1790001,15,32706
1790252,15,32690
1790528,15,32690
1790778,15,32698
1791028,15,32708
1791273,15,32684
1791522,15,32721
1791771,15,32692
1792016,15,32681
1792267,15,32692
1792514,15,32703
1792761,15,32720
1793011,15,32693
1793257,15,32693
1793506,15,32699
1793753,15,32700
1794002,15,32693
1794280,15,32700
1794527,15,32697
1794774,15,32700
1795026,15,32716
1795274,15,32695
1795520,15,32675
1795767,15,32707
1796018,15,32690
1796264,15,32697
1796514,15,32683
1796759,15,32679
1797007,15,32699
1797258,15,32691
1797505,15,32677
1797752,15,32681
1798003,15,32685
1798277,15,32696
1798526,15,32676
1798777,15,32672
1799024,15,32673
1799274,15,32686
1799520,15,32686
1799768,15,32677
1800015,15,32682
1800261,15,32665
1800512,15,32687
1800758,15,32703
1801007,15,32687
1801254,15,32675
1801503,15,32689
1801751,15,32672
1802030,15,32685
1802276,15,32674
1802529,15,32690
1802775,15,32668
1803023,15,32680
1803270,15,32682
1803518,15,32667
1803765,15,32692
1804016,15,32695
1804261,15,32698
1804515,15,32702
1804759,15,32677
1805007,15,32682
1805254,15,32679
1805503,15,32680
1805752,15,32677
1806026,15,32667
1806276,15,32661
1806527,15,32682
1806773,15,32700
1807022,15,32699
1807269,15,32657
1807516,15,32674
1807765,15,32672
1808011,15,32677
1808263,15,32696
1808508,15,32693
1808754,15,32692
1809004,15,32701
1809250,15,32681
1809501,15,32710
1809780,15,32681
1810026,15,32690
1810274,15,32701
1810524,15,32696
1810773,15,32702
1811020,15,32675
1811267,15,32673
1811518,15,32692
1811763,15,32694
1812012,15,32707
1812260,15,32681
1812509,15,32687
1812755,15,32694
1813005,15,32681
1813252,15,32686
1813498,15,32690
1813777,15,32695
1814030,15,32697
1814275,15,32700
1814521,15,32700
1814772,15,32656
1815020,15,32699
1815269,15,32698
1815514,15,32699
1815765,15,32694
1816013,15,32693
1816258,15,32692
1816510,15,32691
1816755,15,32672
1817004,15,32678
1817249,15,32691
1817527,15,32681
1817778,15,32694
1818024,15,32685
1818275,15,32696
1818520,15,32702
1818770,15,32660
1819019,15,32703
1819266,15,32689
1819515,15,32696
1819761,15,32691
1820010,15,32695
1820256,15,32679
1820507,15,32683
1820753,15,32682
1821003,15,32686
1821250,15,32683
1821526,15,32672
1821780,15,32679
1822025,15,32690
1822274,15,32707
1822520,15,32678
1822768,15,32677
1823015,15,32676
1823261,15,32692
1823514,15,32675
1823762,15,32696
1824010,15,32693
1824257,15,32670
1824504,15,32682
1824752,15,32681
1825002,15,32679
1825281,15,32694
1825531,15,32712
1825776,15,32687
1826027,15,32700
1826271,15,32679
1826521,15,32681
1826767,15,32684
1827016,15,32698
1827264,15,32683
1827512,15,32670
1827759,15,32675
1828006,15,32667
1828258,15,32690
1828504,15,32691
1828751,15,32697
1828999,15,32688
1829282,15,32685
1829528,15,32692
1829775,15,32684
1830022,15,32687
1830271,15,32689
1830521,15,32692
1830768,15,32684
1831012,15,32687
1831264,15,32684
1831510,15,32695
1831759,15,32676
1832008,15,32676
1832256,15,32697
1832502,15,32704
1832752,15,32679
1833032,15,32669
1833279,15,32691
1833525,15,32689
1833774,15,32688
1834021,15,32676
1834268,15,32687
1834516,15,32681
1834765,15,32684
1835013,15,32686
1835263,15,32691
1835510,15,32683
1835757,15,32677
1836004,15,32693
1836256,15,32700
1836503,15,32711
1836749,15,32698
1837029,15,32693
1837276,15,32698
1837524,15,32705
1837776,15,32679
1838021,15,32696
1838270,15,32700
1838517,15,32673
1838765,15,32697
1839012,15,32679
1839261,15,32685
1839506,15,32700
1839758,15,32715
1840006,15,32691
1840254,15,32694
1840502,15,32679
1840782,15,32676
1841030,15,32686
1841275,15,32687
1841525,15,32696
1841773,15,32712
1842020,15,32708
1842268,15,32681
1842519,15,32698
1842763,15,32710
1843010,15,32704
1843260,15,32689
1843509,15,32691
1843756,15,32678
1844003,15,32686
1844252,15,32686
1844501,15,32690
1844777,15,32689
1845030,15,32697
1845275,15,32677
1845524,15,32685
1845768,15,32684
1846023,15,32712
1846266,15,32684
1846517,15,32686
1846765,15,32695
1847009,15,32693
1847258,15,32692
1847508,15,32703
1847756,15,32701
1848005,15,32691
1848251,15,32684
1848533,15,32700
1848779,15,32680
1849026,15,32697
1849271,15,32680
1849521,15,32673
1849770,15,32679
1850018,15,32694
1850266,15,32689
1850514,15,32674
1850760,15,32677
1851011,15,32682
1851258,15,32674
1851506,15,32661
1851755,15,32674
1852001,15,32689
1852252,15,32681
1852526,15,32677
1852778,15,32676
1853025,15,32711
1853276,15,32702
1853524,15,32695
1853768,15,32690
1854015,15,32689
1854263,15,32682
1854513,15,32705
1854761,15,32676
1855008,15,32693
1855257,15,32687
1855501,15,32687
1855756,15,32675
1855999,15,32694
1856279,15,32667
1856528,15,32676
1856775,15,32691
1857024,15,32697
1857272,15,32693
1857518,15,32694
1857767,15,32696
1858015,15,32688
1858263,15,32692
1858511,15,32701
1858760,15,32682
1859009,15,32694
1859256,15,32691
1859504,15,32695
1859752,15,32703
1860001,15,32686
1860279,15,32679
1860526,15,32668
1860778,15,32689
1861026,15,32708
1861274,15,32701
1861520,15,32692
1861769,15,32683
1862016,15,32700
1862264,15,32695
1862510,15,32698
1862761,15,32682
1863007,15,32692
1863254,15,32680
1863505,15,32673
1863749,15,32691
1864031,15,32687
1864280,15,32696
1864524,15,32701
1864775,15,32684
1865022,15,32695
1865269,15,32700
1865517,15,32680
1865765,15,32688
1866017,15,32678
1866261,15,32679
1866507,15,32675
1866758,15,32679
1867007,15,32716
1867253,15,32686
1867504,15,32682
1867751,15,32685
1868031,15,32693
1868278,15,32688
1868526,15,32685
1868775,15,32695
1869020,15,32681
1869268,15,32701
1869516,15,32676
1869765,15,32659
1870013,15,32682
1870260,15,32680
1870510,15,32683
1870757,15,32688
1871003,15,32672
1871255,15,32680
1871501,15,32682
1871783,15,32696
1872026,15,32678
1872275,15,32683
1872524,15,32684
1872772,15,32690
1873020,15,32665
1873270,15,32671
1873517,15,32675
1873763,15,32673
1874012,15,32681
1874260,15,32700
1874509,15,32663
1874757,15,32668
1875005,15,32688
1875254,15,32702
1875500,15,32674
1875779,15,32685
1876025,15,32695
1876275,15,32696
1876526,15,32692
1876773,15,32675
1877019,15,32689
1877269,15,32685
1877517,15,32680
1877761,15,32674
1878012,15,32686
1878261,15,32682
1878507,15,32678
1878756,15,32693
1879003,15,32689
1879253,15,32702
1879531,15,32673
1879778,15,32682
1880024,15,32676
1880274,15,32704
1880522,15,32709
1880768,15,32703
1881016,15,32684
1881265,15,32661
1881513,15,32697
1881763,15,32692
1882006,15,32725
1882258,15,32676
1882506,15,32695
1882755,15,32685
1883003,15,32688
1883249,15,32692
1883531,15,32686
1883777,15,32695
1884026,15,32685
1884272,15,32685
1884520,15,32679
1884770,15,32692
1885017,15,32676
1885266,15,32687
1885515,15,32678
1885762,15,32695
1886011,15,32690
1886257,15,32695
1886505,15,32685
1886752,15,32710
1887001,15,32714
1887282,15,32699
1887529,15,32720
1887778,15,32697
1888026,15,32675
1888271,15,32695
1888521,15,32678
1888770,15,32702
1889013,15,32694
1889263,15,32695
1889509,15,32690
1889760,15,32674
1890008,15,32686
1890260,15,32690
1890504,15,32691
1890752,15,32683
1891004,15,32699
1891278,15,32691
1891528,15,32700
1891775,15,32694
1892024,15,32698
1892270,15,32672
1892518,15,32692
1892765,15,32698
1893013,15,32702
1893265,15,32668
1893510,15,32692
1893759,15,32702
1894006,15,32672
1894255,15,32671
1894502,15,32696
1894751,15,32666
1895030,15,32694
1895280,15,32678
1895523,15,32697
1895773,15,32689
1896021,15,32678
1896272,15,32695
1896519,15,32691
1896766,15,32693
1897017,15,32702
1897264,15,32686
1897508,15,32705
1897761,15,32672
1898006,15,32692
1898255,15,32685
1898501,15,32689
1898751,15,32693
1899030,15,32679
1899277,15,32663
1899523,15,32683
1899773,15,32691
1900020,15,32685
1900268,15,32685
1900518,15,32680
1900766,15,32681
1901014,15,32666
1901260,15,32705
1901511,15,32687
1901757,15,32700
1902005,15,32687
1902256,15,32692
1902502,15,32699
1902779,15,32704
1903027,15,32663
1903277,15,32677
1903524,15,32684
1903772,15,32682
1904022,15,32681
1904269,15,32660
1904516,15,32685
1904763,15,32688
1905012,15,32688
1905261,15,32672
1905508,15,32674
1905755,15,32679
1906002,15,32690
1906252,15,32696
1906498,15,32697
1906780,15,32686
1907027,15,32712
1907275,15,32693
1907522,15,32690
1907771,15,32688
1908018,15,32687
1908269,15,32692
1908513,15,32689
1908764,15,32689
1909013,15,32691
1909261,15,32705
1909507,15,32685
1909757,15,32704
1910002,15,32661
1910254,15,32685
1910530,15,32704
1910777,15,32688
1911027,15,32682
1911273,15,32696
1911522,15,32701
1911770,15,32693
1912022,15,32683
1912262,15,32680
1912516,15,32690
1912763,15,32700
1913010,15,32689
1913260,15,32700
1913505,15,32699
1913755,15,32681
1914001,15,32695
1914251,15,32699
1914529,15,32704
1914777,15,32695
1915026,15,32683
1915275,15,32691
1915521,15,32699
1915768,15,32699
1916017,15,32678
1916265,15,32667
1916512,15,32699
1916761,15,32689
1917008,15,32719
1917259,15,32689
1917507,15,32697
1917755,15,32689
1918002,15,32694
1918279,15,32690
1918527,15,32679
1918777,15,32687
1919024,15,32698
1919271,15,32706
1919520,15,32688
1919769,15,32687
1920015,15,32686
1920266,15,32683
1920511,15,32692
1920761,15,32712
1921009,15,32675
1921256,15,32702
1921501,15,32695
1921751,15,32693
1921999,15,32661
1922283,15,32690
1922527,15,32696
1922774,15,32688
1923024,15,32684
1923269,15,32698
1923520,15,32697
1923770,15,32675
1924015,15,32667
1924263,15,32692
1924512,15,32679
1924758,15,32698
1925007,15,32708
1925255,15,32684
1925503,15,32673
1925751,15,32676
1926030,15,32672
1926276,15,32690
1926527,15,32689
1926775,15,32682
1927023,15,32671
1927268,15,32686
1927515,15,32689
1927766,15,32690
1928013,15,32689
1928260,15,32693
1928511,15,32693
1928757,15,32681
1929007,15,32692
1929254,15,32666
1929502,15,32674
1929749,15,32696
1930027,15,32678
1930275,15,32684
1930523,15,32696
1930774,15,32681
1931021,15,32683
1931269,15,32682
1931518,15,32684
1931763,15,32697
1932014,15,32679
1932263,15,32685
1932512,15,32696
1932758,15,32705
1933004,15,32690
1933252,15,32690
1933501,15,32683
1933778,15,32698
1934027,15,32666
1934276,15,32692
1934524,15,32685
1934770,15,32693
1935021,15,32668
1935270,15,32693
1935516,15,32682
1935764,15,32661
1936014,15,32686
1936259,15,32693
1936507,15,32702
1936754,15,32695
1937003,15,32681
1937251,15,32696
1937501,15,32684
1937780,15,32670
1938027,15,32683
1938276,15,32696
1938523,15,32689
1938771,15,32702
1939018,15,32684
1939268,15,32685
1939514,15,32704
1939761,15,32681
1940010,15,32687
1940257,15,32696
1940505,15,32693
1940756,15,32694
1941003,15,32688
1941252,15,32693
1941533,15,32689
1941778,15,32671
1942026,15,32704
1942274,15,32697
1942521,15,32685
1942768,15,32665
1943019,15,32692
1943266,15,32686
1943515,15,32681
1943762,15,32676
1944008,15,32679
1944256,15,32685
1944505,15,32689
1944757,15,32696
1945001,15,32677
1945252,15,32677
1945529,15,32691
1945776,15,32690
1946026,15,32682
1946272,15,32683
1946523,15,32679
1946768,15,32695
1947015,15,32676
1947263,15,32667
1947510,15,32700
1947760,15,32669
1948008,15,32701
1948256,15,32683
1948505,15,32687
1948754,15,32686
1948998,15,32682
1949280,15,32702
1949527,15,32671
1949775,15,32692
1950027,15,32709
1950269,15,32681
1950522,15,32704
1950767,15,32673
1951018,15,32680
1951264,15,32691
1951513,15,32703
1951761,15,32682
1952008,15,32690
1952254,15,32663
1952503,15,32688
1952753,15,32709
1953000,15,32700
1953279,15,32710
1953526,15,32688
1953776,15,32699
1954023,15,32678
1954272,15,32717
1954517,15,32681
1954768,15,32697
1955016,15,32696
1955265,15,32689
1955511,15,32682
1955760,15,32708
1956006,15,32691
1956255,15,32674
1956504,15,32691
1956750,15,32702
1957032,15,32690
1957279,15,32658
1957524,15,32683
1957776,15,32685
1958022,15,32704
1958270,15,32683
1958520,15,32694
1958762,15,32682
1959013,15,32697
1959265,15,32668
1959509,15,32682
1959757,15,32690
1960006,15,32698
1960255,15,32707
1960502,15,32674
1960746,15,32694
1961028,15,32678
1961278,15,32708
1961522,15,32695
1961772,15,32692
1962024,15,32688
1962268,15,32692
1962517,15,32702
1962765,15,32674
1963015,15,32707
1963259,15,32690
1963510,15,32704
1963756,15,32686
1964006,15,32689
1964255,15,32692
1964499,15,32687
1964781,15,32697
1965029,15,32701
1965275,15,32683
1965521,15,32697
1965771,15,32707
1966020,15,32684
1966269,15,32714
1966517,15,32680
1966766,15,32680
1967012,15,32689
1967260,15,32691
1967507,15,32692
1967759,15,32681
1968005,15,32677
1968252,15,32694
1968503,15,32681
1968778,15,32692
1969027,15,32696
1969277,15,32687
1969522,15,32676
1969772,15,32686
1970018,15,32676
1970266,15,32695
1970516,15,32686
1970761,15,32674
1971012,15,32694
1971259,15,32692
1971508,15,32700
1971754,15,32689
1972005,15,32689
1972250,15,32677
1972527,15,32674
1972780,15,32699
1973025,15,32718
1973277,15,32696
1973521,15,32670
1973769,15,32685
1974018,15,32701
1974266,15,32692
1974513,15,32699
1974761,15,32708
1975009,15,32672
1975258,15,32687
1975507,15,32689
1975756,15,32688
1976002,15,32717
1976249,15,32703
1976529,15,32703
1976777,15,32683
1977026,15,32668
1977270,15,32707
1977521,15,32693
1977767,15,32682
1978016,15,32717
1978265,15,32707
1978512,15,32679
1978765,15,32683
1979010,15,32686
1979258,15,32681
1979507,15,32691
1979754,15,32683
1980000,15,32680
1980279,15,32686
1980529,15,32687
1980776,15,32684
1981024,15,32696
1981273,15,32696
1981520,15,32676
1981768,15,32689
1982019,15,32688
1982265,15,32681
1982513,15,32684
1982761,15,32687
1983008,15,32701
1983257,15,32690
1983502,15,32698
1983752,15,32691
1984001,15,32675
1984280,15,32700
1984528,15,32691
1984774,15,32674
1985024,15,32694
1985270,15,32691
1985520,15,32704
1985767,15,32687
1986012,15,32675
1986264,15,32701
1986510,15,32687
1986759,15,32681
1987006,15,32670
1987254,15,32689
1987502,15,32680
1987750,15,32687
1988029,15,32697
1988280,15,32692
1988526,15,32658
1988774,15,32692
1989024,15,32676
1989271,15,32690
1989516,15,32686
1989766,15,32686
1990013,15,32698
1990263,15,32680
1990513,15,32691
1990758,15,32696
1991009,15,32693
1991256,15,32692
1991501,15,32685
1991751,15,32682
1992031,15,32690
1992279,15,32690
1992525,15,32677
1992773,15,32697
1993021,15,32696
1993268,15,32690
1993516,15,32670
1993765,15,32693
1994010,15,32677
1994262,15,32681
1994509,15,32686
1994758,15,32704
1995004,15,32697
1995254,15,32689
1995504,15,32683
1995780,15,32684
1996025,15,32699
1996278,15,32688
1996523,15,32679
1996772,15,32683
1997019,15,32678
1997266,15,32681
1997513,15,32689
1997765,15,32687
1998012,15,32678
1998258,15,32676
1998510,15,32693
1998753,15,32692
1999004,15,32694
1999255,15,32697
1999499,15,32673
1999779,15,32685
2000027,15,32688
2000272,15,32679
2000524,15,32701
2000774,15,32678
2001020,15,32690
2001268,15,32695
2001515,15,32693
2001763,15,32688
2002012,15,32694
2002259,15,32689
2002507,15,32680
2002754,15,32697
2003003,15,32683
2003253,15,32687
2003530,15,32703
2003778,15,32683
2004025,15,32709
2004272,15,32674
2004521,15,32680
2004771,15,32680
2005017,15,32687
2005266,15,32684
2005516,15,32706
2005762,15,32694
2006008,15,32697
2006259,15,32689
2006507,15,32697
2006755,15,32695
2007002,15,32686
2007250,15,32706
2007531,15,32683
2007777,15,32694
2008027,15,32706
2008275,15,32682
2008521,15,32703
2008769,15,32686
2009014,15,32684
2009263,15,32693
2009514,15,32663
2009762,15,32679
2010009,15,32706
2010255,15,32668
2010505,15,32695
2010751,15,32691
2011002,15,32684
2011280,15,32693
2011527,15,32681
2011775,15,32701
2012027,15,32688
2012274,15,32704
2012522,15,32700
2012769,15,32705
2013017,15,32670
2013267,15,32707
2013514,15,32682
2013758,15,32697
2014007,15,32705
2014256,15,32697
2014505,15,32705
2014754,15,32680
2015001,15,32699
2015280,15,32691
2015527,15,32686
2015774,15,32679
2016025,15,32693
2016271,15,32696
2016516,15,32688
2016765,15,32705
2017013,15,32697
2017263,15,32692
2017509,15,32673
2017756,15,32705
2018006,15,32697
2018256,15,32683
2018503,15,32705
2018751,15,32684
2019029,15,32677
2019278,15,32675
2019525,15,32688
2019774,15,32692
2020025,15,32697
2020270,15,32667
2020518,15,32682
2020769,15,32702
2021015,15,32675
2021263,15,32687
2021508,15,32695
2021758,15,32695
2022009,15,32692
2022255,15,32689
2022502,15,32677
2022751,15,32684
2023027,15,32683
2023278,15,32676
2023524,15,32676
2023774,15,32712
2024022,15,32688
2024266,15,32669
2024516,15,32706
2024761,15,32683
2025010,15,32697
2025259,15,32703
2025507,15,32672
2025757,15,32705
2026005,15,32679
2026254,15,32688
2026501,15,32692
2026780,15,32698
2027026,15,32691
2027273,15,32708
2027525,15,32707
2027771,15,32699
2028022,15,32703
2028270,15,32673
2028519,15,32681
2028766,15,32667
2029015,15,32687
2029259,15,32712
2029509,15,32692
2029758,15,32680
2030005,15,32688
2030252,15,32690
2030499,15,32684
2030778,15,32727
2031031,15,32708
2031275,15,32692
2031524,15,32672
2031770,15,32681
2032018,15,32700
2032265,15,32707
2032516,15,32680
2032762,15,32686
2033010,15,32685
2033262,15,32688
2033510,15,32683
2033755,15,32695
2034003,15,32674
2034250,15,32692
2034532,15,32685
2034780,15,32671
2035025,15,32689
2035273,15,32695
2035521,15,32693
2035771,15,32675
2036019,15,32683
2036264,15,32678
2036514,15,32705
2036765,15,32697
2037009,15,32699
2037258,15,32689
2037506,15,32699
2037752,15,32671
2038004,15,32693
2038250,15,32686
2038529,15,32685
2038777,15,32668
2039025,15,32693
2039271,15,32695
2039520,15,32675
2039767,15,32688
2040016,15,32683
2040265,15,32680
2040514,15,32688
2040762,15,32654
2041008,15,32674
2041261,15,32706
2041507,15,32686
2041750,15,32698
2042003,15,32691
2042278,15,32681
2042529,15,32685
2042775,15,32677
2043026,15,32708
2043275,15,32695
2043522,15,32682
2043767,15,32694
2044016,15,32703
2044265,15,32685
2044515,15,32700
2044761,15,32689
2045009,15,32688
2045257,15,32700
2045503,15,32673
2045753,15,32674
2045999,15,32674
2046282,15,32677
2046526,15,32681
2046772,15,32687
2047023,15,32691
2047269,15,32698
2047520,15,32702
2047766,15,32654
2048016,15,32674
2048259,15,32692
2048511,15,32689
2048759,15,32679
2049007,15,32695
2049252,15,32698
2049504,15,32699
2049753,15,32696
2050034,15,32703
2050277,15,32691
2050523,15,32698
2050771,15,32672
2051022,15,32709
2051267,15,32686
2051517,15,32689
2051769,15,32679
2052015,15,32700
2052263,15,32700
2052511,15,32679
2052756,15,32685
2053006,15,32689
2053254,15,32697
2053502,15,32675
2053749,15,32710
2054030,15,32677
2054277,15,32674
2054523,15,32683
2054770,15,32693
2055020,15,32682
2055267,15,32696
2055519,15,32681
2055762,15,32682
2056012,15,32692
2056263,15,32682
2056510,15,32686
2056758,15,32686
2057006,15,32673
2057252,15,32663
2057501,15,32680
2057782,15,32683
2058030,15,32682
2058275,15,32677
2058526,15,32698
2058773,15,32687
2059019,15,32686
2059267,15,32698
2059517,15,32694
2059763,15,32684
2060012,15,32675
2060261,15,32684
2060508,15,32689
2060755,15,32684
2061007,15,32688
2061252,15,32685
2061499,15,32695
2061782,15,32694
2062026,15,32679
2062276,15,32698
2062524,15,32685
2062772,15,32683
2063016,15,32699
2063268,15,32682
2063514,15,32710
2063764,15,32669
2064013,15,32688
2064259,15,32670
2064505,15,32693
2064756,15,32688
2065002,15,32675
2065252,15,32678
2065532,15,32687
2065776,15,32672
2066026,15,32674
2066275,15,32690
2066523,15,32688
2066769,15,32703
2067019,15,32685
2067267,15,32685
2067515,15,32706
2067760,15,32681
2068010,15,32679
2068259,15,32671
2068504,15,32708
2068755,15,32675
2069002,15,32707
2069249,15,32659
2069529,15,32698
2069776,15,32709
2070025,15,32694
2070275,15,32683
2070521,15,32687
2070772,15,32690
2071018,15,32694
2071265,15,32674
2071510,15,32680
2071760,15,32683
2072008,15,32692
2072255,15,32688
2072503,15,32700
2072750,15,32692
2073000,15,32690
2073281,15,32680
2073527,15,32701
2073777,15,32687
2074022,15,32675
2074274,15,32681
2074522,15,32689
2074768,15,32689
2075014,15,32695
2075265,15,32699
2075511,15,32703
2075761,15,32670
2076006,15,32685
2076258,15,32673
2076504,15,32685
2076752,15,32685
2076999,15,32702
2077279,15,32661
2077528,15,32691
2077776,15,32704
2078022,15,32697
2078271,15,32684
2078522,15,32678
2078767,15,32696
2079015,15,32690
2079263,15,32677
2079512,15,32698
2079758,15,32691
2080007,15,32683
2080260,15,32701
2080505,15,32700
2080750,15,32684
2081030,15,32690
2081278,15,32695
2081525,15,32690
2081773,15,32696
2082025,15,32685
2082270,15,32692
2082517,15,32694
2082764,15,32693
2083016,15,32701
2083262,15,32690
2083510,15,32683
2083757,15,32684
2084004,15,32679
2084253,15,32680
2084499,15,32691
2084750,15,32691
2085030,15,32694
2085278,15,32689
2085527,15,32695
2085772,15,32678
2086022,15,32676
2086269,15,32687
2086517,15,32688
2086763,15,32667
2087013,15,32697
2087258,15,32680
2087510,15,32691
2087756,15,32681
2088007,15,32664
2088252,15,32684
2088501,15,32676
2088779,15,32685
2089031,15,32701
2089275,15,32684
2089526,15,32689
2089772,15,32690
2090020,15,32691
2090267,15,32669
2090514,15,32695
2090763,15,32698
2091013,15,32688
2091261,15,32707
2091509,15,32683
2091755,15,32691
2092006,15,32696
2092250,15,32694
2092498,15,32688
2092779,15,32697
2093027,15,32672
2093277,15,32691
2093526,15,32695
2093768,15,32663
2094017,15,32681
2094264,15,32695
2094516,15,32692
2094763,15,32678
2095010,15,32708
2095261,15,32675
2095508,15,32685
2095755,15,32697
2096000,15,32698
2096251,15,32695
2096533,15,32700
2096780,15,32669
2097026,15,32671
2097275,15,32707
2097522,15,32693
2097771,15,32670
2098017,15,32701
2098265,15,32700
2098513,15,32714
2098760,15,32689
2099008,15,32678
2099260,15,32701
2099507,15,32688
2099754,15,32691
2100002,15,32693
2100248,15,32695
2100530,15,32685
2100775,15,32709
2101023,15,32712
2101271,15,32702
2101523,15,32688
2101771,15,32667
2102016,15,32679
2102266,15,32680
2102513,15,32682
2102759,15,32702
2103009,15,32687
2103257,15,32692
2103507,15,32682
2103753,15,32680
2104002,15,32689
2104280,15,32681
2104529,15,32701
2104778,15,32709
2105025,15,32692
2105270,15,32702
2105521,15,32672
2105768,15,32692
2106019,15,32695
2106264,15,32701
2106515,15,32674
2106763,15,32683
2107009,15,32699
2107255,15,32704
2107504,15,32678
2107751,15,32684
2107998,15,32700
2108278,15,32682
2108526,15,32674
2108775,15,32665
2109022,15,32683
2109269,15,32699
2109518,15,32690
2109766,15,32688
2110014,15,32694
2110266,15,32696
2110509,15,32698
2110759,15,32690
2111007,15,32684
2111253,15,32690
2111502,15,32695
2111752,15,32699
2112029,15,32689
2112278,15,32684
2112524,15,32673
2112774,15,32670
2113024,15,32686
2113270,15,32690
2113518,15,32692
2113764,15,32685
2114015,15,32692
2114265,15,32677
2114512,15,32685
2114758,15,32681
2115008,15,32670
2115256,15,32699
2115503,15,32706
2115753,15,32674
2116028,15,32682
2116276,15,32683
2116524,15,32683
2116772,15,32687
2117023,15,32702
2117270,15,32675
2117516,15,32673
2117765,15,32671
2118012,15,32679
2118256,15,32692
2118508,15,32699
2118757,15,32679
2119008,15,32695
2119254,15,32702
2119500,15,32720
2119781,15,32695
2120028,15,32689
2120277,15,32682
2120522,15,32684
2120774,15,32687
2121020,15,32691
2121269,15,32696
2121515,15,32689
2121763,15,32701
2122012,15,32681
2122258,15,32681
2122508,15,32669
2122755,15,32681
2123005,15,32687
2123253,15,32680
2123502,15,32685
2123783,15,32712
2124027,15,32668
2124275,15,32689
2124523,15,32686
2124770,15,32690
2125020,15,32689
2125268,15,32704
2125514,15,32681
2125765,15,32696
2126011,15,32699
2126258,15,32682
2126509,15,32680
2126754,15,32695
2127003,15,32687
2127253,15,32692
2127531,15,32684
2127777,15,32693
2128026,15,32709
2128274,15,32710
2128521,15,32674
2128771,15,32686
2129018,15,32665
2129265,15,32714
2129512,15,32681
2129759,15,32682
2130009,15,32692
2130259,15,32700
2130506,15,32700
2130754,15,32687
2131002,15,32674
2131252,15,32708
2131528,15,32685
2131777,15,32697
2132026,15,32687
2132274,15,32688
2132521,15,32694
2132769,15,32686
2133015,15,32660
2133264,15,32701
2133513,15,32666
2133761,15,32692
2134009,15,32707
2134257,15,32681
2134506,15,32683
2134753,15,32675
2135001,15,32676
2135281,15,32687
2135529,15,32679
2135774,15,32682
2136024,15,32686
2136272,15,32680
2136521,15,32685
2136766,15,32688
2137017,15,32704
2137266,15,32696
2137509,15,32686
2137759,15,32721
2138010,15,32690
2138255,15,32682
2138506,15,32680
2138752,15,32689
2139002,15,32696
2139279,15,32677
2139527,15,32700
2139776,15,32698
2140022,15,32677
2140268,15,32682
2140522,15,32699
2140769,15,32696
2141012,15,32681
2141265,15,32668
2141513,15,32682
2141756,15,32666
2142009,15,32692
2142255,15,32697
2142504,15,32686
2142750,15,32699
2143031,15,32693
2143279,15,32673
2143526,15,32691
2143774,15,32678
2144023,15,32687
2144271,15,32678
2144518,15,32672
2144767,15,32681
2145015,15,32695
2145262,15,32696
2145508,15,32687
2145759,15,32693
2146007,15,32671
2146252,15,32674
2146499,15,32707
2146750,15,32690
2147030,15,32692
2147276,15,32691
2147524,15,32683
2147773,15,32693
2148020,15,32692
2148268,15,32691
2148519,15,32677
2148763,15,32686
2149013,15,32700
2149263,15,32703
2149509,15,32692
2149757,15,32702
2150005,15,32713
2150252,15,32671
2150500,15,32687
2150777,15,32681
2151028,15,32697
2151276,15,32693
2151523,15,32672
2151770,15,32689
2152022,15,32702
2152268,15,32709
2152518,15,32666
2152765,15,32698
2153011,15,32681
2153257,15,32700
2153507,15,32694
2153755,15,32672
2154004,15,32712
2154250,15,32676
2154498,15,32684
2154778,15,32693
2155025,15,32682
2155275,15,32668
2155522,15,32695
2155771,15,32703
2156019,15,32693
2156270,15,32668
2156517,15,32695
2156762,15,32680
2157010,15,32688
2157261,15,32704
2157509,15,32683
2157755,15,32677
2158003,15,32685
2158247,15,32692
2158530,15,32699
2158778,15,32687
2159024,15,32697
2159274,15,32692
2159522,15,32703
2159768,15,32684
2160018,15,32692
2160265,15,32696
2160512,15,32678
2160759,15,32674
2161010,15,32688
2161257,15,32682
2161507,15,32673
2161756,15,32695
2162003,15,32679
2162252,15,32693
2162526,15,32693
2162776,15,32693
2163024,15,32682
2163272,15,32655
2163517,15,32710
2163772,15,32698
2164017,15,32684
2164263,15,32697
2164514,15,32707
2164762,15,32694
2165007,15,32707
2165259,15,32684
2165504,15,32682
2165752,15,32671
2166004,15,32680
2166281,15,32689
2166528,15,32699
2166775,15,32667
2167026,15,32691
2167272,15,32682
2167522,15,32701
2167769,15,32675
2168016,15,32684
2168266,15,32709
2168512,15,32681
2168761,15,32687
2169008,15,32693
2169256,15,32702
2169504,15,32650
2169754,15,32710
2170000,15,32693
2170279,15,32702
2170525,15,32691
2170776,15,32691
2171022,15,32692
2171270,15,32697
2171520,15,32664
2171768,15,32699
2172015,15,32692
2172265,15,32690
2172513,15,32688
2172758,15,32689
2173005,15,32673
2173255,15,32676
2173501,15,32697
2173749,15,32689
2174030,15,32725
2174278,15,32700
2174525,15,32712
2174776,15,32707
2175020,15,32685
2175272,15,32706
2175518,15,32692
2175768,15,32678
2176015,15,32689
2176262,15,32687
2176511,15,32676
2176760,15,32695
2177005,15,32697
2177255,15,32672
2177501,15,32685
2177750,15,32696
2178029,15,32692
2178274,15,32690
2178527,15,32675
2178774,15,32683
2179022,15,32688
2179270,15,32711
2179515,15,32680
2179766,15,32683
2180012,15,32684
2180262,15,32683
2180508,15,32698
2180758,15,32670
2181004,15,32697
2181253,15,32706
2181503,15,32696
2181782,15,32708
2182028,15,32695
2182275,15,32673
2182523,15,32715
2182772,15,32700
2183018,15,32684
2183268,15,32687
2183517,15,32691
2183762,15,32691
2184012,15,32689
2184259,15,32697
2184506,15,32681
2184758,15,32681
2185003,15,32681
2185254,15,32680
2185501,15,32701
2185780,15,32700
2186028,15,32698
2186276,15,32704
2186522,15,32673
2186772,15,32683
2187018,15,32698
2187267,15,32695
2187516,15,32676
2187764,15,32691
2188012,15,32702
2188260,15,32696
2188507,15,32674
2188754,15,32694
2189003,15,32722
2189252,15,32684
2189532,15,32696
2189779,15,32685
2190023,15,32702
2190275,15,32702
2190523,15,32690
2190772,15,32682
2191020,15,32693
2191270,15,32694
2191515,15,32697
2191760,15,32702
2192011,15,32670
2192256,15,32698
2192505,15,32677
2192755,15,32705
2193004,15,32686
2193247,15,32689
2193527,15,32677
2193775,15,32685
2194027,15,32699
2194271,15,32699
2194521,15,32671
2194769,15,32685
2195017,15,32696
2195263,15,32705
2195516,15,32675
2195761,15,32682
2196008,15,32684
2196254,15,32699
2196507,15,32691
2196754,15,32677
2197003,15,32699
2197280,15,32694
2197526,15,32688
2197777,15,32695
2198025,15,32674
2198273,15,32693
2198520,15,32689
2198771,15,32696
2199016,15,32701
2199265,15,32691
2199513,15,32693
2199759,15,32689
2200012,15,32685
2200258,15,32686
2200506,15,32693
2200753,15,32687
2200999,15,32685
2201278,15,32678
2201528,15,32675
2201775,15,32711
2202022,15,32707
2202270,15,32690
2202521,15,32696
2202768,15,32690
2203016,15,32683
2203265,15,32675
2203512,15,32677
2203760,15,32668
2204007,15,32694
2204254,15,32686
2204502,15,32694
2204750,15,32681
2205028,15,32695
2205279,15,32676
2205525,15,32692
2205774,15,32689
2206022,15,32690
2206269,15,32691
2206517,15,32681
2206767,15,32694
2207015,15,32691
2207261,15,32684
2207512,15,32671
2207757,15,32690
2208006,15,32684
2208254,15,32689
2208502,15,32694
2208751,15,32713
2209026,15,32692
2209276,15,32670
2209525,15,32687
2209772,15,32697
2210023,15,32713
2210269,15,32696
2210518,15,32674
2210765,15,32690
2211016,15,32689
2211264,15,32679
2211510,15,32693
2211758,15,32695
2212002,15,32690
2212252,15,32679
2212499,15,32697
2212779,15,32680
2213027,15,32669
2213278,15,32694
2213525,15,32677
2213773,15,32688
2214018,15,32684
2214268,15,32690
2214517,15,32696
2214763,15,32696
2215013,15,32695
2215259,15,32674
2215506,15,32692
2215757,15,32682
2216006,15,32684
2216251,15,32703
2216499,15,32693
2216778,15,32674
2217026,15,32691
2217274,15,32699
2217523,15,32703
2217773,15,32684
2218017,15,32685
2218266,15,32686
2218514,15,32687
2218762,15,32682
2219012,15,32695
2219259,15,32701
2219508,15,32684
2219755,15,32702
2220004,15,32699
2220251,15,32685
2220528,15,32674
2220777,15,32697
2221025,15,32702
2221270,15,32687
2221522,15,32694
2221772,15,32680
2222019,15,32675
2222265,15,32680
2222512,15,32682
2222763,15,32682
2223008,15,32678
2223255,15,32708
2223507,15,32704
2223756,15,32691
2224002,15,32677
2224250,15,32691
2224529,15,32691
2224778,15,32684
2225025,15,32689
2225273,15,32684
2225519,15,32691
2225765,15,32718
2226015,15,32703
2226264,15,32678
2226515,15,32692
2226759,15,32690
2227010,15,32682
2227258,15,32707
2227508,15,32687
2227753,15,32701
2228001,15,32682
2228281,15,32685
2228526,15,32674
2228775,15,32704
2229023,15,32664
2229272,15,32690
2229521,15,32697
2229768,15,32687
2230013,15,32693
2230265,15,32681
2230514,15,32690
2230760,15,32681
2231006,15,32697
2231256,15,32662
2231505,15,32703
2231752,15,32685
2232000,15,32704
2232281,15,32700
2232529,15,32687
2232778,15,32672
2233022,15,32680
2233271,15,32676
2233521,15,32677
2233765,15,32681
2234016,15,32700
2234263,15,32699
2234511,15,32690
2234758,15,32664
2235008,15,32669
2235257,15,32695
2235501,15,32695
2235751,15,32692
2236032,15,32699
2236277,15,32681
2236526,15,32696
2236773,15,32691
2237024,15,32699
2237270,15,32671
2237519,15,32702
2237765,15,32700
2238014,15,32677
2238262,15,32700
2238511,15,32683
2238758,15,32685
2239004,15,32683
2239255,15,32696
2239503,15,32690
2239749,15,32695
2240027,15,32684
2240277,15,32715
2240524,15,32697
2240771,15,32701
2241022,15,32696
2241269,15,32693
2241514,15,32709
2241767,15,32678
2242757,15,32692
2243036,15,32693
2243286,15,32664
2243531,15,32690
2243779,15,32702
2244029,15,32693
2244277,15,32716
2244525,15,32691
2244770,15,32681
2245019,15,32685
2245266,15,32696
2245516,15,32684
2245764,15,32704
2246014,15,32690
2246260,15,32673
2246506,15,32680
2246785,15,32705
2247036,15,32696
2247283,15,32673
2247532,15,32705
2247779,15,32686
2248026,15,32702
2248275,15,32703
2248526,15,32698
2248770,15,32689
2249020,15,32690
2249268,15,32686
2249513,15,32703
2249762,15,32701
2250011,15,32707
2250258,15,32679
2250508,15,32675
2250786,15,32701
2251036,15,32693
2251285,15,32686
2251529,15,32687
2251776,15,32706
2252028,15,32666
2252271,15,32699
2252523,15,32688
2252768,15,32700
2253019,15,32682
2253268,15,32695
2253516,15,32678
2253762,15,32696
2254010,15,32697
2254257,15,32678
2254536,15,32708
2254784,15,32685
2255033,15,32668
2255281,15,32677
2255530,15,32662
2255776,15,32688
2256027,15,32687
2256274,15,32688
2256522,15,32692
2256769,15,32672
2257017,15,32690
2257263,15,32706
2257513,15,32679
2257761,15,32700
2258009,15,32696
2258258,15,32695
2258538,15,32695
2258786,15,32676
2259033,15,32691
2259281,15,32707
2259529,15,32694
2259776,15,32679
2260024,15,32673
2260272,15,32696
2260523,15,32678
2260767,15,32696
2261018,15,32679
2261264,15,32702
2261512,15,32708
2261761,15,32683
2262009,15,32669
2262289,15,32679
2262536,15,32689
2262784,15,32686
2263029,15,32682
2263279,15,32679
2263528,15,32687
2263776,15,32707
2264022,15,32682
2264275,15,32667
2264521,15,32678
2264766,15,32711
2265016,15,32689
2265264,15,32687
2265512,15,32680
2265759,15,32698
2266008,15,32688
2266284,15,32678
2266534,15,32696
2266783,15,32694
2267031,15,32688
2267280,15,32713
2267525,15,32681
2267772,15,32681
2268022,15,32679
2268272,15,32675
2268518,15,32685
2268764,15,32695
2269012,15,32714
2269264,15,32694
2269511,15,32680
2269759,15,32687
2270038,15,32677
2270286,15,32684
2270533,15,32698
2270781,15,32699
2271029,15,32694
2271280,15,32710
2271528,15,32674
2271772,15,32697
2272020,15,32670
2272271,15,32670
2272520,15,32702
2272765,15,32680
2273013,15,32687
2273263,15,32693
2273505,15,32662
2273759,15,32677
2274036,15,32716
2274283,15,32685
2274534,15,32671
2274783,15,32702
2275028,15,32680
2275278,15,32662
2275522,15,32682
2275771,15,32690
2276020,15,32677
2276270,15,32681
2276517,15,32680
2276762,15,32681
2277013,15,32674
2277260,15,32684
2277509,15,32678
2277789,15,32692
2278032,15,32691
2278284,15,32693
2278531,15,32681
2278782,15,32687
2279024,15,32682
2279276,15,32682
2279522,15,32677
2279772,15,32687
2280019,15,32698
2280265,15,32705
2280516,15,32687
2280765,15,32681
2281009,15,32692
2281260,15,32675
2281507,15,32701
2281783,15,32705
2282033,15,32684
2282283,15,32707
2282533,15,32676
2282775,15,32682
2283025,15,32691
2283274,15,32678
2283522,15,32700
2283771,15,32693
2284019,15,32689
2284266,15,32724
2284515,15,32697
2284761,15,32694
2285010,15,32708
2285257,15,32694
2285538,15,32662
2285784,15,32674
2286034,15,32695
2286281,15,32674
2286532,15,32694
2286778,15,32687
2287026,15,32687
2287272,15,32706
2287520,15,32695
2287768,15,32684
2288018,15,32696
2288265,15,32697
2288512,15,32687
2288760,15,32683
2289010,15,32699
2289256,15,32680
2289535,15,32668
2289784,15,32684
2290034,15,32690
2290282,15,32707
2290529,15,32688
2290775,15,32688
2291026,15,32705
2291273,15,32701
2291521,15,32693
2291769,15,32698
2292016,15,32689
2292262,15,32685
2292514,15,32686
2292758,15,32698
2293008,15,32702
2293288,15,32697
2293535,15,32700
2293784,15,32692
2294033,15,32690
2294278,15,32677
2294530,15,32687
2294777,15,32690
2295022,15,32696
2295272,15,32691
2295519,15,32700
2295767,15,32674
2296012,15,32674
2296262,15,32692
2296510,15,32690
2296757,15,32700
2297006,15,32674
2297285,15,32689
2297533,15,32699
2297781,15,32680
2298026,15,32691
2298278,15,32696
2298525,15,32695
2298775,15,32685
2299023,15,32699
2299272,15,32675
2299515,15,32695
2299767,15,32681
2300015,15,32665
2300264,15,32690
2300509,15,32687
2300759,15,32675
2301039,15,32674
2301285,15,32674
2301533,15,32691
2301780,15,32697
2302028,15,32675
2302276,15,32687
2302527,15,32675
2302773,15,32695
2303022,15,32670
2303268,15,32697
2303516,15,32696
2303766,15,32688
2304012,15,32694
2304259,15,32693
2304508,15,32690
2304757,15,32705
2305036,15,32684
2305280,15,32672
2305532,15,32706
2305782,15,32695
2306030,15,32690
2306274,15,32691
2306525,15,32689
2306775,15,32685
2307020,15,32709
2307271,15,32690
2307516,15,32699
2307762,15,32685
2308013,15,32668
2308258,15,32705
2308507,15,32709
2308787,15,32702
2309037,15,32693
2309283,15,32693
2309532,15,32701
2309777,15,32697
2310027,15,32681
2310277,15,32696
2310523,15,32704
2310771,15,32703
2311018,15,32678
2311267,15,32688
2311515,15,32693
2311764,15,32697
2312013,15,32685
2312260,15,32695
2312509,15,32687
2312784,15,32693
2313034,15,32687
2313283,15,32704
2313531,15,32690
2313777,15,32689
2314022,15,32699
2314273,15,32684
2314521,15,32697
2314769,15,32692
2315019,15,32707
2315264,15,32698
2315513,15,32673
2315765,15,32685
2316007,15,32697
2316261,15,32688
2316538,15,32696
2316783,15,32698
2317035,15,32666
2317278,15,32700
2317530,15,32687
2317776,15,32684
2318025,15,32696
2318274,15,32703
2318518,15,32685
2318770,15,32696
2319018,15,32695
2319265,15,32684
2319513,15,32684
2319761,15,32701
2320008,15,32688
2320257,15,32700
2320536,15,32702
2320786,15,32682
2321031,15,32681
2321279,15,32685
2321526,15,32678
2321775,15,32661
2322024,15,32691
2322274,15,32681
2322522,15,32689
2322767,15,32660
2323015,15,32684
2323266,15,32698
2323513,15,32678
2323760,15,32686
2324008,15,32689
2324287,15,32686
2324534,15,32657
2324782,15,32698
2325031,15,32679
2325283,15,32709
2325527,15,32671
2325774,15,32664
2326026,15,32678
2326271,15,32673
2326520,15,32693
2326766,15,32649
2327013,15,32700
2327262,15,32687
2327512,15,32684
2327761,15,32682
2328009,15,32699
2328288,15,32672
2328534,15,32684
2328780,15,32681
2329029,15,32708
2329279,15,32695
2329528,15,32685
2329772,15,32703
2330023,15,32666
2330271,15,32676
2330518,15,32695
2330766,15,32691
2331013,15,32693
2331263,15,32690
2331509,15,32680
2331757,15,32673
2332039,15,32695
2332285,15,32691
2332536,15,32686
2332780,15,32697
2333032,15,32693
2333277,15,32676
2333524,15,32703
2333773,15,32688
2334022,15,32693
2334271,15,32713
2334518,15,32711
2334764,15,32701
2335013,15,32692
2335262,15,32684
2335509,15,32705
2335756,15,32703
2336036,15,32682
2336284,15,32682
2336535,15,32696
2336780,15,32693
2337026,15,32686
2337279,15,32697
2337523,15,32687
2337775,15,32687
2338021,15,32680
2338267,15,32678
2338515,15,32681
2338762,15,32687
2339011,15,32704
2339259,15,32702
2339506,15,32682
2339785,15,32705
2340036,15,32683
2340283,15,32698
2340533,15,32681
2340779,15,32684
2341026,15,32679
2341274,15,32681
2341522,15,32700
2341772,15,32696
2342020,15,32684
2342267,15,32697
2342515,15,32685
2342764,15,32695
2343012,15,32693
2343258,15,32679
2343505,15,32673
2343787,15,32703
2344033,15,32699
2344281,15,32692
2344533,15,32696
2344778,15,32702
2345024,15,32700
2345275,15,32697
2345521,15,32681
2345768,15,32680
2346019,15,32680
2346265,15,32697
2346514,15,32677
2346760,15,32694
2347008,15,32672
2347257,15,32685
2347539,15,32679
2347785,15,32691
2348031,15,32694
2348280,15,32683
2348526,15,32666
2348775,15,32689
2349024,15,32670
2349273,15,32683
2349522,15,32680
2349771,15,32700
2350018,15,32689
2350265,15,32685
2350513,15,32685
2350759,15,32684
2351007,15,32677
2351257,15,32707
2351539,15,32718
2351785,15,32680
2352034,15,32692
2352279,15,32686
2352528,15,32673
2352774,15,32680
2353025,15,32674
2353272,15,32704
2353519,15,32685
2353766,15,32690
2354015,15,32697
2354264,15,32686
2354513,15,32692
2354759,15,32690
2355008,15,32691
2355287,15,32704
2355536,15,32672
2355782,15,32695
2356033,15,32692
2356283,15,32685
2356528,15,32703
2356774,15,32685
2357022,15,32701
2357271,15,32707
2357521,15,32691
2357767,15,32677
2358017,15,32688
2358262,15,32693
2358512,15,32691
2358760,15,32687
2359008,15,32675
2359285,15,32685
2359534,15,32686
2359783,15,32687
2360028,15,32682
2360277,15,32715
2360527,15,32706
2360773,15,32683
2361023,15,32683
2361270,15,32674
2361515,15,32692
2361767,15,32696
2362013,15,32704
2362262,15,32676
2362511,15,32697
2362760,15,32679
2363039,15,32693
2363286,15,32696
2363532,15,32703
2363782,15,32681
2364027,15,32701
2364276,15,32692
2364527,15,32667
2364772,15,32699
2365022,15,32696
2365268,15,32705
2365517,15,32690
2365764,15,32676
2366012,15,32697
2366264,15,32685
2366509,15,32685
2366756,15,32692
2367038,15,32698
2367284,15,32700
2367532,15,32677
2367780,15,32690
2368029,15,32695
2368274,15,32677
2368523,15,32699
2368773,15,32682
2369018,15,32693
2369271,15,32683
2369514,15,32674
2369765,15,32684
2370013,15,32696
2370260,15,32690
2370507,15,32693
2370784,15,32689
2371034,15,32695
2371285,15,32675
2371529,15,32690
2371780,15,32692
2372026,15,32692
2372274,15,32682
2372521,15,32682
2372772,15,32693
2373019,15,32688
2373265,15,32687
2373514,15,32695
2373764,15,32680
2374013,15,32703
2374261,15,32685
2374508,15,32690
2374787,15,32681
2375033,15,32676
2375281,15,32689
2375532,15,32700
2375776,15,32693
2376029,15,32692
2376274,15,32681
2376523,15,32672
2376771,15,32702
2377016,15,32691
2377266,15,32694
2377513,15,32700
2377763,15,32686
2378011,15,32718
2378259,15,32686
2378540,15,32675
2378787,15,32672
2379033,15,32687
2379281,15,32673
2379530,15,32676
2379777,15,32669
2380026,15,32693
2380274,15,32700
2380520,15,32702
2380769,15,32687
2381018,15,32690
2381265,15,32691
2381514,15,32676
2381764,15,32709
2382010,15,32697
2382258,15,32677
2382535,15,32683
2382785,15,32702
2383032,15,32693
2383279,15,32681
2383529,15,32679
2383777,15,32679
2384024,15,32684
2384271,15,32686
2384523,15,32689
2384767,15,32705
2385018,15,32692
2385266,15,32696
2385512,15,32663
2385759,15,32669
2386008,15,32680
2386287,15,32702
2386535,15,32678
2386785,15,32688
2387032,15,32677
2387281,15,32685
2387527,15,32687
2387775,15,32679
2388024,15,32661
2388270,15,32674
2388518,15,32680
2388764,15,32679
2389018,15,32685
2389262,15,32681
2389513,15,32692
2389759,15,32686
2390006,15,32694
2390286,15,32706
2390538,15,32698
2390780,15,32685
2391030,15,32710
2391275,15,32690
2391525,15,32687
2391773,15,32693
2392020,15,32700
2392267,15,32693
2392519,15,32691
2392766,15,32706
2393015,15,32675
2393264,15,32690
2393511,15,32689
2393758,15,32694
2394035,15,32679
2394284,15,32704
2394531,15,32689
2394779,15,32693
2395029,15,32669
2395277,15,32698
2395525,15,32686
2395772,15,32681
2396021,15,32693
2396269,15,32693
2396520,15,32690
2396763,15,32693
2397015,15,32679
2397260,15,32686
2397507,15,32700
2397757,15,32691
2398035,15,32696
2398285,15,32705
2398534,15,32699
2398778,15,32686
2399028,15,32688
2399273,15,32686
2399524,15,32688
2399776,15,32681
2400020,15,32688
2400267,15,32677
2400515,15,32696
2400766,15,32692
2401013,15,32675
2401258,15,32696
2401509,15,32680
2401785,15,32697
2402036,15,32703
2402285,15,32700
2402531,15,32676
2402780,15,32677
2403026,15,32686
2403275,15,32701
2403523,15,32679
2403770,15,32669
2404018,15,32679
2404265,15,32684
2404515,15,32701
2404763,15,32688
2405011,15,32686
2405257,15,32685
2405508,15,32678
2405784,15,32687
2406035,15,32696
2406281,15,32696
2406529,15,32704
2406776,15,32711
2407024,15,32688
2407272,15,32696
2407522,15,32680
2407770,15,32675
2408018,15,32677
2408268,15,32695
2408517,15,32674
2408762,15,32692
2409009,15,32686
2409260,15,32675
2409538,15,32682
2409787,15,32687
2410032,15,32679
2410282,15,32679
2410531,15,32680
2410775,15,32701
2411028,15,32683
2411271,15,32696
2411521,15,32699
2411766,15,32684
2412015,15,32666
2412264,15,32700
2412513,15,32685
2412762,15,32687
2413011,15,32695
2413260,15,32680
2413535,15,32687
2413783,15,32689
2414032,15,32689
2414279,15,32713
2414529,15,32680
2414773,15,32679
2415024,15,32699
2415269,15,32671
2415521,15,32701
2415767,15,32696
2416015,15,32687
2416263,15,32694
2416514,15,32682
2416762,15,32685
2417010,15,32671
2417287,15,32698
2417535,15,32698
2417784,15,32686
2418031,15,32701
2418278,15,32706
2418524,15,32703
2418774,15,32689
2419025,15,32687
2419267,15,32682
2419519,15,32678
2419765,15,32682
2420014,15,32687
2420263,15,32710
2420511,15,32693
2420761,15,32680
2421007,15,32672
2421287,15,32693
2421532,15,32687
2421783,15,32698
2422030,15,32686
2422280,15,32700
2422524,15,32669
2422775,15,32678
2423022,15,32688
2423271,15,32678
2423517,15,32681
2423766,15,32677
2424014,15,32690
2424262,15,32671
2424512,15,32691
2424757,15,32679
2425037,15,32672
2425288,15,32714
2425533,15,32702
2425780,15,32701
2426031,15,32695
2426277,15,32701
2426524,15,32697
2426774,15,32683
2427023,15,32679
2427270,15,32696
2427516,15,32680
2427763,15,32681
2428015,15,32710
2428262,15,32674
2428511,15,32696
2428759,15,32705
2429038,15,32710
2429285,15,32697
2429533,15,32712
2429778,15,32664
2430030,15,32680
2430277,15,32684
2430524,15,32671
2430773,15,32685
2431016,15,32688
2431268,15,32685
2431517,15,32692
2431766,15,32709
2432012,15,32686
2432258,15,32679
2432512,15,32691
2432788,15,32688
2433036,15,32677
2433282,15,32700
2433533,15,32685
2433779,15,32691
2434025,15,32683
2434274,15,32692
2434523,15,32687
2434774,15,32683
2435020,15,32670
2435268,15,32689
2435512,15,32681
2435764,15,32684
2436009,15,32697
2436260,15,32693
2436506,15,32679
2436786,15,32678
2437033,15,32677
2437284,15,32669
2437531,15,32706
2437779,15,32707
2438027,15,32697
2438276,15,32669
2438523,15,32699
2438769,15,32697
2439020,15,32684
2439267,15,32709
2439514,15,32674
2439762,15,32696
2440010,15,32685
2440259,15,32701
2440537,15,32670
2440786,15,32696
2441032,15,32676
2441279,15,32689
2441529,15,32684
2441775,15,32692
2442027,15,32691
2442270,15,32686
2442521,15,32702
2442769,15,32686
2443017,15,32683
2443266,15,32681
2443515,15,32689
2443762,15,32670
2444009,15,32691
2444255,15,32693
2444534,15,32705
2444781,15,32692
2445034,15,32692
2445279,15,32687
2445525,15,32713
2445774,15,32675
2446025,15,32672
2446270,15,32704
2446520,15,32687
2446767,15,32702
2447017,15,32705
2447262,15,32706
2447514,15,32698
2447759,15,32701
2448007,15,32672
2448287,15,32704
2448534,15,32678
2448782,15,32689
2449030,15,32681
2449279,15,32692
2449526,15,32666
2449773,15,32691
2450022,15,32685
2450271,15,32686
2450518,15,32695
2450768,15,32699
2451013,15,32681
2451265,15,32672
2451512,15,32680
2451759,15,32684
2452007,15,32684
2452286,15,32690
2452535,15,32686
2452779,15,32687
2453031,15,32702
2453277,15,32694
2453524,15,32687
2453775,15,32700
2454020,15,32668
2454272,15,32696
2454519,15,32668
2454766,15,32685
2455015,15,32700
2455262,15,32688
2455509,15,32700
2455759,15,32678
2456039,15,32699
2456284,15,32693
2456532,15,32662
2456780,15,32697
2457029,15,32684
2457278,15,32694
2457526,15,32684
2457774,15,32685
2458019,15,32690
2458269,15,32696
2458516,15,32665
2458766,15,32664
2459014,15,32692
2459259,15,32678
2459511,15,32711
2459756,15,32672
2460037,15,32678
2460284,15,32689
2460536,15,32677
2460778,15,32699
2461028,15,32687
2461274,15,32687
2461526,15,32710
2461775,15,32692
2462018,15,32679
2462271,15,32687
2462515,15,32676
2462761,15,32708
2463010,15,32687
2463262,15,32687
2463509,15,32696
2463788,15,32704
2464036,15,32698
2464281,15,32687
2464532,15,32691
2464779,15,32692
2465029,15,32685
2465275,15,32684
2465523,15,32694
2465771,15,32678
2466018,15,32702
2466268,15,32686
2466512,15,32706
2466767,15,32704
2467010,15,32693
2467258,15,32706
2467510,15,32685
2467787,15,32674
2468035,15,32682
2468282,15,32702
2468528,15,32682
2468775,15,32693
2469027,15,32694
2469273,15,32694
2469523,15,32680
2469771,15,32691
2470018,15,32685
2470268,15,32659
2470515,15,32681
2470759,15,32701
2471011,15,32692
2471257,15,32707
2471538,15,32669
2471784,15,32688
2472034,15,32707
2472282,15,32669
2472530,15,32689
2472775,15,32673
2473022,15,32661
2473272,15,32695
2473522,15,32681
2473768,15,32686
2474018,15,32683
2474267,15,32683
2474513,15,32682
2474762,15,32664
2475011,15,32676
2475258,15,32704
2475535,15,32692
2475784,15,32667
2476034,15,32665
2476281,15,32677
2476529,15,32680
2476779,15,32721
2477024,15,32686
2477956,15,32696
2478232,15,32675
2478482,15,32685
2478729,15,32673
2478977,15,32691
2479224,15,32692
2479474,15,32693
2479720,15,32691
2479968,15,32676
2480217,15,32670
2480468,15,32695
2480714,15,32691
2480959,15,32701
2481212,15,32682
2481456,15,32682
2481737,15,32688
2481986,15,32681
2482234,15,32687
2482479,15,32693
2482729,15,32674
2482978,15,32689
2483226,15,32705
2483469,15,32675
2483719,15,32688
2483970,15,32690
2484217,15,32694
2484462,15,32704
2484710,15,32692
2484961,15,32698
2485209,15,32690
2485455,15,32674
2485736,15,32710
2485982,15,32676
2486232,15,32669
2486482,15,32709
2486727,15,32683
2486977,15,32686
2487223,15,32683
2487472,15,32693
2487717,15,32684
2487968,15,32676
2488213,15,32690
2488464,15,32697
2488712,15,32678
2488959,15,32698
2489205,15,32690
2489484,15,32669
2489733,15,32694
2489982,15,32686
2490230,15,32675
2490479,15,32691
2490726,15,32713
2490974,15,32694
2491219,15,32695
2491469,15,32690
2491717,15,32704
2491965,15,32687
2492213,15,32694
2492461,15,32686
2492708,15,32674
2492959,15,32706
2493206,15,32676
2493484,15,32689
2493733,15,32721
2493980,15,32696
2494228,15,32692
2494475,15,32699
2494724,15,32699
2494973,15,32691
2495218,15,32685
2495469,15,32691
2495720,15,32673
2495966,15,32699
2496214,15,32695
2496458,15,32669
2496707,15,32691
2496958,15,32682
2497238,15,32697
2497486,15,32676
2497730,15,32698
2497975,15,32688
2498228,15,32676
2498475,15,32693
2498723,15,32694
2498973,15,32693
2499219,15,32700
2499467,15,32680
2499715,15,32684
2499961,15,32676
2500213,15,32675
2500457,15,32690
2500710,15,32683
2500957,15,32693
2501235,15,32688
2501484,15,32683
2501733,15,32711
2501978,15,32702
2502229,15,32670
2502475,15,32717
2502724,15,32691
2502971,15,32691
2503219,15,32683
2503464,15,32699
2503715,15,32699
2503959,15,32688
2504214,15,32703
2504461,15,32696
2504706,15,32697
2504985,15,32708
2505234,15,32711
2505483,15,32689
2505731,15,32697
2505979,15,32696
2506227,15,32682
2506473,15,32678
2506723,15,32696
2506970,15,32669
2507216,15,32673
2507465,15,32672
2507715,15,32691
2507962,15,32693
2508210,15,32688
2508459,15,32698
2508706,15,32693
2508984,15,32692
2509231,15,32689
2509483,15,32704
2509729,15,32669
2509979,15,32704
2510226,15,32692
2510472,15,32676
2510725,15,32684
2510969,15,32682
2511216,15,32698
2511467,15,32690
2511714,15,32690
2511963,15,32684
2512208,15,32712
2512456,15,32692
2512735,15,32670
2512985,15,32706
2513233,15,32682
2513480,15,32684
2513727,15,32693
2513974,15,32674
2514224,15,32684
2514471,15,32716
2514718,15,32694
2514970,15,32703
2515215,15,32705
2515464,15,32684
2515713,15,32680
2515960,15,32682
2516207,15,32699
2516456,15,32692
2516732,15,32683
2516982,15,32692
2517231,15,32677
2517480,15,32688
2517727,15,32678
2517976,15,32671
2518224,15,32698
2518472,15,32691
2518719,15,32673
2518968,15,32692
2519215,15,32706
2519460,15,32697
2519709,15,32696
2519956,15,32687
2520207,15,32673
2520487,15,32698
2520733,15,32685
2520983,15,32708
2521231,15,32697
2521475,15,32694
2521727,15,32687
2521975,15,32687
2522222,15,32679
2522468,15,32663
2522722,15,32690
2522967,15,32695
2523215,15,32700
2523461,15,32702
2523711,15,32700
2523958,15,32664
2524208,15,32693
2524487,15,32706
2524734,15,32706
2524981,15,32697
2525225,15,32689
2525477,15,32711
2525724,15,32689
2525975,15,32688
2526219,15,32704
2526466,15,32703
2526717,15,32702
2526965,15,32712
2527214,15,32693
2527462,15,32684
2527707,15,32690
2527953,15,32709
2528234,15,32679
2528484,15,32673
2528729,15,32693
2528981,15,32714
2529228,15,32680
2529478,15,32691
2529724,15,32700
2529973,15,32688
2530220,15,32693
2530469,15,32676
2530713,15,32704
2530961,15,32706
2531213,15,32685
2531459,15,32709
2531708,15,32699
2531958,15,32707
2532235,15,32694
2532483,15,32687
2532730,15,32679
2532978,15,32681
2533227,15,32690
2533480,15,32681
2533720,15,32676
2533972,15,32676
2534219,15,32696
2534465,15,32698
2534715,15,32700
2534962,15,32680
2535210,15,32698
2535458,15,32700
2535708,15,32701
2535989,15,32662
2536235,15,32666
2536482,15,32689
2536731,15,32690
2536978,15,32684
2537224,15,32699
2537475,15,32681
2537719,15,32676
2537970,15,32682
2538217,15,32686
2538465,15,32700
2538714,15,32706
2538959,15,32685
2539212,15,32693
2539460,15,32693
2539705,15,32674
2539985,15,32682
2540232,15,32682
2540481,15,32684
2540729,15,32685
2540980,15,32687
2541224,15,32695
2541468,15,32687
2541719,15,32671
2541967,15,32680
2542216,15,32676
2542464,15,32684
2542712,15,32667
2542963,15,32708
2543207,15,32690
2543456,15,32691
2543735,15,32686
2543984,15,32685
2544233,15,32679
2544481,15,32687
2544726,15,32683
2544974,15,32686
2545224,15,32694
2545473,15,32697
2545722,15,32696
2545967,15,32692
2546219,15,32694
2546464,15,32682
2546715,15,32686
2546960,15,32691
2547208,15,32682
2547457,15,32667
2547738,15,32707
2547983,15,32694
2548229,15,32689
2548479,15,32657
2548728,15,32700
2548978,15,32689
2549224,15,32688
2549469,15,32703
2549718,15,32676
2549968,15,32679
2550214,15,32710
2550460,15,32703
2550711,15,32697
2550959,15,32708
2551205,15,32689
2551485,15,32680
2551734,15,32689
2551984,15,32704
2552231,15,32685
2552480,15,32685
2552727,15,32689
2552973,15,32708
2553221,15,32687
2553470,15,32685
2553719,15,32693
2553966,15,32673
2554215,15,32673
2554460,15,32687
2554712,15,32669
2554958,15,32680
2555204,15,32682
2555485,15,32699
2555731,15,32709
2555984,15,32655
2556228,15,32702
2556474,15,32696
2556727,15,32695
2556972,15,32691
2557222,15,32686
2557469,15,32706
2557718,15,32684
2557964,15,32679
2558213,15,32700
2558461,15,32700
2558710,15,32666
2558954,15,32684
2559237,15,32673
2559485,15,32690
2559733,15,32680
2559980,15,32686
2560226,15,32678
2560476,15,32704
2560726,15,32679
2560971,15,32692
2561221,15,32693
2561468,15,32713
2561716,15,32699
2561965,15,32701
2562211,15,32693
2562458,15,32692
2562708,15,32677
2562956,15,32692
2563237,15,32693
2563483,15,32702
2563730,15,32687
2563977,15,32698
2564225,15,32677
2564477,15,32686
2564723,15,32694
2564971,15,32714
2565218,15,32678
2565467,15,32684
2565716,15,32693
2565964,15,32706
2566210,15,32681
2566458,15,32706
2566706,15,32697
2566987,15,32685
2567233,15,32693
2567483,15,32682
2567729,15,32688
2567980,15,32702
2568227,15,32688
2568472,15,32696
2568720,15,32691
2568969,15,32670
2569216,15,32673
2569468,15,32701
2569713,15,32697
2569960,15,32689
2570210,15,32680
2570457,15,32693
2570706,15,32690
2570984,15,32712
2571232,15,32701
2571481,15,32677
2571728,15,32681
2571976,15,32687
2572225,15,32688
2572474,15,32674
2572720,15,32684
2572971,15,32675
2573217,15,32676
2573466,15,32681
2573715,15,32666
2573962,15,32695
2574210,15,32699
2574458,15,32685
2574741,15,32690
2574983,15,32704
2575231,15,32676
2575482,15,32703
2575728,15,32683
2575978,15,32681
2576223,15,32691
2576472,15,32692
2576720,15,32689
2576968,15,32693
2577212,15,32695
2577464,15,32669
2577712,15,32693
2577961,15,32684
2578209,15,32695
2578454,15,32660
2578735,15,32686
2578982,15,32680
2579232,15,32688
2579479,15,32695
2579728,15,32692
2579973,15,32682
2580225,15,32706
2580474,15,32697
2580720,15,32677
2580968,15,32686
2581213,15,32692
2581465,15,32688
2581713,15,32684
2581960,15,32679
2582206,15,32671
2582486,15,32670
2582734,15,32701
2582983,15,32666
2583228,15,32670
2583478,15,32675
2583728,15,32689
2583972,15,32701
2584219,15,32683
2584470,15,32690
2584719,15,32689
2584966,15,32693
2585214,15,32700
2585461,15,32692
2585710,15,32689
2585960,15,32676
2586206,15,32698
2586486,15,32701
2586732,15,32694
2586979,15,32685
2587233,15,32692
2587477,15,32676
2587726,15,32650
2587973,15,32694
2588222,15,32670
2588468,15,32683
2588712,15,32691
2588965,15,32671
2589215,15,32674
2589460,15,32688
2589709,15,32692
2589956,15,32697
2590236,15,32670
2590485,15,32673
2590730,15,32688
2590981,15,32696
2591227,15,32677
2591475,15,32672
2591725,15,32688
2591973,15,32688
2592220,15,32711
2592469,15,32681
2592715,15,32702
2592964,15,32685
2593214,15,32662
2593458,15,32695
2593709,15,32678
2593957,15,32678
2594237,15,32692
2594481,15,32678
2594729,15,32693
2594977,15,32691
2595227,15,32691
2595472,15,32691
2595723,15,32714
2595969,15,32680
2596219,15,32706
2596468,15,32699
2596716,15,32706
2596965,15,32691
2597212,15,32687
2597458,15,32701
2597706,15,32707
2597985,15,32676
2598232,15,32684
2598482,15,32695
2598729,15,32692
2598980,15,32678
2599227,15,32680
2599475,15,32696
2599723,15,32697
2599970,15,32685
2600219,15,32681
2600466,15,32685
2600713,15,32673
2600962,15,32708
2601207,15,32683
2601459,15,32685
2601703,15,32682
2601986,15,32678
2602231,15,32706
2602483,15,32685
2602729,15,32685
2602978,15,32681
2603224,15,32696
2603476,15,32705
2603718,15,32696
2603970,15,32684
2604217,15,32687
2604467,15,32677
2604714,15,32705
2604960,15,32691
2605211,15,32716
2605457,15,32700
2605733,15,32668
2605984,15,32701
2606233,15,32690
2606483,15,32708
2606727,15,32688
2606976,15,32689
2607224,15,32688
2607473,15,32683
2607716,15,32680
2607967,15,32695
2608214,15,32665
2608462,15,32677
2608714,15,32697
2608959,15,32692
2609207,15,32697
2609455,15,32696
2609735,15,32708
2609984,15,32704
2610232,15,32696
2610480,15,32695
2610727,15,32706
2610974,15,32692
2611222,15,32687
2611473,15,32684
2611716,15,32689
2611968,15,32668
2612215,15,32683
2612464,15,32686
2612711,15,32693
2612961,15,32687
2613207,15,32694
2613484,15,32682
2613736,15,32692
2613983,15,32690
2614231,15,32681
2614478,15,32692
2614727,15,32673
2614972,15,32690
2615222,15,32692
2615472,15,32674
2615718,15,32696
2615964,15,32698
2616215,15,32702
2616462,15,32692
2616709,15,32684
2616958,15,32709
2617207,15,32695
2617485,15,32682
2617732,15,32664
2617979,15,32681
2618229,15,32682
2618480,15,32698
2618722,15,32674
2618973,15,32681
2619223,15,32683
2619469,15,32683
2619714,15,32681
2619964,15,32691
2620213,15,32708
2620461,15,32683
2620709,15,32689
2620955,15,32700
2621238,15,32692
2621483,15,32695
2621733,15,32702
2621979,15,32680
2622226,15,32695
2622475,15,32685
2622724,15,32679
2622974,15,32692
2623219,15,32674
2623469,15,32691
2623717,15,32669
2623962,15,32689
2624212,15,32670
2624462,15,32700
2624707,15,32693
2624956,15,32694
2625233,15,32701
2625483,15,32706
2625732,15,32674
2625979,15,32700
2626230,15,32685
2626474,15,32688
2626725,15,32691
2626971,15,32677
2627218,15,32681
2627465,15,32719
2627715,15,32677
2627965,15,32673
2628212,15,32696
2628461,15,32687
2628705,15,32698
2628985,15,32679
2629232,15,32702
2629482,15,32695
2629727,15,32684
2629977,15,32697
2630225,15,32708
2630475,15,32689
2630724,15,32688
2630969,15,32681
2631219,15,32705
2631467,15,32670
2631712,15,32686
2631963,15,32677
2632209,15,32688
2632457,15,32680
2632708,15,32672
2632985,15,32702
2633236,15,32689
2633480,15,32692
2633727,15,32682
2633978,15,32683
2634225,15,32699
2634475,15,32684
2634722,15,32684
2634967,15,32687
2635221,15,32678
2635462,15,32690
2635712,15,32693
2635963,15,32678
2636209,15,32677
2636457,15,32695
2636738,15,32680
2636982,15,32694
2637233,15,32694
2637481,15,32701
2637729,15,32687
2637975,15,32671
2638224,15,32671
2638469,15,32693
2638722,15,32694
2638967,15,32698
2639217,15,32685
2639463,15,32693
2639710,15,32701
2639963,15,32694
2640208,15,32714
2640456,15,32677
2640736,15,32688
2640984,15,32688
2641232,15,32697
2641478,15,32705
2641728,15,32671
2641974,15,32681
2642227,15,32680
2642468,15,32702
2642717,15,32685
2642967,15,32684
2643215,15,32695
2643465,15,32685
2643711,15,32697
2643960,15,32696
2644207,15,32694
2644487,15,32702
2644734,15,32697
2644981,15,32694
2645230,15,32691
2645478,15,32700
2645726,15,32663
2645974,15,32693
2646222,15,32703
2646470,15,32688
2646718,15,32684
2646966,15,32683
2647213,15,32667
2647462,15,32694
2647709,15,32677
2647956,15,32688
2648207,15,32666
2648485,15,32702
2648733,15,32697
2648982,15,32676
2649228,15,32687
2649475,15,32678
2649725,15,32707
2649973,15,32683
2650221,15,32672
2650471,15,32692
2650719,15,32691
2650967,15,32684
2651213,15,32695
2651463,15,32697
2651710,15,32715
2651960,15,32705
2652235,15,32685
2652485,15,32680
2652734,15,32688
2652980,15,32702
2653230,15,32694
2653480,15,32696
2653725,15,32701
2653969,15,32706
2654219,15,32698
2654466,15,32685
2654716,15,32697
2654963,15,32687
2655211,15,32675
2655459,15,32683
2655708,15,32683
2655956,15,32679
2656235,15,32690
2656484,15,32696
2656731,15,32667
2656978,15,32709
2657226,15,32687
2657476,15,32686
2657722,15,32682
2657969,15,32682
2658219,15,32695
2658466,15,32687
2658716,15,32683
2658965,15,32688
2659211,15,32687
2659459,15,32689
2659706,15,32677
2659986,15,32709
2660237,15,32687
2660485,15,32686
2660731,15,32689
2660977,15,32696
2661225,15,32704
2661474,15,32696
2661720,15,32694
2661969,15,32715
2662219,15,32684
2662467,15,32673
2662713,15,32694
2662961,15,32694
2663213,15,32672
2663457,15,32680
2663707,15,32664
2663984,15,32683
2664233,15,32687
2664481,15,32685
2664728,15,32675
2664980,15,32698
2665226,15,32697
2665476,15,32709
2665721,15,32673
2665968,15,32698
2666217,15,32684
2666464,15,32679
2666712,15,32685
2666960,15,32684
2667210,15,32694
2667458,15,32700
2667734,15,32686
2667985,15,32720
2668234,15,32685
2668483,15,32673
2668728,15,32706
2668978,15,32704
2669225,15,32690
2669471,15,32681
2669720,15,32693
2669969,15,32708
2670219,15,32678
2670464,15,32691
2670709,15,32697
2670962,15,32683
2671208,15,32690
2671458,15,32684
2671735,15,32689
2671983,15,32675
2672233,15,32687
2672478,15,32683
2672727,15,32683
2672975,15,32687
2673224,15,32699
2673472,15,32710
2673719,15,32680
2673967,15,32679
2674216,15,32687
2674462,15,32695
2674710,15,32684
2674957,15,32677
2675207,15,32689
2675488,15,32688
2675733,15,32699
2675982,15,32691
2676228,15,32686
2676477,15,32692
2676728,15,32685
2676975,15,32696
2677223,15,32671
2677471,15,32686
2677719,15,32688
2677970,15,32696
2678214,15,32689
2678460,15,32685
2678710,15,32679
2678960,15,32690
2679203,15,32690
2679486,15,32695
2679732,15,32702
2679982,15,32685
2680226,15,32687
2680477,15,32673
2680725,15,32693
2680974,15,32682
2681219,15,32676
2681469,15,32682
2681718,15,32693
2681967,15,32680
2682213,15,32697
2682458,15,32693
2682704,15,32690
2682957,15,32670
2683236,15,32680
2683485,15,32681
2683730,15,32685
2683981,15,32686
2684229,15,32690
2684475,15,32696
2684722,15,32695
2684970,15,32683
2685222,15,32678
2685468,15,32687
2685715,15,32705
2685962,15,32685
2686213,15,32690
2686461,15,32687
2686706,15,32692
2686958,15,32684
2687236,15,32685
2687481,15,32694
2687730,15,32700
2687977,15,32690
2688227,15,32669
2688476,15,32692
2688723,15,32692
2688972,15,32700
2689218,15,32707
2689467,15,32679
2689716,15,32679
2689965,15,32689
2690211,15,32690
2690459,15,32694
2690708,15,32699
2690983,15,32688
2691235,15,32695
2691480,15,32686
2691732,15,32695
2691978,15,32692
2692226,15,32670
2692475,15,32698
2692722,15,32695
2692973,15,32704
2693220,15,32684
2693463,15,32685
2693715,15,32701
2693961,15,32699
2694210,15,32665
2694455,15,32675
2694706,15,32683
2694984,15,32701
2695233,15,32680
2695482,15,32711
2695727,15,32681
2695980,15,32685
2696225,15,32690
2696473,15,32685
2696723,15,32679
2696970,15,32680
2697216,15,32703
2697466,15,32693
2697713,15,32679
2697959,15,32710
2698208,15,32681
2698457,15,32695
2698735,15,32685
2698982,15,32681
2699234,15,32683
2699483,15,32698
2699728,15,32700
2699976,15,32685
2700224,15,32679
2700472,15,32687
2700721,15,32695
2700969,15,32705
2701215,15,32686
2701463,15,32697
2701712,15,32691
2701959,15,32678
2702208,15,32698
2702456,15,32689
2702734,15,32689
2702982,15,32683
2703231,15,32677
2703481,15,32685
2703728,15,32678
2703975,15,32707
2704226,15,32676
2704469,15,32686
2704721,15,32692
2704968,15,32674
2705216,15,32690
2705464,15,32685
2705713,15,32677
2705960,15,32682
2706208,15,32691
2706486,15,32679
2706734,15,32688
2706981,15,32685
2707229,15,32690
2707477,15,32689
2707724,15,32690
2707976,15,32711
2708225,15,32685
2708471,15,32703
2708718,15,32691
2708967,15,32679
2709213,15,32678
2709462,15,32684
2709712,15,32689
2709957,15,32690
2710208,15,32691
2710484,15,32703
2710733,15,32688
2710983,15,32686
2711227,15,32691
2711480,15,32693
2711725,15,32682
2711972,15,32675
2712222,15,32684
2712467,15,32686
2712715,15,32689
2712964,15,32675
2713214,15,32695
2713462,15,32674
2713708,15,32697
2713955,15,32684
2714236,15,32696
2714484,15,32689
2714733,15,32687
2714979,15,32701
2715227,15,32698
2715477,15,32712
2715724,15,32697
2715970,15,32689
2716219,15,32670
2716468,15,32691
2716716,15,32682
2716964,15,32692
2717214,15,32690
2717460,15,32699
2717707,15,32691
2717956,15,32682
2718234,15,32671
2718486,15,32674
2718732,15,32667
2718978,15,32691
2719227,15,32682
2719473,15,32690
2719722,15,32681
2719972,15,32699
2720217,15,32694
2720469,15,32699
2720717,15,32705
2720962,15,32703
2721209,15,32687
2721460,15,32688
2721708,15,32677
2721988,15,32685
2722233,15,32713
2722484,15,32674
2722730,15,32701
2722976,15,32691
2723227,15,32681
2723474,15,32689
2723722,15,32697
2723970,15,32674
2724218,15,32695
2724465,15,32681
2724710,15,32702
2724964,15,32688
2725211,15,32686
2725458,15,32680
2725706,15,32686
2725984,15,32710
2726232,15,32707
2726479,15,32683
2726730,15,32690
2726978,15,32688
2727226,15,32691
2727476,15,32678
2727720,15,32695
2727969,15,32702
2728217,15,32696
2728465,15,32690
2728713,15,32700
2728960,15,32684
2729209,15,32712
2729457,15,32664
2729733,15,32681
2729982,15,32693
2730231,15,32698
2730478,15,32678
2730727,15,32666
2730976,15,32670
2731226,15,32683
2731472,15,32693
2731720,15,32701
2731969,15,32673
2732216,15,32682
2732466,15,32688
2732713,15,32700
2732959,15,32682
2733207,15,32692
2733460,15,32682
2733736,15,32683
2733981,15,32694
2734233,15,32696
2734481,15,32669
2734726,15,32681
2734973,15,32696
2735223,15,32675
2735470,15,32680
2735719,15,32700
2735967,15,32678
2736216,15,32690
2736462,15,32699
2736712,15,32686
2736958,15,32663
2737207,15,32695
2737488,15,32687
2737734,15,32705
2737981,15,32706
2738228,15,32700
2738476,15,32685
2738727,15,32691
2738973,15,32692
2739222,15,32689
2739471,15,32685
2739721,15,32685
2739965,15,32705
2740215,15,32705
2740462,15,32706
2740709,15,32679
2740956,15,32682
2741206,15,32690
2741486,15,32682
2741730,15,32670
2741982,15,32673
2742231,15,32677
2742477,15,32680
2742726,15,32687
2742974,15,32686
2743220,15,32684
2743466,15,32682
2743716,15,32680
2743965,15,32713
2744213,15,32668
2744463,15,32686
2744709,15,32677
2744958,15,32679
2745236,15,32709
2745486,15,32683
2745730,15,32691
2745981,15,32681
2746227,15,32688
2746475,15,32708
2746723,15,32680
2746974,15,32699
2747219,15,32688
2747468,15,32693
2747719,15,32686
2747965,15,32687
2748210,15,32730
2748460,15,32683
2748709,15,32679
2748956,15,32694
2749235,15,32686
2749484,15,32701
2749731,15,32689
2749978,15,32703
2750226,15,32680
2750475,15,32697
2750722,15,32679
2750972,15,32697
2751219,15,32683
2751467,15,32694
2751716,15,32685
2751962,15,32665
2752212,15,32698
2752461,15,32677
2752706,15,32675
2752985,15,32683
2753233,15,32710
2753482,15,32694
2753729,15,32696
2753981,15,32694
2754227,15,32699
2754475,15,32691
2754723,15,32683
2754968,15,32683
2755216,15,32691
2755468,15,32697
2755714,15,32685
2755960,15,32696
2756210,15,32673
2756461,15,32666
2756706,15,32697
2756986,15,32685
2757232,15,32702
2757479,15,32680
2757730,15,32688
2757975,15,32678
2758225,15,32683
2758476,15,32689
2758722,15,32676
2758968,15,32689
2759218,15,32713
2759466,15,32674
2759713,15,32689
2759963,15,32682
2760210,15,32687
2760458,15,32689
2760735,15,32698
2760985,15,32687
2761233,15,32682
2761479,15,32696
2761729,15,32680
2761976,15,32682
2762227,15,32684
2762471,15,32704
2762720,15,32690
2762967,15,32693
2763213,15,32672
2763464,15,32718
2763712,15,32681
2763957,15,32710
2764209,15,32686
2764456,15,32684
2764735,15,32689
2764983,15,32685
2765232,15,32690
2765479,15,32689
2765727,15,32698
2765974,15,32690
2766222,15,32681
2766472,15,32685
2766718,15,32684
2766968,15,32704
2767214,15,32695
2767462,15,32701
2767711,15,32674
2767961,15,32675
2768207,15,32660
2768488,15,32693
2768734,15,32689
2768981,15,32684
2769233,15,32682
2769480,15,32686
2769729,15,32692
2769975,15,32683
2770223,15,32679
2770469,15,32702
2770718,15,32682
2770967,15,32701
2771215,15,32700
2771463,15,32709
2771710,15,32672
2771957,15,32675
2772207,15,32663
2772482,15,32677
2772733,15,32685
2772981,15,32699
2773228,15,32711
2773476,15,32696
2773725,15,32685
2773971,15,32674
2774218,15,32682
2774469,15,32705
2774715,15,32672
2774964,15,32673
2775216,15,32690
2775462,15,32705
2775710,15,32684
2775956,15,32683
2776235,15,32675
2776485,15,32689
2776732,15,32700
2776980,15,32694
2777229,15,32725
2777476,15,32687
2777721,15,32667
2777968,15,32693
2778221,15,32672
2778470,15,32682
2778720,15,32695
2778962,15,32679
2779215,15,32700
2779459,15,32688
2779707,15,32683
2779957,15,32689
2780235,15,32683
2780484,15,32673
2780729,15,32674
2780975,15,32683
2781228,15,32703
2781477,15,32679
2781722,15,32686
2781971,15,32700
2782216,15,32699
2782466,15,32677
2782714,15,32684
2782963,15,32680
2783210,15,32701
2783458,15,32663
2783707,15,32696
2783984,15,32692
2784236,15,32695
2784483,15,32711
2784732,15,32670
2784981,15,32700
2785225,15,32678
2785474,15,32676
2785721,15,32693
2785972,15,32686
2786218,15,32691
2786465,15,32696
2786712,15,32699
2786963,15,32697
2787209,15,32687
2787459,15,32685
2787708,15,32675
2787984,15,32680
2788233,15,32686
2788481,15,32693
2788728,15,32684
2788976,15,32683
2789226,15,32680
2789474,15,32692
2789723,15,32687
2789969,15,32696
2790216,15,32717
2790466,15,32706
2790712,15,32685
2790962,15,32688
2791208,15,32695
2791457,15,32694
2791733,15,32690
2791983,15,32678
2792234,15,32696
2792481,15,32676
2792730,15,32679
2792977,15,32677
2793225,15,32681
2793471,15,32663
2793718,15,32689
2793967,15,32678
2794214,15,32687
2794463,15,32670
2794712,15,32671
2794960,15,32694
2795208,15,32696
2795457,15,32673
2795735,15,32688
2795981,15,32671
2796234,15,32688
2796479,15,32691
2796726,15,32679
2796975,15,32682
2797223,15,32682
2797471,15,32679
2797721,15,32690
2797967,15,32690
2798216,15,32699
2798465,15,32682
2798712,15,32689
2798959,15,32683
2799205,15,32682
2799487,15,32702
2799732,15,32693
2799983,15,32699
2800231,15,32695
2800479,15,32669
2800725,15,32685
2800974,15,32683
2801219,15,32676
2801471,15,32695
2801718,15,32700
2801968,15,32701
2802214,15,32695
2802462,15,32687
2802711,15,32695
2802956,15,32687
2803206,15,32691
2803485,15,32677
2803735,15,32691
2803978,15,32686
2804227,15,32695
2804479,15,32690
2804725,15,32700
2804974,15,32697
2805221,15,32678
2805468,15,32678
2805715,15,32692
2805964,15,32692
2806213,15,32678
2806462,15,32692
2806710,15,32683
2806957,15,32717
2807236,15,32694
2807487,15,32683
2807735,15,32676
2807980,15,32676
2808229,15,32705
2808476,15,32686
2808724,15,32671
2808972,15,32678
2809219,15,32694
2809468,15,32702
2809715,15,32680
2809964,15,32678
2810214,15,32695
2810461,15,32685
2810707,15,32695
2810954,15,32685
2811234,15,32680
2811481,15,32700
2811728,15,32693
2811980,15,32694
2812227,15,32685
2812475,15,32705
2812725,15,32700
2812969,15,32664
2813220,15,32683
2813469,15,32686
2813717,15,32664
2813965,15,32696
2814211,15,32700
2814461,15,32685
2814707,15,32698
2814985,15,32670
2815236,15,32691
2815482,15,32681
2815731,15,32693
2815977,15,32681
2816223,15,32681
2816472,15,32710
2816722,15,32682
2816970,15,32703
2817216,15,32691
2817466,15,32680
2817716,15,32708
2817964,15,32708
2818211,15,32668
2818458,15,32689
2818704,15,32686
2818982,15,32699
2819234,15,32681
2819479,15,32706
2819726,15,32701
2819978,15,32685
2820224,15,32693
2820471,15,32692
2820722,15,32678
2820968,15,32682
2821219,15,32687
2821466,15,32668
2821710,15,32673
2821964,15,32679
2822210,15,32663
2822458,15,32673
2822735,15,32689
2822982,15,32682
2823232,15,32683
2823482,15,32682
2823729,15,32685
2823973,15,32679
2824225,15,32684
2824473,15,32678
2824721,15,32670
2824967,15,32688
2825218,15,32700
2825465,15,32685
2825714,15,32693
2825962,15,32701
2826207,15,32667
2826455,15,32683
2826734,15,32695
2826982,15,32684
2827231,15,32699
2827479,15,32692
2827727,15,32691
2827978,15,32671
2828223,15,32678
2828469,15,32695
2828720,15,32691
2828967,15,32670
2829212,15,32700
2829463,15,32674
2829711,15,32679
2829960,15,32666
2830208,15,32693
2830486,15,32685
2830736,15,32697
2830983,15,32676
2831231,15,32689
2831477,15,32676
2831726,15,32706
2831972,15,32678
2832221,15,32673
2832473,15,32724
2832718,15,32691
2832965,15,32670
2833215,15,32679
2833461,15,32679
2833711,15,32687
2833956,15,32704
2834205,15,32687
2834482,15,32704
2834734,15,32683
2834980,15,32695
2835230,15,32698
2835476,15,32687
2835726,15,32712
2835971,15,32687
2836219,15,32681
2836468,15,32712
2836718,15,32703
2836961,15,32686
2837213,15,32673
2837462,15,32665
2837711,15,32661
2837958,15,32671
2838235,15,32677
2838484,15,32677
2838734,15,32669
2838980,15,32685
2839227,15,32680
2839474,15,32711
2839725,15,32692
2839972,15,32700
2840221,15,32688
2840469,15,32716
2840713,15,32677
2840963,15,32691
2841212,15,32662
2841457,15,32690
2841707,15,32684
2841957,15,32706
2842237,15,32687
2842482,15,32697
2842732,15,32687
2842979,15,32670
2843229,15,32693
2843474,15,32692
2843722,15,32684
2843972,15,32687
2844220,15,32704
2844467,15,32693
2844716,15,32689
2844966,15,32709
2845212,15,32692
2845460,15,32693
2845707,15,32690
2845985,15,32690
2846235,15,32690
2846481,15,32674
2846728,15,32681
2846978,15,32692
2847227,15,32690
2847473,15,32698
2847722,15,32695
2847970,15,32699
2848221,15,32697
2848467,15,32682
2848713,15,32692
2848965,15,32697
2849210,15,32685
2849458,15,32684
2849705,15,32696
2849984,15,32696
2850233,15,32703
2850483,15,32675
2850727,15,32685
2850978,15,32683
2851223,15,32690
2851472,15,32691
2851721,15,32690
2851968,15,32686
2852217,15,32683
2852466,15,32682
2852713,15,32669
2852961,15,32699
2853209,15,32710
2853457,15,32676
2853738,15,32706
2853983,15,32688
2854230,15,32676
2854480,15,32684
2854728,15,32703
2854976,15,32687
2855220,15,32700
2855473,15,32689
2855721,15,32681
2855966,15,32668
2856215,15,32685
2856462,15,32689
2856710,15,32676
2856960,15,32668
2857209,15,32662
2857456,15,32682
2857732,15,32683
2857983,15,32707
2858231,15,32695
2858477,15,32677
2858728,15,32701
2858976,15,32689
2859223,15,32703
2859471,15,32673
2859718,15,32697
2859969,15,32666
2860217,15,32684
2860461,15,32691
2860711,15,32690
2860956,15,32700
2861204,15,32713
2861484,15,32675
2861737,15,32689
2861982,15,32677
2862231,15,32685
2862475,15,32684
2862726,15,32709
2862977,15,32688
2863222,15,32686
2863468,15,32688
2863718,15,32703
2863966,15,32677
2864214,15,32686
2864460,15,32697
2864712,15,32705
2864961,15,32666
2865206,15,32694
2865486,15,32691
2865731,15,32671
2865980,15,32673
2866229,15,32675
2866477,15,32694
2866725,15,32659
2866974,15,32683
2867220,15,32686
2867468,15,32687
2867715,15,32711
2867963,15,32688
2868213,15,32688
2868462,15,32689
2868711,15,32678
2868958,15,32692
2869236,15,32677
2869485,15,32692
2869732,15,32669
2869978,15,32667
2870229,15,32667
2870478,15,32693
2870721,15,32686
2870972,15,32714
2871218,15,32685
2871468,15,32672
2871715,15,32686
2871964,15,32692
2872211,15,32686
2872462,15,32672
2872708,15,32675
2872956,15,32712
2873235,15,32701
2873482,15,32681
2873731,15,32697
2873978,15,32704
2874228,15,32692
2874473,15,32707
2874722,15,32688
2874971,15,32673
2875219,15,32689
2875466,15,32700
2875716,15,32688
2875965,15,32678
2876214,15,32680
2876460,15,32703
2876710,15,32671
2876986,15,32686
2877234,15,32695
2877481,15,32682
2877729,15,32699
2877979,15,32674
2878227,15,32686
2878476,15,32687
2878723,15,32709
2878971,15,32702
2879217,15,32675
2879464,15,32704
2879711,15,32687
2879964,15,32690
2880210,15,32686
2880458,15,32700
2880706,15,32682
2880984,15,32687
2881232,15,32699
2881480,15,32696
2881729,15,32680
2881975,15,32683
2882224,15,32685
2882473,15,32674
2882722,15,32698
2882968,15,32685
2883215,15,32698
2883465,15,32676
2883712,15,32676
2883959,15,32701
2884210,15,32678
2884459,15,32695
2884738,15,32700
2884983,15,32691
2885232,15,32705
2885483,15,32673
2885727,15,32687
2885975,15,32684
2886223,15,32687
2886470,15,32691
2886720,15,32703
2886968,15,32693
2887215,15,32703
2887462,15,32693
2887711,15,32693
2887960,15,32696
2888210,15,32690
2888457,15,32703
2888738,15,32676
2888981,15,32691
2889231,15,32697
2889479,15,32694
2889729,15,32681
2889976,15,32693
2890223,15,32687
2890470,15,32686
2890718,15,32681
2890967,15,32693
2891216,15,32686
2891463,15,32682
2891712,15,32687
2891960,15,32695
2892207,15,32711
2892483,15,32688
2892733,15,32686
2892981,15,32680
2893229,15,32706
2893479,15,32686
2893726,15,32681
2893974,15,32687
2894222,15,32675
2894469,15,32688
2894719,15,32675
2894967,15,32707
2895214,15,32675
2895463,15,32682
2895711,15,32671
2895955,15,32676
2896207,15,32693
2896484,15,32684
2896734,15,32689
2896981,15,32680
2897231,15,32692
2897475,15,32692
2897726,15,32680
2897975,15,32692
2898222,15,32704
2898467,15,32683
2898715,15,32693
2898965,15,32682
2899211,15,32693
2899461,15,32671
2899707,15,32682
2899957,15,32697
2900236,15,32683
2900482,15,32688
2900733,15,32697
2900979,15,32680
2901229,15,32689
2901475,15,32700
2901726,15,32681
2901973,15,32683
2902218,15,32691
2902466,15,32673
2902716,15,32694
2902964,15,32676
2903213,15,32674
2903461,15,32705
2903709,15,32678
2903956,15,32691
2904236,15,32698
2904484,15,32678
2904731,15,32672
2904980,15,32697
2905224,15,32696
2905475,15,32698
2905721,15,32690
2905969,15,32705
2906222,15,32681
2906468,15,32697
2906718,15,32708
2906962,15,32669
2907212,15,32675
2907461,15,32693
2907708,15,32673
2907987,15,32703
2908237,15,32697
2908483,15,32683
2908731,15,32693
2908976,15,32689
2909228,15,32684
2909474,15,32672
2909722,15,32699
2909971,15,32680
2910217,15,32691
2910463,15,32684
2910715,15,32693
2910962,15,32711
2911208,15,32697
2911459,15,32683
2911706,15,32673
2911983,15,32690
2912233,15,32700
2912481,15,32711
2912732,15,32685
2912976,15,32679
2913224,15,32702
2913471,15,32677
2913720,15,32684
2913971,15,32685
2914217,15,32689
2914467,15,32694
2914713,15,32682
2914963,15,32684
2915206,15,32695
2915458,15,32705
2915738,15,32668
2915983,15,32692
2916233,15,32675
2916480,15,32685
2916729,15,32676
2916976,15,32657
2917224,15,32685
2917472,15,32686
2917719,15,32704
2917968,15,32678
2918218,15,32664
2918467,15,32710
2918712,15,32683
2918958,15,32693
2919210,15,32683
2919457,15,32680
2919737,15,32689
2919985,15,32689
2920232,15,32692
2920479,15,32671
2920726,15,32703
2920977,15,32678
2921227,15,32707
2921472,15,32693
2921717,15,32674
2921968,15,32682
2922215,15,32673
2922464,15,32694
2922709,15,32680
2922959,15,32685
2923208,15,32682
2923488,15,32703
2923735,15,32700
2923983,15,32671
2924229,15,32674
2924478,15,32704
2924725,15,32693
2924974,15,32677
2925224,15,32677
2925470,15,32698
2925719,15,32685
2925966,15,32695
2926214,15,32683
2926462,15,32688
2926709,15,32692
2926957,15,32701
2927207,15,32674
2927488,15,32699
2927734,15,32687
2927983,15,32682
2928229,15,32664
2928479,15,32689
2928726,15,32677
2928971,15,32719
2929222,15,32686
2929467,15,32699
2929718,15,32695
2929965,15,32686
2930211,15,32687
2930463,15,32699
2930707,15,32672
2930957,15,32694
2931235,15,32683
2931481,15,32701
2931732,15,32669
2931981,15,32682
2932226,15,32683
2932474,15,32690
2932726,15,32680
2932973,15,32678
2933219,15,32673
2933470,15,32676
2933716,15,32688
2933963,15,32701
2934213,15,32669
2934459,15,32696
2934707,15,32702
2934955,15,32674
2935235,15,32676
2935482,15,32681
2935730,15,32695
2935977,15,32711
2936228,15,32702
2936475,15,32672
2936725,15,32686
2936970,15,32696
2937218,15,32713
2937468,15,32686
2937713,15,32668
2937962,15,32716
2938210,15,32671
2938459,15,32687
2938708,15,32659
2938986,15,32687
2939237,15,32701
2939486,15,32691
2939730,15,32676
2939980,15,32668
2940224,15,32698
2940475,15,32703
2940721,15,32716
2940971,15,32698
2941219,15,32687
2941470,15,32677
2941715,15,32684
2941962,15,32673
2942210,15,32684
2942460,15,32668
2942704,15,32673
2942986,15,32685
2943230,15,32667
2943478,15,32692
2943729,15,32685
2943976,15,32685
2944225,15,32684
2944473,15,32693
2944724,15,32696
2944972,15,32693
2945216,15,32689
2945464,15,32694
2945714,15,32692
2945964,15,32671
2946211,15,32681
2946457,15,32666
2946736,15,32670
2946984,15,32701
2947232,15,32691
2947479,15,32695
2947729,15,32708
2947977,15,32691
2948221,15,32695
2948474,15,32697
2948721,15,32678
2948966,15,32689
2949216,15,32669
2949464,15,32688
2949711,15,32688
2949962,15,32689
2950205,15,32717
2950457,15,32669
2950733,15,32702
2950984,15,32695
2951230,15,32679
2951479,15,32699
2951727,15,32678
2951977,15,32663
2952223,15,32689
2952472,15,32694
2952718,15,32703
2952966,15,32690
2953215,15,32681
2953460,15,32691
2953712,15,32692
2953957,15,32688
2954204,15,32673
2954488,15,32686
2954735,15,32694
2954984,15,32674
2955232,15,32695
2955476,15,32681
2955727,15,32682
2955975,15,32692
2956221,15,32694
2956469,15,32699
2956718,15,32685
2956966,15,32697
2957216,15,32663
2957464,15,32699
2957713,15,32686
2957961,15,32692
2958204,15,32667
2958487,15,32694
2958731,15,32694
2958982,15,32675
2959229,15,32690
2959476,15,32679
2959725,15,32709
2959973,15,32697
2960222,15,32681
2960468,15,32688
2960716,15,32701
2960965,15,32693
2961215,15,32688
2961462,15,32685
2961710,15,32678
2961956,15,32694
2962233,15,32700
2962486,15,32689
2962733,15,32659
2962980,15,32704
2963226,15,32692
2963477,15,32676
2963722,15,32688
2963971,15,32697
2964219,15,32687
2964469,15,32690
2964717,15,32685
2964961,15,32697
2965212,15,32676
2965460,15,32686
2965707,15,32701
2965955,15,32678
2966235,15,32701
2966483,15,32676
2966732,15,32693
2966980,15,32689
2967226,15,32684
2967478,15,32669
2967721,15,32696
2967972,15,32701
2968219,15,32676
2968467,15,32683
2968716,15,32697
2968963,15,32692
2969212,15,32683
2969457,15,32697
2969710,15,32697
2969983,15,32706
2970233,15,32706
2970483,15,32679
2970731,15,32679
2970978,15,32693
2971227,15,32684
2971475,15,32692
2971723,15,32699
2971970,15,32678
2972219,15,32688
2972467,15,32679
2972716,15,32684
2972959,15,32660
2973208,15,32689
2973455,15,32696
2973707,15,32702
2973985,15,32688
2974233,15,32689
2974484,15,32700
2974730,15,32698
2974975,15,32698
2975222,15,32688
2975472,15,32685
2975719,15,32713
2975968,15,32692
2976219,15,32688
2976466,15,32681
2976715,15,32690
2976965,15,32703
2977207,15,32685
2977458,15,32668
2977736,15,32670
2977984,15,32703
2978234,15,32713
2978479,15,32674
2978728,15,32683
2978977,15,32701
2979225,15,32709
2979470,15,32680
2979719,15,32687
2979967,15,32689
2980215,15,32684
2980463,15,32687
2980713,15,32690
2980964,15,32687
2981210,15,32706
2981457,15,32708
2981736,15,32683
2981985,15,32705
2982231,15,32693
2982480,15,32670
2982727,15,32683
2982976,15,32673
2983224,15,32701
2983472,15,32686
2983718,15,32691
2983969,15,32706
2984214,15,32697
2984464,15,32700
2984711,15,32685
2984959,15,32711
2985205,15,32693
2985483,15,32702
2985732,15,32701
2985981,15,32683
2986227,15,32687
2986477,15,32692
2986727,15,32691
2986978,15,32687
2987223,15,32706
2987470,15,32677
2987721,15,32700
2987968,15,32682
2988215,15,32686
2988462,15,32680
2988709,15,32686
2988957,15,32687
2989205,15,32682
2989485,15,32662
2989735,15,32698
2989982,15,32680
2990227,15,32687
2990477,15,32688
2990726,15,32693
2990975,15,32683
2991222,15,32684
2991467,15,32714
2991716,15,32696
2991964,15,32692
2992215,15,32701
2992464,15,32668
2992710,15,32697
2992958,15,32690
2993234,15,32692
2993483,15,32688
2993728,15,32680
2993980,15,32699
2994227,15,32686
2994476,15,32699
2994725,15,32692
2994973,15,32681
2995220,15,32700
2995468,15,32673
2995715,15,32680
2995964,15,32684
2996212,15,32677
2996460,15,32680
2996707,15,32683
2996955,15,32702
2997234,15,32701
2997483,15,32699
2997729,15,32700
2997976,15,32680
2998226,15,32683
2998473,15,32697
2998721,15,32693
2998970,15,32671
2999217,15,32694
2999466,15,32698
2999717,15,32675
2999964,15,32675
3000211,15,32674
3000462,15,32678
3000706,15,32677
3000985,15,32695
3001233,15,32697
3001481,15,32692
3001729,15,32685
3001978,15,32692
3002227,15,32698
3002472,15,32683
3002720,15,32668
3002969,15,32696
3003217,15,32682
3003466,15,32689
3003715,15,32673
3003963,15,32694
3004209,15,32680
3004458,15,32701
3004706,15,32692
3004983,15,32695
3005233,15,32682
3005479,15,32676
3005728,15,32675
3005974,15,32688
3006224,15,32694
3006472,15,32670
3006723,15,32692
3006970,15,32670
3007217,15,32682
3007468,15,32691
3007711,15,32681
3007962,15,32699
3008211,15,32697
3008460,15,32685
3008737,15,32695
3008983,15,32683
3009231,15,32682
3009481,15,32675
3009727,15,32693
3009980,15,32682
3010224,15,32681
3010472,15,32690
3010719,15,32680
3010969,15,32681
3011216,15,32686
3011461,15,32670
3011713,15,32673
3011962,15,32676
3012210,15,32696
3012457,15,32706
3012734,15,32684
3012983,15,32678
3013230,15,32687
3013477,15,32700
3013727,15,32696
3013976,15,32695
3014224,15,32685
3014476,15,32694
3014719,15,32672
3014966,15,32687
3015212,15,32699
3015463,15,32680
3015712,15,32701
3015960,15,32670
3016205,15,32681
3016485,15,32696
3016735,15,32682
3016978,15,32676
3017232,15,32692
3017480,15,32666
3017723,15,32691
3017972,15,32703
3018221,15,32679
3018468,15,32694
3018719,15,32702
3018966,15,32678
3019216,15,32704
3019459,15,32690
3019710,15,32689
3019958,15,32682
3020209,15,32686
3020484,15,32691
3020733,15,32700
3020982,15,32679
3021229,15,32690
3021477,15,32682
3021725,15,32670
3021974,15,32686
3022222,15,32699
3022468,15,32685
3022715,15,32702
3022965,15,32708
3023213,15,32688
3023461,15,32681
3023710,15,32689
3023958,15,32703
3024235,15,32686
3024485,15,32710
3024731,15,32685
3024985,15,32691
3025231,15,32670
3025475,15,32686
3025723,15,32681
3025972,15,32679
3026220,15,32684
3026467,15,32691
3026715,15,32686
3026962,15,32693
3027215,15,32701
3027463,15,32702
3027710,15,32679
3027958,15,32690
3028235,15,32684
3028484,15,32705
3028731,15,32693
3028980,15,32677
3029229,15,32702
3029474,15,32671
3029721,15,32696
3029970,15,32675
3030220,15,32694
3030467,15,32698
3030717,15,32694
3030963,15,32685
3031212,15,32686
3031458,15,32681
3031705,15,32689
3031986,15,32710
3032237,15,32674
3032482,15,32692
3032730,15,32685
3032978,15,32687
3033229,15,32686
3033475,15,32696
3033721,15,32691
3033971,15,32671
3034217,15,32684
3034464,15,32668
3034715,15,32697
3034962,15,32692
3035210,15,32686
3035459,15,32709
3035704,15,32683
3035983,15,32700
3036232,15,32677
3036483,15,32672
3036728,15,32693
3036977,15,32693
3037225,15,32698
3037471,15,32702
3037723,15,32688
3037966,15,32689
3038218,15,32694
3038465,15,32680
3038715,15,32693
3038962,15,32693
3039209,15,32686
3039456,15,32684
3039735,15,32694
3039981,15,32690
3040233,15,32703
3040482,15,32710
3040729,15,32688
3040974,15,32693
3041220,15,32690
3041472,15,32709
3041722,15,32671
3041970,15,32698
3042216,15,32687
3042463,15,32704
3042710,15,32711
3042959,15,32705
3043210,15,32684
3043458,15,32688
3043734,15,32698
3043984,15,32683
3044231,15,32683
3044481,15,32701
3044727,15,32684
3044976,15,32686
3045222,15,32692
3045471,15,32663
3045720,15,32680
3045965,15,32684
3046216,15,32699
3046461,15,32680
3046710,15,32673
3046960,15,32677
3047208,15,32668
3047486,15,32687
3047734,15,32685
3047981,15,32673
3048230,15,32674
3048477,15,32683
3048730,15,32687
3048973,15,32680
3049218,15,32703
3049469,15,32678
3049718,15,32699
3049967,15,32686
3050212,15,32687
3050463,15,32680
3050710,15,32678
3050958,15,32701
3051204,15,32692
3051486,15,32687
3051732,15,32680
3051980,15,32678
3052230,15,32690
3052478,15,32694
3052725,15,32670
3052971,15,32681
3053220,15,32699
3053471,15,32700
3053716,15,32688
3053965,15,32685
3054216,15,32696
3054461,15,32693
3054709,15,32693
3054954,15,32699
3055237,15,32690
3055485,15,32703
3055732,15,32691
3055981,15,32684
3056227,15,32707
3056475,15,32694
3056724,15,32683
3056973,15,32682
3057220,15,32695
3057468,15,32670
3057719,15,32672
3057962,15,32677
3058213,15,32686
3058458,15,32667
3058710,15,32690
3058958,15,32692
3059235,15,32687
3059483,15,32694
3059730,15,32704
3059981,15,32691
3060226,15,32685
3060474,15,32675
3060722,15,32700
3060971,15,32702
3061220,15,32691
3061466,15,32680
3061716,15,32690
3061962,15,32697
3062212,15,32680
3062456,15,32693
3062711,15,32675
3062986,15,32702
3063235,15,32694
3063484,15,32701
3063728,15,32685
3063980,15,32674
3064224,15,32674
3064474,15,32678
3064723,15,32694
3064971,15,32700
3065215,15,32685
3065465,15,32679
3065713,15,32708
3065964,15,32688
3066209,15,32702
3066456,15,32680
3066708,15,32686
3066985,15,32688
3067234,15,32694
3067480,15,32687
3067730,15,32701
3067978,15,32680
3068223,15,32678
3068472,15,32688
3068723,15,32693
3068969,15,32685
3069218,15,32702
3069466,15,32688
3069714,15,32684
3069965,15,32684
3070210,15,32685
3070456,15,32681
3070735,15,32678
3070985,15,32681
3071234,15,32693
3071479,15,32688
3071730,15,32689
3071976,15,32698
3072226,15,32685
3072470,15,32687
3072717,15,32688
3072968,15,32672
3073214,15,32695
3073466,15,32691
3073714,15,32682
3073961,15,32678
3074207,15,32722
3074454,15,32700
3074734,15,32682
3074982,15,32705
3075232,15,32685
3075479,15,32699
3075727,15,32674
3075973,15,32679
3076223,15,32681
3076471,15,32681
3076719,15,32698
3076967,15,32667
3077215,15,32684
3077464,15,32690
3077713,15,32684
3077957,15,32706
3078206,15,32678
3078487,15,32706
3078732,15,32702
3078981,15,32683
3079230,15,32695
3079478,15,32664
3079726,15,32692
3079975,15,32688
3080220,15,32685
3080473,15,32695
3080720,15,32687
3080966,15,32675
3081216,15,32702
3081462,15,32670
3081710,15,32685
3081957,15,32683
3082207,15,32694
3082487,15,32689
3082733,15,32691
3082982,15,32699
3083231,15,32691
3083479,15,32676
3083723,15,32683
3083975,15,32661
3084221,15,32705
3084466,15,32675
3084717,15,32686
3084965,15,32678
3085213,15,32689
3085461,15,32672
3085709,15,32680
3085955,15,32690
3086236,15,32712
3086485,15,32688
3086733,15,32688
3086979,15,32691
3087228,15,32701
3087478,15,32692
3087726,15,32686
3087972,15,32695
3088222,15,32688
3088468,15,32683
3088717,15,32689
3088962,15,32700
3089213,15,32688
3089461,15,32714
3089708,15,32686
3089959,15,32690
3090236,15,32681
3090484,15,32678
3090729,15,32709
3090978,15,32683
3091226,15,32690
3091474,15,32702
3091723,15,32683
3091970,15,32690
3092219,15,32663
3092466,15,32678
3092714,15,32706
3092965,15,32695
3093211,15,32682
3093458,15,32671
3093708,15,32691
3093986,15,32687
3094234,15,32684
3094485,15,32683
3094734,15,32697
3094979,15,32676
3095226,15,32711
3095473,15,32689
3095725,15,32685
3095969,15,32696
3096216,15,32689
3096467,15,32666
3096716,15,32691
3096963,15,32703
3097212,15,32698
3097459,15,32671
3097705,15,32681
3097985,15,32685
3098232,15,32687
3098480,15,32683
3098726,15,32699
3098977,15,32710
3099225,15,32687
3099474,15,32679
3099720,15,32693
3099969,15,32675
3100218,15,32677
3100465,15,32683
3100714,15,32704
3100961,15,32699
3101212,15,32692
3101456,15,32705
3101737,15,32682
3101982,15,32684
3102232,15,32690
3102480,15,32700
3102725,15,32671
3102974,15,32675
3103224,15,32688
3103473,15,32673
3103719,15,32683
3103972,15,32687
3104219,15,32695
3104464,15,32708
3104713,15,32704
3104960,15,32689
3105209,15,32665
3105458,15,32682
3105737,15,32667
3105984,15,32691
3106232,15,32681
3106480,15,32694
3106727,15,32667
3106976,15,32687
3107224,15,32699
3107470,15,32680
3107719,15,32674
3107967,15,32688
3108218,15,32706
3108464,15,32677
3108709,15,32684
3108960,15,32672
3109207,15,32679
3109488,15,32668
3109733,15,32687
3109982,15,32694
3110227,15,32668
3110478,15,32688
3110726,15,32711
3110973,15,32684
3111222,15,32668
3111468,15,32688
3111718,15,32692
3111969,15,32685
3112216,15,32695
3112460,15,32686
3112711,15,32669
3112958,15,32701
3113207,15,32695
3113487,15,32673
3113732,15,32686
3113982,15,32694
3114226,15,32672
3114476,15,32688
3114724,15,32676
3114975,15,32664
3115220,15,32693
3115469,15,32707
3115720,15,32686
3115966,15,32687
3116211,15,32712
3116461,15,32691
3116709,15,32680
3116958,15,32707
3117236,15,32684
3117485,15,32697
3117735,15,32689
3117979,15,32711
3118230,15,32678
3118476,15,32689
3118724,15,32694
3118972,15,32683
3119218,15,32692
3119466,15,32697
3119716,15,32693
3119964,15,32668
3120209,15,32695
3120461,15,32700
3120706,15,32687
3120956,15,32685
3121233,15,32711
3121482,15,32691
3121733,15,32684
3121982,15,32693
3122228,15,32704
3122476,15,32686
3122721,15,32682
3122971,15,32713
3123219,15,32689
3123465,15,32685
3123714,15,32697
3123962,15,32681
3124211,15,32701
3124457,15,32688
3124708,15,32705
3124985,15,32688
3125233,15,32677
3125482,15,32686
3125730,15,32661
3125976,15,32715
3126225,15,32657
3126478,15,32713
3126725,15,32680
3126970,15,32687
3127217,15,32694
3127466,15,32688
3127715,15,32682
3127962,15,32688
3128210,15,32688
3128459,15,32694
3128708,15,32691
3128984,15,32694
3129230,15,32697
3129479,15,32682
3129730,15,32674
3129978,15,32688
3130223,15,32681
3130473,15,32687
3130718,15,32683
3130969,15,32692
3131216,15,32679
3131464,15,32673
3131712,15,32674
3131962,15,32697
3132209,15,32677
3132457,15,32686
3132735,15,32696
3132984,15,32672
3133232,15,32692
3133477,15,32690
3133730,15,32678
3133979,15,32703
3134224,15,32687
3134473,15,32706
3134719,15,32699
3134967,15,32683
3135214,15,32678
3135463,15,32684
3135713,15,32680
3135961,15,32686
3136207,15,32676
3136456,15,32668
3136732,15,32687
3136983,15,32687
3137229,15,32714
3137478,15,32684
3137727,15,32683
3137972,15,32669
3138223,15,32670
3138472,15,32680
3138717,15,32697
3138966,15,32695
3139213,15,32685
3139464,15,32687
3139714,15,32682
3139957,15,32689
3140206,15,32708
3140482,15,32687
3140736,15,32693
3140981,15,32677
3141227,15,32671
3141479,15,32696
3141728,15,32685
3141974,15,32700
3142222,15,32679
3142471,15,32690
3142717,15,32697
3142965,15,32688
3143210,15,32693
3143461,15,32681
3143708,15,32684
3143960,15,32688
3144203,15,32679
3144485,15,32689
3144732,15,32681
3144982,15,32673
3145229,15,32674
3145480,15,32678
3145726,15,32680
3145976,15,32682
3146221,15,32682
3146470,15,32686
3146718,15,32688
3146965,15,32713
3147214,15,32701
3147463,15,32708
3147709,15,32711
3147959,15,32681
3148232,15,32682
3148484,15,32669
3148732,15,32707
3148980,15,32691
3149228,15,32679
3149476,15,32695
3149722,15,32691
3149975,15,32715
3150219,15,32699
3150470,15,32693
3150717,15,32686
3150962,15,32696
3151210,15,32689
3151459,15,32689
3151706,15,32679
3151954,15,32701
3152237,15,32670
3152482,15,32688
3152731,15,32700
3152979,15,32690
3153229,15,32684
3153475,15,32679
3153721,15,32684
3153970,15,32681
3154220,15,32686
3154468,15,32696
3154716,15,32691
3154962,15,32700
3155210,15,32698
3155460,15,32681
3155707,15,32687
3155986,15,32679
3156232,15,32683
3156484,15,32691
3156732,15,32680
3156979,15,32694
3157226,15,32688
3157474,15,32691
3157722,15,32697
3157968,15,32708
3158217,15,32694
3158465,15,32685
3158714,15,32680
3158963,15,32698
3159210,15,32682
3159459,15,32684
3159706,15,32683
3159986,15,32692
3160234,15,32680
3160482,15,32685
3160728,15,32687
3160979,15,32691
3161225,15,32695
3161473,15,32687
3161722,15,32680
3161969,15,32675
3162216,15,32707
3162463,15,32677
3162711,15,32687
3162960,15,32687
3163207,15,32680
3163456,15,32681
3163736,15,32697
3163981,15,32690
3164234,15,32670
3164478,15,32705
3164728,15,32706
3164976,15,32684
3165222,15,32688
3165471,15,32690
3165720,15,32673
3165968,15,32686
3166216,15,32698
3166467,15,32664
3166715,15,32706
3166959,15,32691
3167209,15,32709
3167455,15,32698
3167737,15,32681
3167983,15,32681
3168230,15,32691
3168481,15,32713
3168726,15,32688
3168976,15,32684
3169227,15,32675
3169472,15,32688
3169718,15,32695
3169968,15,32680
3170213,15,32689
3170463,15,32686
3170708,15,32684
3170958,15,32686
3171207,15,32680
3171486,15,32683
3171734,15,32686
3171981,15,32688
3172230,15,32676
3172475,15,32678
3172726,15,32713
3172975,15,32696
3173223,15,32680
3173470,15,32693
3173718,15,32685
3173966,15,32684
3174215,15,32711
3174462,15,32680
3174709,15,32697
3174958,15,32707
3175207,15,32676
3175489,15,32698
3175730,15,32696
3175980,15,32687
3176232,15,32688
3176479,15,32684
3176726,15,32678
3176972,15,32689
3177219,15,32715
3177469,15,32692
3177718,15,32678
3177962,15,32694
3178213,15,32677
3178461,15,32683
3178709,15,32693
3178955,15,32700
3179236,15,32686
3179483,15,32691
3179734,15,32698
3179981,15,32683
3180226,15,32685
3180478,15,32699
3180722,15,32681
3180970,15,32689
3181219,15,32701
3181465,15,32692
3181718,15,32680
3181962,15,32689
3182211,15,32684
3182457,15,32704
3182709,15,32702
3182956,15,32688
3183235,15,32718
3183483,15,32685
3183731,15,32694
3183982,15,32696
3184224,15,32681
3184474,15,32672
3184725,15,32694
3184969,15,32692
3185220,15,32673
3185470,15,32679
3185718,15,32683
3185962,15,32679
3186209,15,32693
3186458,15,32687
3186709,15,32673
3186985,15,32696
3187234,15,32668
3187483,15,32690
3187729,15,32689
3187976,15,32695
3188226,15,32696
3188473,15,32695
3188721,15,32683
3188969,15,32684
3189219,15,32701
3189467,15,32699
3189716,15,32697
3189962,15,32695
3190209,15,32705
3190458,15,32696
3190707,15,32698
3190982,15,32694
3191231,15,32687
3191482,15,32703
3191730,15,32687
3191978,15,32691
3192227,15,32681
3192471,15,32698
3192720,15,32696
3192970,15,32681
3193216,15,32700
3193467,15,32690
3193713,15,32687
3193960,15,32690
3194210,15,32688
3194458,15,32688
3194736,15,32699
3194988,15,32683
3195234,15,32687
3195479,15,32692
3195728,15,32691
3195975,15,32681
3196222,15,32685
3196469,15,32677
3196720,15,32671
3196967,15,32691
3197216,15,32685
3197463,15,32686
3197713,15,32696
3197959,15,32686
3198205,15,32712
3198455,15,32695
3198738,15,32694
3198982,15,32691
3199233,15,32687
3199481,15,32696
3199726,15,32705
3199976,15,32689
3200223,15,32695
3200469,15,32684
3200720,15,32695
3200968,15,32691
3201215,15,32690
3201461,15,32662
3201710,15,32687
3201960,15,32687
3202205,15,32687
3202488,15,32701
3202736,15,32676
3202984,15,32682
3203228,15,32690
3203478,15,32678
3203723,15,32696
3203975,15,32702
3204220,15,32678
3204469,15,32697
3204718,15,32678
3204968,15,32694
3205210,15,32674
3205461,15,32686
3205707,15,32684
3205962,15,32692
3206206,15,32694
3206486,15,32695
3206734,15,32684
3206981,15,32711
3207229,15,32701
3207477,15,32681
3207726,15,32680
3207972,15,32694
3208222,15,32682
3208472,15,32680
3208717,15,32689
3208966,15,32670
3209211,15,32671
3209462,15,32690
3209709,15,32701
3209961,15,32691
3210238,15,32683
3210485,15,32673
3210733,15,32712
3210979,15,32676
3211231,15,32675
3211476,15,32701
3211723,15,32695
3211969,15,32667
3212218,15,32694
3212467,15,32687
3212714,15,32696
3212965,15,32679
3213211,15,32701
3213461,15,32701
3213708,15,32707
3213955,15,32690
3214235,15,32704
3214483,15,32694
3214732,15,32698
3214980,15,32699
3215229,15,32683
3215474,15,32692
3215724,15,32677
3215971,15,32682
3216220,15,32711
3216467,15,32685
3216717,15,32698
3216963,15,32687
3217211,15,32692
3217457,15,32681
3217707,15,32689
3217984,15,32684
3218236,15,32661
3218481,15,32680
3218729,15,32663
3218978,15,32707
3219226,15,32706
3219474,15,32705
3219721,15,32699
3219969,15,32699
3220217,15,32687
3220463,15,32695
3220710,15,32696
3220962,15,32681
3221210,15,32693
3221458,15,32684
3221708,15,32669
3221986,15,32692
3222234,15,32677
3222482,15,32699
3222727,15,32681
3222978,15,32703
3223223,15,32688
3223473,15,32678
3223719,15,32694
3223971,15,32690
3224218,15,32690
3224465,15,32697
3224712,15,32686
3224960,15,32677
3225213,15,32697
3225459,15,32696
3225734,15,32690
3225983,15,32691
3226232,15,32679
3226478,15,32693
3226730,15,32679
3226979,15,32703
3227224,15,32667
3227471,15,32690
3227725,15,32684
3227966,15,32706
3228217,15,32696
3228462,15,32679
3228713,15,32699
3228960,15,32690
3229206,15,32680
3229455,15,32702
3229736,15,32681
3229986,15,32695
3230234,15,32688
3230478,15,32676
3230726,15,32677
3230975,15,32691
3231222,15,32719
3231468,15,32700
3231720,15,32687
3231966,15,32692
3232216,15,32671
3232463,15,32693
3232709,15,32691
3232961,15,32671
3233208,15,32697
3233488,15,32695
3233733,15,32675
3233981,15,32683
3234231,15,32705
3234479,15,32686
3234728,15,32685
3234974,15,32693
3235222,15,32684
3235470,15,32690
3235719,15,32667
3235968,15,32693
3236214,15,32681
3236463,15,32691
3236710,15,32691
3236957,15,32672
3237206,15,32686
3237484,15,32700
3237734,15,32675
3237982,15,32659
3238227,15,32694
3238478,15,32692
3238725,15,32691
3238972,15,32695
3239220,15,32703
3239470,15,32685
3239721,15,32695
3239967,15,32690
3240213,15,32670
3240462,15,32682
3240709,15,32674
3240957,15,32671
3241236,15,32683
3241484,15,32691
3241730,15,32693
3241982,15,32698
3242229,15,32670
3242477,15,32686
3242722,15,32687
3242972,15,32696
3243221,15,32697
3243471,15,32680
3243716,15,32711
3243966,15,32675
3244214,15,32695
3244461,15,32686
3244711,15,32686
3244956,15,32680
3245236,15,32699
3245482,15,32683
3245731,15,32681
3245978,15,32693
3246226,15,32691
3246478,15,32677
3246720,15,32676
3246973,15,32710
3247220,15,32693
3247467,15,32679
3247717,15,32699
3247963,15,32705
3248211,15,32673
3248459,15,32687
3248709,15,32675
3248986,15,32685
3249236,15,32690
3249482,15,32704
3249729,15,32688
3249979,15,32690
3250226,15,32703
3250475,15,32696
3250721,15,32695
3250970,15,32684
3251219,15,32705
3251465,15,32674
3251715,15,32697
3251962,15,32681
3252213,15,32699
3252458,15,32672
3252706,15,32684
3252986,15,32715
3253233,15,32684
3253482,15,32670
3253727,15,32658
3253978,15,32708
3254224,15,32684
3254472,15,32689
3254719,15,32676
3254970,15,32681
3255216,15,32645
3255468,15,32681
3255715,15,32701
3255963,15,32671
3256206,15,32673
3256457,15,32677
3256736,15,32690
3256982,15,32664
3257230,15,32707
3257479,15,32695
3257728,15,32696
3257976,15,32696
3258225,15,32679
3258473,15,32681
3258719,15,32671
3258972,15,32694
3259217,15,32696
3259464,15,32702
3259715,15,32689
3259961,15,32696
3260208,15,32695
3260455,15,32681
3260734,15,32699
3260981,15,32693
3261232,15,32698
3261479,15,32689
3261731,15,32701
3261977,15,32689
3262224,15,32695
3262470,15,32689
3262718,15,32684
3262963,15,32687
3263214,15,32673
3263464,15,32679
3263711,15,32692
3263958,15,32681
3264206,15,32695
3264485,15,32690
3264734,15,32685
3264982,15,32684
3265231,15,32688
3265479,15,32696
3265726,15,32691
3265975,15,32673
3266221,15,32667
3266470,15,32703
3266718,15,32690
3266968,15,32714
3267213,15,32683
3267461,15,32691
3267709,15,32688
3267960,15,32678
3268206,15,32688
3268484,15,32705
3268732,15,32694
3268980,15,32704
3269229,15,32704
3269478,15,32696
3269725,15,32688
3269969,15,32707
3270220,15,32681
3270471,15,32680
3270717,15,32688
3270964,15,32694
3271212,15,32677
3271461,15,32679
3271710,15,32702
3271960,15,32701
3272235,15,32705
3272483,15,32688
3272736,15,32695
3272977,15,32676
3273227,15,32683
3273477,15,32693
3273726,15,32672
3273972,15,32684
3274218,15,32689
3274468,15,32689
3274716,15,32698
3274962,15,32723
3275213,15,32696
3275460,15,32679
3275708,15,32688
3275956,15,32681
3276236,15,32687
3276485,15,32684
3276729,15,32691
3276979,15,32684
3277225,15,32660
3277477,15,32678
3277724,15,32673
3277972,15,32686
3278218,15,32685
3278466,15,32702
3278713,15,32686
3278966,15,32672
3279208,15,32703
3279461,15,32679
3279707,15,32692
3279986,15,32710
3280234,15,32713
3280482,15,32699
3280728,15,32681
3280981,15,32683
3281226,15,32693
3281474,15,32701
3281720,15,32684
3281969,15,32686
3282221,15,32697
3282466,15,32702
3282714,15,32692
3282961,15,32690
3283210,15,32714
3283458,15,32671
3283705,15,32691
3283982,15,32675
3284233,15,32699
3284482,15,32687
3284730,15,32685
3284976,15,32670
3285225,15,32701
3285474,15,32705
3285721,15,32702
3285968,15,32678
3286219,15,32702
3286467,15,32682
3286713,15,32701
3286960,15,32692
3287208,15,32697
3287457,15,32673
3287736,15,32686
3287986,15,32686
3288229,15,32678
3288478,15,32671
3288728,15,32671
3288977,15,32695
3289223,15,32706
3289476,15,32708
3289721,15,32685
3289968,15,32693
3290215,15,32688
3290464,15,32700
3290710,15,32699
3290960,15,32672
3291209,15,32705
3291456,15,32691
3291735,15,32689
3291982,15,32707
3292231,15,32684
3292478,15,32705
3292729,15,32685
3292975,15,32680
3293222,15,32693
3293472,15,32679
3293717,15,32696
3293967,15,32686
3294215,15,32695
3294461,15,32691
3294709,15,32680
3294958,15,32675
3295206,15,32682
3295484,15,32700
3295735,15,32676
3295982,15,32683
3296228,15,32700
3296478,15,32691
3296728,15,32679
3296971,15,32703
3297218,15,32690
3297470,15,32682
3297718,15,32692
3297967,15,32701
3298214,15,32685
3298463,15,32691
3298709,15,32676
3298955,15,32694
3299207,15,32664
3299484,15,32681
3299733,15,32691
3299980,15,32700
3300232,15,32686
3300477,15,32676
3300724,15,32679
3300970,15,32699
3301222,15,32713
3301468,15,32698
3301719,15,32670
3301964,15,32684
3302215,15,32688
3302462,15,32701
3302711,15,32674
3302958,15,32678
3303235,15,32705
3303482,15,32713
3303734,15,32694
3303981,15,32693
3304229,15,32691
3304475,15,32685
3304727,15,32679
3304970,15,32689
3305218,15,32685
3305469,15,32670
3305718,15,32685
3305961,15,32707
3306212,15,32701
3306461,15,32669
3306710,15,32691
3306955,15,32683
3307235,15,32686
3307482,15,32682
3307730,15,32704
3307978,15,32694
3308227,15,32679
3308473,15,32681
3308719,15,32690
3308972,15,32693
3309218,15,32697
3309467,15,32713
3309714,15,32689
3309964,15,32702
3310212,15,32673
3310460,15,32680
3310710,15,32671
3310987,15,32672
3311233,15,32697
3311480,15,32692
3311728,15,32689
3311979,15,32696
3312226,15,32668
3312475,15,32684
3312725,15,32687
3312973,15,32673
3313217,15,32670
3313467,15,32690
3313712,15,32697
3313960,15,32702
3314211,15,32685
3314459,15,32684
3314704,15,32681
3314985,15,32685
3315233,15,32681
3315482,15,32684
3315730,15,32678
3315979,15,32668
3316224,15,32681
3316473,15,32667
3316722,15,32668
3316970,15,32665
3317216,15,32693
3317464,15,32698
3317712,15,32678
3317961,15,32685
3318211,15,32674
3318458,15,32692
3318736,15,32670
3318984,15,32695
3319234,15,32707
3319479,15,32690
3319726,15,32698
3319980,15,32680
3320224,15,32702
3320473,15,32700
3320723,15,32701
3320966,15,32684
3321217,15,32692
3321463,15,32683
3321713,15,32697
3321960,15,32671
3322204,15,32660
3322457,15,32692
3322734,15,32692
3322984,15,32678
3323231,15,32682
3323478,15,32692
3323725,15,32683
3323975,15,32680
3324226,15,32694
3324469,15,32677
3324720,15,32704
3324968,15,32704
3325216,15,32705
3325464,15,32683
3325710,15,32682
3325960,15,32685
3326206,15,32677
3326484,15,32691
3326736,15,32695
3326984,15,32680
3327232,15,32684
3327477,15,32672
3327725,15,32679
3327975,15,32678
3328222,15,32681
3328470,15,32705
3328719,15,32685
3328963,15,32696
3329211,15,32708
3329464,15,32706
3329709,15,32694
3329959,15,32689
3330202,15,32709
3330482,15,32682
3330734,15,32693
3330981,15,32685
3331230,15,32698
3331478,15,32693
3331727,15,32694
3331974,15,32698
3332220,15,32668
3332470,15,32703
3332717,15,32701
3332966,15,32672
3333214,15,32697
3333463,15,32671
3333709,15,32685
3333959,15,32665
3334235,15,32690
3334487,15,32681
3334731,15,32689
3334980,15,32696
3335225,15,32683
3335478,15,32704
3335725,15,32675
3335972,15,32704
3336222,15,32690
3336469,15,32706
3336715,15,32687
3336964,15,32689
3337209,15,32692
3337457,15,32702
3337709,15,32697
3337955,15,32668
3338234,15,32673
3338484,15,32690
3338733,15,32693
3338976,15,32676
3339226,15,32692
3339471,15,32682
3339723,15,32685
3339972,15,32692
3340217,15,32697
3340466,15,32689
3340717,15,32675
3340962,15,32689
3341208,15,32679
3341457,15,32692
3341706,15,32673
3341984,15,32688
3342231,15,32700
3342482,15,32682
3342731,15,32715
3342975,15,32693
3343225,15,32699
3343472,15,32686
3343719,15,32682
3343967,15,32693
3344220,15,32693
3344466,15,32677
3344715,15,32668
3344961,15,32693
3345207,15,32691
3345457,15,32687
3345706,15,32693
3345984,15,32676
3346234,15,32684
3346481,15,32687
3346731,15,32669
3346977,15,32683
3347228,15,32676
3347472,15,32685
3347722,15,32695
3347970,15,32685
3348217,15,32700
3348466,15,32675
3348712,15,32708
3348958,15,32682
3349206,15,32680
3349459,15,32697
3349737,15,32689
3349986,15,32678
3350230,15,32686
3350478,15,32667
3350727,15,32685
3350975,15,32703
3351222,15,32671
3351472,15,32679
3351722,15,32679
3351968,15,32703
3352214,15,32684
3352461,15,32687
3352712,15,32678
3352960,15,32693
3353210,15,32690
3353454,15,32685
3353735,15,32689
3353982,15,32684
3354230,15,32686
3354478,15,32703
3354726,15,32696
3354974,15,32685
3355224,15,32676
3355472,15,32681
3355720,15,32667
3355967,15,32659
3356212,15,32688
3356466,15,32693
3356711,15,32695
3356961,15,32700
3357207,15,32694
3357485,15,32689
3357732,15,32698
3357984,15,32687
3358233,15,32671
3358477,15,32708
3358727,15,32682
3358974,15,32697
3359223,15,32689
3359469,15,32679
3359718,15,32689
3359966,15,32672
3360214,15,32682
3360465,15,32685
3360708,15,32690
3360958,15,32679
3361205,15,32678
3361488,15,32683
3361734,15,32668
3361979,15,32697
3362230,15,32689
3362477,15,32673
3362725,15,32687
3362969,15,32693
3363220,15,32693
3363469,15,32700
3363718,15,32689
3363963,15,32676
3364212,15,32694
3364461,15,32696
3364708,15,32683
3364959,15,32679
3365235,15,32679
3365485,15,32692
3365733,15,32703
3365978,15,32697
3366228,15,32682
3366476,15,32697
3366726,15,32694
3366970,15,32686
3367219,15,32700
3367468,15,32670
3367715,15,32664
3367963,15,32696
3368213,15,32684
3368459,15,32687
3368707,15,32702
3368957,15,32697
3369233,15,32685
3369485,15,32676
3369733,15,32684
3369980,15,32681
3370227,15,32684
3370476,15,32690
3370724,15,32697
3370970,15,32690
3371217,15,32696
3371465,15,32701
3371718,15,32676
3371963,15,32698
3372209,15,32695
3372456,15,32668
3372709,15,32701
3372985,15,32685
3373232,15,32688
3373483,15,32683
3373731,15,32699
3373977,15,32687
3374226,15,32696
3374475,15,32701
3374723,15,32696
3374970,15,32683
3375217,15,32699
3375466,15,32695
3375712,15,32707
3375963,15,32702
3376211,15,32693
3376457,15,32682
3376706,15,32688
3376985,15,32700
3377236,15,32697
3377481,15,32678
3377731,15,32690
3377979,15,32686
3378225,15,32702
3378473,15,32704
3378720,15,32695
3378970,15,32662
3379220,15,32687
3379465,15,32687
3379712,15,32677
3379962,15,32683
3380206,15,32686
3380458,15,32670
3380735,15,32680
3380985,15,32685
3381233,15,32704
3381478,15,32694
3381729,15,32672
3381976,15,32693
3382224,15,32685
3382473,15,32678
3382720,15,32705
3382970,15,32713
3383215,15,32674
3383466,15,32661
3383711,15,32693
3383962,15,32662
3384208,15,32696
3384457,15,32692
3384732,15,32692
3384982,15,32686
3385231,15,32681
3385479,15,32694
3385727,15,32691
3385977,15,32666
3386223,15,32686
3386470,15,32687
3386720,15,32696
3386966,15,32690
3387216,15,32698
3387464,15,32712
3387713,15,32694
3387959,15,32681
3388208,15,32677
3388485,15,32687
3388734,15,32667
3388984,15,32679
3389228,15,32678
3389478,15,32702
3389726,15,32689
3389974,15,32684
3390222,15,32703
3390469,15,32697
3390719,15,32700
3390965,15,32696
3391215,15,32685
3391464,15,32699
3391709,15,32697
3391957,15,32688
3392205,15,32688
3392485,15,32669
3392733,15,32705
3392980,15,32687
3393229,15,32681
3393477,15,32700
3393726,15,32678
3393975,15,32694
3394218,15,32680
3394468,15,32679
3394715,15,32676
3394966,15,32696
3395213,15,32705
3395463,15,32690
3395711,15,32692
3395956,15,32697
3396237,15,32696
3396484,15,32692
3396733,15,32688
3396981,15,32683
3397227,15,32686
3397476,15,32697
3397725,15,32694
3397970,15,32699
3398224,15,32685
3398470,15,32700
3398719,15,32677
3398963,15,32664
3399214,15,32698
3399459,15,32707
3399707,15,32681
3399956,15,32676
3400234,15,32688
3400483,15,32701
3400731,15,32692
3400979,15,32691
3401227,15,32696
3401476,15,32668
3401724,15,32697
3401970,15,32688
3402216,15,32688
3402469,15,32687
3402714,15,32673
3402962,15,32667
3403212,15,32695
3403459,15,32683
3403710,15,32688
3403985,15,32698
3404234,15,32690
3404481,15,32684
3404730,15,32684
3404976,15,32678
3405224,15,32687
3405473,15,32696
3405724,15,32691
3405973,15,32695
3406219,15,32700
3406465,15,32706
3406715,15,32677
3406961,15,32692
3407209,15,32684
3407457,15,32685
3407706,15,32706
3407985,15,32675
3408234,15,32712
3408482,15,32695
3408729,15,32680
3408975,15,32691
3409227,15,32688
3409475,15,32683
3409723,15,32695
3409968,15,32708
3410216,15,32705
3410464,15,32692
3410716,15,32676
3410962,15,32687
3411209,15,32708
3411460,15,32710
3411735,15,32672
3411983,15,32674
3412234,15,32693
3412480,15,32692
3412726,15,32713
3412978,15,32671
3413225,15,32688
3413472,15,32689
3413722,15,32666
3413969,15,32698
3414215,15,32674
3414466,15,32687
3414711,15,32684
3414958,15,32671
3415209,15,32702
3415456,15,32668
3415734,15,32692
3415985,15,32709
3416228,15,32699
3416478,15,32688
3416726,15,32694
3416974,15,32699
3417224,15,32683
3417469,15,32690
3417719,15,32701
3417969,15,32686
3418217,15,32695
3418465,15,32687
3418709,15,32683
3418960,15,32695
3419208,15,32691
3419488,15,32686
3419736,15,32691
3419981,15,32686
3420229,15,32681
3420478,15,32696
3420726,15,32660
3420972,15,32690
3421224,15,32679
3421469,15,32691
3421719,15,32695
3421965,15,32686
3422214,15,32686
3422461,15,32684
3422711,15,32708
3422956,15,32690
3423207,15,32693
3423486,15,32700
3423734,15,32695
3423983,15,32709
3424230,15,32681
3424479,15,32689
3424727,15,32688
3424973,15,32692
3425219,15,32693
3425470,15,32698
3425718,15,32672
3425967,15,32679
3426217,15,32679
3426462,15,32682
3426710,15,32695
3426959,15,32684
3427234,15,32673
3427484,15,32685
3427730,15,32675
3427980,15,32690
3428228,15,32693
3428476,15,32695
3428724,15,32695
3428972,15,32701
3429221,15,32697
3429470,15,32690
3429717,15,32686
3429965,15,32670
3430213,15,32669
3430459,15,32691
3430708,15,32711
3430957,15,32689
3431233,15,32702
3431482,15,32714
3431732,15,32684
3431979,15,32681
3432229,15,32689
3432476,15,32716
3432722,15,32669
3432972,15,32678
3433220,15,32678
3433466,15,32677
3433716,15,32668
3433963,15,32688
3434210,15,32677
3434461,15,32691
3434705,15,32698
3434986,15,32703
3435233,15,32702
3435484,15,32676
3435728,15,32709
3435980,15,32684
3436225,15,32698
3436473,15,32692
3436721,15,32692
3436972,15,32673
3437219,15,32691
3437467,15,32688
3437715,15,32696
3437963,15,32692
3438209,15,32705
3438458,15,32698
3438704,15,32689
3438983,15,32669
3439235,15,32688
3439480,15,32695
3439732,15,32691
3439976,15,32689
3440222,15,32678
3440473,15,32688
3440720,15,32701
3440969,15,32684
3441218,15,32698
3441463,15,32691
3441714,15,32689
3441960,15,32706
3442210,15,32709
3442458,15,32686
3442735,15,32693
3442983,15,32695
3443232,15,32684
3443479,15,32690
3443727,15,32690
3443979,15,32715
3444225,15,32694
3444471,15,32694
3444722,15,32688
3444970,15,32690
3445216,15,32673
3445464,15,32683
3445712,15,32694
3445962,15,32660
3446208,15,32679
3446458,15,32679
3446736,15,32702
3446983,15,32678
3447229,15,32702
3447481,15,32684
3447725,15,32690
3447976,15,32689
3448224,15,32691
3448471,15,32708
3448721,15,32667
3448969,15,32688
3449216,15,32684
3449461,15,32699
3449711,15,32696
3449962,15,32680
3450208,15,32695
3450486,15,32706
3450735,15,32689
3450982,15,32695
3451230,15,32680
3451478,15,32694
3451728,15,32694
3451972,15,32699
3452221,15,32690
3452468,15,32695
3452717,15,32706
3452966,15,32680
3453215,15,32694
3453460,15,32691
3453707,15,32706
3453959,15,32676
3454204,15,32685
3454485,15,32695
3454731,15,32690
3454979,15,32694
3455228,15,32685
3455474,15,32710
3455724,15,32695
3455972,15,32678
3456219,15,32681
3456468,15,32686
3456716,15,32677
3456964,15,32692
3457212,15,32685
3457461,15,32669
3457705,15,32693
3457959,15,32686
3458234,15,32685
3458485,15,32687
3458732,15,32689
3458978,15,32693
3459230,15,32681
3459481,15,32699
3459726,15,32689
3459972,15,32690
3460221,15,32709
3460470,15,32687
3460716,15,32689
3460964,15,32707
3461211,15,32670
3461461,15,32689
3461707,15,32682
3461954,15,32677
3462233,15,32687
3462481,15,32680
3462730,15,32665
3462979,15,32684
3463229,15,32693
3463473,15,32678
3463721,15,32679
3463972,15,32673
3464220,15,32702
3464465,15,32693
3464716,15,32679
3464962,15,32680
3465211,15,32683
3465460,15,32690
3465708,15,32697
3465988,15,32679
3466232,15,32674
3466481,15,32680
3466730,15,32686
3466979,15,32699
3467229,15,32700
3467470,15,32675
3467722,15,32707
3467972,15,32708
3468217,15,32687
3468465,15,32681
3468714,15,32696
3468959,15,32683
3469210,15,32695
3469457,15,32683
3469705,15,32688
3469983,15,32685
3470233,15,32678
3470478,15,32681
3470729,15,32690
3470978,15,32689
3471223,15,32707
3471474,15,32682
3471723,15,32686
3471969,15,32670
3472217,15,32680
3472465,15,32686
3472711,15,32698
3472963,15,32679
3473209,15,32700
3473454,15,32708
3473737,15,32677
3473983,15,32687
3474232,15,32694
3474482,15,32706
3474728,15,32676
3474977,15,32675
3475223,15,32695
3475472,15,32673
3475720,15,32701
3475968,15,32689
3476215,15,32694
3476464,15,32681
3476708,15,32700
3476960,15,32682
3477208,15,32695
3477454,15,32668
3477736,15,32683
3477985,15,32680
3478231,15,32677
3478480,15,32688
3478728,15,32696
3478972,15,32672
3479218,15,32698
3479470,15,32687
3479721,15,32671
3479967,15,32691
3480216,15,32692
3480463,15,32668
3480710,15,32678
3480961,15,32683
3481206,15,32685
3481487,15,32695
3481735,15,32695
3481983,15,32706
3482229,15,32712
3482478,15,32686
3482728,15,32680
3482976,15,32688
3483221,15,32698
3483470,15,32678
3483720,15,32680
3483967,15,32701
3484213,15,32687
3484461,15,32689
3484709,15,32685
3484955,15,32691
3485208,15,32670
3485484,15,32691
3485735,15,32699
3485979,15,32692
3486229,15,32687
3486476,15,32684
3486722,15,32711
3486973,15,32682
3487220,15,32692
3487466,15,32682
3487714,15,32685
3487966,15,32688
3488215,15,32682
3488461,15,32695
3488708,15,32683
3488958,15,32688
3489235,15,32694
3489486,15,32673
3489731,15,32669
3489982,15,32696
3490228,15,32685
3490475,15,32674
3490724,15,32688
3490972,15,32685
3491220,15,32685
3491467,15,32692
3491717,15,32690
3491962,15,32695
3492213,15,32684
3492460,15,32685
3492708,15,32673
3492957,15,32664
3493234,15,32672
3493483,15,32671
3493731,15,32680
3493980,15,32695
3494227,15,32685
3494476,15,32695
3494724,15,32680
3494971,15,32688
3495217,15,32675
3495467,15,32700
3495715,15,32701
3495964,15,32708
3496210,15,32700
3496460,15,32686
3496707,15,32684
3496990,15,32695
3497233,15,32691
3497481,15,32687
3497729,15,32687
3497977,15,32685
3498228,15,32690
3498473,15,32694
3498723,15,32677
3498968,15,32706
3499218,15,32701
3499466,15,32702
3499715,15,32692
3499962,15,32682
3500208,15,32689
3500458,15,32707
3500706,15,32704
3500985,15,32693
3501230,15,32691
3501480,15,32691
3501727,15,32683
3501978,15,32693
3502228,15,32680
3502473,15,32692
3502716,15,32689
3502969,15,32670
3503219,15,32677
3503465,15,32685
3503713,15,32686
3503960,15,32687
3504212,15,32695
3504454,15,32684
3504737,15,32665
3504985,15,32675
3505231,15,32706
3505482,15,32700
3505729,15,32681
3505977,15,32686
3506224,15,32709
3506475,15,32703
3506719,15,32679
3506969,15,32682
3507220,15,32687
3507463,15,32671
3507713,15,32696
3507960,15,32673
3508207,15,32705
3508456,15,32691
3508733,15,32679
3508984,15,32700
3509229,15,32689
3509476,15,32682
3509730,15,32685
3509976,15,32683
3510226,15,32684
3510470,15,32680
3510718,15,32699
3510966,15,32691
3511217,15,32676
3511464,15,32696
3511710,15,32684
3511957,15,32691
3512207,15,32682
3512487,15,32680
3512733,15,32688
3512981,15,32662
3513229,15,32684
3513479,15,32706
3513726,15,32685
3513975,15,32695
3514222,15,32679
3514471,15,32687
3514720,15,32685
3514968,15,32685
3515217,15,32689
3515464,15,32686
3515713,15,32693
3515956,15,32683
3516205,15,32707
3516485,15,32665
3516729,15,32668
3516981,15,32676
3517229,15,32697
3517478,15,32667
3517724,15,32679
3517972,15,32689
3518220,15,32676
3518466,15,32682
3518717,15,32697
3518965,15,32675
3519213,15,32678
3519461,15,32669
3519709,15,32686
3519959,15,32691
3520234,15,32694
3520485,15,32690
3520733,15,32687
3520980,15,32690
3521228,15,32680
3521476,15,32692
3521722,15,32653
3521972,15,32686
3522219,15,32694
3522467,15,32673
3522718,15,32697
3522966,15,32680
3523211,15,32695
3523457,15,32685
3523708,15,32682
3523958,15,32713
3524237,15,32688
3524485,15,32685
3524731,15,32671
3524978,15,32694
3525225,15,32677
3525475,15,32693
3525720,15,32703
3525971,15,32671
3526220,15,32680
3526468,15,32685
3526715,15,32696
3526964,15,32694
3527211,15,32702
3527456,15,32690
3527704,15,32700
3527986,15,32684
3528233,15,32699
3528481,15,32675
3528733,15,32687
3528980,15,32675
3529228,15,32696
3529475,15,32677
3529722,15,32698
3529969,15,32678
3530216,15,32679
3530468,15,32681
3530715,15,32710
3530960,15,32676
3531210,15,32690
3531458,15,32700
3531705,15,32693
3531985,15,32690
3532233,15,32704
3532479,15,32689
3532730,15,32678
3532976,15,32699
3533226,15,32720
3533472,15,32692
3533723,15,32670
3533967,15,32696
3534219,15,32685
3534467,15,32703
3534713,15,32704
3534962,15,32671
3535211,15,32687
3535458,15,32705
3535733,15,32700
3535986,15,32676
3536231,15,32677
3536480,15,32701
3536728,15,32664
3536977,15,32684
3537224,15,32682
3537471,15,32682
3537721,15,32722
3537970,15,32697
3538215,15,32709
3538463,15,32685
3538712,15,32700
3538959,15,32700
3539211,15,32715
3539457,15,32687
3539735,15,32691
3539982,15,32668
3540231,15,32685
3540480,15,32687
3540728,15,32698
3540974,15,32690
3541222,15,32674
3541469,15,32709
3541719,15,32683
3541970,15,32684
3542214,15,32657
3542462,15,32697
3542711,15,32702
3542958,15,32708
3543208,15,32687
3543482,15,32715
3543734,15,32678
3543982,15,32696
3544231,15,32698
3544476,15,32706
3544727,15,32694
3544975,15,32714
3545222,15,32682
3545468,15,32691
3545719,15,32687
3545965,15,32687
3546217,15,32691
3546463,15,32705
3546710,15,32707
3546958,15,32695
3547206,15,32690
3547484,15,32695
3547734,15,32701
3547980,15,32703
3548228,15,32704
3548474,15,32691
3548725,15,32684
3548970,15,32681
3549222,15,32686
3549468,15,32700
3549716,15,32688
3549965,15,32683
3550210,15,32689
3550462,15,32705
3550712,15,32690
3550956,15,32694
3551237,15,32688
3551485,15,32680
3551731,15,32681
3551979,15,32682
3552228,15,32681
3552473,15,32687
3552722,15,32658
3552975,15,32691
3553222,15,32691
3553467,15,32670
3553715,15,32694
3553965,15,32693
3554212,15,32681
3554458,15,32697
3554710,15,32680
3554959,15,32680
3555235,15,32690
3555482,15,32679
3555730,15,32679
3555980,15,32692
3556226,15,32689
3556473,15,32676
3556722,15,32676
3556972,15,32687
3557218,15,32683
3557467,15,32690
3557715,15,32706
3557961,15,32672
3558212,15,32691
3558458,15,32701
3558708,15,32690
3558987,15,32680
3559235,15,32695
3559483,15,32706
3559729,15,32697
3559977,15,32698
3560230,15,32693
3560472,15,32678
3560722,15,32691
3560971,15,32721
3561218,15,32683
3561467,15,32701
3561713,15,32692
3561964,15,32694
3562210,15,32673
3562457,15,32668
3562705,15,32686
3562988,15,32691
3563234,15,32674
3563481,15,32691
3563730,15,32694
3563976,15,32703
3564224,15,32684
3564474,15,32693
3564720,15,32676
3564968,15,32687
3565219,15,32662
3565466,15,32678
3565714,15,32682
3565959,15,32681
3566208,15,32682
3566452,15,32695
3566737,15,32681
3566984,15,32671
3567234,15,32683
3567481,15,32680
3567728,15,32684
3567977,15,32678
3568225,15,32683
3568472,15,32681
3568720,15,32689
3568967,15,32684
3569216,15,32683
3569463,15,32679
3569711,15,32682
3569959,15,32682
3570208,15,32674
3570457,15,32688
3570736,15,32688
3570983,15,32694
3571228,15,32687
3571480,15,32671
3571727,15,32708
3571975,15,32665
3572225,15,32693
3572469,15,32694
3572719,15,32697
3572968,15,32690
3573217,15,32684
3573462,15,32700
3573709,15,32672
3573960,15,32678
3574206,15,32670
3574485,15,32669
3574734,15,32701
3574983,15,32685
3575231,15,32690
3575476,15,32676
3575728,15,32703
3575973,15,32692
3576224,15,32683
3576469,15,32689
3576718,15,32691
3576967,15,32667
3577215,15,32694
3577460,15,32679
3577712,15,32688
3577958,15,32679
3578208,15,32692
3578484,15,32687
3578734,15,32697
3578978,15,32676
3579229,15,32684
3579476,15,32695
3579725,15,32681
3579974,15,32692
3580221,15,32679
3580469,15,32697
3580716,15,32693
3580966,15,32713
3581213,15,32681
3581462,15,32676
3581709,15,32674
3581956,15,32680
3582238,15,32703
3582486,15,32695
3582731,15,32706
3582982,15,32681
3583228,15,32705
3583474,15,32687
3583724,15,32669
3583972,15,32701
3584220,15,32703
3584469,15,32698
3584716,15,32681
3584964,15,32677
3585214,15,32685
3585459,15,32677
3585708,15,32692
3585957,15,32681
3586236,15,32703
3586482,15,32675
3586730,15,32699
3586982,15,32689
3587226,15,32683
3587479,15,32701
3587722,15,32700
3587971,15,32701
3588219,15,32681
3588468,15,32669
3588714,15,32684
3588964,15,32685
3589210,15,32696
3589459,15,32696
3589705,15,32688
3589989,15,32691
3590234,15,32672
3590484,15,32682
3590731,15,32693
3590977,15,32703
3591226,15,32686
3591471,15,32680
3591724,15,32684
3591970,15,32680
3592217,15,32688
3592468,15,32697
3592712,15,32704
3592964,15,32664
3593207,15,32679
3593457,15,32692
3593705,15,32681
3593983,15,32671
3594235,15,32682
3594482,15,32681
3594730,15,32703
3594976,15,32698
3595225,15,32714
3595472,15,32679
3595716,15,32698
3595968,15,32687
3596219,15,32676
3596463,15,32693
3596714,15,32705
3596964,15,32703
3597209,15,32681
3597458,15,32664
3597736,15,32666
3597987,15,32682
3598233,15,32697
3598479,15,32709
3598729,15,32663
3598976,15,32670
3599225,15,32703
3599472,15,32699
3599721,15,32681
3599970,15,32700
3600215,15,32674
3600464,15,32692
3600712,15,32688
3600963,15,32681
3601210,15,32682
3601457,15,32680
3601734,15,32687
3601984,15,32687
3602229,15,32696
3602479,15,32672
3602726,15,32678
3602975,15,32715
3603222,15,32685
3603470,15,32699
3603717,15,32702
3603968,15,32683
3604216,15,32689
3604462,15,32681
3604712,15,32690
3604959,15,32689
3605206,15,32704
3605487,15,32666
3605732,15,32706
3605982,15,32718
3606231,15,32694
3606477,15,32678
3606724,15,32696
3606973,15,32695
3607222,15,32682
3607468,15,32700
3607719,15,32686
3607965,15,32706
3608215,15,32686
3608463,15,32689
3608710,15,32687
3608955,15,32706
3609209,15,32694
3609486,15,32693
3609728,15,32701
3609981,15,32693
3610228,15,32687
3610478,15,32685
3610725,15,32694
3610972,15,32701
3611222,15,32697
3611469,15,32689
3611718,15,32685
3611964,15,32690
3612211,15,32686
3612464,15,32683
3612709,15,32687
3612958,15,32702
3613237,15,32694
3613482,15,32700
3613729,15,32694
3613981,15,32700
3614226,15,32700
3614478,15,32706
3614722,15,32700
3614972,15,32666
3615221,15,32678
3615470,15,32675
3615715,15,32683
3615965,15,32690
3616212,15,32698
3616462,15,32690
3616708,15,32695
3616954,15,32690
3617233,15,32717
3617481,15,32692
3617732,15,32685
3617979,15,32682
3618229,15,32680
3618475,15,32704
3618722,15,32682
3618973,15,32678
3619219,15,32707
3619470,15,32679
3619713,15,32696
3619963,15,32680
3620212,15,32696
3620460,15,32700
3620706,15,32680
3620984,15,32688
3621233,15,32699
3621483,15,32666
3621731,15,32672
3621979,15,32668
3622225,15,32692
3622475,15,32678
3622724,15,32689
3622970,15,32685
3623219,15,32683
3623465,15,32694
3623711,15,32704
3623964,15,32692
3624213,15,32691
3624458,15,32702
3624707,15,32695
3624984,15,32703
3625234,15,32706
3625483,15,32688
3625729,15,32692
3625976,15,32689
3626225,15,32664
3626475,15,32694
3626720,15,32691
3626969,15,32670
3627218,15,32707
3627464,15,32695
3627713,15,32682
3627960,15,32675
3628208,15,32701
3628458,15,32705
3628738,15,32695
3628986,15,32682
3629231,15,32686
3629480,15,32685
3629729,15,32695
3629974,15,32692
3630224,15,32686
3630471,15,32697
3630720,15,32680
3630969,15,32693
3631218,15,32699
3631464,15,32694
3631717,15,32703
3631962,15,32703
3632206,15,32696
3632453,15,32681
3632735,15,32672
3632983,15,32675
3633228,15,32690
3633478,15,32699
3633727,15,32702
3633975,15,32691
3634222,15,32673
3634471,15,32679
3634719,15,32707
3634966,15,32685
3635213,15,32698
3635461,15,32703
3635710,15,32679
3635957,15,32685
3636207,15,32674
3636487,15,32701
3636735,15,32687
3636981,15,32707
3637229,15,32679
3637478,15,32668
3637724,15,32698
3637973,15,32713
3638220,15,32678
3638473,15,32695
3638718,15,32687
3638967,15,32707
3639216,15,32697
3639461,15,32688
3639710,15,32702
3639959,15,32684
3640208,15,32704
3640484,15,32691
3640735,15,32684
3640984,15,32714
3641227,15,32679
3641477,15,32697
3641724,15,32696
3641974,15,32686
3642223,15,32687
3642467,15,32694
3642718,15,32661
3642967,15,32681
3643213,15,32700
3643462,15,32686
3643709,15,32673
3643955,15,32694
3644236,15,32672
3644484,15,32708
3644734,15,32694
3644976,15,32685
3645228,15,32710
3645478,15,32690
3645724,15,32695
3645972,15,32672
3646219,15,32698
3646469,15,32690
3646713,15,32701
3646967,15,32688
3647213,15,32683
3647459,15,32681
3647708,15,32679
3647956,15,32670
3648235,15,32689
3648483,15,32680
3648730,15,32693
3648981,15,32681
3649228,15,32681
3649474,15,32688
3649725,15,32686
3649971,15,32680
3650222,15,32686
3650468,15,32704
3650715,15,32685
3650962,15,32695
3651212,15,32689
3651458,15,32676
3651707,15,32694
3651987,15,32671
3652235,15,32711
3652482,15,32689
3652730,15,32691
3652978,15,32701
3653227,15,32683
3653471,15,32686
3653720,15,32714
3653971,15,32696
3654217,15,32677
3654467,15,32699
3654711,15,32680
3654963,15,32698
3655209,15,32685
3655457,15,32685
3655709,15,32705
3655985,15,32695
3656233,15,32678
3656482,15,32676
3656728,15,32688
3656978,15,32715
3657223,15,32686
3657472,15,32683
3657719,15,32679
3657968,15,32698
3658219,15,32688
3658462,15,32680
3658714,15,32701
3658962,15,32673
3659207,15,32691
3659454,15,32678
3659739,15,32685
3659984,15,32701
3660232,15,32684
3660477,15,32702
3660729,15,32676
3660974,15,32709
3661223,15,32679
3661474,15,32684
3661719,15,32700
3661971,15,32685
3662216,15,32696
3662463,15,32687
3662712,15,32666
3662959,15,32688
3663210,15,32683
3663456,15,32695
3663735,15,32675
3663983,15,32683
3664232,15,32680
3664477,15,32695
3664727,15,32684
3664978,15,32701
3665223,15,32694
3665471,15,32698
3665720,15,32681
3665965,15,32695
3666217,15,32703
3666461,15,32703
3666711,15,32667
3666959,15,32686
3667206,15,32685
3667485,15,32687
3667732,15,32693
3667980,15,32696
3668228,15,32686
3668479,15,32668
3668726,15,32687
3668978,15,32689
3669223,15,32691
3669472,15,32683
3669718,15,32691
3669967,15,32673
3670215,15,32682
3670463,15,32702
3670707,15,32707
3670958,15,32676
3671204,15,32685
3671484,15,32683
3671734,15,32693
3671983,15,32674
3672229,15,32695
3672477,15,32695
3672723,15,32662
3672971,15,32672
3673222,15,32674
3673470,15,32677
3673718,15,32692
3673965,15,32692
3674211,15,32682
3674458,15,32693
3674710,15,32684
3674958,15,32670
3675236,15,32702
3675484,15,32693
3675731,15,32677
3675982,15,32685
3676228,15,32703
3676475,15,32704
3676726,15,32669
3676972,15,32677
3677216,15,32704
3677467,15,32695
3677718,15,32704
3677965,15,32691
3678212,15,32685
3678460,15,32683
3678707,15,32679
3678954,15,32705
3679233,15,32680
3679484,15,32682
3679729,15,32694
3679978,15,32693
3680228,15,32683
3680476,15,32687
3680720,15,32684
3680972,15,32675
3681220,15,32692
3681467,15,32699
3681717,15,32679
3681965,15,32695
3682212,15,32670
3682458,15,32690
3682707,15,32669
3682985,15,32704
3683235,15,32697
3683482,15,32699
3683730,15,32681
3683980,15,32680
3684226,15,32691
3684473,15,32697
3684723,15,32686
3684972,15,32709
3685218,15,32683
3685465,15,32698
3685715,15,32697
3685963,15,32673
3686211,15,32684
3686459,15,32706
3686706,15,32698
3686984,15,32681
3687234,15,32673
3687481,15,32666
3687732,15,32676
3687976,15,32690
3688224,15,32674
3688471,15,32705
3688720,15,32693
3688967,15,32694
3689216,15,32697
3689464,15,32691
3689716,15,32711
3689961,15,32690
3690209,15,32701
3690458,15,32704
3690736,15,32681
3690982,15,32682
3691233,15,32673
3691479,15,32687
3691727,15,32689
3691977,15,32682
3692222,15,32702
3692471,15,32695
3692722,15,32692
3692968,15,32699
3693214,15,32695
3693463,15,32698
3693714,15,32701
3693959,15,32683
3694210,15,32688
3694454,15,32695
3694736,15,32706
3694982,15,32695
3695233,15,32694
3695481,15,32675
3695728,15,32697
3695974,15,32692
3696223,15,32697
3696472,15,32678
3696717,15,32689
3696968,15,32705
3697219,15,32687
3697461,15,32696
3697715,15,32673
3697962,15,32683
3698208,15,32680
3698488,15,32686
3698734,15,32683
3698982,15,32678
3699232,15,32692
3699475,15,32710
3699729,15,32696
3699976,15,32697
3700220,15,32682
3700471,15,32698
3700717,15,32689
3700965,15,32693
3701213,15,32676
3701463,15,32688
3701708,15,32668
3701960,15,32700
3702207,15,32697
3702485,15,32671
3702735,15,32686
3702982,15,32707
3703231,15,32697
3703475,15,32662
3703725,15,32677
3703973,15,32659
3704221,15,32679
3704465,15,32691
3704718,15,32686
3704964,15,32697
3705215,15,32683
3705459,15,32712
3705708,15,32692
3705957,15,32699
3706235,15,32679
3706482,15,32682
3706734,15,32680
3706978,15,32698
3707229,15,32684
3707473,15,32680
3707723,15,32689
3707974,15,32676
3708221,15,32688
3708469,15,32699
3708718,15,32703
3708964,15,32682
3709210,15,32701
3709460,15,32678
3709707,15,32689
3709958,15,32696
3710237,15,32678
3710483,15,32680
3710729,15,32693
3710976,15,32682
3711226,15,32677
3711478,15,32690
3711722,15,32675
3711970,15,32703
3712217,15,32692
3712466,15,32683
3712713,15,32693
3712965,15,32678
3713210,15,32662
3713457,15,32695
3713706,15,32686
3713984,15,32678
3714236,15,32696
3714479,15,32690
3714732,15,32699
3714978,15,32689
3715226,15,32692
3715475,15,32682
3715722,15,32679
3715970,15,32697
3716217,15,32687
3716467,15,32692
3716715,15,32686
3716960,15,32698
3717210,15,32686
3717459,15,32682
3717705,15,32684
3717985,15,32685
3718234,15,32691
3718481,15,32683
3718727,15,32695
3718977,15,32704
3719225,15,32679
3719473,15,32677
3719723,15,32695
3719970,15,32695
3720218,15,32680
3720462,15,32686
3720715,15,32700
3720962,15,32694
3721208,15,32696
3721456,15,32684
3721733,15,32687
3721983,15,32684
3722230,15,32684
3722479,15,32690
3722728,15,32697
3722977,15,32688
3723222,15,32677
3723474,15,32677
3723721,15,32683
3723969,15,32684
3724217,15,32680
3724466,15,32684
3724714,15,32705
3724958,15,32683
3725206,15,32679
3725454,15,32686
3725733,15,32685
3725984,15,32690
3726231,15,32684
3726480,15,32682
3726727,15,32704
3726972,15,32684
3727222,15,32684
3727471,15,32675
3727718,15,32691
3727971,15,32702
3728214,15,32677
3728463,15,32687
3728709,15,32685
3728959,15,32667
3729208,15,32684
3729486,15,32692
3729735,15,32692
3729980,15,32700
3730232,15,32690
3730479,15,32674
3730726,15,32678
3730974,15,32689
3731223,15,32665
3731471,15,32677
3731721,15,32704
3731966,15,32678
3732215,15,32684
3732461,15,32713
3732711,15,32699
3732957,15,32694
3733207,15,32709
3733482,15,32679
3733734,15,32707
3733979,15,32680
3734232,15,32680
3734477,15,32682
3734725,15,32670
3734974,15,32671
3735221,15,32692
3735467,15,32695
3735715,15,32698
3735963,15,32707
3736212,15,32682
3736461,15,32681
3736708,15,32676
3736958,15,32691
3737239,15,32686
3737484,15,32692
3737734,15,32685
3737981,15,32680
3738226,15,32694
3738476,15,32688
3738722,15,32687
3738972,15,32696
3739220,15,32686
3739469,15,32686
3739714,15,32673
3739964,15,32665
3740213,15,32688
3740458,15,32698
3740708,15,32708
3740956,15,32696
3741236,15,32685
3741487,15,32703
3741732,15,32700
3741977,15,32679
3742226,15,32693
3742474,15,32672
3742723,15,32691
3742971,15,32680
3743218,15,32692
3743467,15,32685
3743712,15,32693
3743965,15,32703
3744210,15,32693
3744458,15,32699
3744707,15,32688
3744986,15,32677
3745233,15,32699
3745484,15,32684
3745729,15,32688
3745978,15,32691
3746227,15,32684
3746473,15,32679
3746722,15,32696
3746972,15,32706
3747220,15,32704
3747470,15,32683
3747714,15,32691
3747963,15,32670
3748210,15,32688
3748460,15,32677
3748705,15,32712
3748982,15,32686
3749234,15,32687
3749481,15,32688
3749728,15,32692
3749977,15,32700
3750223,15,32690
3750476,15,32703
3750719,15,32692
3750967,15,32698
3751215,15,32682
3751466,15,32679
3751714,15,32715
3751961,15,32694
3752211,15,32675
3752457,15,32700
3752735,15,32687
3752985,15,32689
3753232,15,32696
3753479,15,32681
3753729,15,32699
3753975,15,32679
3754225,15,32683
3754471,15,32690
3754718,15,32698
3754968,15,32703
3755216,15,32691
3755467,15,32690
3755711,15,32697
3755960,15,32682
3756207,15,32676
3756455,15,32687
3756733,15,32714
3756984,15,32703
3757230,15,32688
3757478,15,32707
3757727,15,32690
3757975,15,32702
3758220,15,32677
3758470,15,32673
3758718,15,32685
3758966,15,32669
3759213,15,32695
3759462,15,32699
3759713,15,32695
3759960,15,32701
3760207,15,32678
3760484,15,32678
3760731,15,32686
3760981,15,32702
3761230,15,32685
3761479,15,32688
3761728,15,32677
3761975,15,32698
3762221,15,32688
3762469,15,32701
3762720,15,32687
3762967,15,32689
3763213,15,32694
3763462,15,32687
3763710,15,32673
3763957,15,32696
3764209,15,32699
3764485,15,32695
3764732,15,32682
3764982,15,32690
3765226,15,32668
3765477,15,32693
3765725,15,32706
3765973,15,32679
3766222,15,32662
3766469,15,32673
3766715,15,32676
3766965,15,32681
3767212,15,32691
3767457,15,32699
3767707,15,32690
3767958,15,32696
3768235,15,32698
3768486,15,32699
3768731,15,32683
3768979,15,32706
3769229,15,32686
3769476,15,32684
3769725,15,32688
3769973,15,32688
3770218,15,32696
3770466,15,32695
3770716,15,32682
3770965,15,32689
3771211,15,32688
3771458,15,32683
3771709,15,32706
3771957,15,32685
3772236,15,32688
3772483,15,32692
3772728,15,32693
3772979,15,32694
3773225,15,32699
3773476,15,32702
3773723,15,32681
3773970,15,32691
3774221,15,32690
3774468,15,32678
3774715,15,32689
3774964,15,32680
3775210,15,32689
3775458,15,32684
3775707,15,32698
3775986,15,32700
3776233,15,32679
3776480,15,32693
3776729,15,32677
3776978,15,32704
3777225,15,32696
3777475,15,32692
3777723,15,32673
3777971,15,32694
3778217,15,32675
3778469,15,32702
3778715,15,32697
3778959,15,32686
3779209,15,32695
3779458,15,32691
3779704,15,32680
3779985,15,32706
3780233,15,32681
3780480,15,32706
3780727,15,32698
3780977,15,32711
3781224,15,32669
3781474,15,32688
3781720,15,32697
3781969,15,32685
3782217,15,32699
3782466,15,32672
3782711,15,32673
3782960,15,32682
3783211,15,32706
3783459,15,32679
3783736,15,32671
3783984,15,32694
3784233,15,32694
3784481,15,32688
3784726,15,32674
3784977,15,32694
3785222,15,32709
3785473,15,32674
3785721,15,32674
3785967,15,32676
3786215,15,32688
3786463,15,32689
3786710,15,32680
3786959,15,32690
3787208,15,32680
3787459,15,32684
3787734,15,32694
3787981,15,32685
3788232,15,32690
3788480,15,32680
3788725,15,32694
3788976,15,32699
3789223,15,32691
3789472,15,32706
3789719,15,32684
3789968,15,32692
3790214,15,32693
3790464,15,32681
3790711,15,32707
3790959,15,32699
3791208,15,32704
3791486,15,32689
3791735,15,32712
3791981,15,32699
3792232,15,32702
3792478,15,32688
3792727,15,32667
3792975,15,32689
3793223,15,32690
3793469,15,32696
3793723,15,32697
3793966,15,32715
3794215,15,32694
3794462,15,32690
3794712,15,32703
3794958,15,32675
3795207,15,32708
3795487,15,32694
3795734,15,32685
3795984,15,32680
3796230,15,32710
3796478,15,32694
3796726,15,32679
3796976,15,32667
3797222,15,32696
3797469,15,32675
3797716,15,32691
3797964,15,32679
3798212,15,32690
3798462,15,32699
3798711,15,32705
3798957,15,32696
3799234,15,32681
3799485,15,32678
3799734,15,32685
3799983,15,32682
3800225,15,32688
3800476,15,32684
3800723,15,32688
3800972,15,32680
3801223,15,32679
3801470,15,32702
3801716,15,32699
3801964,15,32680
3802212,15,32664
3802459,15,32692
3802708,15,32690
3802958,15,32695
3803231,15,32692
3803483,15,32696
3803728,15,32692
3803978,15,32697
3804227,15,32687
3804473,15,32690
3804723,15,32679
3804973,15,32680
3805220,15,32694
3805469,15,32683
3805714,15,32702
3805964,15,32692
3806210,15,32695
3806459,15,32688
3806707,15,32692
3806986,15,32670
3807232,15,32692
3807482,15,32671
3807728,15,32702
3807977,15,32700
3808226,15,32676
3808472,15,32708
3808724,15,32690
3808971,15,32674
3809219,15,32685
3809468,15,32690
3809713,15,32695
3809963,15,32676
3810207,15,32677
3810461,15,32686
3810705,15,32689
3810983,15,32687
3811234,15,32698
3811478,15,32683
3811727,15,32677
3811977,15,32687
3812225,15,32687
3812472,15,32671
3812722,15,32689
3812968,15,32686
3813216,15,32677
3813468,15,32694
3813712,15,32664
3813961,15,32693
3814210,15,32686
3814458,15,32698
3814737,15,32698
3814983,15,32689
3815232,15,32661
3815483,15,32692
3815730,15,32691
3815976,15,32687
3816224,15,32686
3816473,15,32689
3816721,15,32681
3816966,15,32691
3817218,15,32706
3817465,15,32695
3817711,15,32682
3817959,15,32697
3818207,15,32697
3818456,15,32699
3818736,15,32684
3818984,15,32696
3819233,15,32688
3819479,15,32690
3819725,15,32675
3819975,15,32684
3820225,15,32692
3820472,15,32693
3820718,15,32694
3820967,15,32684
3821214,15,32699
3821464,15,32703
3821711,15,32682
3821958,15,32712
3822206,15,32689
3822485,15,32686
3822737,15,32688
3822980,15,32707
3823228,15,32685
3823480,15,32690
3823727,15,32679
3823972,15,32701
3824222,15,32703
3824469,15,32671
3824720,15,32672
3824968,15,32677
3825213,15,32693
3825463,15,32666
3825709,15,32700
3825959,15,32688
3826209,15,32687
3826485,15,32679
3826733,15,32679
3826982,15,32690
3827226,15,32669
3827477,15,32699
3827726,15,32689
3827974,15,32694
3828223,15,32674
3828471,15,32690
3828716,15,32686
3828965,15,32700
3829213,15,32699
3829461,15,32713
3829705,15,32688
3829955,15,32698
3830237,15,32686
3830482,15,32684
3830734,15,32700
3830980,15,32691
3831228,15,32693
3831478,15,32707
3831725,15,32709
3831971,15,32676
3832216,15,32696
3832469,15,32675
3832716,15,32678
3832963,15,32672
3833213,15,32684
3833457,15,32688
3833706,15,32690
3833953,15,32671
3834236,15,32670
3834482,15,32678
3834732,15,32669
3834980,15,32698
3835227,15,32683
3835474,15,32684
3835724,15,32687
3835973,15,32684
3836218,15,32690
3836466,15,32712
3836716,15,32677
3836965,15,32697
3837212,15,32688
3837458,15,32673
3837709,15,32673
3837985,15,32698
3838232,15,32674
3838481,15,32700
3838730,15,32716
3838980,15,32683
3839225,15,32683
3839472,15,32691
3839721,15,32690
3839973,15,32690
3840219,15,32681
3840464,15,32685
3840713,15,32668
3840961,15,32694
3841211,15,32672
3841458,15,32680
3841706,15,32684
3841985,15,32679
3842235,15,32715
3842480,15,32679
3842730,15,32663
3842976,15,32691
3843223,15,32692
3843474,15,32668
3843721,15,32684
3843970,15,32681
3844215,15,32689
3844463,15,32677
3844714,15,32685
3844960,15,32681
3845208,15,32697
3845456,15,32697
3845735,15,32700
3845982,15,32696
3846231,15,32686
3846479,15,32679
3846728,15,32686
3846974,15,32683
3847223,15,32682
3847470,15,32671
3847721,15,32690
3847966,15,32698
3848215,15,32675
3848466,15,32677
3848713,15,32686
3848961,15,32675
3849207,15,32696
3849453,15,32688
3849733,15,32671
3849982,15,32664
3850230,15,32693
3850478,15,32699
3850727,15,32681
3850974,15,32682
3851223,15,32687
3851470,15,32687
3851720,15,32687
3851964,15,32680
3852217,15,32687
3852461,15,32687
3852711,15,32670
3852958,15,32676
3853207,15,32702
3853488,15,32697
3853730,15,32685
3853984,15,32709
3854230,15,32682
3854479,15,32686
3854726,15,32685
3854975,15,32702
3855222,15,32685
3855470,15,32702
3855718,15,32685
3855966,15,32690
3856213,15,32699
3856462,15,32688
3856709,15,32682
3856957,15,32714
3857204,15,32673
3857484,15,32686
3857731,15,32688
3857980,15,32668
3858230,15,32701
3858477,15,32689
3858726,15,32694
3858975,15,32703
3859222,15,32686
3859470,15,32675
3859715,15,32678
3859966,15,32687
3860213,15,32691
3860460,15,32689
3860712,15,32698
3860957,15,32690
3861237,15,32694
3861483,15,32687
3861735,15,32678
3861980,15,32692
3862229,15,32711
3862478,15,32703
3862724,15,32680
3862976,15,32696
3863219,15,32674
3863466,15,32696
3863714,15,32706
3863965,15,32675
3864214,15,32694
3864462,15,32697
3864706,15,32696
3864957,15,32708
3865235,15,32700
3865481,15,32692
3865729,15,32682
3865979,15,32689
3866228,15,32708
3866477,15,32711
3866721,15,32686
3866969,15,32685
3867220,15,32676
3867464,15,32685
3867715,15,32708
3867963,15,32701
3868210,15,32696
3868460,15,32697
3868707,15,32687
3868988,15,32693
3869235,15,32692
3869480,15,32688
3869731,15,32680
3869979,15,32686
3870226,15,32684
3870475,15,32697
3870725,15,32690
3870972,15,32726
3871218,15,32700
3871466,15,32699
3871716,15,32686
3871962,15,32692
3872208,15,32691
3872460,15,32688
3872709,15,32693
3872987,15,32692
3873233,15,32690
3873480,15,32683
3873727,15,32715
3873976,15,32694
3874226,15,32674
3874472,15,32693
3874719,15,32668
3874967,15,32675
3875215,15,32677
3875466,15,32692
3875713,15,32680
3875961,15,32682
3876209,15,32706
3876456,15,32681
3876736,15,32681
3876985,15,32702
3877230,15,32681
3877477,15,32705
3877727,15,32699
3877974,15,32692
3878224,15,32691
3878471,15,32682
3878720,15,32698
3878967,15,32689
3879217,15,32678
3879462,15,32683
3879715,15,32692
3879961,15,32691
3880208,15,32676
3880457,15,32699
3880735,15,32663
3880983,15,32683
3881232,15,32680
3881481,15,32701
3881730,15,32684
3881972,15,32687
3882225,15,32683
3882475,15,32694
3882717,15,32666
3882968,15,32683
3883216,15,32681
3883463,15,32676
3883712,15,32675
3883957,15,32694
3884208,15,32699
3884484,15,32672
3884737,15,32694
3884983,15,32658
3885231,15,32712
3885478,15,32693
3885727,15,32702
3885974,15,32678
3886221,15,32700
3886469,15,32683
3886718,15,32671
3886965,15,32698
3887214,15,32673
3887464,15,32696
3887710,15,32700
3887957,15,32693
3888206,15,32704
3888485,15,32686
3888734,15,32697
3888981,15,32706
3889231,15,32679
3889479,15,32703
3889728,15,32686
3889973,15,32705
3890221,15,32701
3890470,15,32683
3890716,15,32693
3890966,15,32708
3891215,15,32678
3891461,15,32663
3891710,15,32688
3891956,15,32681
3892237,15,32672
3892484,15,32701
3892734,15,32663
3892983,15,32682
3893230,15,32696
3893474,15,32696
3893724,15,32685
3893972,15,32704
3894220,15,32708
3894466,15,32686
3894716,15,32684
3894964,15,32688
3895210,15,32677
3895459,15,32675
3895706,15,32685
3895958,15,32688
3896236,15,32699
3896486,15,32678
3896730,15,32692
3896978,15,32715
3897229,15,32684
3897473,15,32678
3897725,15,32674
3897970,15,32697
3898219,15,32678
3898465,15,32698
3898715,15,32682
3898965,15,32675
3899210,15,32703
3899460,15,32673
3899708,15,32676
3899989,15,32703
3900235,15,32683
3900482,15,32693
3900729,15,32695
3900976,15,32678
3901224,15,32688
3901475,15,32679
3901721,15,32673
3901968,15,32688
3902219,15,32681
3902467,15,32705
3902712,15,32663
3902964,15,32701
3903210,15,32673
3903455,15,32693
3903708,15,32705
3903982,15,32690
3904235,15,32698
3904480,15,32690
3904729,15,32682
3904977,15,32693
3905224,15,32686
3905473,15,32687
3905722,15,32676
3905969,15,32708
3906218,15,32676
3906464,15,32689
3906714,15,32679
3906962,15,32673
3907208,15,32689
3907457,15,32699
3907735,15,32673
3907984,15,32702
3908230,15,32685
3908480,15,32687
3908727,15,32687
3908977,15,32684
3909225,15,32685
3909471,15,32692
3909718,15,32677
3909967,15,32689
3910214,15,32677
3910464,15,32694
3910711,15,32695
3910960,15,32693
3911208,15,32698
3911456,15,32685
3911735,15,32687
3911982,15,32682
3912230,15,32684
3912477,15,32677
3912729,15,32676
3912975,15,32688
3913222,15,32702
3913469,15,32680
3913720,15,32692
3913965,15,32697
3914215,15,32682
3914464,15,32677
3914711,15,32681
3914965,15,32691
3915206,15,32709
3915486,15,32692
3915734,15,32677
3915984,15,32701
3916229,15,32673
3916475,15,32695
3916726,15,32675
3916975,15,32680
3917223,15,32675
3917469,15,32721
3917719,15,32689
3917966,15,32690
3918213,15,32688
3918462,15,32706
3918710,15,32698
3918959,15,32700
3919208,15,32702
3919488,15,32676
3919734,15,32673
3919981,15,32686
3920228,15,32696
3920474,15,32701
3920727,15,32677
3920972,15,32683
3921220,15,32693
3921471,15,32690
3921715,15,32687
3921966,15,32714
3922214,15,32687
3922461,15,32681
3922707,15,32702
3922955,15,32687
3923237,15,32691
3923484,15,32692
3923731,15,32689
3923980,15,32683
3924229,15,32687
3924477,15,32670
3924723,15,32694
3924973,15,32696
3925220,15,32704
3925466,15,32678
3925717,15,32694
3925965,15,32684
3926211,15,32690
3926458,15,32683
3926710,15,32680
3926958,15,32665
3927231,15,32689
3927481,15,32697
3927730,15,32690
3927978,15,32690
3928227,15,32700
3928476,15,32670
3928723,15,32693
3928972,15,32705
3929219,15,32690
3929468,15,32701
3929715,15,32703
3929964,15,32691
3930212,15,32678
3930456,15,32682
3930708,15,32706
3930988,15,32676
3931235,15,32696
3931485,15,32675
3931730,15,32695
3931979,15,32692
3932226,15,32694
3932471,15,32700
3932721,15,32689
3932970,15,32682
3933215,15,32667
3933465,15,32694
3933715,15,32715
3933962,15,32700
3934210,15,32705
3934459,15,32681
3934706,15,32667
3934984,15,32672
3935232,15,32681
3935480,15,32699
3935729,15,32665
3935975,15,32679
3936223,15,32706
3936472,15,32703
3936721,15,32694
3936969,15,32679
3937218,15,32684
3937464,15,32705
3937714,15,32687
3937960,15,32684
3938208,15,32699
3938460,15,32682
3938735,15,32688
3938984,15,32693
3939234,15,32702
3939480,15,32679
3939728,15,32689
3939976,15,32666
3940223,15,32688
3940472,15,32684
3940717,15,32677
3940969,15,32691
3941215,15,32698
3941464,15,32668
3941712,15,32672
3941959,15,32700
3942212,15,32697
3942457,15,32692
3942734,15,32698
3942982,15,32696
3943231,15,32710
3943478,15,32698
3943727,15,32691
3943977,15,32676
3944225,15,32678
3944471,15,32678
3944722,15,32692
3944966,15,32687
3945217,15,32678
3945464,15,32690
3945710,15,32698
3945957,15,32684
3946205,15,32699
3946484,15,32681
3946734,15,32682
3946984,15,32703
3947232,15,32697
3947476,15,32696
3947724,15,32674
3947977,15,32707
3948222,15,32695
3948472,15,32693
3948718,15,32694
3948966,15,32690
3949212,15,32677
3949461,15,32677
3949710,15,32700
3949959,15,32676
3950204,15,32682
3950485,15,32672
3950732,15,32702
3950978,15,32690
3951229,15,32723
3951477,15,32700
3951723,15,32692
3951973,15,32693
3952219,15,32673
3952469,15,32699
3952717,15,32698
3952967,15,32682
3953216,15,32701
3953461,15,32703
3953709,15,32685
3953954,15,32689
3954238,15,32685
3954484,15,32694
3954734,15,32702
3954980,15,32690
3955230,15,32691
3955476,15,32695
3955725,15,32690
3955971,15,32692
3956220,15,32698
3956470,15,32697
3956717,15,32712
3956966,15,32698
3957211,15,32689
3957460,15,32686
3957708,15,32690
3957956,15,32687
3958236,15,32679
3958484,15,32685
3958731,15,32688
3958979,15,32669
3959223,15,32694
3959476,15,32707
3959722,15,32692
3959973,15,32685
3960217,15,32689
3960466,15,32683
3960717,15,32657
3960960,15,32682
3961210,15,32691
3961457,15,32695
3961706,15,32687
3961986,15,32679
3962236,15,32687
3962484,15,32688
3962733,15,32698
3962979,15,32693
3963226,15,32669
3963476,15,32668
3963723,15,32682
3963971,15,32700
3964217,15,32672
3964466,15,32689
3964714,15,32679
3964959,15,32683
3965208,15,32704
3965458,15,32696
3965705,15,32677
3965983,15,32682
3966233,15,32690
3966481,15,32682
3966731,15,32689
3966976,15,32692
3967226,15,32694
3967471,15,32697
3967721,15,32687
3967968,15,32689
3968216,15,32693
3968465,15,32688
3968713,15,32686
3968963,15,32696
3969208,15,32684
3969456,15,32685
3969736,15,32698
3969983,15,32675
3970229,15,32679
3970480,15,32679
3970726,15,32694
3970976,15,32685
3971224,15,32689
3971473,15,32681
3971720,15,32691
3971967,15,32695
3972216,15,32672
3972464,15,32679
3972713,15,32685
3972959,15,32673
3973207,15,32675
3973455,15,32691
3973734,15,32690
3973983,15,32689
3974231,15,32681
3974477,15,32682
3974724,15,32679
3974976,15,32698
3975222,15,32690
3975470,15,32677
3975717,15,32679
3975968,15,32703
3976216,15,32685
3976465,15,32694
3976712,15,32687
3976957,15,32676
3977205,15,32683
3977484,15,32674
3977732,15,32686
3977983,15,32668
3978230,15,32702
3978476,15,32705
3978727,15,32678
3978973,15,32677
3979221,15,32679
3979472,15,32698
3979718,15,32696
3979966,15,32699
3980216,15,32689
3980462,15,32693
3980711,15,32683
3980957,15,32690
3981207,15,32687
3981483,15,32675
3981732,15,32670
3981982,15,32681
3982229,15,32693
3982477,15,32700
3982724,15,32697
3982972,15,32687
3983222,15,32683
3983469,15,32692
3983717,15,32695
3983965,15,32693
3984216,15,32704
3984461,15,32673
3984709,15,32688
3984955,15,32689
3985240,15,32688
3985484,15,32664
3985732,15,32682
3985979,15,32680
3986228,15,32701
3986477,15,32700
3986726,15,32705
3986973,15,32684
3987216,15,32696
3987464,15,32682
3987716,15,32683
3987967,15,32685
3988210,15,32694
3988458,15,32715
3988706,15,32710
3988953,15,32694
3989236,15,32701
3989483,15,32696
3989731,15,32698
3989978,15,32671
3990230,15,32679
3990476,15,32683
3990721,15,32687
3990969,15,32691
3991221,15,32683
3991465,15,32682
3991716,15,32686
3991963,15,32689
3992212,15,32687
3992459,15,32696
3992708,15,32687
3992987,15,32692
3993236,15,32685
3993483,15,32697
3993728,15,32682
3993978,15,32681
3994228,15,32678
3994475,15,32680
3994721,15,32695
3994969,15,32679
3995217,15,32678
3995465,15,32688
3995714,15,32698
3995962,15,32681
3996210,15,32688
3996460,15,32707
3996705,15,32684
3996987,15,32689
3997232,15,32693
3997479,15,32701
3997730,15,32706
3997975,15,32694
3998224,15,32703
3998471,15,32687
3998723,15,32681
3998970,15,32684
3999217,15,32682
3999466,15,32681
3999711,15,32698
3999960,15,32688
4000211,15,32692
4000458,15,32721
4000733,15,32678
4000985,15,32687
4001232,15,32677
4001480,15,32694
4001727,15,32684
4001977,15,32692
4002223,15,32677
4002472,15,32697
4002718,15,32685
4002969,15,32692
4003216,15,32679
4003464,15,32694
4003714,15,32684
4003960,15,32682
4004208,15,32693
4004455,15,32709
4004735,15,32693
4004985,15,32687
4005233,15,32687
4005479,15,32687
4005726,15,32686
4005974,15,32691
4006222,15,32699
4006470,15,32672
4006719,15,32703
4006967,15,32678
4007216,15,32711
4007466,15,32684
4007711,15,32692
4007959,15,32673
4008206,15,32692
4008485,15,32666
4008733,15,32686
4008983,15,32685
4009233,15,32695
4009480,15,32685
4009725,15,32684
4009972,15,32697
4010224,15,32698
4010467,15,32682
4010719,15,32683
4010969,15,32686
4011216,15,32654
4011461,15,32670
4011709,15,32707
4011957,15,32683
4012207,15,32675
4012484,15,32715
4012733,15,32692
4012980,15,32678
4013228,15,32694
4013480,15,32691
4013723,15,32689
4013973,15,32678
4014221,15,32702
4014467,15,32668
4014717,15,32680
4014965,15,32691
4015213,15,32699
4015458,15,32690
4015710,15,32677
4015955,15,32689
4016238,15,32688
4016484,15,32668
4016731,15,32694
4016982,15,32686
4017232,15,32697
4017479,15,32690
4017725,15,32689
4017973,15,32697
4018219,15,32695
4018469,15,32693
4018715,15,32682
4018965,15,32692
4019211,15,32691
4019461,15,32685
4019709,15,32686
4019956,15,32670
4020234,15,32694
4020484,15,32678
4020731,15,32689
4020982,15,32687
4021226,15,32691
4021478,15,32687
4021722,15,32706
4021972,15,32685
4022219,15,32683
4022464,15,32692
4022712,15,32692
4022963,15,32689
4023211,15,32689
4023457,15,32691
4023710,15,32686
4023984,15,32670
4024233,15,32664
4024483,15,32689
4024729,15,32670
4024975,15,32701
4025227,15,32699
4025476,15,32704
4025723,15,32680
4025972,15,32685
4026218,15,32680
4026465,15,32699
4026712,15,32693
4026964,15,32697
4027209,15,32703
4027458,15,32684
4027706,15,32696
4027986,15,32692
4028232,15,32690
4028482,15,32689
4028730,15,32668
4028977,15,32675
4029225,15,32687
4029472,15,32688
4029718,15,32702
4029969,15,32692
4030216,15,32683
4030466,15,32693
4030716,15,32698
4030962,15,32679
4031209,15,32718
4031457,15,32685
4031738,15,32683
4031985,15,32688
4032232,15,32685
4032478,15,32712
4032730,15,32694
4032973,15,32670
4033226,15,32722
4033474,15,32697
4033721,15,32700
4033968,15,32686
4034216,15,32694
4034465,15,32660
4034711,15,32705
4034960,15,32702
4035207,15,32693
4035458,15,32684
4035734,15,32704
4035983,15,32695
4036229,15,32695
4036479,15,32684
4036727,15,32708
4036976,15,32677
4037222,15,32690
4037469,15,32701
4037719,15,32680
4037966,15,32700
4038212,15,32707
4038464,15,32692
4038710,15,32663
4038959,15,32693
4039209,15,32688
4039482,15,32699
4039735,15,32701
4039981,15,32695
4040230,15,32692
4040477,15,32701
4040728,15,32696
4040975,15,32701
4041219,15,32695
4041472,15,32701
4041717,15,32701
4041967,15,32690
4042212,15,32690
4042460,15,32676
4042711,15,32695
4042960,15,32695
4043203,15,32681
4043485,15,32663
4043734,15,32703
4043980,15,32694
4044231,15,32684
4044475,15,32685
4044723,15,32695
4044973,15,32701
4045220,15,32682
4045469,15,32677
4045717,15,32692
4045967,15,32697
4046215,15,32677
4046460,15,32677
4046710,15,32699
4046955,15,32675
4047237,15,32688
4047482,15,32694
4047732,15,32684
4047980,15,32685
4048228,15,32682
4048477,15,32688
4048721,15,32680
4048972,15,32705
4049222,15,32674
4049469,15,32695
4049715,15,32687
4049968,15,32704
4050210,15,32681
4050459,15,32705
4050706,15,32696
4050956,15,32686
4051235,15,32681
4051481,15,32671
4051732,15,32680
4051980,15,32685
4052225,15,32710
4052478,15,32691
4052722,15,32686
4052971,15,32698
4053218,15,32673
4053466,15,32693
4053716,15,32704
4053962,15,32695
4054211,15,32690
4054459,15,32671
4054708,15,32691
4054985,15,32692
4055232,15,32686
4055480,15,32704
4055729,15,32675
4055976,15,32699
4056225,15,32695
4056476,15,32706
4056723,15,32678
4056969,15,32692
4057217,15,32705
4057466,15,32686
4057719,15,32686
4057960,15,32703
4058212,15,32692
4058458,15,32700
4058705,15,32702
4058983,15,32695
4059236,15,32698
4059481,15,32678
4059729,15,32687
4059975,15,32687
4060224,15,32681
4060473,15,32696
4060719,15,32688
4060970,15,32697
4061216,15,32685
4061466,15,32687
4061711,15,32687
4061960,15,32685
4062210,15,32695
4062456,15,32682
4062735,15,32692
4062985,15,32686
4063234,15,32691
4063479,15,32673
4063728,15,32678
4063978,15,32671
4064224,15,32692
4064474,15,32688
4064721,15,32682
4064968,15,32669
4065215,15,32697
4065464,15,32707
4065712,15,32685
4065960,15,32663
4066208,15,32673
4066456,15,32719
4066736,15,32691
4066984,15,32689
4067229,15,32692
4067480,15,32697
4067729,15,32702
4067975,15,32678
4068222,15,32694
4068471,15,32677
4068716,15,32696
4068966,15,32685
4069212,15,32708
4069462,15,32701
4069711,15,32676
4069957,15,32673
4070206,15,32700
4070485,15,32680
4070736,15,32692
4070983,15,32692
4071227,15,32689
4071479,15,32667
4071724,15,32694
4071972,15,32672
4072221,15,32691
4072469,15,32709
4072718,15,32686
4072966,15,32694
4073214,15,32689
4073461,15,32680
4073710,15,32697
4073957,15,32672
4074206,15,32694
4074486,15,32683
4074733,15,32708
4074980,15,32705
4075231,15,32695
4075477,15,32684
4075723,15,32693
4075975,15,32687
4076223,15,32696
4076469,15,32680
4076715,15,32707
4076965,15,32694
4077214,15,32695
4077462,15,32681
4077710,15,32702
4077958,15,32678
4078234,15,32689
4078486,15,32721
4078731,15,32704
4078979,15,32680
4079230,15,32705
4079475,15,32691
4079724,15,32697
4079971,15,32704
4080219,15,32697
4080468,15,32674
4080716,15,32687
4080961,15,32686
4081215,15,32676
4081460,15,32692
4081707,15,32687
4081956,15,32677
4082231,15,32697
4082483,15,32691
4082732,15,32702
4082978,15,32691
4083227,15,32681
4083474,15,32683
4083725,15,32674
4083970,15,32694
4084219,15,32689
4084468,15,32681
4084715,15,32677
4084963,15,32696
4085213,15,32703
4085457,15,32709
4085708,15,32694
4085987,15,32698
4086236,15,32700
4086483,15,32685
4086731,15,32687
4086978,15,32713
4087228,15,32697
4087473,15,32689
4087720,15,32692
4087970,15,32695
4088215,15,32694
4088465,15,32701
4088715,15,32676
4088962,15,32689
4089213,15,32690
4089459,15,32698
4089705,15,32692
4089984,15,32661
4090233,15,32690
4090480,15,32682
4090728,15,32678
4090973,15,32692
4091225,15,32696
4091475,15,32684
4091723,15,32708
4091969,15,32685
4092216,15,32690
4092468,15,32699
4092710,15,32685
4092960,15,32686
4093208,15,32684
4093458,15,32678
4093737,15,32692
4093983,15,32702
4094232,15,32691
4094478,15,32679
4094725,15,32685
4094975,15,32692
4095224,15,32694
4095473,15,32683
4095718,15,32680
4095968,15,32693
4096218,15,32691
4096463,15,32707
4096712,15,32695
4096958,15,32704
4097204,15,32689
4097455,15,32704
4097736,15,32683
4097983,15,32687
4098231,15,32689
4098482,15,32727
4098725,15,32696
4098974,15,32702
4099223,15,32687
4099469,15,32679
4099715,15,32667
4099966,15,32673
4100216,15,32679
4100464,15,32670
4100711,15,32688
4100958,15,32711
4101206,15,32699
4101484,15,32698
4101735,15,32678
4101982,15,32707
4102230,15,32681
4102479,15,32673
4102725,15,32688
4102972,15,32682
4103220,15,32693
4103470,15,32696
4103718,15,32683
4103964,15,32708
4104214,15,32687
4104462,15,32683
4104711,15,32694
4104955,15,32676
4105207,15,32681
4105487,15,32668
4105733,15,32691
4105980,15,32695
4106228,15,32683
4106476,15,32689
4106724,15,32707
4106974,15,32687
4107219,15,32688
4107469,15,32663
4107716,15,32703
4107968,15,32696
4108214,15,32683
4108462,15,32683
4108712,15,32685
4108955,15,32691
4109236,15,32699
4109484,15,32677
4109732,15,32685
4109978,15,32683
4110229,15,32674
4110476,15,32689
4110723,15,32691
4110972,15,32695
4111222,15,32689
4111467,15,32683
4111718,15,32682
4111962,15,32694
4112212,15,32700
4112461,15,32703
4112707,15,32696
4112957,15,32672
4113237,15,32679
4113481,15,32680
4113731,15,32683
4113978,15,32706
4114228,15,32686
4114474,15,32686
4114721,15,32686
4114969,15,32687
4115217,15,32681
4115466,15,32696
4115716,15,32687
4115962,15,32693
4116209,15,32683
4116458,15,32684
4116706,15,32681
4116986,15,32665
4117235,15,32685
4117482,15,32690
4117733,15,32686
4117976,15,32703
4118225,15,32696
4118473,15,32694
4118724,15,32693
4118970,15,32698
4119218,15,32713
4119464,15,32691
4119712,15,32676
4119964,15,32694
4120210,15,32698
4120456,15,32692
4120705,15,32685
4120984,15,32705
4121230,15,32692
4121479,15,32698
4121725,15,32704
4121976,15,32688
4122224,15,32684
4122472,15,32696
4122719,15,32678
4122968,15,32699
4123216,15,32666
4123466,15,32677
4123713,15,32695
4123959,15,32682
4124209,15,32683
4124456,15,32705
4124734,15,32697
4124984,15,32669
4125231,15,32686
4125480,15,32685
4125730,15,32669
4125976,15,32690
4126224,15,32685
4126473,15,32672
4126721,15,32699
4126968,15,32701
4127214,15,32685
4127465,15,32673
4127711,15,32664
4127959,15,32704
4128210,15,32694
4128456,15,32695
4128733,15,32688
4128987,15,32696
4129231,15,32683
4129476,15,32686
4129728,15,32680
4129976,15,32680
4130225,15,32682
4130474,15,32689
4130718,15,32682
4130966,15,32684
4131214,15,32689
4131463,15,32683
4131711,15,32674
4131961,15,32685
4132206,15,32669
4132489,15,32700
4132735,15,32689
4132980,15,32696
4133232,15,32692
4133477,15,32684
4133724,15,32698
4133970,15,32683
4134222,15,32678
4134471,15,32670
4134717,15,32695
4134966,15,32703
4135214,15,32697
4135463,15,32688
4135711,15,32675
4135958,15,32687
4136205,15,32662
4136485,15,32690
4136734,15,32703
4136981,15,32686
4137227,15,32713
4137475,15,32688
4137724,15,32689
4137972,15,32692
4138221,15,32705
4138472,15,32683
4138715,15,32696
4138963,15,32701
4139211,15,32700
4139459,15,32675
4139708,15,32685
4139958,15,32694
4140238,15,32668
4140484,15,32689
4140731,15,32688
4140980,15,32694
4141229,15,32675
4141476,15,32673
4141723,15,32682
4141971,15,32692
4142220,15,32697
4142468,15,32700
4142716,15,32673
4142963,15,32682
4143212,15,32683
4143460,15,32680
4143707,15,32689
4143957,15,32686
4144236,15,32680
4144486,15,32672
4144731,15,32693
4144978,15,32694
4145227,15,32681
4145475,15,32691
4145723,15,32685
4145970,15,32693
4146218,15,32685
4146466,15,32670
4146713,15,32692
4146963,15,32696
4147211,15,32719
4147460,15,32680
4147707,15,32693
4147987,15,32689
4148233,15,32671
4148480,15,32692
4148732,15,32685
4148978,15,32684
4149223,15,32675
4149473,15,32699
4149718,15,32683
4149968,15,32687
4150219,15,32685
4150465,15,32695
4150715,15,32693
4150964,15,32689
4151208,15,32681
4151456,15,32682
4151705,15,32707
4151986,15,32700
4152233,15,32689
4152483,15,32701
4152731,15,32674
4152977,15,32674
4153223,15,32690
4153471,15,32670
4153722,15,32671
4153967,15,32694
4154220,15,32679
4154463,15,32697
4154710,15,32686
4154961,15,32698
4155209,15,32696
4155456,15,32696
4155734,15,32685
4155981,15,32690
4156234,15,32665
4156478,15,32690
4156728,15,32677
4156978,15,32692
4157223,15,32692
4157472,15,32684
4157722,15,32671
4157970,15,32682
4158217,15,32686
4158462,15,32691
4158714,15,32695
4158960,15,32677
4159208,15,32682
4159456,15,32685
4159737,15,32703
4159982,15,32687
4160232,15,32689
4160479,15,32698
4160730,15,32682
4160974,15,32684
4161224,15,32698
4161469,15,32680
4161720,15,32684
4161967,15,32689
4162215,15,32688
4162460,15,32664
4162709,15,32678
4162958,15,32681
4163205,15,32704
4163484,15,32689
4163734,15,32684
4163981,15,32680
4164229,15,32694
4164480,15,32682
4164725,15,32691
4164973,15,32677
4165225,15,32680
4165467,15,32697
4165718,15,32676
4165967,15,32683
4166212,15,32679
4166462,15,32687
4166709,15,32679
4166961,15,32689
4167204,15,32677
4167485,15,32684
4167730,15,32669
4167981,15,32703
4168232,15,32696
4168476,15,32694
4168725,15,32698
4168973,15,32685
4169222,15,32706
4169468,15,32686
4169715,15,32690
4169963,15,32687
4170214,15,32687
4170464,15,32683
4170709,15,32691
4170959,15,32698
4171237,15,32683
4171483,15,32680
4171731,15,32677
4171977,15,32683
4172229,15,32689
4172475,15,32690
4172725,15,32681
4172972,15,32682
4173220,15,32704
4173467,15,32685
4173716,15,32719
4173971,15,32683
4174212,15,32682
4174464,15,32675
4174707,15,32674
4174955,15,32701
4175232,15,32704
4175484,15,32699
4175730,15,32678
4175978,15,32693
4176229,15,32677
4176478,15,32689
4176725,15,32709
4176971,15,32688
4177220,15,32696
4177466,15,32688
4177712,15,32678
4177962,15,32685
4178212,15,32691
4178460,15,32679
4178707,15,32695
4178987,15,32698
4179234,15,32699
4179483,15,32688
4179727,15,32678
4179980,15,32681
4180226,15,32692
4180472,15,32679
4180721,15,32676
4180966,15,32682
4181218,15,32690
4181463,15,32690
4181711,15,32685
4181962,15,32724
4182209,15,32688
4182460,15,32691
4182708,15,32680
4182983,15,32681
4183236,15,32685
4183482,15,32712
4183728,15,32685
4183976,15,32685
4184228,15,32680
4184472,15,32681
4184722,15,32676
4184968,15,32700
4185217,15,32698
4185466,15,32685
4185712,15,32688
4185961,15,32691
4186211,15,32684
4186458,15,32696
4186737,15,32693
4186984,15,32699
4187233,15,32689
4187482,15,32692
4187727,15,32686
4187977,15,32694
4188223,15,32697
4188473,15,32706
4188717,15,32712
4188968,15,32686
4189218,15,32695
4189461,15,32717
4189714,15,32659
4189961,15,32685
4190207,15,32693
4190455,15,32700
4190737,15,32696
4190983,15,32700
4191231,15,32679
4191481,15,32694
4191729,15,32694
4191974,15,32697
4192223,15,32697
4192471,15,32688
4192721,15,32689
4192967,15,32678
4193216,15,32692
4193463,15,32678
4193710,15,32706
4193958,15,32682
4194207,15,32669
4194484,15,32682
4194734,15,32693
4194983,15,32671
4195228,15,32688
4195477,15,32711
4195729,15,32695
4195974,15,32687
4196224,15,32677
4196469,15,32712
4196718,15,32696
4196966,15,32685
4197213,15,32702
4197463,15,32695
4197710,15,32698
4197959,15,32701
4198204,15,32678
4198487,15,32675
4198733,15,32680
4198978,15,32686
4199230,15,32684
4199476,15,32682
4199725,15,32690
4199975,15,32688
4200222,15,32702
4200471,15,32684
4200717,15,32673
4200964,15,32664
4201214,15,32689
4201458,15,32677
4201708,15,32672
4201958,15,32690
4202236,15,32694
4202484,15,32666
4202731,15,32687
4202983,15,32694
4203227,15,32690
4203475,15,32685
4203725,15,32672
4203970,15,32684
4204218,15,32685
4204467,15,32691
4204716,15,32695
4204963,15,32681
4205212,15,32684
4205462,15,32690
4205708,15,32666
4205956,15,32682
4206234,15,32687
4206484,15,32696
4206731,15,32675
4206979,15,32695
4207228,15,32690
4207475,15,32705
4207725,15,32692
4207973,15,32691
4208219,15,32681
4208468,15,32700
4208714,15,32711
4208964,15,32705
4209211,15,32698
4209458,15,32677
4209708,15,32708
4209984,15,32671
4210235,15,32675
4210483,15,32677
4210730,15,32680
4210979,15,32691
4211226,15,32685
4211474,15,32688
4211722,15,32698
4211970,15,32673
4212219,15,32689
4212467,15,32697
4212715,15,32680
4212964,15,32670
4213211,15,32684
4213459,15,32690
4213707,15,32678
4213984,15,32691
4214233,15,32707
4214478,15,32697
4214729,15,32671
4214978,15,32683
4215224,15,32677
4215470,15,32692
4215721,15,32694
4215969,15,32679
4216218,15,32686
4216468,15,32711
4216714,15,32688
4216962,15,32686
4217207,15,32685
4217457,15,32686
4217735,15,32692
4217984,15,32705
4218233,15,32700
4218479,15,32695
4218727,15,32705
4218973,15,32694
4219221,15,32678
4219472,15,32685
4219720,15,32678
4219967,15,32676
4220215,15,32703
4220463,15,32686
4220711,15,32695
4220961,15,32686
4221206,15,32715
4221457,15,32685
4221736,15,32676
4221982,15,32691
4222233,15,32710
4222480,15,32707
4222729,15,32702
4222975,15,32695
4223223,15,32695
4223470,15,32685
4223720,15,32686
4223966,15,32677
4224213,15,32690
4224462,15,32692
4224713,15,32670
4224960,15,32702
4225209,15,32667
4225483,15,32675
4225733,15,32688
4225986,15,32706
4226229,15,32699
4226476,15,32704
4226725,15,32684
4226975,15,32669
4227221,15,32701
4227469,15,32678
4227717,15,32693
4227968,15,32677
4228213,15,32702
4228461,15,32685
4228708,15,32702
4228959,15,32679
4229204,15,32695
4229486,15,32698
4229733,15,32678
4229982,15,32701
4230226,15,32701
4230479,15,32688
4230724,15,32678
4230972,15,32688
4231223,15,32688
4231467,15,32676
4231717,15,32699
4231965,15,32697
4232213,15,32701
4232463,15,32682
4232708,15,32681
4232954,15,32693
4233233,15,32690
4233482,15,32696
4233730,15,32683
4233979,15,32685
4234226,15,32700
4234475,15,32717
4234725,15,32677
4234972,15,32702
4235219,15,32682
4235468,15,32674
4235716,15,32685
4235967,15,32682
4236211,15,32697
4236458,15,32714
4236708,15,32697
4236959,15,32671
4237235,15,32688
4237482,15,32689
4237728,15,32697
4237980,15,32671
4238227,15,32678
4238475,15,32680
4238724,15,32702
4238972,15,32680
4239219,15,32671
4239466,15,32691
4239718,15,32691
4239962,15,32681
4240215,15,32705
4240459,15,32711
4240706,15,32677
4240982,15,32678
4241234,15,32684
4241481,15,32683
4241731,15,32698
4241978,15,32705
4242225,15,32686
4242473,15,32690
4242722,15,32674
4242971,15,32698
4243219,15,32670
4243464,15,32693
4243715,15,32695
4243962,15,32696
4244212,15,32683
4244459,15,32689
4244708,15,32696
4244985,15,32701
4245234,15,32683
4245481,15,32685
4245729,15,32676
4245974,15,32687
4246224,15,32685
4246474,15,32670
4246720,15,32703
4246969,15,32692
4247216,15,32694
4247466,15,32697
4247715,15,32695
4247961,15,32690
4248212,15,32680
4248458,15,32682
4248736,15,32682
4248986,15,32668
4249232,15,32695
4249481,15,32676
4249730,15,32677
4249979,15,32705
4250226,15,32682
4250472,15,32681
4250719,15,32699
4250969,15,32692
4251216,15,32690
4251463,15,32686
4251712,15,32687
4251958,15,32674
4252207,15,32679
4252457,15,32679
4252733,15,32694
4252983,15,32694
4253228,15,32702
4253478,15,32680
4253724,15,32697
4253974,15,32685
4254222,15,32702
4254468,15,32697
4254721,15,32704
4254967,15,32676
4255216,15,32675
4255463,15,32690
4255711,15,32687
4255960,15,32684
4256207,15,32686
4256485,15,32670
4256735,15,32684
4256984,15,32675
4257231,15,32676
4257482,15,32692
4257725,15,32673
4257974,15,32694
4258223,15,32689
4258469,15,32679
4258717,15,32673
4258967,15,32694
4259216,15,32683
4259460,15,32684
4259709,15,32697
4259959,15,32705
4260206,15,32697
4260485,15,32691
4260731,15,32695
4260981,15,32684
4261229,15,32675
4261476,15,32703
4261725,15,32698
4261975,15,32683
4262220,15,32702
4262468,15,32689
4262719,15,32694
4262966,15,32666
4263212,15,32687
4263461,15,32699
4263713,15,32668
4263957,15,32680
4264238,15,32687
4264484,15,32688
4264728,15,32707
4264978,15,32678
4265227,15,32676
4265478,15,32706
4265723,15,32699
4265973,15,32683
4266219,15,32669
4266467,15,32700
4266718,15,32695
4266964,15,32700
4267211,15,32688
4267461,15,32675
4267708,15,32690
4267958,15,32696
4268234,15,32694
4268484,15,32714
4268731,15,32687
4268978,15,32702
4269225,15,32679
4269476,15,32693
4269722,15,32692
4269970,15,32684
4270218,15,32681
4270467,15,32674
4270715,15,32702
4270960,15,32686
4271209,15,32681
4271458,15,32695
4271709,15,32692
4271984,15,32685
4272233,15,32691
4272482,15,32680
4272728,15,32709
4272976,15,32682
4273226,15,32699
4273475,15,32706
4273723,15,32694
4273971,15,32704
4274217,15,32682
4274469,15,32691
4274714,15,32684
4274960,15,32710
4275210,15,32681
4275456,15,32676
4275705,15,32688
4275982,15,32673
4276233,15,32690
4276479,15,32689
4276729,15,32674
4276974,15,32719
4277226,15,32681
4277469,15,32689
4277721,15,32673
4277967,15,32685
4278216,15,32685
4278465,15,32697
4278712,15,32682
4278962,15,32682
4279209,15,32711
4279459,15,32675
4279735,15,32687
4279986,15,32680
4280234,15,32698
4280478,15,32680
4280728,15,32687
4280977,15,32684
4281221,15,32700
4281471,15,32680
4281719,15,32703
4281970,15,32675
4282214,15,32687
4282463,15,32676
4282712,15,32685
4282960,15,32677
4283208,15,32698
4283455,15,32704
4283736,15,32681
4283983,15,32686
4284229,15,32696
4284478,15,32706
4284726,15,32679
4284973,15,32697
4285222,15,32708
4285471,15,32677
4285721,15,32684
4285967,15,32691
4286214,15,32674
4286461,15,32697
4286711,15,32681
4286959,15,32709
4287210,15,32706
4287485,15,32697
4287736,15,32660
4287980,15,32677
4288230,15,32683
4288475,15,32691
4288724,15,32695
4288970,15,32693
4289222,15,32696
4289471,15,32693
4289719,15,32692
4289963,15,32679
4290212,15,32706
4290461,15,32660
4290712,15,32680
4290956,15,32670
4291208,15,32658
4291487,15,32673
4291731,15,32681
4291979,15,32687
4292227,15,32700
4292478,15,32685
4292724,15,32673
4292975,15,32688
4293218,15,32696
4293468,15,32675
4293717,15,32692
4293968,15,32684
4294213,15,32683
4294460,15,32697
4294711,15,32684
4294957,15,32706
4295236,15,32695
4295484,15,32672
4295731,15,32682
4295980,15,32689
4296227,15,32689
4296475,15,32696
4296726,15,32690
4296971,15,32680
4297220,15,32707
4297468,15,32672
4297714,15,32686
4297964,15,32669
4298213,15,32669
4298461,15,32680
4298710,15,32693
4298954,15,32670
4299236,15,32683
4299480,15,32678
4299733,15,32684
4299982,15,32700
4300227,15,32709
4300473,15,32679
4300723,15,32674
4300973,15,32672
4301217,15,32689
4301469,15,32695
4301714,15,32688
4301960,15,32687
4302212,15,32688
4302461,15,32690
4302710,15,32705
4302986,15,32694
4303235,15,32695
4303480,15,32684
4303731,15,32686
4303980,15,32692
4304224,15,32699
4304474,15,32684
4304723,15,32695
4304969,15,32688
4305219,15,32672
4305466,15,32684
4305714,15,32693
4305965,15,32685
4306210,15,32689
4306457,15,32696
4306706,15,32690
4306985,15,32681
4307232,15,32689
4307479,15,32689
4307729,15,32706
4307975,15,32686
4308224,15,32682
4308475,15,32684
4308722,15,32715
4308972,15,32700
4309217,15,32697
4309465,15,32696
4309714,15,32700
4309960,15,32705
4310208,15,32698
4310459,15,32690
4310738,15,32706
4310983,15,32683
4311231,15,32683
4311482,15,32692
4311728,15,32710
4311977,15,32694
4312226,15,32680
4312471,15,32683
4312719,15,32694
4312970,15,32690
4313218,15,32682
4313463,15,32687
4313712,15,32674
4313958,15,32687
4314206,15,32663
4314454,15,32677
4314735,15,32687
4314983,15,32711
4315232,15,32679
4315477,15,32686
4315728,15,32691
4315976,15,32693
4316224,15,32673
4316470,15,32679
4316721,15,32691
4316967,15,32668
4317218,15,32692
4317463,15,32711
4317711,15,32679
4317962,15,32702
4318208,15,32704
4318488,15,32687
4318733,15,32659
4318980,15,32690
4319229,15,32704
4319479,15,32676
4319725,15,32688
4319970,15,32693
4320222,15,32696
4320471,15,32699
4320719,15,32670
4320965,15,32688
4321213,15,32701
4321463,15,32687
4321709,15,32674
4321959,15,32705
4322208,15,32679
4322484,15,32685
4322733,15,32694
4322982,15,32694
4323228,15,32700
4323476,15,32684
4323721,15,32704
4323974,15,32685
4324218,15,32699
4324470,15,32702
4324718,15,32685
4324963,15,32678
4325214,15,32687
4325463,15,32682
4325708,15,32682
4325958,15,32688
4326235,15,32684
4326486,15,32698
4326731,15,32682
4326978,15,32677
4327229,15,32689
4327478,15,32687
4327724,15,32710
4327972,15,32701
4328221,15,32710
4328469,15,32700
4328716,15,32687
4328964,15,32693
4329215,15,32682
4329458,15,32697
4329706,15,32691
4329955,15,32707
4330235,15,32689
4330486,15,32701
4330730,15,32697
4330979,15,32699
4331227,15,32700
4331476,15,32676
4331723,15,32691
4331972,15,32670
4332219,15,32679
4332466,15,32711
4332716,15,32665
4332964,15,32698
4333210,15,32702
4333457,15,32677
4333707,15,32679
4333988,15,32702
4334233,15,32678
4334480,15,32700
4334730,15,32692
4334976,15,32680
4335226,15,32692
4335475,15,32693
4335724,15,32721
4335970,15,32668
4336217,15,32682
4336465,15,32686
4336712,15,32679
4336958,15,32681
4337210,15,32679
4337456,15,32671
4337707,15,32690
4337987,15,32676
4338234,15,32684
4338481,15,32680
4338729,15,32695
4338979,15,32685
4339226,15,32687
4339473,15,32679
4339719,15,32703
4339970,15,32687
4340215,15,32679
4340464,15,32698
4340712,15,32692
4340961,15,32679
4341208,15,32690
4341456,15,32685
4341735,15,32691
4341984,15,32697
4342230,15,32682
4342480,15,32678
4342728,15,32696
4342977,15,32687
4343226,15,32659
4343473,15,32682
4343718,15,32710
4343969,15,32678
4344216,15,32676
4344466,15,32685
4344711,15,32696
4344958,15,32677
4345210,15,32710
4345454,15,32694
4345736,15,32703
4345983,15,32704
4346230,15,32686
4346479,15,32681
4346724,15,32678
4346973,15,32699
4347223,15,32703
4347474,15,32664
4347720,15,32690
4347968,15,32683
4348214,15,32681
4348465,15,32696
4348711,15,32666
4348961,15,32698
4349208,15,32689
4349485,15,32683
4349736,15,32702
4349981,15,32695
4350228,15,32707
4350476,15,32702
4350724,15,32692
4350975,15,32675
4351225,15,32675
4351468,15,32682
4351718,15,32682
4351964,15,32689
4352217,15,32692
4352462,15,32707
4352708,15,32686
4352958,15,32682
4353205,15,32697
4353486,15,32688
4353734,15,32706
4353981,15,32697
4354227,15,32678
4354479,15,32692
4354723,15,32695
4354976,15,32693
4355223,15,32708
4355469,15,32679
4355718,15,32691
4355964,15,32681
4356214,15,32673
4356460,15,32676
4356711,15,32671
4356955,15,32686
4357237,15,32674
4357485,15,32689
4357731,15,32672
4357982,15,32675
4358226,15,32678
4358473,15,32709
4358722,15,32680
4358971,15,32682
4359219,15,32686
4359467,15,32693
4359717,15,32703
4359966,15,32703
4360213,15,32695
4360460,15,32668
4360708,15,32702
4360954,15,32694
4361234,15,32670
4361484,15,32686
4361730,15,32696
4361977,15,32680
4362226,15,32694
4362476,15,32695
4362725,15,32681
4362971,15,32680
4363218,15,32683
4363466,15,32689
4363714,15,32678
4363963,15,32703
4364210,15,32708
4364461,15,32685
4364708,15,32684
4364986,15,32662
4365236,15,32667
4365482,15,32684
4365731,15,32699
4365978,15,32662
4366227,15,32690
4366474,15,32692
4366721,15,32686
4366972,15,32688
4367217,15,32709
4367468,15,32667
4367715,15,32693
4367962,15,32708
4368209,15,32664
4368460,15,32705
4368707,15,32684
4368984,15,32687
4369232,15,32694
4369479,15,32684
4369730,15,32694
4369976,15,32687
4370224,15,32693
4370473,15,32691
4370719,15,32694
4370967,15,32682
4371220,15,32673
4371465,15,32679
4371714,15,32679
4371962,15,32701
4372213,15,32707
4372457,15,32696
4372737,15,32674
4372983,15,32688
4373231,15,32700
4373480,15,32700
4373728,15,32678
4373978,15,32691
4374223,15,32710
4374474,15,32681
4374722,15,32679
4374968,15,32691
4375217,15,32672
4375463,15,32685
4375714,15,32677
4375961,15,32672
4376208,15,32698
4376458,15,32694
4376736,15,32695
4376982,15,32687
4377232,15,32689
4377479,15,32686
4377728,15,32697
4377976,15,32699
4378223,15,32686
4378470,15,32701
4378718,15,32711
4378967,15,32712
4379215,15,32681
4379463,15,32699
4379712,15,32684
4379961,15,32702
4380208,15,32702
4380486,15,32693
4380734,15,32697
4380983,15,32696
4381229,15,32696
4381478,15,32691
4381728,15,32680
4381973,15,32680
4382223,15,32683
4382469,15,32677
4382719,15,32686
4382967,15,32689
4383215,15,32691
4383463,15,32692
4383710,15,32692
4383958,15,32696
4384203,15,32684
4384487,15,32699
4384734,15,32676
4384980,15,32695
4385229,15,32681
4385475,15,32691
4385726,15,32668
4385974,15,32711
4386220,15,32676
4386470,15,32714
4386718,15,32680
4386964,15,32682
4387213,15,32676
4387463,15,32699
4387711,15,32695
4387958,15,32686
4388237,15,32684
4388482,15,32676
4388732,15,32689
4388980,15,32692
4389228,15,32682
4389475,15,32685
4389724,15,32694
4389972,15,32681
4390217,15,32682
4390468,15,32692
4390716,15,32695
4390965,15,32704
4391213,15,32683
4391460,15,32695
4391708,15,32686
4391957,15,32685
4392235,15,32686
4392485,15,32681
4392731,15,32692
4392977,15,32685
4393227,15,32684
4393477,15,32689
4393722,15,32698
4393969,15,32665
4394221,15,32695
4394467,15,32670
4394715,15,32691
4394964,15,32703
4395211,15,32707
4395459,15,32693
4395705,15,32683
4395986,15,32689
4396234,15,32687
4396483,15,32697
4396733,15,32665
4396981,15,32684
4397227,15,32696
4397473,15,32670
4397721,15,32685
4397970,15,32700
4398219,15,32679
4398466,15,32675
4398716,15,32708
4398960,15,32674
4399210,15,32682
4399459,15,32667
4399705,15,32687
4399985,15,32699
4400232,15,32688
4400480,15,32670
4400729,15,32677
4400976,15,32697
4401225,15,32697
4401472,15,32685
4401721,15,32683
4401967,15,32689
4402215,15,32691
4402466,15,32674
4402713,15,32715
4402961,15,32689
4403210,15,32697
4403461,15,32706
4403735,15,32703
4403987,15,32690
4404231,15,32690
4404482,15,32693
4404728,15,32658
4404976,15,32690
4405225,15,32694
4405473,15,32682
4405718,15,32689
4405969,15,32706
4406212,15,32665
4406466,15,32682
4406714,15,32690
4406960,15,32692
4407208,15,32697
4407455,15,32691
4407735,15,32697
4407983,15,32691
4408228,15,32697
4408477,15,32692
4408726,15,32675
4408977,15,32689
4409225,15,32674
4409470,15,32688
4409720,15,32681
4409968,15,32702
4410215,15,32686
4410462,15,32690
4410712,15,32683
4410961,15,32696
4411207,15,32706
4411484,15,32670
4411736,15,32714
4411982,15,32706
4412229,15,32696
4412477,15,32689
4412727,15,32699
4412973,15,32682
4413220,15,32682
4413471,15,32697
4413718,15,32681
4413971,15,32676
4414211,15,32695
4414463,15,32669
4414709,15,32700
4414957,15,32695
4415209,15,32691
4415482,15,32689
4415733,15,32673
4415982,15,32697
4416230,15,32701
4416480,15,32679
4416725,15,32683
4416974,15,32714
4417222,15,32678
4417467,15,32688
4417719,15,32684
4417964,15,32682
4418212,15,32679
4418463,15,32686
4418710,15,32688
4418959,15,32678
4419237,15,32690
4419487,15,32700
4419734,15,32680
4419978,15,32672
4420229,15,32692
4420475,15,32697
4420724,15,32691
4420974,15,32693
4421219,15,32697
4421468,15,32695
4421717,15,32677
4421965,15,32684
4422215,15,32695
4422461,15,32687
4422709,15,32690
4422956,15,32700
4423235,15,32689
4423484,15,32684
4423730,15,32684
4423980,15,32677
4424226,15,32688
4424476,15,32689
4424723,15,32685
4424969,15,32701
4425218,15,32679
4425467,15,32676
4425716,15,32681
4425966,15,32697
4426209,15,32688
4426460,15,32690
4426707,15,32702
4426983,15,32695
4427233,15,32683
4427482,15,32686
4427732,15,32692
4427977,15,32682
4428225,15,32669
4428476,15,32694
4428724,15,32687
4428970,15,32711
4429219,15,32685
4429466,15,32704
4429715,15,32682
4429962,15,32691
4430211,15,32689
4430457,15,32691
4430709,15,32709
4430983,15,32678
4431234,15,32699
4431481,15,32701
4431728,15,32682
4431979,15,32692
4432224,15,32697
4432474,15,32688
4432720,15,32687
4432967,15,32677
4433215,15,32676
4433462,15,32686
4433715,15,32684
4433960,15,32698
4434208,15,32684
4434456,15,32676
4434737,15,32696
4434984,15,32682
4435232,15,32701
4435480,15,32686
4435728,15,32699
4435978,15,32709
4436224,15,32693
4436470,15,32691
4436720,15,32703
4436966,15,32687
4437216,15,32706
4437463,15,32692
4437710,15,32694
4437961,15,32723
4438209,15,32713
4438457,15,32683
4438734,15,32690
4438982,15,32668
4439230,15,32689
4439481,15,32679
4439727,15,32680
4439975,15,32695
4440220,15,32689
4440470,15,32693
4440719,15,32688
4440966,15,32701
4441215,15,32676
4441462,15,32706
4441709,15,32669
4441959,15,32685
4442205,15,32671
4442484,15,32676
4442732,15,32696
4444068,15,32721
4444348,15,32706
4444598,15,32687
4444840,15,32698
4445089,15,32684
4445337,15,32696
4445585,15,32704
4445837,15,32686
4446083,15,32697
4446331,15,32701
4446580,15,32685
4446825,15,32689
4447073,15,32696
4447322,15,32690
4447567,15,32683
4447817,15,32687
4448099,15,32684
4448345,15,32681
4448592,15,32691
4448842,15,32677
4449090,15,32692
4449338,15,32673
4449585,15,32680
4449834,15,32676
4450082,15,32702
4450329,15,32673
4450576,15,32697
4450826,15,32694
4451074,15,32689
4451321,15,32679
4451571,15,32710
4451850,15,32684
4452096,15,32689
4452343,15,32688
4452595,15,32680
4452840,15,32683
4453087,15,32696
4453333,15,32717
4453585,15,32676
4453832,15,32670
4454077,15,32707
4454327,15,32703
4454573,15,32690
4454824,15,32702
4455072,15,32684
4455321,15,32693
4455567,15,32703
4455847,15,32672
4456097,15,32670
4456344,15,32694
4456592,15,32684
4456838,15,32699
4457088,15,32698
4457334,15,32674
4457582,15,32699
4457834,15,32669
4458080,15,32698
4458327,15,32701
4458575,15,32702
4458823,15,32701
4459070,15,32703
4459320,15,32694
4459598,15,32677
4459848,15,32690
4460093,15,32680
4460341,15,32699
4460587,15,32691
4460839,15,32686
4461084,15,32694
4461332,15,32678
4461584,15,32688
4461832,15,32685
4462079,15,32688
4462327,15,32686
4462576,15,32677
4462824,15,32679
4463072,15,32683
4463318,15,32706
4463600,15,32671
4463846,15,32692
4464090,15,32671
4464339,15,32681
4464588,15,32687
4464835,15,32700
4465085,15,32692
4465333,15,32689
4465583,15,32690
4465828,15,32667
4466075,15,32690
4466325,15,32689
4466573,15,32702
4466822,15,32686
4467068,15,32699
4467348,15,32698
4467599,15,32683
4467842,15,32685
4468092,15,32680
4468342,15,32676
4468586,15,32694
4468836,15,32678
4469086,15,32695
4469331,15,32692
4469580,15,32701
4469826,15,32703
4470077,15,32681
4470324,15,32693
4470574,15,32680
4470820,15,32688
4471069,15,32685
4471350,15,32692
4471594,15,32707
4471841,15,32671
4472093,15,32707
4472337,15,32703
4472586,15,32675
4472834,15,32701
4473084,15,32679
4473332,15,32683
4473579,15,32680
4473827,15,32691
4474075,15,32684
4474324,15,32672
4474570,15,32682
4474816,15,32686
4475098,15,32682
4475345,15,32691
4475593,15,32696
4475841,15,32693
4476087,15,32684
4476338,15,32699
4476587,15,32698
4476833,15,32697
4477083,15,32690
4477328,15,32706
4477578,15,32680
4477826,15,32684
4478071,15,32686
4478320,15,32679
4478571,15,32687
4478817,15,32692
4479100,15,32670
4479347,15,32696
4479592,15,32700
4479843,15,32692
4480090,15,32684
4480340,15,32691
4480586,15,32701
4480832,15,32694
4481083,15,32676
4481326,15,32694
4481577,15,32679
4481824,15,32678
4482074,15,32675
4482324,15,32718
4482568,15,32690
4482848,15,32693
4483094,15,32682
4483344,15,32678
4483593,15,32684
4483841,15,32707
4484089,15,32688
4484335,15,32687
4484586,15,32667
4484832,15,32690
4485079,15,32699
4485327,15,32680
4485577,15,32692
4485828,15,32678
4486073,15,32691
4486322,15,32712
4486568,15,32679
4486846,15,32703
4487096,15,32710
4487340,15,32691
4487591,15,32688
4487838,15,32698
4488087,15,32693
4488335,15,32686
4488586,15,32692
4488829,15,32682
4489081,15,32692
4489327,15,32706
4489574,15,32683
4489823,15,32684
4490072,15,32688
4490322,15,32675
4490596,15,32695
4490848,15,32699
4491095,15,32674
4491344,15,32695
4491591,15,32688
4491838,15,32674
4492086,15,32671
4492332,15,32700
4492582,15,32679
4492828,15,32692
4493077,15,32697
4493327,15,32695
4493573,15,32692
4493822,15,32687
4494069,15,32697
4494318,15,32688
4494600,15,32675
4494847,15,32701
4495092,15,32690
4495342,15,32664
4495588,15,32691
4495840,15,32706
4496084,15,32670
4496332,15,32694
4496581,15,32682
4496828,15,32692
4497078,15,32694
4497325,15,32665
4497573,15,32682
4497821,15,32668
4498068,15,32698
4498348,15,32701
4498596,15,32678
4498844,15,32689
4499090,15,32693
4499340,15,32691
4499590,15,32700
4499836,15,32690
4500084,15,32700
4500332,15,32687
4500582,15,32696
4500832,15,32705
4501077,15,32669
4501325,15,32696
4501575,15,32710
4501821,15,32676
4502069,15,32694
4502345,15,32694
4502596,15,32701
4502844,15,32683
4503089,15,32680
4503339,15,32689
4503587,15,32692
4503832,15,32693
4504084,15,32678
4504332,15,32681
4504575,15,32690
4504828,15,32673
4505077,15,32680
4505324,15,32683
4505571,15,32684
4505820,15,32674
4506097,15,32670
4506344,15,32696
4506596,15,32699
4506844,15,32688
4507091,15,32697
4507337,15,32689
4507585,15,32684
4507835,15,32701
4508081,15,32687
4508333,15,32681
4508578,15,32701
4508827,15,32691
4509077,15,32701
4509321,15,32689
4509570,15,32677
4509820,15,32661
4510097,15,32681
4510348,15,32706
4510594,15,32695
4510842,15,32693
4511090,15,32689
4511336,15,32717
4511587,15,32714
4511834,15,32689
4512080,15,32691
4512329,15,32698
4512580,15,32708
4512825,15,32675
4513074,15,32685
4513323,15,32709
4513570,15,32698
4513848,15,32708
4514092,15,32690
4514346,15,32688
4514594,15,32679
4514841,15,32690
4515086,15,32682
4515334,15,32702
4515585,15,32697
4515832,15,32693
4516080,15,32700
4516329,15,32696
4516572,15,32684
4516824,15,32665
4517071,15,32693
4517317,15,32700
4517567,15,32692
4517848,15,32695
4518097,15,32684
4518343,15,32669
4518592,15,32690
4518841,15,32683
4519087,15,32681
4519336,15,32678
4519586,15,32680
4519831,15,32693
4520082,15,32679
4520327,15,32715
4520576,15,32691
4520821,15,32680
4521069,15,32675
4521318,15,32690
4521597,15,32679
4521844,15,32686
4522096,15,32699
4522342,15,32695
4522590,15,32705
4522837,15,32697
4523083,15,32697
4523332,15,32697
4523583,15,32696
4523831,15,32688
4524075,15,32686
4524329,15,32693
4524574,15,32690
4524823,15,32678
4525072,15,32699
4525316,15,32679
4525595,15,32686
4525842,15,32691
4526093,15,32698
4526342,15,32675
4526587,15,32691
4526837,15,32706
4527085,15,32704
4527334,15,32688
4527580,15,32700
4527831,15,32693
4528077,15,32713
4528324,15,32675
4528575,15,32691
4528820,15,32682
4529067,15,32687
4529348,15,32693
4529594,15,32698
4529841,15,32687
4530089,15,32705
4530342,15,32701
4530588,15,32694
4530836,15,32695
4531084,15,32686
4531332,15,32672
4531580,15,32697
4531826,15,32686
4532078,15,32704
4532322,15,32687
4532575,15,32688
4532818,15,32698
4533067,15,32692
4533347,15,32691
4533594,15,32677
4533842,15,32673
4534092,15,32685
4534340,15,32697
4534588,15,32669
4534832,15,32683
4535082,15,32690
4535331,15,32689
4535578,15,32683
4535826,15,32687
4536075,15,32695
4536321,15,32673
4536574,15,32693
4536822,15,32679
4537100,15,32693
4537348,15,32680
4537595,15,32685
4537841,15,32694
4538093,15,32704
4538339,15,32684
4538586,15,32685
4538833,15,32677
4539077,15,32692
4539331,15,32702
4539578,15,32690
4539825,15,32690
4540074,15,32689
4540324,15,32689
4540571,15,32674
4540819,15,32689
4541098,15,32687
4541344,15,32699
4541594,15,32685
4541840,15,32672
4542089,15,32677
4542338,15,32691
4542585,15,32714
4542832,15,32692
4543083,15,32670
4543329,15,32684
4543576,15,32707
4543826,15,32693
4544073,15,32695
4544319,15,32712
4544572,15,32695
4544848,15,32680
4545098,15,32687
4545344,15,32681
4545593,15,32703
4545840,15,32673
4546088,15,32702
4546334,15,32697
4546585,15,32680
4546835,15,32695
4547081,15,32670
4547327,15,32695
4547575,15,32691
4547823,15,32669
4548072,15,32685
4548320,15,32670
4548569,15,32690
4548848,15,32683
4549097,15,32699
4549343,15,32676
4549592,15,32691
4549837,15,32697
4550084,15,32674
4550336,15,32683
4550583,15,32690
4550828,15,32679
4551077,15,32665
4551327,15,32696
4551578,15,32703
4551824,15,32701
4552071,15,32671
4552318,15,32674
4552597,15,32685
4552848,15,32701
4553096,15,32693
4553342,15,32701
4553589,15,32683
4553841,15,32685
4554087,15,32690
4554335,15,32695
4554583,15,32696
4554829,15,32691
4555079,15,32676
4555328,15,32684
4555578,15,32682
4555823,15,32661
4556069,15,32689
4556318,15,32698
4556597,15,32692
4556843,15,32666
4557093,15,32683
4557341,15,32718
4557586,15,32673
4557838,15,32682
4558084,15,32694
4558335,15,32687
4558584,15,32715
4558828,15,32690
4559077,15,32690
4559328,15,32694
4559573,15,32683
4559820,15,32685
4560068,15,32691
4560347,15,32679
4560596,15,32701
4560844,15,32685
4561093,15,32691
4561339,15,32701
4561592,15,32675
4561836,15,32683
4562081,15,32695
4562333,15,32688
4562581,15,32682
4562830,15,32683
4563078,15,32698
4563324,15,32679
4563573,15,32684
4563822,15,32678
4564069,15,32704
4564351,15,32697
4564596,15,32689
4564844,15,32688
4565092,15,32699
4565339,15,32665
4565585,15,32681
4565838,15,32700
4566087,15,32695
4566329,15,32706
4566578,15,32690
4566827,15,32695
4567076,15,32688
4567324,15,32702
4568160,15,32679
4568440,15,32678
4568689,15,32673
4568934,15,32695
4569182,15,32705
4569431,15,32691
4569679,15,32694
4569930,15,32711
4570175,15,32694
4570422,15,32689
4570672,15,32678
4570916,15,32690
4571166,15,32670
4571417,15,32690
4571664,15,32683
4571909,15,32690
4572191,15,32704
4572436,15,32695
4572686,15,32682
4572935,15,32690
4573181,15,32673
4573429,15,32686
4573677,15,32688
4573928,15,32695
4574175,15,32672
4574421,15,32681
4574670,15,32695
4574919,15,32671
4575167,15,32685
4575414,15,32688
4575663,15,32679
4575939,15,32689
4576189,15,32664
4576436,15,32703
4576680,15,32681
4576934,15,32677
4577180,15,32701
4577429,15,32679
4577677,15,32698
4577926,15,32685
4578176,15,32689
4578419,15,32696
4578667,15,32681
4578915,15,32682
4579169,15,32678
4579410,15,32692
4579659,15,32702
4579941,15,32680
4580190,15,32687
4580437,15,32673
4580684,15,32683
4580932,15,32706
4581179,15,32679
4581432,15,32701
4581676,15,32679
4581925,15,32686
4582174,15,32687
4582418,15,32658
4582670,15,32712
4582918,15,32671
4583164,15,32713
4583412,15,32664
4583691,15,32715
4583937,15,32690
4584185,15,32678
4584434,15,32693
4584682,15,32687
4584933,15,32698
4585178,15,32696
4585426,15,32686
4585674,15,32693
4585925,15,32676
4586170,15,32688
4586415,15,32683
4586669,15,32692
4586916,15,32701
4587162,15,32694
4587412,15,32694
4587691,15,32683
4587940,15,32688
4588186,15,32679
4588437,15,32697
4588681,15,32677
4588931,15,32694
4589178,15,32697
4589428,15,32686
4589673,15,32686
4589922,15,32681
4590171,15,32683
4590415,15,32694
4590665,15,32693
4590914,15,32685
4591163,15,32689
4591439,15,32675
4591687,15,32687
4591936,15,32687
4592184,15,32687
4592435,15,32675
4592683,15,32694
4592927,15,32697
4593175,15,32709
4593423,15,32689
4593675,15,32704
4593922,15,32699
4594171,15,32674
4594416,15,32693
4594668,15,32689
4594915,15,32685
4595163,15,32696
4595439,15,32677
4595688,15,32688
4595937,15,32684
4596185,15,32691
4596431,15,32676
4596680,15,32678
4596928,15,32681
4597178,15,32666
4597425,15,32683
4597673,15,32714
4597920,15,32687
4598166,15,32695
4598415,15,32677
4598664,15,32680
4598911,15,32688
4599191,15,32709
4599438,15,32677
4599688,15,32690
4599936,15,32686
4600184,15,32700
4600429,15,32698
4600676,15,32691
4600930,15,32693
4601175,15,32708
4601422,15,32695
4601669,15,32678
4601917,15,32696
4602167,15,32686
4602417,15,32688
4602663,15,32673
4602912,15,32690
4603191,15,32698
4603436,15,32683
4603687,15,32695
4603935,15,32683
4604182,15,32704
4604432,15,32695
4604679,15,32676
4604927,15,32701
4605174,15,32682
4605424,15,32682
4605669,15,32685
4605917,15,32679
4606164,15,32683
4606414,15,32675
4606662,15,32691
4606939,15,32680
4607187,15,32689
4607438,15,32677
4607684,15,32681
4607931,15,32694
4608182,15,32689
4608429,15,32683
4608678,15,32691
4608925,15,32700
4609170,15,32669
4609422,15,32681
4609671,15,32694
4609917,15,32682
4610166,15,32667
4610411,15,32688
4610663,15,32700
4610940,15,32684
4611187,15,32692
4611433,15,32700
4611684,15,32665
4611932,15,32696
4612182,15,32688
4612428,15,32682
4612675,15,32699
4612926,15,32700
4613168,15,32696
4613423,15,32680
4613666,15,32682
4613919,15,32700
4614164,15,32689
4614411,15,32691
4614692,15,32681
4614936,15,32693
4615187,15,32692
4615439,15,32698
4615682,15,32698
4615931,15,32685
4616179,15,32682
4616429,15,32695
4616674,15,32689
4616922,15,32692
4617170,15,32680
4617418,15,32694
4617666,15,32678
4617918,15,32680
4618163,15,32682
4618412,15,32686
4618688,15,32685
4618936,15,32702
4619187,15,32694
4619433,15,32689
4619682,15,32651
4619931,15,32692
4620177,15,32682
4620428,15,32686
4620674,15,32696
4620921,15,32670
4621172,15,32669
4621419,15,32714
4621668,15,32713
4621913,15,32696
4622162,15,32681
4622443,15,32664
4622691,15,32690
4622939,15,32699
4623183,15,32665
4623433,15,32692
4623682,15,32675
4623927,15,32683
4624179,15,32678
4624425,15,32683
4624676,15,32682
4624922,15,32692
4625171,15,32693
4625418,15,32700
4625666,15,32680
4625916,15,32668
4626159,15,32677
4626441,15,32678
4626687,15,32691
4626938,15,32703
4627182,15,32695
4627430,15,32679
4627680,15,32673
4627929,15,32692
4628173,15,32679
4628426,15,32716
4628671,15,32710
4628919,15,32687
4629167,15,32685
4629419,15,32686
4629664,15,32699
4629910,15,32691
4630190,15,32694
4630438,15,32693
4630685,15,32681
4630932,15,32690
4631181,15,32689
4631432,15,32688
4631678,15,32698
4631929,15,32695
4632174,15,32676
4632423,15,32677
4632670,15,32708
4632922,15,32676
4633167,15,32687
4633418,15,32683
4633666,15,32683
4633910,15,32696
4634192,15,32681
4634436,15,32694
4634689,15,32703
4634935,15,32700
4635184,15,32689
4635430,15,32683
4635680,15,32666
4635926,15,32689
4636175,15,32677
4636419,15,32684
4636673,15,32701
4636918,15,32676
4637166,15,32684
4637413,15,32688
4637663,15,32686
4637938,15,32705
4638189,15,32692
4638439,15,32681
4638686,15,32690
4638935,15,32680
4639182,15,32689
4639431,15,32684
4639677,15,32689
4639927,15,32671
4640173,15,32690
4640420,15,32690
4640669,15,32704
4640917,15,32685
4641166,15,32706
4641413,15,32681
4641662,15,32686
4641939,15,32683
4642187,15,32675
4642437,15,32673
4642685,15,32671
4642932,15,32690
4643179,15,32695
4643431,15,32674
4643673,15,32700
4643923,15,32693
4644172,15,32664
4644418,15,32697
4644666,15,32699
4644916,15,32698
4645166,15,32702
4645412,15,32691
4645691,15,32683
4645937,15,32683
4646188,15,32694
4646434,15,32683
4646684,15,32688
4646932,15,32692
4647181,15,32693
4647427,15,32679
4647675,15,32690
4647924,15,32695
4648172,15,32694
4648417,15,32673
4648668,15,32711
4648915,15,32686
4649163,15,32688
4649410,15,32689
4649690,15,32686
4649936,15,32692
4650185,15,32680
4650433,15,32703
4650682,15,32689
4650933,15,32686
4651179,15,32713
4651429,15,32690
4651674,15,32696
4651920,15,32702
4652174,15,32690
4652420,15,32669
4652667,15,32681
4652913,15,32657
4653164,15,32695
4653440,15,32685
4653687,15,32673
4653935,15,32676
4654184,15,32692
4654433,15,32674
4654682,15,32716
4654930,15,32689
4655176,15,32693
4655426,15,32692
4655674,15,32675
4655919,15,32673
4656170,15,32689
4656418,15,32691
4656664,15,32674
4656913,15,32692
4657163,15,32695
4657439,15,32708
4657687,15,32671
4657935,15,32711
4658184,15,32684
4658431,15,32703
4658679,15,32690
4658928,15,32703
4659176,15,32696
4659424,15,32682
4659670,15,32708
4659919,15,32697
4660166,15,32683
4660415,15,32710
4660665,15,32701
4660912,15,32695
4661190,15,32693
4661439,15,32688
4661688,15,32692
4661936,15,32707
4662185,15,32698
4662433,15,32697
4662677,15,32705
4662927,15,32698
4663174,15,32675
4663423,15,32671
4663672,15,32696
4663921,15,32695
4664168,15,32676
4664416,15,32699
4664662,15,32687
4664911,15,32671
4665191,15,32705
4665440,15,32674
4665687,15,32673
4665932,15,32700
4666180,15,32700
4666431,15,32697
4666679,15,32683
4666926,15,32692
4667173,15,32674
4667420,15,32684
4667672,15,32692
4667918,15,32682
4668165,15,32685
4668414,15,32698
4668663,15,32674
4668944,15,32711
4669189,15,32684
4669438,15,32715
4669682,15,32694
4669933,15,32693
4670183,15,32700
4670429,15,32704
4670677,15,32687
4670923,15,32704
4671176,15,32709
4671420,15,32693
4671667,15,32681
4671918,15,32672
4672162,15,32665
4672415,15,32691
4672660,15,32692
4672944,15,32686
4673189,15,32681
4673435,15,32684
4673682,15,32696
4673932,15,32687
4674182,15,32702
4674428,15,32688
4674676,15,32686
4674924,15,32691
4675170,15,32691
4675420,15,32694
4675667,15,32699
4675916,15,32675
4676163,15,32686
4676414,15,32692
4676688,15,32696
4676939,15,32682
4677186,15,32685
4677435,15,32703
4677683,15,32684
4677931,15,32691
4678180,15,32694
4678425,15,32682
4678676,15,32684
4678923,15,32690
4679172,15,32672
4679420,15,32694
4679669,15,32695
4679915,15,32673
4680165,15,32676
4680412,15,32684
4680689,15,32696
4680937,15,32699
4681186,15,32697
4681435,15,32693
4681682,15,32693
4681928,15,32685
4682175,15,32685
4682427,15,32679
4682671,15,32692
4682920,15,32680
4683171,15,32711
4683420,15,32678
4683665,15,32682
4683914,15,32683
4684161,15,32687
4684441,15,32707
4684686,15,32695
4684939,15,32684
4685186,15,32678
4685431,15,32688
4685680,15,32676
4685930,15,32690
4686175,15,32677
4686424,15,32679
4686672,15,32683
4686923,15,32673
4687172,15,32678
4687417,15,32686
4687666,15,32691
4687914,15,32683
4688159,15,32673
4688439,15,32676
4688689,15,32673
4688936,15,32679
4689181,15,32699
4689431,15,32688
4689682,15,32697
4689927,15,32671
4690175,15,32690
4690428,15,32694
4690672,15,32691
4690920,15,32688
4691169,15,32683
4691417,15,32683
4691665,15,32698
4691912,15,32677
4692190,15,32688
4692439,15,32692
4692688,15,32701
4692934,15,32683
4693183,15,32696
4693434,15,32674
4693678,15,32682
4693927,15,32693
4694174,15,32693
4694425,15,32696
4694669,15,32690
4694920,15,32691
4695166,15,32691
4695415,15,32669
4695663,15,32681
4695911,15,32676
4696189,15,32689
4696436,15,32675
4696688,15,32667
4696931,15,32698
4697183,15,32676
4697431,15,32710
4697678,15,32692
4697927,15,32705
4698173,15,32701
4698421,15,32706
4698669,15,32696
4698918,15,32688
4699165,15,32678
4699413,15,32696
4699661,15,32690
4699941,15,32693
4700186,15,32677
4700438,15,32698
4700688,15,32704
4700935,15,32684
4701180,15,32676
4701429,15,32698
4701681,15,32677
4701924,15,32675
4702173,15,32702
4702421,15,32682
4702671,15,32692
4702919,15,32680
4703167,15,32696
4703415,15,32693
4703661,15,32685
4703941,15,32674
4704188,15,32685
4704436,15,32670
4704685,15,32691
4704931,15,32689
4705182,15,32691
4705429,15,32675
4705675,15,32693
4705925,15,32694
4706174,15,32682
4706420,15,32697
4706669,15,32694
4706915,15,32704
4707163,15,32703
4707412,15,32695
4707692,15,32690
4707940,15,32684
4708187,15,32678
4708436,15,32673
4708684,15,32692
4708931,15,32710
4709179,15,32688
4709427,15,32696
4709671,15,32686
4709924,15,32687
4710171,15,32683
4710420,15,32691
4710666,15,32710
4710913,15,32683
4711162,15,32688
4711411,15,32671
4711692,15,32688
4711937,15,32696
4712185,15,32693
4712434,15,32699
4712679,15,32690
4712932,15,32682
4713180,15,32703
4713427,15,32675
4713674,15,32716
4713923,15,32689
4714170,15,32701
4714417,15,32679
4714667,15,32677
4714914,15,32702
4715161,15,32711
4715440,15,32688
4715688,15,32683
4715935,15,32693
4716183,15,32681
4716434,15,32687
4716680,15,32696
4716930,15,32675
4717178,15,32686
4717424,15,32696
4717671,15,32688
4717922,15,32683
4718167,15,32689
4718416,15,32702
4718666,15,32681
4718915,15,32694
4719161,15,32687
4719440,15,32705
4719690,15,32681
4719937,15,32680
4720183,15,32692
4720432,15,32703
4720682,15,32700
4720926,15,32696
4721176,15,32709
4721423,15,32710
4721673,15,32683
4721920,15,32686
4722168,15,32693
4722419,15,32702
4722664,15,32672
4722910,15,32689
4723192,15,32689
4723439,15,32695
4723688,15,32684
4723937,15,32691
4724182,15,32701
4724431,15,32692
4724678,15,32692
4724928,15,32686
4725177,15,32683
4725423,15,32706
4725670,15,32675
4725921,15,32688
4726166,15,32686
4726417,15,32686
4726662,15,32683
4726912,15,32707
4727192,15,32684
4727441,15,32705
4727685,15,32676
4727935,15,32702
4728180,15,32668
4728430,15,32678
4728679,15,32685
4728925,15,32692
4729177,15,32689
4729419,15,32701
4729670,15,32683
4729919,15,32684
4730167,15,32673
4730412,15,32690
4730661,15,32702
4730940,15,32699
4731191,15,32691
4731436,15,32702
4731683,15,32682
4731932,15,32681
4732180,15,32690
4732430,15,32710
4732678,15,32684
4732924,15,32688
4733171,15,32677
4733421,15,32713
4733669,15,32698
4733917,15,32713
4734166,15,32696
4734411,15,32683
4734664,15,32684
4734941,15,32687
4735189,15,32676
4735436,15,32686
4735683,15,32686
4735932,15,32694
4736179,15,32682
4736428,15,32689
4736674,15,32697
4736924,15,32679
4737170,15,32697
4737421,15,32684
4737670,15,32694
4737917,15,32706
4738166,15,32689
4738412,15,32678
4738690,15,32699
4738940,15,32685
4739186,15,32682
4739432,15,32691
4739682,15,32677
4739929,15,32685
4740179,15,32676
4740426,15,32698
4740677,15,32691
4740926,15,32682
4741171,15,32687
4741416,15,32678
4741668,15,32687
4741915,15,32687
4742161,15,32691
4742410,15,32689
4742690,15,32695
4742936,15,32689
4743185,15,32690
4743434,15,32680
4743683,15,32692
4743928,15,32691
4744179,15,32706
4744425,15,32681
4744673,15,32708
4744922,15,32669
4745169,15,32680
4745418,15,32673
4745664,15,32706
4745914,15,32692
4746163,15,32669
4746440,15,32716
4746690,15,32686
4746936,15,32693
4747186,15,32705
4747434,15,32667
4747681,15,32679
4747929,15,32696
4748177,15,32693
4748427,15,32690
4748671,15,32695
4748920,15,32688
4749170,15,32694
4749414,15,32690
4749664,15,32691
4749914,15,32700
4750159,15,32705
4750439,15,32693
4750685,15,32707
4750938,15,32689
4751185,15,32669
4751433,15,32702
4751678,15,32697
4751928,15,32677
4752173,15,32685
4752422,15,32696
4752674,15,32676
4752921,15,32694
4753165,15,32695
4753416,15,32691
4753663,15,32676
4753913,15,32688
4754193,15,32700
4754441,15,32688
4754685,15,32717
4754936,15,32689
4755184,15,32701
4755432,15,32672
4755680,15,32703
4755927,15,32655
4756175,15,32672
4756426,15,32701
4756672,15,32683
4756919,15,32688
4757165,15,32693
4757416,15,32685
4757663,15,32687
4757910,15,32701
4758188,15,32696
4758439,15,32686
4758682,15,32704
4758933,15,32702
4759182,15,32703
4759431,15,32682
4759678,15,32687
4759926,15,32685
4760174,15,32700
4760423,15,32700
4760670,15,32695
4760917,15,32705
4761165,15,32690
4761414,15,32691
4761662,15,32691
4761942,15,32699
4762190,15,32675
4762437,15,32695
4762686,15,32684
4762934,15,32694
4763180,15,32692
4763431,15,32701
4763680,15,32679
4763928,15,32683
4764172,15,32673
4764421,15,32697
4764668,15,32656
4764917,15,32715
4765168,15,32681
4765414,15,32688
4765661,15,32683
4765944,15,32679
4766187,15,32694
4766436,15,32669
4766684,15,32693
4766933,15,32677
4767177,15,32685
4767429,15,32680
4767675,15,32685
4767925,15,32690
4768172,15,32687
4768419,15,32685
4768669,15,32687
4768917,15,32701
4769161,15,32696
4769413,15,32690
4769691,15,32683
4769941,15,32698
4770186,15,32685
4770436,15,32685
4770683,15,32678
4770930,15,32675
4771182,15,32680
4771427,15,32692
4771675,15,32694
4771925,15,32692
4772172,15,32681
4772419,15,32712
4772668,15,32686
4772914,15,32691
4773163,15,32677
4773410,15,32682
4773693,15,32692
4773939,15,32680
4774186,15,32695
4774433,15,32687
4774682,15,32672
4774931,15,32689
4775177,15,32672
4775427,15,32681
4775673,15,32703
4775922,15,32694
4776172,15,32689
4776417,15,32693
4776664,15,32691
4776915,15,32686
4777163,15,32694
4777439,15,32699
4777687,15,32674
4777936,15,32685
4778183,15,32689
4778434,15,32684
4778682,15,32690
4778929,15,32690
4779176,15,32684
4779427,15,32680
4779669,15,32680
4779919,15,32695
4780170,15,32687
4780417,15,32698
4780664,15,32677
4780914,15,32699
4781160,15,32681
4781439,15,32670
4781688,15,32676
4781938,15,32677
4782186,15,32703
4782432,15,32682
4782678,15,32669
4782930,15,32678
4783174,15,32694
4783421,15,32685
4783673,15,32687
4783919,15,32696
4784167,15,32676
4784415,15,32686
4784667,15,32683
4784910,15,32674
4785189,15,32679
4785439,15,32713
4785688,15,32697
4785934,15,32666
4786181,15,32710
4786430,15,32684
4786679,15,32682
4786925,15,32673
4787175,15,32690
4787425,15,32700
4787672,15,32677
4787917,15,32691
4788165,15,32689
4788412,15,32671
4788665,15,32700
4788911,15,32671
4789190,15,32695
4789438,15,32693
4789687,15,32682
4789934,15,32700
4790185,15,32718
4790428,15,32696
4790679,15,32691
4790928,15,32707
4791174,15,32688
4791422,15,32677
4791668,15,32710
4791918,15,32692
4792169,15,32694
4792415,15,32698
4792660,15,32706
4792940,15,32675
4793188,15,32691
4793436,15,32713
4793685,15,32707
4793933,15,32694
4794180,15,32683
4794430,15,32694
4794676,15,32691
4794926,15,32671
4795174,15,32689
4795421,15,32699
4795669,15,32680
4795917,15,32685
4796165,15,32690
4796417,15,32688
4796659,15,32685
4796940,15,32682
4797191,15,32676
4797437,15,32695
4797685,15,32696
4797933,15,32709
4798175,15,32689
4798426,15,32686
4798676,15,32693
4798925,15,32676
4799170,15,32685
4799418,15,32688
4799667,15,32673
4799917,15,32718
4800165,15,32690
4800412,15,32674
4800692,15,32690
4800940,15,32702
4801188,15,32685
4801432,15,32687
4801683,15,32689
4801934,15,32698
4802178,15,32701
4802427,15,32698
4802673,15,32689
4802925,15,32705
4803170,15,32675
4803420,15,32682
4803667,15,32686
4803916,15,32695
4804164,15,32679
4804412,15,32686
4804690,15,32688
4804938,15,32689
4805187,15,32687
4805437,15,32691
4805682,15,32672
4805932,15,32706
4806178,15,32696
4806425,15,32690
4806674,15,32707
4806919,15,32701
4807169,15,32686
4807419,15,32697
4807666,15,32691
4807915,15,32692
4808161,15,32682
4808444,15,32698
4808692,15,32687
4808936,15,32678
4809188,15,32680
4809433,15,32687
4809680,15,32696
4809927,15,32693
4810177,15,32680
4810424,15,32698
4810672,15,32710
4810919,15,32674
4811172,15,32681
4811419,15,32680
4811664,15,32701
4811912,15,32678
4812160,15,32682
4812437,15,32681
4812688,15,32690
4812935,15,32688
4813184,15,32687
4813430,15,32694
4813682,15,32686
4813930,15,32675
4814176,15,32694
4814425,15,32686
4814671,15,32678
4814921,15,32691
4815168,15,32680
4815414,15,32682
4815664,15,32687
4815913,15,32684
4816193,15,32727
4816437,15,32703
4816686,15,32694
4816934,15,32689
4817183,15,32691
4817430,15,32694
4817677,15,32673
4817924,15,32704
4818175,15,32702
4818422,15,32686
4818673,15,32668
4818921,15,32682
4819168,15,32694
4819415,15,32699
4819661,15,32674
4819912,15,32686
4820189,15,32686
4820437,15,32697
4820686,15,32680
4820933,15,32679
4821182,15,32670
4821427,15,32699
4821677,15,32715
4821925,15,32701
4822171,15,32681
4822423,15,32679
4822667,15,32689
4822917,15,32692
4823165,15,32683
4823414,15,32662
4823663,15,32707
4823941,15,32688
4824189,15,32695
4824437,15,32686
4824683,15,32683
4824933,15,32688
4825181,15,32705
4825429,15,32685
4825678,15,32701
4825925,15,32694
4826172,15,32688
4826421,15,32679
4826667,15,32675
4826918,15,32668
4827164,15,32664
4827411,15,32687
4827662,15,32688
4827939,15,32696
4828185,15,32696
4828434,15,32680
4828683,15,32681
4828932,15,32697
4829180,15,32686
4829427,15,32689
4829676,15,32699
4829923,15,32688
4830172,15,32694
4830418,15,32683
4830666,15,32690
4830916,15,32714
4831163,15,32681
4831413,15,32686
4831689,15,32689
4831942,15,32674
4832188,15,32696
4832434,15,32685
4832683,15,32690
4832931,15,32690
4833179,15,32696
4833426,15,32688
4833675,15,32658
4833921,15,32681
4834169,15,32683
4834417,15,32713
4834666,15,32687
4834914,15,32668
4835164,15,32708
4835409,15,32689
4835692,15,32689
4835938,15,32691
4836183,15,32679
4836435,15,32709
4836682,15,32689
4836928,15,32654
4837175,15,32694
4837425,15,32691
4837674,15,32697
4837921,15,32695
4838171,15,32692
4838418,15,32686
4838666,15,32684
4838915,15,32689
4839160,15,32702
4839440,15,32684
4839689,15,32689
4839936,15,32695
4840184,15,32700
4840435,15,32703
4840681,15,32680
4840929,15,32673
4841177,15,32687
4841428,15,32692
4841673,15,32686
4841921,15,32679
4842168,15,32683
4842415,15,32670
4842662,15,32676
4842911,15,32669
4843162,15,32683
4843440,15,32674
4843689,15,32693
4843939,15,32688
4844185,15,32685
4844430,15,32687
4844679,15,32690
4844926,15,32698
4845175,15,32675
4845424,15,32720
4845671,15,32679
4845919,15,32690
4846169,15,32685
4846416,15,32680
4846663,15,32704
4846911,15,32695
4847192,15,32686
4847440,15,32689
4847687,15,32685
4847936,15,32698
4848181,15,32675
4848431,15,32696
4848677,15,32679
4848927,15,32681
4849175,15,32679
4849425,15,32678
4849671,15,32690
4849921,15,32693
4850166,15,32675
4850416,15,32705
4850662,15,32701
4850909,15,32676
4851192,15,32682
4851437,15,32704
4851685,15,32697
4851936,15,32696
4852182,15,32691
4852429,15,32697
4852677,15,32678
4852926,15,32692
4853174,15,32690
4853424,15,32689
4853672,15,32706
4853919,15,32671
4854166,15,32677
4854414,15,32686
4854663,15,32705
4854944,15,32688
4855189,15,32689
4855437,15,32696
4855684,15,32700
4855936,15,32686
4856183,15,32693
4856431,15,32694
4856676,15,32674
4856927,15,32687
4857175,15,32689
4857422,15,32680
4857671,15,32684
4857920,15,32687
4858163,15,32678
4858414,15,32697
4858664,15,32684
4858939,15,32670
4859189,15,32695
4859433,15,32698
4859685,15,32682
4859933,15,32690
4860179,15,32703
4860427,15,32700
4860674,15,32696
4860925,15,32694
4861173,15,32685
4861418,15,32714
4861667,15,32683
4861916,15,32703
4862166,15,32684
4862413,15,32685
4862691,15,32688
4862940,15,32692
4863186,15,32673
4863436,15,32714
4863682,15,32717
4863930,15,32699
4864179,15,32690
4864427,15,32708
4864673,15,32690
4864921,15,32692
4865173,15,32698
4865418,15,32681
4865669,15,32693
4865916,15,32698
4866162,15,32682
4866412,15,32682
4866689,15,32689
4866936,15,32671
4867185,15,32702
4867435,15,32685
4867681,15,32685
4867926,15,32695
4868177,15,32700
4868427,15,32697
4868674,15,32679
4868923,15,32711
4869172,15,32684
4869417,15,32680
4869666,15,32688
4869914,15,32678
4870164,15,32686
4870441,15,32684
4870690,15,32679
4870938,15,32676
4871185,15,32701
4871433,15,32661
4871684,15,32670
4871931,15,32686
4872178,15,32685
4872428,15,32700
4872673,15,32673
4872921,15,32684
4873169,15,32692
4873416,15,32697
4873666,15,32698
4873910,15,32706
4874160,15,32675
4874440,15,32710
4874688,15,32668
4874936,15,32690
4875187,15,32692
4875436,15,32683
4875679,15,32698
4875927,15,32695
4876177,15,32680
4876424,15,32682
4876671,15,32681
4876917,15,32706
4877166,15,32693
4877416,15,32701
4877664,15,32697
4877910,15,32683
4878189,15,32677
4878438,15,32683
4878685,15,32674
4878936,15,32713
4879184,15,32684
4879433,15,32704
4879677,15,32681
4879924,15,32683
4880175,15,32681
4880424,15,32714
4880672,15,32706
4880917,15,32715
4881165,15,32686
4881414,15,32668
4881663,15,32672
4881911,15,32676
4882190,15,32677
4882438,15,32681
4882687,15,32693
4882936,15,32683
4883185,15,32690
4883429,15,32685
4883678,15,32692
4883925,15,32679
4884176,15,32691
4884422,15,32698
4884669,15,32688
4884917,15,32718
4885166,15,32697
4885414,15,32689
4885662,15,32688
4885939,15,32698
4886187,15,32695
4886436,15,32686
4886687,15,32679
4886931,15,32692
4887181,15,32694
4887433,15,32701
4887676,15,32698
4887924,15,32687
4888175,15,32688
4888423,15,32706
4888669,15,32710
4888918,15,32681
4889164,15,32689
4889415,15,32680
4889661,15,32690
4889939,15,32695
4890188,15,32709
4890435,15,32679
4890685,15,32688
4890932,15,32715
4891180,15,32677
4891427,15,32683
4891679,15,32687
4891924,15,32665
4892170,15,32689
4892417,15,32685
4892670,15,32695
4892915,15,32679
4893162,15,32674
4893412,15,32692
4893690,15,32693
4893938,15,32676
4894187,15,32682
4894434,15,32695
4894683,15,32690
4894932,15,32670
4895181,15,32702
4895427,15,32687
4895676,15,32676
4895922,15,32681
4896172,15,32687
4896420,15,32673
4896664,15,32700
4896914,15,32698
4897160,15,32672
4897411,15,32688
4897691,15,32681
4897935,15,32698
4898188,15,32691
4898435,15,32698
4898682,15,32677
4898932,15,32688
4899177,15,32686
4899428,15,32697
4899673,15,32712
4899921,15,32679
4900167,15,32694
4900417,15,32698
4900665,15,32683
4900916,15,32702
4901163,15,32691
4901440,15,32679
4901689,15,32689
4901935,15,32682
4902184,15,32703
4902433,15,32676
4902681,15,32696
4902928,15,32678
4903178,15,32708
4903425,15,32681
4903669,15,32681
4903920,15,32688
4904168,15,32677
4904416,15,32679
4904665,15,32681
4904913,15,32688
4905163,15,32703
4905442,15,32689
4905687,15,32695
4905934,15,32700
4906185,15,32689
4906432,15,32693
4906679,15,32693
4906928,15,32690
4907176,15,32651
4907423,15,32691
4907670,15,32676
4907920,15,32692
4908168,15,32705
4908415,15,32689
4908666,15,32690
4908912,15,32681
4909192,15,32684
4909438,15,32687
4909685,15,32689
4909935,15,32678
4910185,15,32670
4910430,15,32695
4910681,15,32692
4910927,15,32682
4911174,15,32693
4911423,15,32688
4911672,15,32703
4911919,15,32686
4912167,15,32686
4912414,15,32673
4912663,15,32691
4912909,15,32683
4913191,15,32682
4913437,15,32702
4913687,15,32690
4913935,15,32688
4914182,15,32692
4914430,15,32684
4914677,15,32675
4914926,15,32686
4915174,15,32686
4915421,15,32691
4915669,15,32674
4915916,15,32687
4916164,15,32688
4916412,15,32698
4916660,15,32704
4916941,15,32683
4917189,15,32679
4917436,15,32700
4917687,15,32712
4917935,15,32698
4918182,15,32688
4918429,15,32676
4918677,15,32696
4918923,15,32686
4919173,15,32695
4919418,15,32694
4919669,15,32685
4919915,15,32672
4920166,15,32699
4920413,15,32674
4920662,15,32679
4920941,15,32692
4921186,15,32698
4921436,15,32683
4921685,15,32676
4921933,15,32685
4922178,15,32699
4922430,15,32701
4922677,15,32696
4922922,15,32689
4923170,15,32686
4923417,15,32692
4923667,15,32683
4923918,15,32675
4924165,15,32706
4924410,15,32671
4924690,15,32684
4924941,15,32689
4925188,15,32707
4925437,15,32714
4925684,15,32699
4925931,15,32682
4926179,15,32680
4926428,15,32674
4926676,15,32702
4926925,15,32687
4927172,15,32703
4927421,15,32678
4927666,15,32685
4927915,15,32699
4928164,15,32694
4928408,15,32686
4928689,15,32689
4928940,15,32703
4929186,15,32683
4929434,15,32683
4929682,15,32682
4929930,15,32696
4930177,15,32663
4930428,15,32683
4930673,15,32677
4930923,15,32687
4931170,15,32675
4931418,15,32683
4931664,15,32693
4931915,15,32704
4932161,15,32699
4932442,15,32660
4932691,15,32672
4932937,15,32677
4933184,15,32700
4933433,15,32690
4933681,15,32693
4933927,15,32683
4934176,15,32675
4934424,15,32703
4934674,15,32673
4934919,15,32692
4935170,15,32672
4935419,15,32688
4935666,15,32713
4935912,15,32683
4936160,15,32674
4936441,15,32686
4936688,15,32686
4936938,15,32681
4937183,15,32677
4937435,15,32718
4937680,15,32700
4937929,15,32689
4938173,15,32702
4938423,15,32686
4938673,15,32700
4938919,15,32699
4939170,15,32699
4939414,15,32677
4939662,15,32694
4939913,15,32666
4940190,15,32692
4940437,15,32678
4940690,15,32688
4940935,15,32699
4941184,15,32686
4941433,15,32677
4941677,15,32691
4941927,15,32679
4942173,15,32703
4942422,15,32711
4942669,15,32709
4942918,15,32685
4943168,15,32679
4943416,15,32691
4943662,15,32683
4943909,15,32687
4944191,15,32700
4944436,15,32682
4944687,15,32697
4944932,15,32704
4945181,15,32702
4945429,15,32689
4945679,15,32679
4945923,15,32691
4946174,15,32681
4946422,15,32685
4946668,15,32677
4946921,15,32685
4947167,15,32699
4947414,15,32690
4947661,15,32693
4947941,15,32692
4948188,15,32668
4948438,15,32689
4948686,15,32686
4948935,15,32696
4949180,15,32693
4949428,15,32685
4949676,15,32679
4949924,15,32698
4950172,15,32676
4950419,15,32708
4950668,15,32700
4950917,15,32682
4951168,15,32689
4951414,15,32699
4951658,15,32672
4951941,15,32688
4952186,15,32680
4952438,15,32688
4952684,15,32718
4952933,15,32692
4953182,15,32694
4953427,15,32698
4953675,15,32686
4953923,15,32689
4954170,15,32691
4954422,15,32696
4954669,15,32692
4954915,15,32688
4955161,15,32692
4955410,15,32689
4955691,15,32702
4955940,15,32679
4956189,15,32691
4956436,15,32692
4956684,15,32694
4956930,15,32696
4957181,15,32692
4957426,15,32692
4957673,15,32690
4957924,15,32688
4958173,15,32675
4958419,15,32686
4958668,15,32703
4958915,15,32688
4959161,15,32693
4959410,15,32692
4959689,15,32690
4959937,15,32676
4960187,15,32676
4960435,15,32684
4960682,15,32693
4960929,15,32676
4961179,15,32696
4961426,15,32704
4961677,15,32682
4961920,15,32692
4962171,15,32695
4962414,15,32675
4962668,15,32682
4962915,15,32699
4963161,15,32678
4963440,15,32680
4963687,15,32690
4963938,15,32691
4964187,15,32682
4964431,15,32684
4964681,15,32695
4964928,15,32703
4965179,15,32688
4965424,15,32687
4965673,15,32700
4965918,15,32688
4966168,15,32691
4966420,15,32691
4966667,15,32692
4966913,15,32687
4967161,15,32674
4967441,15,32680
4967690,15,32688
4967935,15,32697
4968183,15,32683
4968433,15,32700
4968678,15,32675
4968928,15,32669
4969176,15,32694
4969424,15,32692
4969670,15,32688
4969919,15,32690
4970170,15,32671
4970418,15,32685
4970666,15,32693
4970912,15,32690
4971192,15,32682
4971439,15,32697
4971687,15,32666
4971935,15,32698
4972183,15,32688
4972429,15,32683
4972681,15,32706
4972927,15,32687
4973174,15,32698
4973421,15,32682
4973669,15,32687
4973919,15,32696
4974168,15,32681
4974417,15,32685
4974664,15,32689
4974910,15,32695
4975191,15,32682
4975440,15,32683
4975685,15,32687
4975934,15,32703
4976179,15,32682
4976430,15,32688
4976676,15,32694
4976927,15,32696
4977175,15,32682
4977424,15,32685
4977669,15,32673
4977918,15,32689
4978168,15,32690
4978417,15,32688
4978660,15,32681
4978941,15,32707
4979191,15,32695
4979435,15,32678
4979685,15,32706
4979933,15,32688
4980183,15,32698
4980427,15,32687
4980679,15,32703
4980923,15,32677
4981174,15,32677
4981421,15,32684
4981667,15,32709
4981917,15,32705
4982167,15,32684
4982413,15,32704
4982662,15,32690
4982940,15,32700
4983189,15,32684
4983436,15,32670
4983687,15,32706
4983932,15,32676
4984179,15,32706
4984427,15,32679
4984678,15,32707
4984926,15,32698
4985171,15,32698
4985422,15,32685
4985666,15,32678
4985917,15,32687
4986164,15,32698
4986413,15,32723
4986691,15,32669
4986938,15,32683
4987187,15,32677
4987435,15,32698
4987683,15,32687
4987930,15,32706
4988180,15,32679
4988428,15,32690
4988677,15,32688
4988922,15,32718
4989170,15,32696
4989418,15,32700
4989667,15,32700
4989916,15,32679
4990164,15,32694
4990413,15,32711
4990692,15,32675
4990938,15,32692
4991189,15,32681
4991436,15,32688
4991683,15,32708
4991933,15,32697
4992180,15,32682
4992424,15,32690
4992674,15,32687
4992923,15,32693
4993167,15,32675
4993419,15,32702
4993663,15,32695
4993912,15,32690
4994162,15,32691
4994441,15,32691
4994689,15,32686
4994938,15,32683
4995186,15,32691
4995432,15,32673
4995683,15,32695
4995929,15,32678
4996176,15,32684
4996423,15,32707
4996672,15,32685
4996922,15,32686
4997168,15,32672
4997416,15,32703
4997665,15,32682
4997911,15,32704
4998162,15,32683
4998441,15,32701
4998690,15,32681
4998934,15,32667
4999182,15,32689
4999432,15,32682
4999678,15,32680
4999928,15,32682
5000177,15,32679
5000423,15,32674
5000670,15,32691
5000918,15,32678
5001167,15,32697
5001415,15,32681
5001662,15,32690
5001911,15,32689
5002190,15,32704
5002439,15,32691
5002688,15,32679
5002935,15,32662
