t_us,pin,raw
1000000,15,40704
1010010,15,40730
1020022,15,40735
1030004,15,40705
1040020,15,40719
1050000,15,40716
1060012,15,40739
1070027,15,40749
1080008,15,40728
1090022,15,40729
1100004,15,40736
1110018,15,40730
1120032,15,40745
1130015,15,40752
1140028,15,40733
1150008,15,40733
1160019,15,40739
1169999,15,40729
1180013,15,40737
1190029,15,40743
1200010,15,40745
1210024,15,40735
1220005,15,40746
1230018,15,40755
1240003,15,40747
1250016,15,40744
1260027,15,40738
1270006,15,40736
1280020,15,40740
1290003,15,40766
1300019,15,40756
1310031,15,40750
1320011,15,40748
1330025,15,40753
1340005,15,40776
1350018,15,40756
1360003,15,40749
1370015,15,40751
1380027,15,40779
1390005,15,40774
1400019,15,40737
1410004,15,40749
1420018,15,40760
1430030,15,40757
1440014,15,40788
1450027,15,40738
1460007,15,40762
1470020,15,40761
1480002,15,40773
1490016,15,40757
1500029,15,40749
1510010,15,40776
1520022,15,40769
1530004,15,40772
1540018,15,40793
1550002,15,40774
1560014,15,40784
1570026,15,40780
1580008,15,40795
1590020,15,40772
1600002,15,40789
1610015,15,40784
1620028,15,40763
1630014,15,40762
1640024,15,40769
1650004,15,40779
1660021,15,40778
1670004,15,40774
1680015,15,40764
1690025,15,40791
1700009,15,40768
1710022,15,40761
1720002,15,40775
1730016,15,40773
1740030,15,40798
1750013,15,40783
1760025,15,40784
1770006,15,40801
1780020,15,40782
1790001,15,40800
1800016,15,40780
1810029,15,40764
1820009,15,40792
1830025,15,40780
1840005,15,40786
1850020,15,40790
1859999,15,40793
1870015,15,40785
1880027,15,40786
1890010,15,40803
1900021,15,40797
1910004,15,40802
1920017,15,40792
1930028,15,40785
1940012,15,40803
1950022,15,40806
1960004,15,40788
1970019,15,40810
1980003,15,40800
1990013,15,40801
2000027,15,40803
2010009,15,40802
2020021,15,40807
2030005,15,40811
2040017,15,40790
2050030,15,40830
2060013,15,40808
2070024,15,40819
2080002,15,40814
2090021,15,40803
2100001,15,40819
2110013,15,40805
2120031,15,40817
2130011,15,40811
2140024,15,40812
2150007,15,40821
2160017,15,40818
2170000,15,40823
2180015,15,40816
2190026,15,40821
2200007,15,40821
2210020,15,40837
2220002,15,40796
2230018,15,40825
2240027,15,40827
2250011,15,40831
2260023,15,40828
2270005,15,40811
2280020,15,40795
2289999,15,40806
2300015,15,40811
2310028,15,40808
2320010,15,40826
2330023,15,40820
2340003,15,40819
2350014,15,40821
2360031,15,40820
2370010,15,40852
2380026,15,40832
2390005,15,40823
2400019,15,40820
2410000,15,40835
2420016,15,40835
2430030,15,40843
2440010,15,40832
2450023,15,40838
2460004,15,40823
2470020,15,40839
2480002,15,40854
2490013,15,40844
2500027,15,40818
2510008,15,40843
2520020,15,40830
2530002,15,40840
2540015,15,40835
2550029,15,40842
2560012,15,40848
2570022,15,40843
2580007,15,40832
2590022,15,40858
2600002,15,40862
2610016,15,40853
2620024,15,40850
2630009,15,40846
2640024,15,40820
2650004,15,40864
2660017,15,40862
2670027,15,40877
2680014,15,40865
2690025,15,40873
2700005,15,40845
2710020,15,40854
2720001,15,40842
2730017,15,40848
2740029,15,40856
2750011,15,40853
2760024,15,40876
2770006,15,40873
2780020,15,40840
2789998,15,40850
2800014,15,40855
2810026,15,40869
2820008,15,40849
2830023,15,40851
2840004,15,40862
2850019,15,40864
2860028,15,40865
2870013,15,40861
2880026,15,40869
2890006,15,40874
2900016,15,40858
2910000,15,40870
2920017,15,40847
2930025,15,40881
2940011,15,40864
2950022,15,40868
2960004,15,40861
2970018,15,40877
2980028,15,40880
2990010,15,40859
3000025,15,40886
3010004,15,40872
3020018,15,40876
3030002,15,40860
3040013,15,40866
3050028,15,40855
3060009,15,40859
3070023,15,40878
3080006,15,40872
3090019,15,40885
3100002,15,40886
3110011,15,40891
3120025,15,40879
3130007,15,40879
3140019,15,40872
3150002,15,40899
3160016,15,40886
3170029,15,40903
3180009,15,40890
3190025,15,40883
3200004,15,40886
3210019,15,40883
3220002,15,40893
3230013,15,40884
3240027,15,40899
3250010,15,40887
3260023,15,40915
3270003,15,40902
3280017,15,40870
3290030,15,40894
3300013,15,40870
3310025,15,40903
3320008,15,40905
3330021,15,40891
3339999,15,40904
3350016,15,40900
3360026,15,40892
3370011,15,40906
3380025,15,40905
3390006,15,40905
3400018,15,40882
3409998,15,40888
3420015,15,40914
3430029,15,40902
3440007,15,40913
3450020,15,40877
3460003,15,40920
3470016,15,40908
3480031,15,40893
3490013,15,40904
3500024,15,40896
3510007,15,40912
3520017,15,40907
3530003,15,40901
3540017,15,40917
3550028,15,40883
3560007,15,40899
3570023,15,40903
3580004,15,40911
3590019,15,40907
3600028,15,40908
3610013,15,40920
3620024,15,40916
3630007,15,40906
3640020,15,40924
3650002,15,40931
3660016,15,40920
3670028,15,40919
3680010,15,40918
3690022,15,40927
3700003,15,40923
3710019,15,40888
3720000,15,40934
3730013,15,40895
3740025,15,40910
3750008,15,40924
3760022,15,40914
3770004,15,40948
3780016,15,40930
3790028,15,40947
3800013,15,40929
3810024,15,40927
3820007,15,40930
3830018,15,40925
3840000,15,40935
3850012,15,40931
3860027,15,40933
3870008,15,40932
3880021,15,40930
3890004,15,40944
3900019,15,40918
3910030,15,40919
3920009,15,40931
3930023,15,40925
3940007,15,40930
3950020,15,40937
3960003,15,40933
3970015,15,40921
3980029,15,40926
3990011,15,40916
4000021,15,40952
4010005,15,40931
4020017,15,40935
4030000,15,40940
4040013,15,40961
4050026,15,40937
4060009,15,40942
4070022,15,40947
4080006,15,40946
4090017,15,40977
4100030,15,40935
4110010,15,40947
4120024,15,40924
4130008,15,40950
4140023,15,40944
4150000,15,40957
4160013,15,40947
4170027,15,40961
4180009,15,40939
4190022,15,40946
4200002,15,40950
4210018,15,40952
4220029,15,40965
4230010,15,40946
4240021,15,40953
4250006,15,40942
4260021,15,40955
4270003,15,40951
4280015,15,40979
4290027,15,40942
4300008,15,40975
4310022,15,40958
4320004,15,40942
4330015,15,40975
4340002,15,40955
4350015,15,40975
4360025,15,40965
4370011,15,40977
4380023,15,40955
4390005,15,40982
4400016,15,40942
4410030,15,40946
4420010,15,40967
4430024,15,40982
4440006,15,40974
4450018,15,40979
4460003,15,40969
4470013,15,40969
4480026,15,40978
4490010,15,40966
4500021,15,40966
4510004,15,40977
4520017,15,40961
4530027,15,40975
4540012,15,40973
4550025,15,40976
4560009,15,40969
4570022,15,40964
4580003,15,40984
4590013,15,40992
4600029,15,40970
4610008,15,40978
4620023,15,40983
4630006,15,40987
4640018,15,40961
4649999,15,40984
4660013,15,40992
4670025,15,41000
4680008,15,40973
4690024,15,40990
4700005,15,40996
4710015,15,40989
4720027,15,41005
4730012,15,40977
4740025,15,40988
4750006,15,40992
4760018,15,40979
4769998,15,40983
4780016,15,40993
4790028,15,40996
4800007,15,41010
4810022,15,41002
4820005,15,41003
4830018,15,40987
4840029,15,41005
4850011,15,41004
4860025,15,40986
4870008,15,41003
4880021,15,41016
4890003,15,40997
4900015,15,41007
4910026,15,40990
4920010,15,41020
4930022,15,41007
4940006,15,40994
4950015,15,41025
4960001,15,40984
4970013,15,40983
4980027,15,41005
4990008,15,40995
5000019,15,41017
5010004,15,41011
5020017,15,41009
5030029,15,41016
5040012,15,41015
5050023,15,40979
5060005,15,41007
5070018,15,41032
5080000,15,41010
5090016,15,41017
5100027,15,41014
5110010,15,41010
5120020,15,41019
5130003,15,41008
5140015,15,41003
5150031,15,41016
5160014,15,41013
5170024,15,41022
5180006,15,41020
5190021,15,41009
5200003,15,41033
5210012,15,41014
5220029,15,41037
5230012,15,41021
5240023,15,41032
5250009,15,41023
5260017,15,41002
5269999,15,40999
5280014,15,41025
5290027,15,41036
5300009,15,41002
5310021,15,41032
5320002,15,41025
5330016,15,41043
5340027,15,41045
5350014,15,41018
5360023,15,41002
5370004,15,41037
5380022,15,41033
5390001,15,41037
5400012,15,41032
5410026,15,41036
5420007,15,41018
5430022,15,41030
5440003,15,41029
5450018,15,41011
5460030,15,41032
5470011,15,41026
5480026,15,41036
5490006,15,41046
5500021,15,41030
5510001,15,41027
5520017,15,41009
5530026,15,41039
5540012,15,41041
5550023,15,41058
5560006,15,41029
5570019,15,41041
5579999,15,41040
5590011,15,41040
5600028,15,41035
5610009,15,41056
5620020,15,41028
5630003,15,41069
5640017,15,41044
5650029,15,41049
5660011,15,41045
5670021,15,41053
5680005,15,41029
5690019,15,41041
5700002,15,41043
5710014,15,41052
5720028,15,41049
5730007,15,41044
5740025,15,41047
5750005,15,41033
5760016,15,41066
5770028,15,41060
5780012,15,41032
5790022,15,41049
5800008,15,41041
5810020,15,41055
5820002,15,41069
5830014,15,41070
5840025,15,41047
5850011,15,41046
5860024,15,41046
5870003,15,41061
5880018,15,41072
5889999,15,41046
5900012,15,41056
5910026,15,41062
5920008,15,41055
5930023,15,41062
5940004,15,41062
5950016,15,41061
5960029,15,41041
5970011,15,41067
5980028,15,41072
5990008,15,41073
6000019,15,41056
6010000,15,41075
6020016,15,41064
6030026,15,41077
6040007,15,41091
6050024,15,41093
6060003,15,41047
6070016,15,41070
6080030,15,41080
6090013,15,41091
6100028,15,41066
6110006,15,41085
6120018,15,41080
6130002,15,41067
6140014,15,41070
6150027,15,41070
6160013,15,41079
6170023,15,41073
6180002,15,41083
6190017,15,41072
6200001,15,41080
6210012,15,41082
6220025,15,41082
6230011,15,41072
6240021,15,41080
6250004,15,41083
6260014,15,41065
6270027,15,41087
6280010,15,41102
6290024,15,41091
6300004,15,41086
6310021,15,41084
6320000,15,41083
6330014,15,41074
6340026,15,41090
6350010,15,41069
6360021,15,41080
6370006,15,41079
6380016,15,41085
6390029,15,41094
6400011,15,41087
6410025,15,41085
6420009,15,41090
6430019,15,41084
6440005,15,41099
6450013,15,41078
6460029,15,41110
6470010,15,41108
6480023,15,41119
6490002,15,41109
6500017,15,41105
6510003,15,41097
6520014,15,41107
6530025,15,41096
6540006,15,41092
6550022,15,41121
6560002,15,41102
6570014,15,41091
6580027,15,41089
6590010,15,41113
6600025,15,41108
6610005,15,41093
6620017,15,41090
6630000,15,41095
6640014,15,41087
6650027,15,41108
6660008,15,41105
6670023,15,41109
6680006,15,41133
6690016,15,41117
6700031,15,41099
6710011,15,41107
6720026,15,41109
6730008,15,41103
6740022,15,41112
6750002,15,41102
6760015,15,41109
6770027,15,41121
6780011,15,41112
6790024,15,41097
6800006,15,41119
6810019,15,41113
6820002,15,41118
6830015,15,41109
6840023,15,41103
6850007,15,41101
6860022,15,41118
6870003,15,41113
6880016,15,41117
6890030,15,41124
6900011,15,41114
6910025,15,41117
6920008,15,41126
6930018,15,41123
6939999,15,41104
6950015,15,41116
6960029,15,41113
6970010,15,41135
6980022,15,41138
6990003,15,41125
7000017,15,41128
7010031,15,41138
7020013,15,41134
7030023,15,41113
7040007,15,41139
7050021,15,41135
7059997,15,41122
7070016,15,41142
7080026,15,41122
7090009,15,41134
7100023,15,41142
7110003,15,41142
7120017,15,41140
7130001,15,41131
7140011,15,41129
7150026,15,41151
7160007,15,41129
7170021,15,41144
7180004,15,41126
7190016,15,41123
7200028,15,41154
7210010,15,41151
7220022,15,41134
7230007,15,41148
7240018,15,41143
7250004,15,41161
7260016,15,41130
7270030,15,41162
7280009,15,41144
7290021,15,41148
7300001,15,41141
7310018,15,41156
7320031,15,41123
7330013,15,41158
7340024,15,41156
7350006,15,41170
7360021,15,41149
7370000,15,41142
7380014,15,41147
7390029,15,41139
7400012,15,41160
7410021,15,41144
7420006,15,41152
7430017,15,41153
7439997,15,41173
7450012,15,41131
7460027,15,41166
7470007,15,41169
7480022,15,41135
7490004,15,41174
7500017,15,41179
7510029,15,41148
7520010,15,41155
7530023,15,41169
7540005,15,41168
7550021,15,41163
7560001,15,41170
7570012,15,41162
7580029,15,41157
7590009,15,41157
7600024,15,41162
7610003,15,41155
7620017,15,41161
7630028,15,41165
7640015,15,41162
7650025,15,41176
7660008,15,41181
7670018,15,41189
7680002,15,41152
7690013,15,41163
7700027,15,41180
7710009,15,41147
7720022,15,41177
7730004,15,41160
7740017,15,41165
7750002,15,41156
7760012,15,41165
7770025,15,41160
7780009,15,41142
7790021,15,41160
7799999,15,41178
7810016,15,41185
7820029,15,41184
7830010,15,41183
7840025,15,41181
7850007,15,41180
7860019,15,41174
7870002,15,41171
7880017,15,41164
7890026,15,41170
7900012,15,41186
7910022,15,41185
7920002,15,41170
7930013,15,41202
7940030,15,41178
7950012,15,41164
7960024,15,41198
7970007,15,41206
7980020,15,41187
7990000,15,41176
8000017,15,41183
8010029,15,41182
8020010,15,41193
8030022,15,41196
8040006,15,41187
8050018,15,41176
8059999,15,41181
8070012,15,41194
8080025,15,41202
8090008,15,41200
8100021,15,41207
8110002,15,41196
8120018,15,41189
8130029,15,41183
8140012,15,41184
8150022,15,41184
8160008,15,41212
8170021,15,41189
8180002,15,41203
8190015,15,41207
8200029,15,41184
8210008,15,41197
8220024,15,41210
8230004,15,41211
8240015,15,41207
8250028,15,41202
8260011,15,41208
8270024,15,41198
8280008,15,41202
8290017,15,41204
8300002,15,41195
8310012,15,41200
8320030,15,41202
8330010,15,41210
8340022,15,41198
8350005,15,41181
8360018,15,41217
8370002,15,41213
8380015,15,41226
8390028,15,41194
8400006,15,41230
8410020,15,41223
8420002,15,41195
8430016,15,41217
8440030,15,41204
8450013,15,41227
8460024,15,41221
8470006,15,41198
8480019,15,41221
8490002,15,41205
8500014,15,41245
8510027,15,41230
8520008,15,41214
8530022,15,41206
8540004,15,41222
8550018,15,41211
8560029,15,41216
8570011,15,41213
8580027,15,41222
8590008,15,41216
8600019,15,41221
8610000,15,41205
8620017,15,41227
8630028,15,41229
8640008,15,41209
8650024,15,41214
8660008,15,41204
8670017,15,41208
8680004,15,41237
8690011,15,41215
8700026,15,41230
8710007,15,41227
8720022,15,41243
8730003,15,41241
8740018,15,41221
8750029,15,41251
8760012,15,41228
8770023,15,41237
8780006,15,41204
8790017,15,41213
8800002,15,41238
8810015,15,41235
8820026,15,41244
8830009,15,41231
8840021,15,41218
8850004,15,41220
8860017,15,41234
8870028,15,41220
8880012,15,41242
8890024,15,41237
8900007,15,41237
8910022,15,41229
8920003,15,41230
8930014,15,41250
8940026,15,41229
8950010,15,41231
8960023,15,41259
8970006,15,41240
8980018,15,41246
8989999,15,41237
9000013,15,41246
9010027,15,41244
9020007,15,41243
9030020,15,41246
9040003,15,41229
9050017,15,41238
9060031,15,41221
9070009,15,41267
9080024,15,41235
9090004,15,41258
9100020,15,41242
9110001,15,41240
9120010,15,41243
9130027,15,41259
9140008,15,41264
9150022,15,41227
9160003,15,41273
9170016,15,41271
9180029,15,41252
9190012,15,41265
9200025,15,41266
9210005,15,41265
9220021,15,41251
9230003,15,41268
9240016,15,41248
9250029,15,41247
9260010,15,41257
9270022,15,41262
9280004,15,41271
9290016,15,41266
9300002,15,41236
9310014,15,41266
9320026,15,41253
9330008,15,41262
9340021,15,41247
9350001,15,41246
9360016,15,41268
9370027,15,41266
9380010,15,41253
9390024,15,41260
9400006,15,41259
9410017,15,41256
9420002,15,41275
9430014,15,41268
9440028,15,41260
9450010,15,41257
9460023,15,41249
9470004,15,41248
9480016,15,41268
9490028,15,41243
9500013,15,41248
9510027,15,41260
9520008,15,41263
9530020,15,41276
9540002,15,41274
9550014,15,41259
9560026,15,41254
9570008,15,41255
9580025,15,41288
9590008,15,41279
9600017,15,41291
9609998,15,41272
9620013,15,41270
9630027,15,41278
9640007,15,41272
9650022,15,41267
9660003,15,41269
9670015,15,41272
9680029,15,41270
9690009,15,41272
9700022,15,41283
9710006,15,41278
9720019,15,41280
9730001,15,41280
9740012,15,41290
9750027,15,41274
9760008,15,41276
9770019,15,41295
9780003,15,41272
9790016,15,41296
9800029,15,41283
9810009,15,41284
9820025,15,41281
9830007,15,41294
9840022,15,41309
9850002,15,41312
9860016,15,41289
9870025,15,41287
9880010,15,41258
9890023,15,41277
9900005,15,41276
9910018,15,41257
9920002,15,41290
9930013,15,41306
9940023,15,41299
9950006,15,41282
9960022,15,41295
9970004,15,41286
9980017,15,41312
9990029,15,41281
10000010,15,41283
10010022,15,41296
10020007,15,41297
10030019,15,41293
10040001,15,41291
10050014,15,41286
10060026,15,41297
10070011,15,41271
10080021,15,41290
10090003,15,41291
10100017,15,41310
10110029,15,41329
10120012,15,41303
10130027,15,41295
10140004,15,41300
10150021,15,41295
10160001,15,41290
10170013,15,41303
10180028,15,41301
10190010,15,41319
10200020,15,41306
10210006,15,41307
10220016,15,41286
10229998,15,41314
10240013,15,41310
10250026,15,41313
10260006,15,41302
10270022,15,41320
10280005,15,41301
10290015,15,41307
10300029,15,41290
10310011,15,41305
10320025,15,41328
10330010,15,41313
10340020,15,41321
10350002,15,41304
10360012,15,41306
10370028,15,41320
10380008,15,41331
10390023,15,41301
10400004,15,41323
10410013,15,41327
10420028,15,41325
10430011,15,41303
10440026,15,41323
10450006,15,41326
10460024,15,41316
10470002,15,41319
10480015,15,41317
10490029,15,41331
10500008,15,41347
10510021,15,41313
10520004,15,41322
10530020,15,41337
10540001,15,41314
10550016,15,41330
10560028,15,41324
10570010,15,41328
10580017,15,41325
10590004,15,41328
10600015,15,41324
10610031,15,41326
10620014,15,41332
10630024,15,41309
10640006,15,41315
10650017,15,41323
10660003,15,41325
10670014,15,41341
10680031,15,41339
10690008,15,41335
10700021,15,41329
10710003,15,41328
10720018,15,41324
10730031,15,41313
10740012,15,41338
10750025,15,41330
10760008,15,41347
10770021,15,41304
10780002,15,41333
10790015,15,41343
10800028,15,41338
10810008,15,41331
10820021,15,41324
10830005,15,41330
10840018,15,41349
10850001,15,41351
10860013,15,41327
10870027,15,41348
10880006,15,41328
10890022,15,41323
10900002,15,41337
10910017,15,41326
10920028,15,41345
10930010,15,41332
10940021,15,41345
10950009,15,41340
10960020,15,41333
10970000,15,41367
10980014,15,41334
10990028,15,41335
11000009,15,41336
11010021,15,41351
11020003,15,41359
11030019,15,41354
11040031,15,41354
11050009,15,41356
11060023,15,41343
11070005,15,41348
11080021,15,41376
11089999,15,41340
11100014,15,41342
11110027,15,41354
11120011,15,41344
11130022,15,41345
11140005,15,41347
11150018,15,41339
11160000,15,41376
11170013,15,41348
11180027,15,41354
11190005,15,41344
11200022,15,41366
11210003,15,41358
11220015,15,41364
11230030,15,41347
11240011,15,41376
11250025,15,41353
11260005,15,41348
11270017,15,41372
11280000,15,41368
11290016,15,41361
11300027,15,41360
11310009,15,41357
11320023,15,41360
11330005,15,41381
11340017,15,41354
11350028,15,41375
11360012,15,41350
11370024,15,41375
11380008,15,41362
11390021,15,41367
11400003,15,41340
11410016,15,41369
11420027,15,41338
11430012,15,41373
11440023,15,41380
11450004,15,41361
11460022,15,41356
11470000,15,41383
11480012,15,41366
11490027,15,41357
11500006,15,41373
11510022,15,41372
11520003,15,41357
11530017,15,41367
11540030,15,41362
11550011,15,41371
11560024,15,41366
11570004,15,41369
11580019,15,41364
11590002,15,41369
11600013,15,41372
11610028,15,41355
11620009,15,41392
11630022,15,41362
11640005,15,41383
11650018,15,41380
11660029,15,41384
11670013,15,41385
11680023,15,41391
11690008,15,41366
11700021,15,41376
11710002,15,41394
11720016,15,41395
11730028,15,41353
11740007,15,41375
11750021,15,41385
11760006,15,41375
11770018,15,41362
11779999,15,41357
11790013,15,41397
11800026,15,41391
11810008,15,41391
11820021,15,41381
11830001,15,41377
11840016,15,41386
11850029,15,41361
11860011,15,41382
11870027,15,41390
11880007,15,41406
11890019,15,41392
11900002,15,41413
11910013,15,41390
11920029,15,41376
11930010,15,41395
11940023,15,41397
11950003,15,41399
11960019,15,41367
11970030,15,41373
11980012,15,41381
11990024,15,41405
12000008,15,41390
12010020,15,41384
12020002,15,41402
12030016,15,41404
12040027,15,41394
12050008,15,41397
12060021,15,41415
12070005,15,41406
12080021,15,41414
12090000,15,41414
12100015,15,41383
12110025,15,41405
12120008,15,41383
12130021,15,41406
12140002,15,41376
12150015,15,41411
12160029,15,41410
12170009,15,41378
12180024,15,41378
12190007,15,41395
12200022,15,41423
12210000,15,41403
12220014,15,41412
12230027,15,41412
12240011,15,41402
12250022,15,41394
12260004,15,41408
12270017,15,41384
12280031,15,41415
12290012,15,41386
12300023,15,41392
12310007,15,41387
12320018,15,41415
12330003,15,41417
12340017,15,41405
12350026,15,41416
12360011,15,41410
12370023,15,41392
12380005,15,41418
12390018,15,41407
12400001,15,41418
12410013,15,41414
12420026,15,41415
12430007,15,41394
12440021,15,41428
12450005,15,41402
12460013,15,41421
12470030,15,41424
12480012,15,41399
12490023,15,41430
12500005,15,41413
12510018,15,41428
12519999,15,41420
12530013,15,41425
12540026,15,41424
12550007,15,41409
12560023,15,41441
12570007,15,41416
12580017,15,41429
12590030,15,41396
12600012,15,41428
12610027,15,41449
12620008,15,41409
12630019,15,41427
12640003,15,41415
12650015,15,41427
12660028,15,41432
12670007,15,41421
12680024,15,41407
12690007,15,41426
12700020,15,41419
12710000,15,41413
12720013,15,41432
12730027,15,41426
12740007,15,41431
12750023,15,41430
12760005,15,41421
12770017,15,41441
12780030,15,41411
12790013,15,41426
12800026,15,41425
12810005,15,41436
12820019,15,41442
12830005,15,41407
12840015,15,41442
12850027,15,41431
12860007,15,41415
12870022,15,41447
12880003,15,41420
12890016,15,41429
12900031,15,41409
12910014,15,41426
12920024,15,41426
12930007,15,41448
12940019,15,41443
12950002,15,41417
12960016,15,41452
12970029,15,41441
12980011,15,41444
12990024,15,41435
13000006,15,41450
13010016,15,41431
13020003,15,41439
13030013,15,41457
13040027,15,41448
13050007,15,41410
13060018,15,41443
13070005,15,41433
13080016,15,41443
13090027,15,41451
13100013,15,41436
13110026,15,41422
13120006,15,41454
13130020,15,41445
13139998,15,41430
13150013,15,41454
13160028,15,41448
13170008,15,41459
13180024,15,41473
13190005,15,41458
13200017,15,41432
13210031,15,41434
13220011,15,41442
13230024,15,41449
13240003,15,41439
13250022,15,41454
13260003,15,41451
13270015,15,41460
13280029,15,41448
13290008,15,41454
13300023,15,41436
13310005,15,41451
13320021,15,41459
13330002,15,41448
13340011,15,41452
13350026,15,41470
13360007,15,41455
13370021,15,41484
13380004,15,41449
13390016,15,41458
13400030,15,41453
13410011,15,41448
13420025,15,41443
13430007,15,41465
13440020,15,41439
13450001,15,41461
13460013,15,41478
13470028,15,41462
13480010,15,41451
13490023,15,41451
13500006,15,41468
13510015,15,41470
13520026,15,41454
13530011,15,41445
13540022,15,41471
13550005,15,41464
13560020,15,41472
13570002,15,41465
13580014,15,41442
13590029,15,41472
13600011,15,41472
13610021,15,41464
13620005,15,41491
13630021,15,41490
13640003,15,41464
13650013,15,41456
13660028,15,41465
13670007,15,41460
13680022,15,41486
13690005,15,41467
13700017,15,41473
13710028,15,41468
13720009,15,41467
13730022,15,41470
13740008,15,41482
13750021,15,41484
13760003,15,41478
13770011,15,41469
13780023,15,41466
13790009,15,41515
13800021,15,41466
13810003,15,41500
13820017,15,41482
13830029,15,41472
13840012,15,41482
13850021,15,41475
13860007,15,41490
13870018,15,41484
13880003,15,41474
13890015,15,41497
13900028,15,41490
13910009,15,41497
13920024,15,41492
13930003,15,41470
13940022,15,41494
13950002,15,41459
13960013,15,41491
13970028,15,41481
13980007,15,41475
13990020,15,41486
14000005,15,41486
14010017,15,41467
14020029,15,41482
14030013,15,41489
14040025,15,41499
14050007,15,41488
14060017,15,41488
14070001,15,41475
14080017,15,41484
14090025,15,41497
14100011,15,41479
14110022,15,41485
14120001,15,41496
14130018,15,41485
14140030,15,41490
14150013,15,41489
14160023,15,41491
14170007,15,41490
14180020,15,41508
14190001,15,41500
14200012,15,41496
14210030,15,41495
14220012,15,41502
14230023,15,41492
14240001,15,41507
14250020,15,41481
14260000,15,41513
14270011,15,41483
14280025,15,41502
14290008,15,41485
14300020,15,41504
14310002,15,41498
14320014,15,41490
14330030,15,41496
14340012,15,41501
14350024,15,41523
14360007,15,41490
14370019,15,41483
14380000,15,41472
14390012,15,41490
14400029,15,41518
14410010,15,41504
14420019,15,41501
14430001,15,41486
14440019,15,41518
14450031,15,41507
14460011,15,41489
14470024,15,41500
14480004,15,41524
14490020,15,41513
14500001,15,41504
14510014,15,41518
14520027,15,41508
14530012,15,41502
14540023,15,41518
14550005,15,41487
14560019,15,41511
14570000,15,41516
14580012,15,41504
14590024,15,41521
14600008,15,41511
14610021,15,41506
14620002,15,41515
14630018,15,41539
14640030,15,41523
14650010,15,41515
14660025,15,41502
14670005,15,41504
14680018,15,41516
14690003,15,41513
14700012,15,41517
14710027,15,41518
14720009,15,41530
14730024,15,41511
14740005,15,41521
14750016,15,41531
14760029,15,41530
14770014,15,41519
14780024,15,41528
14790006,15,41521
14800020,15,41541
14810001,15,41533
14820014,15,41519
14830031,15,41518
14840013,15,41513
14850023,15,41529
14860003,15,41526
14870017,15,41531
14880003,15,41531
14890013,15,41526
14900028,15,41535
14910009,15,41532
14920022,15,41515
14930004,15,41532
14940018,15,41505
14950029,15,41517
14960010,15,41517
14970025,15,41529
14980005,15,41517
14990020,15,41522
15000000,15,41522
15010014,15,41540
15020026,15,41518
15030010,15,41533
15040024,15,41532
15050005,15,41547
15060016,15,41535
15070028,15,41519
15080013,15,41535
15090027,15,41534
15100009,15,41543
15110020,15,41552
15120001,15,41523
15130013,15,41558
15140029,15,41541
15150009,15,41528
15160023,15,41535
15170009,15,41544
15180015,15,41516
15189998,15,41525
15200014,15,41535
15210026,15,41549
15220008,15,41547
15230021,15,41541
15240003,15,41538
15250017,15,41539
15260030,15,41552
15270009,15,41535
15280025,15,41537
15290007,15,41559
15300022,15,41538
15309999,15,41538
15320015,15,41522
15330029,15,41537
15340010,15,41545
15350021,15,41563
15360004,15,41528
15370017,15,41513
15380026,15,41537
15390015,15,41533
15400026,15,41547
15410006,15,41547
15420019,15,41559
15430000,15,41543
15440015,15,41565
15450028,15,41548
15460007,15,41539
15470023,15,41546
15480006,15,41565
15490017,15,41552
15499999,15,41563
15510013,15,41545
15520023,15,41568
15530007,15,41563
15540018,15,41549
15550002,15,41546
15560017,15,41552
15570029,15,41560
15580012,15,41558
15590026,15,41534
15600004,15,41560
15610018,15,41571
15620002,15,41561
15630015,15,41561
15640026,15,41553
15650012,15,41568
15660022,15,41571
15670004,15,41550
15680016,15,41556
15690029,15,41562
15700014,15,41564
15710024,15,41565
15720007,15,41556
15730020,15,41559
15740001,15,41567
15750017,15,41556
15760027,15,41559
15770011,15,41567
15780024,15,41563
15790005,15,41552
15800020,15,41563
15809996,15,41568
15820012,15,41566
15830026,15,41569
15840008,15,41568
15850022,15,41585
15860001,15,41566
15870015,15,41558
15880028,15,41556
15890011,15,41567
15900023,15,41570
15910008,15,41563
15920018,15,41567
15930001,15,41577
15940013,15,41565
15950028,15,41564
15960007,15,41571
15970021,15,41578
15980006,15,41569
15990016,15,41578
16000030,15,41567
16010013,15,41582
16020026,15,41576
16030006,15,41582
16040020,15,41572
16050000,15,41570
16060015,15,41571
16070027,15,41580
16080009,15,41581
16090026,15,41577
16100003,15,41573
16110018,15,41563
16119999,15,41592
16130014,15,41581
16140025,15,41562
16150009,15,41586
16160019,15,41572
16170003,15,41605
16180016,15,41588
16190030,15,41573
16200012,15,41565
16210024,15,41568
16220007,15,41580
16230022,15,41566
16239999,15,41600
16250013,15,41580
16260030,15,41577
16270010,15,41580
16280020,15,41570
16290005,15,41580
16300015,15,41580
16310032,15,41558
16320013,15,41590
16330027,15,41594
16340005,15,41581
16350021,15,41581
16360002,15,41587
16370015,15,41574
16380027,15,41585
16390011,15,41589
16400021,15,41594
16410007,15,41597
16420017,15,41601
16430000,15,41603
16440013,15,41585
16450026,15,41592
16460006,15,41587
16470023,15,41567
16480003,15,41576
16490016,15,41581
16500028,15,41592
16510011,15,41597
16520024,15,41578
16530006,15,41597
16540018,15,41593
16549999,15,41596
16560016,15,41596
16570027,15,41595
16580010,15,41583
16590024,15,41630
16600002,15,41583
16610018,15,41598
16620027,15,41611
16630012,15,41579
16640024,15,41612
16650009,15,41616
16660020,15,41590
16670002,15,41609
16680015,15,41595
16690028,15,41601
16700013,15,41600
16710021,15,41596
16720007,15,41599
16730018,15,41603
16739999,15,41604
16750014,15,41592
16760030,15,41606
16770007,15,41612
16780022,15,41592
16790005,15,41600
16800014,15,41595
16810031,15,41595
16820010,15,41602
16830026,15,41618
16840005,15,41604
16850019,15,41612
16860001,15,41623
16870015,15,41623
16880026,15,41612
16890009,15,41623
16900021,15,41600
16910004,15,41613
16920017,15,41608
16930028,15,41598
16940011,15,41618
16950023,15,41596
16960007,15,41605
16970020,15,41599
16980004,15,41618
16990017,15,41613
17000026,15,41612
17010009,15,41624
17020022,15,41605
17030005,15,41643
17040018,15,41611
17050004,15,41621
17060014,15,41620
17070025,15,41610
17080008,15,41610
17090017,15,41610
17100002,15,41616
17110017,15,41626
17120030,15,41606
17130007,15,41616
17140024,15,41620
17150008,15,41616
17160021,15,41612
17169999,15,41623
17180012,15,41608
17190025,15,41629
17200008,15,41631
17210023,15,41616
17220003,15,41624
17230017,15,41618
17240031,15,41627
17250010,15,41637
17260025,15,41613
17270006,15,41629
17280020,15,41614
17290002,15,41628
17300016,15,41626
17310028,15,41669
17320012,15,41631
17330022,15,41597
17340002,15,41639
17350020,15,41630
17360002,15,41620
17370012,15,41627
17380025,15,41630
17390008,15,41625
17400018,15,41627
17410004,15,41626
17420016,15,41635
17430030,15,41627
17440010,15,41627
17450024,15,41623
17460006,15,41630
17470022,15,41636
17480002,15,41643
17490014,15,41647
17500026,15,41633
17510007,15,41653
17520023,15,41626
17530003,15,41633
17540017,15,41629
17550030,15,41647
17560012,15,41633
17570022,15,41639
17580007,15,41631
17590019,15,41630
17599999,15,41623
17610018,15,41624
17620028,15,41633
17630011,15,41642
17640021,15,41644
17650006,15,41636
17660019,15,41668
17670000,15,41639
17680014,15,41645
17690027,15,41632
17700010,15,41644
17710019,15,41631
17720005,15,41639
17730017,15,41654
17740030,15,41633
17750010,15,41625
17760024,15,41643
17770005,15,41646
17780017,15,41632
17790000,15,41646
17800014,15,41666
17810027,15,41642
17820010,15,41644
17830022,15,41643
17840002,15,41660
17850018,15,41631
17860031,15,41658
17870010,15,41644
17880023,15,41659
17890007,15,41620
17900021,15,41650
17910003,15,41667
17920017,15,41643
17930028,15,41658
17940008,15,41656
17950024,15,41637
17960005,15,41644
17970019,15,41645
17980000,15,41632
17990015,15,41647
18000026,15,41655
18010008,15,41646
18020019,15,41656
18030005,15,41655
18040017,15,41661
18050029,15,41656
18060012,15,41644
18070025,15,41654
18080005,15,41642
18090018,15,41655
18100001,15,41663
18110012,15,41664
18120029,15,41641
18130009,15,41665
18140022,15,41646
18150005,15,41646
18160017,15,41669
18170029,15,41660
18180008,15,41659
18190026,15,41663
18200007,15,41688
18210019,15,41650
18220004,15,41661
18230015,15,41650
18240030,15,41657
18250011,15,41672
18260022,15,41673
18270008,15,41673
18280017,15,41666
18290001,15,41657
18300016,15,41673
18310025,15,41680
18320007,15,41668
18330022,15,41670
18340005,15,41665
18350015,15,41658
18360030,15,41669
18370009,15,41662
18380024,15,41687
18390007,15,41667
18400020,15,41647
18410002,15,41651
18420017,15,41659
18430029,15,41669
18440009,15,41679
18450023,15,41667
18460004,15,41648
18470016,15,41667
18480031,15,41674
18490013,15,41670
18500024,15,41687
18510004,15,41675
18520020,15,41694
18530002,15,41683
18540016,15,41686
18550027,15,41695
18560011,15,41661
18570023,15,41682
18580006,15,41664
18590017,15,41685
18600004,15,41685
18610012,15,41664
18620025,15,41668
18630007,15,41693
18640022,15,41684
18650000,15,41671
18660017,15,41668
18670028,15,41667
18680012,15,41680
18690022,15,41668
18700005,15,41665
18710019,15,41685
18719999,15,41678
18730016,15,41660
18740027,15,41672
18750010,15,41693
18760022,15,41686
18770005,15,41678
18780016,15,41668
18790028,15,41682
18800012,15,41675
18810023,15,41672
18820006,15,41680
18830018,15,41682
18840004,15,41687
18850015,15,41680
18860026,15,41686
18870011,15,41659
18880024,15,41690
18890008,15,41694
18900019,15,41675
18910000,15,41662
18920011,15,41707
18930027,15,41660
18940008,15,41688
18950022,15,41694
18960005,15,41666
18970015,15,41682
18980029,15,41683
18990011,15,41685
19000024,15,41687
19010004,15,41702
19020020,15,41690
19030003,15,41688
19040012,15,41686
19050028,15,41704
19060008,15,41693
19070021,15,41693
19080004,15,41698
19090015,15,41673
19100028,15,41660
19110014,15,41686
19120023,15,41686
19130008,15,41691
19140018,15,41689
19150003,15,41691
19160015,15,41699
19170026,15,41711
19180010,15,41691
19190022,15,41700
19200006,15,41693
19210020,15,41710
19220002,15,41685
19230013,15,41702
19240026,15,41683
19250008,15,41697
19260022,15,41690
19270005,15,41687
19280018,15,41684
19290027,15,41710
19300014,15,41706
19310025,15,41703
19320006,15,41698
19330019,15,41681
19340001,15,41704
19350010,15,41713
19360024,15,41697
19370007,15,41708
19380021,15,41710
19390005,15,41720
19400020,15,41700
19410029,15,41696
19420012,15,41714
19430026,15,41697
19440006,15,41714
19450020,15,41694
19460002,15,41701
19470014,15,41727
19480028,15,41709
19490014,15,41711
19500025,15,41701
19510004,15,41702
19520019,15,41709
19529999,15,41717
19540012,15,41706
19550026,15,41687
19560007,15,41730
19570023,15,41696
19580002,15,41705
19590019,15,41713
19600028,15,41714
19610007,15,41701
19620026,15,41695
19630007,15,41708
19640021,15,41699
19650000,15,41694
19660011,15,41713
19670023,15,41708
19680006,15,41700
19690021,15,41726
19700004,15,41697
19710017,15,41714
19720028,15,41700
19730011,15,41720
19740025,15,41720
19750008,15,41705
19760021,15,41715
19770000,15,41716
19780017,15,41714
19790029,15,41718
19800010,15,41711
19810023,15,41709
19820005,15,41718
19830017,15,41717
19840002,15,41717
19850016,15,41706
19860024,15,41701
19870007,15,41711
19880020,15,41744
19890002,15,41705
19900016,15,41731
19910028,15,41709
19920012,15,41706
19930023,15,41717
19940008,15,41730
19950022,15,41716
19959999,15,41727
19970014,15,41734
19980029,15,41711
19990008,15,41728
20000020,15,41731
20010004,15,41735
20020016,15,41721
20030028,15,41724
20040011,15,41708
20050024,15,41701
20060005,15,41716
20070022,15,41713
20080003,15,41719
20090015,15,41726
20100029,15,41700
20110010,15,41729
20120028,15,41715
20130005,15,41733
20140022,15,41710
20149997,15,41716
20160012,15,41730
20170025,15,41745
20180009,15,41724
20190020,15,41730
20200004,15,41716
20210017,15,41722
20220028,15,41722
20230012,15,41709
20240023,15,41727
20250008,15,41716
20260018,15,41736
20270000,15,41721
20280015,15,41735
20290030,15,41721
20300009,15,41745
20310022,15,41717
20320004,15,41734
20330019,15,41736
20340031,15,41737
20350013,15,41724
20360026,15,41743
20370009,15,41758
20380021,15,41724
20390003,15,41750
20400015,15,41730
20410026,15,41731
20420012,15,41746
20430022,15,41752
20440003,15,41719
20450018,15,41738
20460002,15,41728
20470013,15,41738
20480028,15,41739
20490009,15,41749
20500020,15,41726
20510001,15,41740
20520016,15,41750
20530026,15,41719
20540013,15,41723
20550025,15,41725
20560003,15,41746
20570019,15,41741
20580001,15,41756
20590013,15,41739
20600029,15,41744
20610009,15,41740
20620020,15,41737
20630004,15,41758
20640018,15,41743
20650028,15,41744
20660010,15,41750
20670026,15,41747
20680007,15,41769
20690020,15,41745
20700001,15,41756
20710014,15,41744
20720027,15,41738
20730010,15,41743
20740023,15,41743
20750006,15,41735
20760017,15,41764
20769999,15,41721
20780012,15,41761
20790028,15,41732
20800009,15,41766
20810022,15,41738
20820005,15,41744
20830015,15,41756
20840030,15,41734
20850014,15,41752
20860023,15,41732
20870007,15,41752
20880018,15,41754
20890003,15,41740
20900012,15,41759
20910028,15,41749
20920011,15,41754
20930023,15,41754
20940006,15,41751
20950019,15,41741
20960030,15,41762
20970012,15,41762
20980026,15,41764
20990008,15,41754
21000018,15,41770
21010004,15,41756
21020017,15,41746
21030027,15,41764
21040012,15,41736
21050020,15,41741
21060006,15,41770
21070017,15,41739
21079997,15,41745
21090010,15,41776
21100025,15,41764
21110010,15,41754
21120021,15,41768
21130002,15,41768
21140015,15,41775
21150030,15,41756
21160009,15,41772
21170023,15,41735
21180008,15,41753
21190021,15,41759
21199999,15,41764
21210013,15,41764
21220028,15,41780
21230008,15,41765
21240024,15,41779
21250003,15,41778
21260017,15,41772
21270031,15,41755
21280011,15,41759
21290024,15,41770
21300008,15,41771
21310018,15,41779
21320003,15,41755
21330015,15,41763
21340028,15,41777
21350010,15,41758
21360020,15,41753
21370003,15,41782
21380017,15,41760
21390001,15,41773
21400014,15,41756
21410026,15,41767
21420008,15,41755
21430021,15,41765
21440003,15,41771
21450017,15,41761
21460029,15,41772
21470012,15,41780
21480023,15,41789
21490008,15,41761
21500018,15,41787
21510000,15,41815
21520014,15,41766
21530026,15,41776
21540010,15,41778
21550023,15,41776
21560005,15,41783
21570018,15,41779
21580032,15,41783
21590015,15,41786
21600026,15,41782
21610009,15,41778
21620021,15,41789
21630001,15,41779
21640013,15,41786
21650030,15,41776
21660012,15,41797
21670023,15,41774
21680006,15,41785
21690020,15,41753
21699997,15,41789
21710013,15,41774
21720028,15,41766
21730006,15,41776
21740021,15,41782
21750004,15,41795
21760016,15,41785
21770030,15,41808
21780012,15,41786
21790024,15,41796
21800004,15,41764
21810019,15,41772
21820002,15,41786
21830015,15,41810
21840026,15,41797
21850008,15,41767
21860022,15,41780
21870006,15,41778
21880018,15,41792
21890031,15,41791
21900010,15,41776
21910023,15,41788
21920007,15,41771
21930020,15,41794
21940005,15,41823
21950012,15,41783
21960030,15,41806
21970011,15,41790
21980022,15,41808
21990003,15,41790
22000017,15,41795
22009997,15,41792
22020013,15,41788
22030027,15,41797
22040010,15,41779
22050021,15,41806
22060000,15,41788
22070016,15,41786
22080031,15,41779
22090012,15,41799
22100026,15,41787
22110006,15,41799
22120018,15,41795
22129999,15,41802
22140015,15,41795
22150026,15,41807
22160010,15,41795
22170025,15,41777
22180003,15,41791
22190018,15,41785
22200033,15,41785
22210010,15,41795
22220025,15,41799
22230008,15,41795
22240021,15,41791
22250003,15,41777
22260014,15,41816
22270031,15,41795
22280010,15,41793
22290023,15,41776
22300006,15,41821
22310019,15,41797
22320001,15,41809
22330016,15,41790
22340024,15,41799
22350006,15,41833
22360020,15,41802
22370003,15,41802
22380017,15,41807
22390031,15,41797
22400011,15,41800
22410027,15,41785
22420006,15,41805
22430020,15,41817
22440002,15,41812
22450016,15,41797
22460029,15,41801
22470009,15,41812
22480021,15,41807
22490007,15,41803
22500019,15,41795
22510027,15,41794
22520009,15,41806
22530024,15,41802
22540008,15,41810
22550020,15,41815
22560001,15,41807
22570016,15,41813
22580028,15,41819
22590012,15,41797
22600022,15,41807
22610007,15,41819
22620014,15,41803
22630000,15,41825
22640014,15,41822
22650025,15,41815
22660008,15,41822
22670022,15,41813
22680000,15,41795
22690016,15,41791
22700028,15,41792
22710011,15,41804
22720026,15,41815
22730005,15,41819
22740017,15,41818
22750000,15,41791
22760015,15,41840
22770027,15,41825
22780011,15,41800
22790022,15,41820
22800004,15,41820
22810016,15,41821
22820030,15,41821
22830012,15,41840
22840024,15,41816
22850008,15,41833
22860020,15,41822
22870000,15,41818
22880013,15,41821
22890028,15,41848
22900011,15,41812
22910024,15,41816
22920006,15,41830
22930017,15,41803
22940001,15,41816
22950013,15,41821
22960027,15,41826
22970007,15,41846
22980021,15,41825
22990004,15,41809
23000015,15,41813
23010030,15,41816
23020011,15,41812
23030024,15,41799
23040008,15,41815
23050017,15,41830
23060002,15,41838
23070014,15,41819
23080026,15,41813
23090008,15,41831
23100022,15,41826
23110005,15,41830
23120014,15,41808
23130031,15,41829
23140012,15,41825
23150028,15,41830
23160005,15,41810
23170018,15,41833
23180004,15,41803
23190016,15,41818
23200028,15,41827
23210009,15,41815
23220023,15,41821
23230004,15,41839
23240016,15,41826
23249998,15,41833
23260013,15,41839
23270026,15,41843
23280006,15,41830
23290022,15,41834
23300002,15,41846
23310016,15,41821
23320032,15,41855
23330013,15,41816
23340022,15,41841
23350002,15,41838
23360020,15,41829
23370002,15,41850
23380014,15,41822
23390029,15,41826
23400006,15,41840
23410023,15,41846
23420006,15,41838
23430016,15,41826
23440031,15,41847
23450013,15,41836
23460023,15,41830
23470006,15,41814
23480018,15,41835
23490001,15,41828
23500015,15,41845
23510027,15,41849
23520009,15,41828
23530020,15,41822
23540003,15,41853
23550017,15,41817
23560001,15,41847
23570013,15,41863
23580027,15,41825
23590009,15,41842
23600022,15,41810
23610003,15,41828
23620015,15,41841
23630026,15,41833
23640011,15,41839
23650024,15,41845
23660006,15,41826
23670020,15,41843
23680003,15,41845
23690015,15,41839
23700026,15,41839
23710010,15,41836
23720022,15,41840
23730002,15,41837
23740019,15,41857
23750031,15,41841
23760012,15,41827
23770026,15,41832
23780007,15,41829
23790020,15,41847
23800000,15,41858
23810017,15,41830
23820027,15,41856
23830009,15,41862
23840024,15,41859
23850006,15,41841
23860017,15,41846
23869999,15,41863
23880016,15,41851
23890026,15,41846
23900006,15,41852
23910025,15,41854
23920006,15,41831
23930016,15,41855
23940029,15,41839
23950012,15,41852
23960026,15,41870
23970009,15,41859
23980016,15,41851
23990003,15,41837
24000015,15,41840
24010026,15,41847
24020010,15,41877
24030022,15,41852
24040003,15,41833
24050015,15,41843
24060027,15,41855
24070010,15,41868
24080026,15,41858
24090007,15,41851
24100021,15,41842
24110001,15,41859
24120015,15,41856
24130027,15,41856
24140011,15,41841
24150022,15,41858
24160007,15,41840
24170019,15,41846
24179997,15,41840
24190011,15,41873
24200025,15,41862
24210007,15,41856
24220020,15,41866
24230004,15,41850
24240019,15,41857
24250029,15,41882
24260013,15,41888
24270025,15,41871
24280007,15,41867
24290019,15,41864
24300000,15,41849
24310017,15,41842
24320027,15,41854
24330010,15,41831
24340022,15,41866
24350002,15,41857
24360020,15,41882
24370030,15,41852
24380008,15,41874
24390024,15,41859
24400008,15,41874
24410020,15,41852
24419999,15,41863
24430016,15,41845
24440027,15,41846
24450009,15,41870
24460024,15,41875
24470006,15,41845
24480021,15,41860
24489997,15,41870
24500013,15,41871
24510025,15,41868
24520007,15,41871
24530019,15,41863
24540005,15,41859
24550017,15,41870
24560027,15,41860
24570008,15,41866
24580025,15,41863
24590005,15,41872
24600017,15,41880
24609998,15,41874
24620015,15,41879
24630024,15,41855
24640011,15,41872
24650023,15,41864
24660003,15,41870
24670017,15,41863
24680028,15,41877
24690012,15,41880
24700023,15,41873
24710007,15,41872
24720017,15,41876
24730005,15,41864
24740015,15,41888
24750028,15,41880
24760011,15,41875
24770022,15,41887
24780005,15,41886
24790014,15,41869
24799999,15,41859
24810014,15,41874
24820027,15,41881
24830009,15,41851
24840022,15,41892
24850004,15,41876
24860014,15,41883
24870030,15,41878
24880012,15,41853
24890025,15,41883
24900004,15,41879
24910018,15,41887
24919999,15,41875
24930014,15,41881
24940027,15,41874
24950010,15,41904
24960020,15,41878
24970004,15,41879
24980018,15,41877
24990030,15,41886
25000012,15,41884
25010027,15,41871
25020005,15,41881
25030022,15,41876
25040001,15,41868
25050016,15,41887
25060030,15,41854
25070011,15,41864
25080025,15,41886
25090006,15,41884
25100021,15,41885
25110002,15,41911
25120014,15,41878
25130024,15,41896
25140008,15,41893
25150022,15,41877
25160006,15,41880
25170014,15,41882
25180029,15,41883
25190011,15,41890
25200023,15,41878
25210005,15,41875
25220019,15,41890
25230002,15,41891
25240014,15,41888
25250024,15,41878
25260008,15,41877
25270023,15,41877
25280005,15,41893
25290020,15,41870
25300029,15,41895
25310012,15,41888
25320025,15,41900
25330005,15,41889
25340021,15,41897
25350003,15,41901
25360016,15,41882
25370028,15,41904
25380010,15,41885
25390025,15,41906
25400003,15,41900
25410018,15,41895
25419999,15,41906
25430014,15,41901
25440027,15,41904
25450009,15,41886
25460020,15,41900
25470003,15,41877
25480017,15,41898
25490029,15,41899
25500008,15,41892
25510022,15,41896
25520006,15,41890
25530020,15,41899
25540003,15,41903
25550013,15,41894
25560025,15,41902
25570010,15,41914
25580022,15,41905
25590002,15,41885
25600017,15,41895
25610029,15,41893
25620009,15,41913
25630023,15,41910
25640007,15,41875
25650020,15,41895
25660002,15,41905
25670015,15,41902
25680027,15,41901
25690012,15,41885
25700020,15,41904
25710006,15,41903
25720021,15,41916
25729999,15,41886
25740012,15,41913
25750025,15,41904
25760007,15,41888
25770020,15,41904
25780004,15,41912
25790017,15,41918
25800028,15,41905
25810013,15,41909
25820022,15,41912
25830006,15,41902
25840020,15,41898
25850003,15,41899
25860013,15,41900
25870024,15,41906
25880011,15,41911
25890022,15,41909
25900002,15,41892
25910018,15,41893
25920032,15,41911
25930011,15,41906
25940025,15,41892
25950008,15,41906
25960019,15,41912
25970005,15,41904
25980016,15,41907
25990026,15,41901
26000011,15,41922
26010023,15,41906
26020006,15,41914
26030020,15,41906
26040000,15,41899
26050016,15,41892
26060027,15,41911
26070012,15,41910
26080021,15,41920
26090004,15,41893
26100018,15,41913
26110030,15,41900
26120010,15,41914
26130026,15,41906
26140008,15,41912
26150019,15,41903
26160003,15,41925
26170012,15,41912
26180028,15,41922
26190011,15,41905
26200022,15,41920
26210006,15,41926
26220016,15,41904
26230029,15,41902
26240014,15,41914
26250024,15,41929
26260004,15,41921
26270023,15,41926
26280005,15,41943
26290014,15,41910
26300028,15,41926
26310009,15,41940
26320023,15,41917
26330006,15,41908
26340019,15,41889
26350001,15,41928
26360011,15,41907
26370027,15,41923
26380007,15,41928
26390020,15,41933
26400003,15,41917
26410015,15,41914
26420030,15,41905
26430014,15,41915
26440023,15,41917
26450004,15,41942
26460021,15,41923
26470003,15,41928
26480015,15,41901
26490029,15,41915
26500008,15,41939
26510022,15,41919
26520007,15,41926
26530015,15,41925
26540031,15,41924
26550011,15,41922
26560028,15,41918
26570008,15,41914
26580018,15,41922
26590001,15,41931
26600016,15,41932
26610026,15,41908
26620009,15,41912
26630021,15,41933
26640006,15,41935
26650018,15,41922
26660000,15,41918
26670013,15,41924
26680026,15,41931
26690008,15,41923
26700020,15,41918
26710002,15,41897
26720018,15,41946
26730028,15,41919
26740012,15,41951
26750024,15,41934
26760006,15,41934
26770017,15,41925
26780000,15,41926
26790015,15,41930
26800028,15,41917
26810008,15,41921
26820026,15,41930
26830004,15,41941
26840020,15,41920
26850032,15,41936
26860011,15,41932
26870024,15,41936
26880005,15,41937
26890021,15,41930
26900001,15,41919
26910014,15,41927
26920027,15,41943
26930009,15,41918
26940024,15,41934
26950003,15,41923
26960019,15,41929
26969998,15,41940
26980010,15,41941
26990026,15,41932
27000008,15,41923
27010021,15,41929
27020002,15,41925
27030016,15,41951
27040028,15,41940
27050012,15,41916
27060024,15,41942
27070007,15,41940
27080020,15,41927
27090002,15,41938
27100013,15,41922
27110028,15,41952
27120009,15,41943
27130020,15,41946
27140003,15,41948
27150016,15,41940
27160029,15,41951
27170011,15,41917
27180023,15,41913
27190006,15,41926
27200022,15,41947
27210002,15,41949
27220012,15,41906
27230029,15,41942
27240010,15,41951
27250022,15,41933
27260005,15,41943
27270017,15,41959
27280002,15,41939
27290011,15,41945
27300026,15,41949
27310008,15,41956
27320019,15,41940
27330003,15,41945
27340015,15,41922
27350029,15,41943
27360013,15,41929
27370022,15,41961
27380006,15,41942
27390019,15,41942
27400003,15,41939
27410015,15,41960
27420027,15,41938
27430010,15,41937
27440020,15,41964
27450004,15,41945
27460019,15,41943
27470031,15,41934
27480010,15,41927
27490026,15,41940
27500005,15,41937
27510018,15,41941
27520002,15,41953
27530015,15,41939
27540025,15,41946
27550008,15,41947
27560022,15,41940
27570005,15,41962
27580017,15,41960
27590000,15,41956
27600012,15,41939
27610028,15,41933
27620008,15,41954
27630020,15,41959
27640004,15,41947
27650016,15,41955
27660030,15,41961
27670010,15,41959
27680025,15,41931
27690006,15,41964
27700016,15,41953
27710004,15,41945
27720012,15,41935
27730025,15,41966
27740006,15,41970
27750020,15,41952
27760005,15,41944
27770015,15,41946
27780029,15,41976
27790013,15,41968
27800023,15,41969
27810010,15,41938
27820019,15,41951
27830004,15,41947
27840015,15,41962
27850028,15,41961
27860011,15,41967
27870021,15,41981
27880005,15,41974
27890020,15,41952
27899999,15,41952
27910013,15,41963
27920025,15,41960
27930008,15,41954
27940021,15,41956
27950004,15,41968
27960019,15,41941
27970027,15,41941
27980011,15,41954
27990025,15,41942
28000006,15,41969
28010020,15,41948
28020002,15,41968
28030015,15,41967
28040026,15,41969
28050012,15,41967
28060023,15,41980
28070005,15,41941
28080018,15,41963
28090029,15,41955
28100010,15,41966
28110023,15,41975
28120006,15,41945
28130018,15,41974
28140001,15,41963
28150015,15,41989
28160029,15,41957
28170009,15,41960
28180024,15,41951
28190005,15,41962
28200017,15,41970
28209999,15,41972
28220014,15,41982
28230029,15,41973
28240008,15,41965
28250021,15,41969
28260003,15,41960
28270013,15,41975
28280030,15,41961
28290013,15,41958
28300021,15,41978
28310006,15,41959
28320020,15,41981
28329999,15,41955
28340015,15,41960
28350029,15,41972
28360010,15,41976
28370020,15,41966
28380003,15,41967
28390016,15,41985
28400033,15,41957
28410012,15,41947
28420026,15,41968
28430005,15,41971
28440021,15,41983
28450002,15,41973
28460016,15,41960
28470029,15,41980
28480010,15,41948
28490021,15,41967
28500005,15,41972
28510018,15,41975
28519997,15,41957
28530013,15,41978
28540027,15,41966
28550007,15,41963
28560021,15,41981
28570003,15,41994
28580016,15,41980
28590030,15,41996
28600012,15,41987
28610023,15,41979
28620007,15,41989
28630020,15,41952
28640002,15,41995
28650013,15,41982
28660026,15,41988
28670011,15,41986
28680022,15,41988
28690003,15,41983
28700018,15,41977
28710033,15,41973
28720010,15,41972
28730026,15,41981
28740010,15,41974
28750021,15,41971
28760002,15,42000
28770014,15,41991
28780028,15,41982
28790012,15,41982
28800022,15,41986
28810001,15,41993
28820019,15,41973
28830001,15,42011
28840013,15,41993
28850026,15,41991
28860008,15,41980
28870021,15,41996
28880002,15,41960
28890016,15,41985
28900030,15,41987
28910010,15,41987
28920021,15,41988
28930005,15,41983
28940021,15,41986
28950002,15,41996
28960017,15,41988
28970028,15,41979
28980006,15,41968
28990022,15,41973
29000000,15,41990
29010015,15,41971
29020027,15,41971
29030013,15,42003
29040026,15,41994
29050010,15,41969
29060023,15,41992
29070001,15,41991
29080014,15,41982
29090027,15,42002
29100014,15,41996
29110025,15,41986
29120005,15,41994
29130019,15,41996
29140001,15,41985
29150014,15,42011
29160025,15,41997
29170010,15,41995
29180023,15,41968
29190004,15,41994
29200016,15,41995
29210028,15,41997
29220012,15,41986
29230023,15,41966
29240010,15,41988
29250015,15,41995
29260001,15,41997
29270015,15,42008
29280025,15,42009
29290009,15,41993
29300023,15,41992
29310004,15,41992
29320015,15,41992
29330028,15,41994
29340012,15,42004
29350026,15,42014
29360007,15,42003
29370019,15,42009
29380004,15,41997
29390015,15,42000
29400030,15,41992
29410013,15,41996
29420025,15,41997
29430003,15,41979
29440017,15,42016
29449998,15,41993
29460012,15,42022
29470028,15,41989
29480007,15,41995
29490020,15,42005
29500004,15,42013
29510013,15,41992
29520030,15,42008
29530013,15,42003
29540024,15,41978
29550008,15,42003
29560019,15,42001
29570002,15,42002
29580016,15,42003
29590025,15,41990
29600008,15,42007
29610022,15,42003
29620002,15,42012
29630014,15,42001
29640028,15,42002
29650011,15,41983
29660026,15,41996
29670004,15,41995
29680019,15,41998
29690000,15,42001
29700016,15,41998
29710027,15,41994
29720011,15,41997
29730025,15,41998
29740005,15,42015
29750017,15,42021
29759997,15,42011
29770013,15,41992
29780025,15,41984
29790009,15,42039
29800022,15,42012
29810002,15,41993
29820014,15,42019
29830029,15,42001
29840011,15,42012
29850026,15,42019
29860008,15,42005
29870018,15,41989
29880003,15,42014
29890017,15,42013
29900027,15,42033
29910011,15,42006
29920023,15,42022
29930004,15,41994
29940019,15,42009
29950027,15,42011
29960011,15,42010
29970024,15,42019
29980005,15,42012
29990022,15,42008
30000001,15,42013
30010015,15,42021
30020029,15,42030
30030009,15,42017
30040023,15,42002
30050004,15,42013
30060017,15,42006
30070001,15,42014
30080012,15,42002
30090029,15,42004
30100006,15,42013
30110021,15,42015
30120004,15,42006
30130017,15,42024
30140029,15,42033
30150010,15,42016
30160024,15,42002
30170005,15,42007
30180016,15,42025
30190000,15,42008
30200012,15,42006
30210028,15,42018
30220008,15,42021
30230020,15,42016
30240004,15,42030
30250017,15,42009
30260030,15,42029
30270012,15,42010
30280026,15,42020
30290008,15,42025
30300020,15,42013
30310002,15,42003
30320016,15,42025
30330027,15,42006
30340011,15,42026
30350023,15,42037
30360008,15,42033
30370018,15,42000
30379999,15,42035
30390012,15,42038
30400026,15,42023
30410010,15,42006
30420020,15,42012
30430004,15,42022
30440016,15,42013
30450029,15,42015
30460010,15,42019
30470024,15,42015
30480003,15,42013
30490022,15,42024
30500003,15,42024
30510016,15,42033
30520026,15,42012
30530008,15,42019
30540022,15,42037
30550004,15,42014
30560018,15,42019
30570033,15,42010
30580015,15,42019
30590025,15,42023
30600007,15,42026
30610018,15,42039
30620001,15,42015
30630017,15,42016
30640026,15,42016
30650010,15,42037
30660023,15,42022
30670006,15,42028
30680019,15,42030
30690001,15,42034
30700012,15,42028
30710027,15,42041
30720008,15,42026
30730021,15,42029
30740005,15,42049
30750017,15,42057
30760029,15,42015
30770011,15,42022
30780026,15,42025
30790007,15,42025
30800021,15,42018
30809999,15,42022
30820012,15,42027
30830025,15,42024
30840010,15,42034
30850020,15,42043
30860007,15,42038
30870017,15,42013
30880031,15,42026
30890012,15,42055
30900025,15,42029
30910009,15,42003
30920021,15,42028
30930002,15,42019
30940015,15,42050
30950025,15,42033
30960007,15,42026
30970023,15,42041
30980004,15,42043
30990019,15,42009
31000000,15,42018
31010015,15,42051
31020025,15,42018
31030008,15,42030
31040021,15,42027
31050004,15,42041
31060017,15,42049
31070029,15,42044
31080010,15,42045
31090025,15,42041
31100005,15,42044
31110018,15,42035
31120000,15,42022
31130013,15,42051
31140026,15,42024
31150008,15,42037
31160023,15,42039
31170003,15,42018
31180018,15,42043
31190030,15,42054
31200013,15,42040
31210027,15,42033
31220006,15,42059
31230020,15,42030
31240002,15,42043
31250014,15,42036
31260027,15,42031
31270011,15,42039
31280026,15,42042
31290005,15,42038
31300018,15,42030
31310000,15,42020
31320013,15,42034
31330027,15,42037
31340010,15,42032
31350022,15,42055
31360006,15,42043
31370017,15,42042
31380030,15,42036
31390011,15,42025
31400023,15,42047
31410006,15,42041
31420020,15,42036
31430003,15,42029
31440015,15,42042
31450027,15,42047
31460009,15,42043
31470023,15,42040
31480003,15,42051
31490016,15,42041
31500028,15,42039
31510011,15,42054
31520024,15,42060
31530006,15,42060
31540023,15,42065
31550000,15,42043
31560014,15,42034
31570028,15,42048
31580013,15,42060
31590025,15,42046
31600006,15,42047
31610019,15,42035
31619999,15,42049
31630012,15,42041
31640027,15,42045
31650007,15,42044
31660020,15,42029
31670004,15,42043
31680018,15,42045
31690030,15,42050
31700011,15,42033
31710025,15,42070
31720008,15,42066
31730017,15,42046
31740002,15,42048
31750014,15,42054
31760025,15,42016
31770008,15,42055
31780022,15,42053
31790002,15,42060
31800019,15,42048
31810029,15,42055
31820013,15,42053
31830026,15,42032
31840007,15,42055
31850022,15,42051
31860002,15,42035
31870016,15,42046
31880026,15,42046
31890010,15,42046
31900023,15,42047
31910005,15,42041
31920018,15,42062
31930000,15,42025
31940012,15,42069
31950026,15,42044
31960008,15,42043
31970023,15,42060
31980003,15,42051
31990017,15,42057
32000027,15,42061
32010008,15,42049
32020023,15,42051
32030007,15,42061
32040021,15,42039
32050003,15,42056
32060015,15,42056
32070026,15,42064
32080009,15,42055
32090021,15,42059
32100002,15,42065
32110017,15,42053
32120031,15,42040
32130013,15,42063
32140025,15,42042
32150007,15,42049
32160021,15,42071
32170003,15,42074
32180014,15,42065
32190028,15,42072
32200011,15,42072
32210022,15,42059
32220006,15,42066
32230019,15,42058
32239998,15,42066
32250014,15,42054
32260026,15,42063
32270006,15,42037
32280021,15,42062
32289997,15,42067
32300018,15,42053
32310030,15,42041
32320010,15,42054
32330025,15,42063
32340007,15,42071
32350022,15,42043
32359999,15,42068
32370013,15,42052
32380027,15,42077
32390009,15,42048
32400023,15,42064
32410003,15,42049
32420019,15,42065
32430028,15,42075
32440011,15,42062
32450026,15,42060
32460005,15,42076
32470018,15,42076
32480004,15,42061
32490016,15,42059
32500025,15,42062
32510013,15,42055
32520023,15,42064
32530003,15,42044
32540017,15,42066
32550000,15,42083
32560014,15,42047
32570028,15,42063
32580007,15,42056
32590020,15,42074
32600002,15,42061
32610017,15,42087
32620028,15,42073
32630008,15,42074
32640023,15,42088
32650007,15,42070
32660017,15,42079
32670002,15,42053
32680016,15,42065
32690030,15,42069
32700008,15,42067
32710023,15,42098
32720004,15,42053
32730022,15,42073
32740030,15,42082
32750012,15,42073
32760025,15,42057
32770010,15,42071
32780019,15,42069
32790000,15,42060
32800013,15,42056
32810025,15,42080
32820010,15,42085
32830022,15,42067
32840007,15,42080
32850017,15,42061
32859999,15,42070
32870012,15,42078
32880026,15,42074
32890011,15,42067
32900021,15,42063
32910002,15,42082
32920015,15,42077
32930026,15,42057
32940014,15,42087
32950023,15,42065
32960005,15,42086
32970016,15,42069
32980000,15,42073
32990013,15,42091
33000025,15,42094
33010011,15,42065
33020018,15,42081
33030002,15,42057
33040017,15,42087
33050031,15,42094
33060009,15,42083
33070025,15,42087
33080004,15,42091
33090021,15,42070
33100002,15,42080
33110019,15,42062
33120029,15,42075
33130008,15,42075
33140022,15,42101
33150004,15,42080
33160018,15,42082
33170003,15,42089
33180013,15,42087
33190025,15,42082
33200009,15,42091
33210020,15,42086
33220002,15,42054
33230017,15,42084
33240027,15,42084
33250010,15,42072
33260024,15,42080
33270007,15,42081
33280020,15,42087
33290001,15,42084
33300014,15,42082
33310027,15,42093
33320009,15,42098
33330024,15,42085
33340004,15,42085
33350017,15,42082
33360031,15,42084
33370013,15,42089
33380027,15,42093
33390009,15,42095
33400020,15,42096
33410003,15,42092
33420014,15,42080
33430029,15,42079
33440013,15,42081
33450024,15,42071
33460005,15,42093
33470017,15,42087
33479999,15,42104
33490015,15,42081
33500025,15,42083
33510011,15,42106
33520020,15,42090
33530004,15,42082
33540019,15,42098
33550029,15,42074
33560011,15,42075
33570024,15,42089
33580008,15,42087
33590019,15,42071
33600003,15,42095
33610013,15,42105
33620027,15,42098
33630010,15,42090
33640021,15,42088
33650003,15,42067
33660017,15,42086
33670030,15,42111
33680011,15,42096
33690023,15,42085
33700006,15,42094
33710023,15,42101
33720003,15,42077
33730014,15,42092
33740028,15,42092
33750010,15,42097
33760023,15,42114
33770004,15,42108
33780018,15,42095
33789999,15,42095
33800014,15,42111
33810023,15,42081
33820009,15,42095
33830020,15,42090
33840004,15,42087
33850019,15,42084
33860030,15,42091
33870011,15,42102
33880023,15,42066
33890008,15,42131
33900018,15,42097
33910002,15,42085
33920014,15,42099
33930027,15,42089
33940009,15,42093
33950023,15,42093
33960005,15,42094
33970016,15,42106
33980029,15,42105
33990013,15,42122
34000026,15,42104
34010008,15,42094
34020020,15,42076
34030002,15,42085
34040015,15,42082
34050028,15,42120
34060009,15,42104
34070023,15,42102
34080003,15,42108
34090017,15,42078
34100001,15,42095
34110014,15,42109
34120026,15,42090
34130008,15,42103
34140019,15,42095
34150005,15,42099
34160014,15,42090
34170027,15,42104
34180009,15,42102
34190025,15,42092
34200007,15,42102
34210019,15,42088
34220002,15,42096
34230014,15,42111
34240024,15,42092
34250009,15,42109
34260022,15,42109
34270005,15,42104
34280014,15,42100
34290028,15,42092
34300012,15,42098
34310026,15,42079
34320006,15,42090
34330023,15,42107
34340002,15,42114
34350015,15,42121
34360028,15,42094
34370012,15,42109
34380025,15,42118
34390003,15,42101
34400018,15,42123
34410000,15,42102
34420012,15,42095
34430024,15,42096
34440010,15,42103
34450020,15,42112
34460004,15,42100
34470016,15,42112
34480029,15,42102
34490012,15,42112
34500025,15,42112
34510006,15,42098
34520021,15,42112
34530001,15,42113
34540012,15,42123
34550028,15,42097
34560011,15,42108
34570021,15,42101
34580001,15,42079
34590016,15,42109
34600031,15,42104
34610012,15,42112
34620026,15,42101
34630006,15,42116
34640023,15,42106
34650003,15,42098
34660015,15,42109
34670027,15,42110
34680011,15,42095
34690023,15,42110
34700008,15,42120
34710017,15,42125
34720002,15,42118
34730010,15,42105
34740024,15,42111
34750011,15,42100
34760021,15,42115
34770003,15,42137
34780016,15,42123
34790030,15,42100
34800010,15,42117
34810023,15,42105
34820006,15,42120
34830023,15,42121
34839999,15,42125
34850013,15,42124
34860027,15,42125
34870010,15,42122
34880021,15,42117
34890003,15,42129
34900016,15,42117
34910029,15,42114
34920010,15,42112
34930024,15,42115
34940007,15,42109
34950023,15,42099
34960001,15,42104
34970014,15,42127
34980031,15,42118
34990014,15,42124
35000024,15,42110
35010007,15,42104
35020016,15,42127
35030003,15,42114
35040013,15,42118
35050027,15,42117
35060004,15,42111
35070022,15,42108
35080001,15,42108
35090016,15,42114
35100028,15,42115
35110011,15,42118
35120023,15,42119
35130008,15,42129
35140021,15,42113
35150000,15,42109
35160014,15,42134
35170030,15,42120
35180009,15,42128
35190021,15,42111
35200003,15,42101
35210017,15,42129
35220029,15,42131
35230010,15,42133
35240027,15,42119
35250006,15,42115
35260021,15,42129
35270000,15,42126
35280014,15,42134
35290026,15,42116
35300012,15,42112
35310024,15,42124
35320003,15,42137
35330016,15,42125
35339998,15,42109
35350013,15,42119
35360026,15,42128
35370009,15,42129
35380018,15,42121
35390004,15,42104
35400016,15,42115
35410028,15,42119
35420011,15,42144
35430023,15,42108
35440007,15,42112
35450019,15,42122
35460001,15,42132
35470014,15,42137
35480025,15,42104
35490009,15,42127
35500023,15,42122
35510003,15,42113
35520017,15,42141
35530032,15,42145
35540011,15,42112
35550024,15,42133
35560007,15,42155
35570022,15,42119
35580001,15,42128
35590014,15,42123
35600029,15,42142
35610007,15,42109
35620026,15,42125
35630006,15,42119
35640018,15,42116
35649999,15,42140
35660015,15,42142
35670030,15,42117
35680008,15,42136
35690018,15,42118
35700004,15,42141
35710016,15,42127
35720026,15,42129
35730010,15,42141
35740025,15,42131
35750007,15,42125
35760020,15,42119
35770000,15,42130
35780014,15,42129
35790029,15,42132
35800006,15,42137
35810024,15,42145
35820003,15,42142
35830017,15,42123
35840030,15,42142
35850012,15,42129
35860026,15,42121
35870005,15,42113
35880021,15,42131
35890004,15,42122
35900015,15,42132
35910031,15,42115
35920009,15,42120
35930021,15,42153
35940007,15,42135
35950018,15,42137
35960002,15,42131
35970014,15,42131
35980024,15,42121
35990009,15,42124
36000022,15,42131
36010002,15,42121
36020017,15,42125
36030029,15,42137
36040009,15,42128
36050023,15,42148
36060009,15,42114
36070019,15,42131
36079998,15,42149
36090011,15,42145
36100026,15,42134
36110009,15,42135
36120023,15,42140
36130005,15,42159
36140018,15,42144
36150031,15,42137
36160014,15,42151
36170024,15,42139
36180009,15,42152
36190020,15,42130
36200001,15,42160
36210017,15,42134
36220028,15,42141
36230011,15,42144
36240023,15,42157
36250001,15,42129
36260019,15,42138
36270000,15,42138
36280013,15,42136
36290027,15,42140
36300007,15,42143
36310021,15,42140
36320002,15,42135
36330016,15,42138
36340031,15,42146
36350012,15,42137
36360023,15,42124
36370004,15,42153
36380019,15,42150
36389999,15,42152
36400015,15,42123
36410028,15,42131
36420011,15,42154
36430022,15,42144
36440004,15,42137
36450016,15,42116
36460025,15,42132
36470012,15,42158
36480027,15,42142
36490010,15,42133
36500021,15,42138
36510001,15,42157
36520014,15,42159
36530028,15,42170
36540009,15,42119
36550022,15,42156
36560007,15,42151
36570018,15,42117
36580000,15,42130
36590012,15,42143
36600026,15,42145
36610008,15,42144
36620021,15,42143
36630003,15,42139
36640016,15,42138
36650026,15,42136
36660011,15,42167
36670025,15,42154
36680004,15,42160
36690018,15,42174
36700002,15,42144
36710017,15,42161
36720030,15,42138
36730009,15,42126
36740022,15,42154
36750005,15,42145
36760018,15,42135
36770029,15,42145
36780011,15,42156
36790025,15,42140
36800007,15,42141
36810021,15,42152
36820003,15,42159
36830015,15,42148
36840028,15,42153
36850008,15,42150
36860024,15,42139
36870007,15,42147
36880017,15,42150
36889998,15,42169
36900015,15,42161
36910025,15,42162
36920007,15,42144
36930022,15,42171
36940003,15,42142
36950017,15,42154
36960031,15,42157
36970011,15,42163
36980024,15,42149
36990005,15,42146
37000021,15,42158
37010002,15,42169
37020017,15,42150
37030030,15,42149
37040010,15,42150
37050023,15,42150
37060005,15,42155
37070017,15,42167
37080031,15,42143
37090014,15,42164
37100028,15,42167
37110007,15,42157
37120022,15,42159
37130004,15,42142
37140013,15,42159
37150027,15,42155
37160009,15,42143
37170024,15,42155
37180006,15,42139
37190018,15,42155
37200002,15,42167
37210014,15,42161
37220026,15,42162
37230009,15,42149
37240022,15,42146
37250002,15,42142
37260015,15,42154
37270027,15,42160
37280013,15,42144
37290024,15,42157
37300006,15,42171
37310024,15,42156
37320003,15,42172
37330015,15,42163
37340026,15,42168
37350009,15,42153
37360022,15,42141
37370004,15,42168
37380015,15,42154
37390030,15,42170
37400013,15,42153
37410025,15,42155
37420005,15,42159
37430020,15,42169
37440002,15,42193
37450016,15,42165
37460026,15,42146
37470012,15,42186
37480023,15,42159
37490003,15,42175
37500021,15,42152
37509999,15,42159
37520013,15,42164
37530027,15,42160
37540010,15,42157
37550021,15,42170
37560003,15,42167
37570016,15,42157
37580030,15,42152
37590011,15,42178
37600027,15,42148
37610007,15,42160
37620019,15,42163
37630001,15,42143
37640014,15,42147
37650027,15,42168
37660009,15,42158
37670022,15,42182
37680004,15,42162
37690016,15,42154
37700027,15,42168
37710010,15,42162
37720027,15,42172
37730007,15,42169
37740017,15,42167
37750002,15,42161
37760017,15,42169
37770027,15,42174
37780012,15,42162
37790023,15,42159
37800005,15,42165
37810019,15,42177
37819999,15,42170
37830013,15,42156
37840025,15,42156
37850006,15,42194
37860020,15,42158
37870004,15,42183
37880016,15,42145
37890031,15,42180
37900009,15,42183
37910023,15,42152
37920006,15,42162
37930021,15,42186
37940002,15,42159
37950014,15,42177
37960025,15,42167
37970007,15,42159
37980023,15,42172
37990005,15,42164
38000016,15,42187
38010031,15,42180
38020012,15,42180
38030025,15,42163
38040007,15,42151
38050021,15,42166
38060000,15,42155
38070012,15,42166
38080029,15,42187
38090010,15,42163
38100024,15,42179
38110003,15,42178
38120017,15,42166
38129998,15,42182
38140012,15,42182
38150027,15,42188
38160006,15,42184
38170022,15,42176
38180004,15,42171
38190017,15,42173
38200028,15,42166
38210011,15,42185
38220024,15,42173
38230004,15,42155
38240020,15,42189
38250001,15,42155
38260015,15,42163
38270028,15,42168
38280009,15,42178
38290023,15,42166
38300002,15,42164
38310015,15,42186
38320030,15,42183
38330012,15,42178
38340026,15,42162
38350007,15,42173
38360018,15,42164
38370002,15,42169
38380017,15,42188
38390029,15,42178
38400012,15,42160
38410023,15,42186
38420006,15,42163
38430019,15,42174
38440001,15,42183
38450012,15,42164
38460024,15,42168
38470008,15,42190
38480021,15,42166
38490004,15,42186
38500016,15,42155
38510029,15,42169
38520009,15,42182
38530021,15,42190
38540005,15,42191
38550021,15,42183
38559999,15,42179
38570016,15,42171
38580028,15,42192
38590009,15,42187
38600025,15,42185
38610004,15,42181
38620016,15,42201
38630029,15,42196
38640013,15,42173
38650027,15,42191
38660006,15,42183
38670020,15,42168
38680001,15,42160
38690017,15,42177
38700028,15,42180
38710009,15,42176
38720026,15,42188
38730008,15,42184
38740014,15,42191
38750000,15,42174
38760014,15,42192
38770026,15,42172
38780007,15,42169
38790021,15,42166
38800003,15,42167
38810016,15,42198
38820030,15,42176
38830013,15,42189
38840023,15,42192
38850005,15,42181
38860020,15,42170
38870000,15,42181
38880014,15,42181
38890026,15,42187
38900009,15,42183
38910021,15,42165
38920005,15,42186
38930019,15,42169
38940032,15,42210
38950010,15,42180
38960025,15,42176
38970009,15,42181
38980019,15,42173
38990003,15,42189
39000016,15,42192
39010028,15,42185
39020013,15,42183
39030023,15,42170
39040005,15,42181
39050017,15,42195
39060000,15,42188
39070015,15,42195
39080027,15,42175
39090008,15,42188
39100021,15,42158
39110002,15,42185
39120013,15,42179
39130027,15,42186
39140010,15,42204
39150025,15,42183
39160005,15,42187
39170017,15,42189
39180003,15,42196
39190015,15,42196
39200026,15,42185
39210009,15,42191
39220020,15,42197
39230004,15,42173
39240019,15,42190
39250033,15,42186
39260014,15,42204
39270025,15,42181
39280006,15,42214
39290020,15,42185
39300002,15,42176
39310013,15,42162
39320027,15,42189
39330010,15,42184
39340022,15,42197
39350006,15,42187
39360015,15,42193
39370003,15,42196
39380013,15,42198
39390027,15,42186
39400007,15,42197
39410019,15,42219
39420004,15,42189
39430016,15,42181
39440029,15,42199
39450013,15,42203
39460025,15,42216
39470007,15,42216
39480017,15,42196
39490000,15,42205
39500014,15,42208
39510025,15,42217
39520008,15,42190
39530022,15,42190
39540005,15,42200
39550016,15,42196
39560030,15,42198
39570011,15,42198
39580025,15,42206
39590007,15,42206
39600019,15,42203
39610004,15,42195
39620014,15,42197
39630028,15,42206
39640010,15,42191
39650021,15,42194
39660005,15,42207
39670018,15,42193
39679999,15,42203
39690013,15,42193
39700028,15,42185
39710010,15,42193
39720025,15,42223
39730002,15,42227
39740013,15,42193
39750029,15,42199
39760015,15,42211
39770025,15,42206
39780006,15,42184
39790019,15,42213
39800000,15,42184
39810016,15,42207
39820026,15,42207
39830011,15,42189
39840024,15,42190
39850003,15,42191
39860018,15,42192
39870032,15,42192
39880013,15,42193
39890022,15,42213
39900005,15,42180
39910019,15,42208
39920002,15,42208
39930016,15,42203
39940030,15,42190
39950007,15,42195
39960023,15,42199
39970003,15,42210
39980017,15,42195
39989999,15,42209
40000011,15,42194
40010026,15,42203
40020011,15,42215
40030019,15,42211
40040002,15,42202
40050016,15,42191
40060032,15,42212
40070008,15,42202
40080021,15,42216
40090007,15,42196
40100021,15,42211
40110003,15,42209
40120013,15,42211
40130024,15,42214
40140008,15,42211
40150022,15,42205
40160003,15,42195
40170016,15,42213
40180030,15,42212
40190011,15,42202
40200025,15,42209
40210007,15,42217
40220020,15,42214
40230002,15,42192
40240015,15,42195
40250029,15,42208
40260011,15,42212
40270024,15,42229
40280007,15,42213
40290018,15,42203
40300000,15,42211
40310015,15,42202
40320022,15,42201
40330006,15,42190
40340022,15,42221
40350003,15,42209
40360019,15,42233
40370031,15,42213
40380009,15,42213
40390021,15,42196
40400007,15,42220
40410017,15,42202
40420001,15,42206
40430014,15,42223
40440029,15,42231
40450007,15,42209
40460023,15,42206
40470003,15,42213
40480019,15,42216
40490030,15,42198
40500013,15,42206
40510024,15,42195
40520009,15,42207
40530019,15,42225
40540001,15,42212
40550015,15,42212
40560030,15,42215
40570010,15,42215
40580020,15,42236
40590003,15,42210
40600018,15,42220
40610001,15,42226
40620011,15,42203
40630028,15,42186
40640008,15,42202
40650025,15,42227
40660005,15,42205
40670014,15,42207
40680027,15,42221
40690011,15,42224
40700024,15,42203
40710009,15,42218
40720020,15,42207
40730000,15,42205
40740015,15,42205
40750029,15,42218
40760008,15,42225
40770022,15,42201
40780005,15,42211
40790019,15,42215
40800029,15,42218
40810014,15,42210
40820028,15,42239
40830008,15,42233
40840020,15,42209
40850003,15,42211
40860016,15,42222
40870027,15,42214
40880011,15,42223
40890022,15,42222
40900006,15,42234
40910018,15,42221
40920001,15,42221
40930013,15,42214
40940026,15,42229
40950008,15,42211
40960022,15,42207
40970003,15,42224
40980013,15,42226
40990029,15,42232
41000012,15,42219
41010021,15,42219
41020007,15,42205
41030020,15,42217
41040004,15,42214
41050012,15,42214
41060024,15,42214
41070010,15,42225
41080022,15,42212
41090002,15,42214
41100015,15,42233
41110031,15,42236
41120011,15,42238
41130027,15,42213
41140005,15,42222
41150020,15,42224
41160005,15,42232
41170014,15,42231
41180030,15,42215
41190009,15,42232
41200026,15,42214
41210006,15,42224
41220019,15,42235
41230002,15,42240
41240015,15,42209
41250025,15,42222
41260006,15,42224
41270023,15,42239
41280003,15,42220
41290016,15,42211
41300029,15,42242
41310013,15,42216
41320025,15,42221
41330005,15,42234
41340020,15,42229
41350004,15,42223
41360012,15,42213
41370028,15,42223
41380008,15,42228
41390021,15,42214
41400006,15,42225
41410020,15,42216
41420030,15,42243
41430013,15,42228
41440026,15,42227
41450007,15,42231
41460021,15,42205
41470000,15,42200
41480020,15,42246
41490027,15,42224
41500011,15,42242
41510021,15,42237
41520006,15,42212
41530020,15,42207
41540001,15,42222
41550014,15,42208
41560022,15,42216
41570005,15,42228
41580021,15,42244
41590001,15,42215
41600015,15,42219
41610030,15,42232
41620011,15,42214
41630025,15,42231
41640006,15,42232
41650017,15,42220
41660002,15,42227
41670013,15,42215
41680026,15,42229
41690007,15,42217
41700020,15,42222
41710007,15,42242
41720018,15,42220
41730033,15,42231
41740012,15,42212
41750028,15,42227
41760006,15,42239
41770021,15,42226
41780001,15,42224
41790016,15,42224
41800027,15,42233
41810010,15,42223
41820023,15,42224
41830006,15,42217
41840020,15,42225
41849998,15,42220
41860015,15,42242
41870024,15,42231
41880007,15,42230
41890023,15,42226
41900002,15,42219
41910018,15,42243
41920029,15,42240
41930011,15,42225
41940024,15,42232
41950004,15,42215
41960021,15,42228
41970001,15,42222
41980017,15,42242
41990028,15,42214
42000010,15,42237
42010022,15,42246
42020004,15,42234
42030016,15,42219
42040032,15,42222
42050011,15,42241
42060024,15,42254
42070008,15,42231
42080018,15,42227
42090002,15,42229
42100011,15,42245
42110029,15,42236
42120010,15,42231
42130022,15,42245
42140004,15,42229
42150017,15,42237
42160000,15,42218
42170015,15,42251
42180026,15,42248
42190007,15,42225
42200019,15,42242
42210001,15,42240
42220015,15,42231
42230030,15,42236
42240011,15,42238
42250021,15,42229
42260005,15,42252
42270021,15,42244
42280000,15,42232
42290014,15,42244
42300025,15,42236
42310010,15,42240
42320022,15,42231
42330004,15,42228
42340016,15,42240
42350032,15,42232
42360013,15,42236
42370024,15,42239
42380009,15,42240
42390020,15,42242
42400003,15,42250
42410015,15,42245
42420029,15,42241
42430011,15,42253
42440023,15,42255
42450003,15,42245
42460018,15,42239
42470000,15,42231
42480012,15,42242
42490027,15,42261
42500007,15,42228
42510020,15,42247
42520003,15,42217
42530016,15,42239
42540029,15,42240
42550009,15,42213
42560023,15,42231
42570007,15,42241
42580020,15,42236
42590003,15,42236
42600014,15,42255
42610027,15,42227
42620011,15,42250
42630021,15,42259
42640003,15,42226
42650019,15,42253
42660029,15,42244
42670014,15,42243
42680023,15,42236
42690009,15,42251
42700020,15,42246
42710004,15,42234
42720014,15,42231
42730029,15,42246
42740009,15,42227
42750024,15,42256
42760002,15,42228
42770017,15,42243
42779998,15,42244
42790015,15,42247
42800028,15,42216
42810007,15,42229
42820020,15,42245
42830002,15,42240
42840015,15,42231
42850030,15,42230
42860011,15,42244
42870023,15,42250
42880006,15,42233
42890019,15,42260
42900003,15,42245
42910013,15,42232
42920028,15,42245
42930008,15,42252
42940023,15,42244
42950006,15,42247
42960019,15,42265
42970030,15,42263
42980013,15,42252
42990023,15,42234
43000007,15,42244
43010020,15,42250
43020001,15,42244
43030015,15,42237
43040027,15,42248
43050010,15,42234
43060021,15,42260
43070006,15,42237
43080017,15,42280
43090002,15,42260
43100012,15,42242
43110026,15,42254
43120009,15,42250
43130019,15,42253
43140002,15,42258
43150016,15,42247
43160030,15,42242
43170011,15,42246
43180021,15,42260
43190007,15,42244
43200019,15,42229
43210002,15,42253
43220016,15,42270
43230028,15,42244
43240008,15,42247
43250022,15,42241
43260003,15,42246
43270016,15,42246
43280030,15,42254
43290013,15,42255
43300023,15,42261
43310007,15,42244
43320019,15,42245
43330004,15,42246
43340017,15,42244
43350027,15,42257
43360009,15,42261
43370023,15,42248
43380005,15,42257
43390016,15,42243
43399998,15,42244
43410014,15,42252
43420027,15,42253
43430006,15,42243
43440019,15,42263
43450004,15,42241
43460015,15,42251
43470028,15,42257
43480011,15,42268
43490026,15,42255
43500005,15,42243
43510020,15,42253
43520001,15,42256
43530012,15,42256
43540029,15,42273
43550008,15,42245
43560021,15,42258
43570005,15,42250
43580016,15,42264
43590028,15,42262
43600015,15,42243
43610026,15,42239
43620009,15,42253
43630020,15,42242
43640001,15,42249
43650015,15,42268
43660029,15,42258
43670010,15,42246
43680022,15,42264
43690010,15,42254
43700019,15,42260
43710000,15,42260
43720012,15,42242
43730027,15,42269
43740007,15,42251
43750022,15,42245
43760003,15,42240
43770019,15,42244
43780028,15,42257
43790012,15,42273
43800025,15,42257
43810003,15,42283
43820019,15,42270
43830001,15,42279
43840014,15,42266
43850026,15,42257
43860009,15,42251
43870019,15,42266
43880003,15,42255
43890014,15,42275
43900032,15,42264
43910014,15,42255
43920024,15,42258
43930006,15,42262
43940022,15,42264
43950005,15,42242
43960014,15,42267
43970030,15,42263
43980008,15,42268
43990024,15,42244
44000004,15,42248
44010020,15,42257
44020001,15,42257
44030013,15,42263
44040026,15,42261
44050010,15,42247
44060018,15,42275
44070002,15,42271
44080015,15,42252
44090030,15,42269
44100009,15,42271
44110024,15,42258
44120006,15,42246
44130018,15,42271
44140001,15,42255
44150015,15,42272
44160026,15,42265
44170010,15,42257
44180023,15,42264
44190002,15,42244
44200019,15,42238
44210029,15,42285
44220013,15,42283
44230023,15,42262
44240007,15,42243
44250019,15,42273
44260001,15,42262
44270013,15,42271
44280028,15,42269
44290006,15,42262
44300022,15,42276
44310005,15,42259
44320017,15,42249
44329999,15,42258
44340010,15,42268
44350026,15,42252
44360010,15,42278
44370020,15,42275
44380003,15,42252
44390016,15,42247
44400031,15,42296
44410011,15,42274
44420025,15,42245
44430008,15,42271
44440018,15,42259
44450000,15,42263
44460014,15,42263
44470024,15,42254
44480009,15,42276
44490021,15,42276
44500002,15,42278
44510017,15,42251
44520030,15,42256
44530014,15,42255
44540026,15,42278
44550004,15,42257
44560019,15,42266
44570005,15,42273
44580013,15,42289
44590026,15,42241
44600012,15,42274
44610024,15,42272
44620006,15,42267
44630019,15,42254
44640001,15,42277
44650014,15,42262
44660025,15,42281
44670010,15,42263
44680020,15,42262
44690000,15,42262
44700018,15,42282
44710029,15,42276
44720012,15,42281
44730023,15,42275
44740007,15,42296
44750018,15,42268
44760000,15,42281
44770013,15,42263
44780025,15,42269
44790008,15,42271
44800024,15,42270
44810003,15,42260
44820017,15,42260
44830030,15,42270
44840011,15,42272
44850024,15,42293
44860005,15,42277
44870018,15,42275
44880004,15,42264
44890012,15,42260
44900028,15,42274
44910009,15,42269
44920022,15,42276
44930005,15,42277
44940017,15,42271
44949998,15,42264
44960014,15,42244
44970030,15,42282
44980009,15,42273
44990019,15,42266
45000005,15,42289
45010016,15,42274
45020027,15,42257
45030012,15,42272
45040024,15,42265
45050007,15,42276
45060021,15,42276
45070000,15,42257
45080014,15,42282
45090025,15,42272
45100009,15,42259
45110022,15,42301
45120005,15,42277
45130017,15,42266
45140031,15,42281
45150012,15,42262
45160027,15,42297
45170010,15,42286
45180017,15,42273
45190001,15,42256
45200015,15,42277
45210027,15,42285
45220011,15,42286
45230022,15,42275
45240005,15,42275
45250017,15,42280
45259999,15,42288
45270012,15,42311
45280028,15,42277
45290008,15,42267
45300021,15,42285
45310003,15,42284
45320016,15,42270
45330029,15,42281
45340011,15,42263
45350024,15,42291
45360009,15,42288
45370018,15,42281
45379998,15,42313
45390015,15,42289
45400027,15,42255
45410011,15,42275
45420024,15,42287
45430003,15,42280
45440017,15,42260
45450033,15,42290
45460010,15,42295
45470025,15,42279
45480006,15,42286
45490020,15,42280
45500001,15,42286
45510014,15,42300
45520029,15,42266
45530010,15,42277
45540024,15,42275
45550005,15,42297
45560016,15,42299
45570002,15,42291
45580012,15,42284
45590025,15,42276
45600010,15,42280
45610020,15,42280
45620000,15,42285
45630021,15,42261
45640033,15,42284
45650010,15,42277
45660024,15,42273
45670006,15,42268
45680019,15,42283
45690004,15,42287
45700014,15,42295
45710030,15,42295
45720010,15,42291
45730024,15,42301
45740003,15,42270
45750018,15,42280
45760030,15,42296
45770009,15,42265
45780025,15,42277
45790010,15,42274
45800017,15,42274
45810001,15,42296
45820015,15,42268
45830026,15,42297
45840009,15,42258
45850026,15,42293
45860003,15,42277
45870019,15,42287
45879999,15,42303
45890011,15,42293
45900025,15,42280
45910009,15,42272
45920021,15,42272
45930001,15,42282
45940016,15,42267
45950028,15,42288
45960010,15,42268
45970024,15,42276
45980012,15,42285
45990017,15,42284
46000002,15,42290
46010014,15,42279
46020028,15,42303
46030010,15,42279
46040022,15,42271
46050007,15,42275
46060017,15,42298
46070028,15,42276
46080012,15,42268
46090023,15,42281
46100007,15,42294
46110018,15,42292
46120002,15,42292
46130015,15,42305
46140027,15,42294
46150011,15,42276
46160021,15,42286
46170005,15,42273
46180019,15,42284
46190000,15,42289
46200012,15,42269
46210027,15,42279
46220009,15,42290
46230020,15,42304
46240001,15,42281
46250015,15,42280
46260029,15,42292
46270012,15,42287
46280026,15,42296
46290007,15,42294
46300021,15,42293
46310001,15,42306
46320011,15,42296
46330028,15,42305
46340011,15,42291
46350020,15,42282
46360003,15,42309
46370016,15,42282
46380030,15,42279
46390014,15,42289
46400025,15,42299
46410009,15,42309
46420021,15,42299
46430001,15,42296
46440019,15,42315
46450029,15,42306
46460008,15,42286
46470023,15,42287
46480007,15,42293
46490018,15,42306
46500001,15,42290
46510012,15,42314
46520027,15,42291
46530008,15,42263
46540021,15,42302
46550003,15,42305
46560019,15,42299
46570028,15,42302
46580010,15,42290
46590025,15,42282
46600008,15,42285
46610020,15,42291
46620002,15,42295
46630013,15,42273
46640025,15,42303
46650008,15,42316
46660023,15,42294
46670003,15,42294
46680017,15,42287
46690031,15,42295
46700013,15,42298
46710026,15,42285
46720007,15,42297
46730020,15,42305
46740004,15,42299
46750011,15,42285
46760028,15,42279
46770012,15,42306
46780025,15,42292
46790004,15,42304
46800019,15,42309
46809999,15,42285
46820017,15,42297
46830025,15,42297
46840010,15,42303
46850020,15,42287
46860002,15,42267
46870016,15,42296
46880028,15,42309
46890012,15,42287
46900025,15,42306
46910006,15,42305
46920020,15,42294
46930002,15,42292
46940012,15,42289
46950027,15,42293
46960010,15,42291
46970024,15,42303
46980004,15,42306
46990016,15,42303
47000032,15,42301
47010013,15,42304
47020022,15,42285
47030006,15,42301
47040018,15,42279
47050003,15,42296
47060015,15,42302
47070026,15,42312
47080010,15,42307
47090025,15,42306
47100005,15,42310
47110019,15,42310
47119998,15,42315
47130011,15,42301
47140025,15,42292
47150006,15,42303
47160017,15,42285
47170003,15,42303
47180018,15,42296
47190027,15,42288
47200011,15,42290
47210023,15,42312
47220005,15,42288
47230019,15,42298
47240001,15,42306
47250013,15,42286
47260025,15,42307
47270008,15,42297
47280023,15,42311
47290006,15,42288
47300018,15,42285
47310029,15,42305
47320012,15,42311
47330026,15,42295
47340006,15,42303
47350019,15,42313
47360004,15,42305
47370016,15,42289
47380028,15,42304
47390012,15,42302
47400021,15,42282
47410004,15,42304
47420020,15,42297
47430001,15,42307
47440012,15,42296
47450027,15,42305
47460007,15,42307
47470022,15,42305
47480002,15,42300
47490017,15,42299
47500032,15,42291
47510011,15,42310
47520023,15,42307
47530005,15,42289
47540019,15,42290
47550000,15,42309
47560017,15,42308
47570029,15,42302
47580009,15,42313
47590023,15,42303
47600003,15,42307
47610017,15,42313
47620030,15,42299
47630014,15,42299
47640026,15,42301
47650007,15,42301
47660020,15,42300
47670001,15,42297
47680016,15,42314
47690027,15,42304
47700009,15,42292
47710024,15,42301
47720005,15,42307
47730016,15,42328
47740000,15,42316
47750014,15,42305
47760024,15,42292
47770007,15,42294
47780022,15,42313
47789999,15,42311
47800015,15,42330
47810030,15,42286
47820012,15,42304
47830024,15,42307
47840006,15,42329
47850019,15,42299
47860001,15,42311
47870012,15,42288
47880026,15,42290
47890010,15,42336
47900021,15,42310
47910004,15,42297
47920015,15,42312
47930030,15,42319
47940014,15,42291
47950027,15,42311
47960009,15,42298
47970021,15,42325
47980004,15,42306
47990015,15,42321
48000029,15,42296
48010010,15,42316
48020022,15,42299
48030008,15,42311
48040018,15,42295
48050001,15,42308
48060012,15,42313
48070025,15,42299
48080010,15,42325
48090022,15,42310
48100002,15,42309
48110016,15,42328
48120029,15,42298
48130011,15,42318
48140022,15,42314
48150007,15,42307
48160020,15,42309
48170002,15,42317
48180013,15,42339
48190027,15,42313
48200009,15,42308
48210023,15,42307
48220001,15,42313
48230017,15,42311
48240029,15,42323
48250012,15,42306
48260024,15,42325
48270008,15,42314
48280020,15,42322
48290004,15,42316
48300017,15,42320
48310030,15,42309
48320011,15,42323
48330026,15,42319
48340006,15,42308
48350021,15,42311
48360001,15,42301
48370011,15,42326
48380028,15,42323
48390008,15,42317
48400022,15,42308
48410001,15,42323
48420016,15,42305
48430032,15,42306
48440012,15,42299
48450025,15,42321
48460007,15,42311
48470018,15,42327
48479999,15,42310
48490011,15,42307
48500026,15,42316
48510008,15,42318
48520022,15,42316
48530003,15,42316
48540018,15,42309
48550031,15,42326
48560013,15,42304
48570025,15,42314
48580009,15,42324
48590018,15,42310
48600001,15,42306
48610016,15,42302
48620027,15,42303
48630010,15,42317
48640024,15,42323
48650006,15,42334
48660016,15,42306
48670002,15,42297
48680011,15,42324
48690027,15,42308
48700008,15,42327
48710022,15,42311
48720003,15,42310
48730018,15,42317
48740032,15,42323
48750010,15,42309
48760023,15,42319
48770004,15,42320
48780018,15,42333
48790000,15,42319
48800009,15,42307
48810029,15,42306
48820007,15,42332
48830022,15,42330
48840006,15,42315
48850017,15,42315
48860028,15,42313
48870013,15,42343
48880024,15,42331
48890009,15,42311
48900020,15,42331
48910001,15,42330
48920017,15,42311
48930028,15,42290
48940010,15,42326
48950025,15,42317
48960006,15,42315
48970018,15,42323
48980000,15,42317
48990013,15,42326
49000028,15,42313
49010010,15,42320
49020022,15,42322
49030002,15,42294
49040017,15,42325
49050029,15,42317
49060011,15,42312
49070020,15,42336
49080003,15,42323
49090020,15,42337
49100002,15,42327
49110014,15,42338
49120028,15,42306
49130011,15,42308
49140022,15,42329
49150003,15,42312
49160019,15,42315
49170029,15,42333
49180008,15,42325
49190025,15,42335
49200007,15,42325
49210023,15,42313
49220004,15,42327
49230015,15,42332
49240030,15,42315
49250008,15,42341
49260023,15,42319
49270006,15,42335
49280017,15,42333
49290002,15,42323
49300013,15,42320
49310025,15,42331
49320008,15,42335
49330022,15,42315
49340005,15,42328
49350019,15,42339
49360029,15,42326
49370010,15,42336
49380023,15,42311
49390005,15,42337
49400021,15,42328
49410004,15,42324
49420013,15,42318
49430025,15,42321
49440008,15,42340
49450022,15,42326
49460005,15,42324
49470019,15,42338
49480027,15,42328
49490011,15,42306
49500027,15,42321
49510007,15,42348
49520019,15,42324
49530002,15,42325
49540013,15,42321
49550027,15,42319
49560011,15,42328
49570024,15,42332
49580005,15,42326
49590019,15,42340
49600000,15,42356
49610011,15,42322
49620027,15,42318
49630008,15,42330
49640020,15,42314
49650003,15,42350
49660019,15,42320
49670029,15,42319
49680011,15,42328
49690022,15,42337
49700008,15,42327
49710018,15,42320
49720002,15,42339
49730015,15,42318
49740026,15,42322
49750008,15,42349
49760021,15,42325
49770002,15,42321
49780016,15,42327
49790028,15,42340
49800012,15,42340
49810026,15,42319
49820006,15,42329
49830023,15,42343
49840000,15,42348
49850016,15,42319
49860028,15,42345
49870011,15,42329
49880023,15,42308
49890005,15,42316
49900022,15,42321
49910001,15,42348
49920013,15,42332
49930026,15,42340
49940008,15,42323
49950022,15,42331
49960003,15,42314
49970016,15,42317
49980027,15,42344
49990012,15,42318
50000024,15,42341
50010008,15,42342
50020021,15,42328
50030001,15,42334
50040013,15,42337
50050029,15,42344
50060011,15,42333
50070021,15,42335
50080003,15,42335
50090017,15,42354
50100030,15,42329
50110011,15,42322
50120024,15,42328
50130007,15,42333
50140020,15,42333
50150004,15,42340
50160014,15,42325
50170030,15,42354
50180007,15,42338
50190023,15,42316
50200005,15,42326
50210018,15,42321
50220000,15,42349
50230012,15,42333
50240027,15,42334
50250010,15,42322
50260021,15,42329
50270004,15,42331
50280016,15,42372
50290029,15,42328
50300009,15,42340
50310023,15,42332
50320006,15,42332
50330023,15,42307
50340001,15,42346
50350017,15,42334
50360028,15,42375
50370007,15,42334
50380021,15,42360
50390004,15,42335
50400018,15,42330
50410031,15,42342
50420015,15,42333
50430023,15,42341
50440008,15,42345
50450020,15,42347
50460000,15,42338
50470016,15,42317
50480028,15,42341
50490010,15,42317
50500024,15,42329
50510006,15,42337
50520018,15,42331
50530000,15,42345
50540015,15,42348
50550028,15,42350
50560007,15,42335
50570022,15,42331
50580003,15,42322
50590016,15,42315
50600031,15,42350
50610014,15,42323
50620025,15,42345
50630007,15,42335
50640018,15,42351
50650000,15,42324
50660012,15,42341
50670026,15,42335
50680008,15,42342
50690023,15,42336
50700002,15,42333
50710018,15,42342
50720029,15,42352
50730013,15,42366
50740028,15,42337
50750007,15,42329
50760020,15,42334
50770002,15,42335
50780014,15,42344
50790028,15,42354
50800013,15,42329
50810028,15,42340
50820006,15,42331
50830017,15,42337
50840001,15,42340
50850012,15,42349
50860028,15,42347
50870009,15,42358
50880020,15,42338
50889999,15,42349
50900016,15,42329
50910029,15,42355
50920011,15,42348
50930024,15,42338
50940006,15,42336
50950019,15,42367
50960001,15,42355
50970015,15,42339
50980030,15,42317
50990007,15,42331
51000022,15,42340
51010004,15,42335
51020018,15,42337
51030029,15,42347
51040012,15,42350
51050027,15,42353
51060009,15,42342
51070017,15,42366
51080002,15,42348
51090017,15,42341
51100026,15,42344
51110009,15,42341
51120027,15,42344
51130008,15,42354
51140017,15,42351
51149997,15,42364
51160011,15,42357
51170025,15,42352
51180011,15,42359
51190023,15,42324
51200004,15,42343
51210015,15,42337
51220030,15,42341
51230013,15,42342
51240024,15,42345
51250005,15,42348
51260020,15,42345
51270001,15,42343
51280018,15,42336
51290028,15,42339
51300010,15,42339
51310021,15,42367
51320003,15,42356
51330015,15,42331
51340032,15,42349
51350010,15,42338
51360024,15,42336
51370008,15,42340
51380022,15,42337
51390006,15,42335
51400013,15,42350
51410031,15,42361
51420011,15,42348
51430021,15,42366
51440005,15,42342
51450016,15,42322
51459997,15,42343
51470012,15,42354
51480025,15,42367
51490008,15,42339
51500020,15,42357
51510003,15,42357
51520019,15,42342
51530030,15,42344
51540010,15,42349
51550025,15,42346
51560004,15,42346
51570020,15,42355
51580000,15,42353
51590015,15,42344
51600025,15,42356
51610010,15,42346
51620023,15,42344
51630002,15,42350
51640018,15,42357
51650031,15,42360
51660011,15,42332
51670024,15,42356
51680008,15,42346
51690021,15,42341
51700004,15,42344
51710015,15,42366
51720028,15,42330
51730008,15,42350
51740024,15,42374
51750004,15,42366
51760018,15,42361
51770001,15,42354
51780014,15,42360
51790026,15,42359
51800010,15,42361
51810021,15,42359
51820003,15,42359
51830016,15,42341
51840029,15,42351
51850011,15,42341
51860024,15,42358
51870005,15,42353
51880020,15,42353
51890000,15,42340
51900014,15,42341
51910027,15,42351
51920009,15,42337
51930021,15,42355
51940004,15,42349
51950018,15,42360
51960032,15,42343
51970015,15,42361
51980025,15,42373
51990007,15,42357
52000019,15,42344
52010001,15,42337
52020018,15,42353
52030031,15,42367
52040012,15,42347
52050023,15,42366
52060004,15,42354
52070019,15,42348
52079998,15,42361
52090015,15,42337
52100027,15,42362
52110007,15,42368
52120021,15,42346
52130004,15,42353
52140016,15,42355
52150029,15,42354
52160010,15,42358
52170027,15,42359
52180006,15,42370
52190021,15,42354
52200002,15,42343
52210014,15,42361
52220027,15,42354
52230011,15,42356
52240022,15,42358
52250004,15,42362
52260017,15,42373
52270032,15,42345
52280015,15,42356
52290025,15,42340
52300006,15,42366
52310018,15,42359
52320004,15,42348
52330013,15,42362
52340027,15,42349
52350014,15,42356
52360022,15,42352
52370003,15,42339
52380018,15,42349
52390001,15,42365
52400009,15,42367
52410027,15,42333
52420007,15,42355
52430023,15,42355
52440003,15,42363
52450014,15,42352
52460031,15,42368
52470013,15,42360
52480024,15,42371
52490005,15,42345
52500020,15,42352
52510001,15,42366
52520015,15,42349
52530026,15,42346
52540009,15,42356
52550021,15,42351
52560007,15,42345
52570020,15,42347
52580031,15,42345
52590014,15,42363
52600023,15,42354
52610007,15,42347
52620022,15,42364
52630001,15,42358
52640014,15,42378
52650027,15,42356
52660007,15,42353
52670024,15,42343
52680007,15,42368
52690016,15,42372
52700000,15,42344
52710014,15,42374
52720024,15,42332
52730011,15,42358
52740023,15,42359
52750006,15,42359
52760016,15,42362
52770028,15,42383
52780012,15,42355
52790025,15,42357
52800008,15,42361
52810021,15,42351
52819998,15,42371
52830014,15,42382
52840027,15,42359
52850009,15,42355
52860021,15,42347
52870005,15,42388
52880018,15,42362
52890029,15,42364
52900012,15,42354
52910025,15,42372
52920010,15,42342
52930020,15,42370
52940004,15,42367
52950015,15,42368
52960029,15,42350
52970011,15,42363
52980023,15,42367
52990006,15,42365
53000018,15,42350
53010001,15,42355
53020012,15,42351
53030026,15,42364
53040008,15,42354
53050026,15,42345
53060005,15,42381
53070018,15,42369
53080030,15,42357
53090013,15,42378
53100028,15,42363
53110006,15,42371
53120017,15,42364
53130001,15,42368
53140013,15,42346
53150026,15,42364
53160008,15,42373
53170020,15,42357
53180004,15,42358
53190017,15,42348
53200031,15,42362
53210012,15,42364
53220021,15,42363
53230002,15,42372
53240023,15,42367
53250001,15,42362
53260014,15,42375
53270030,15,42360
53280010,15,42341
53290022,15,42355
53300005,15,42362
53310021,15,42367
53320001,15,42389
53330013,15,42371
53340025,15,42361
53350008,15,42357
53360020,15,42369
53369999,15,42353
53380016,15,42366
53390031,15,42371
53400009,15,42362
53410025,15,42362
53420007,15,42364
53430017,15,42377
53440000,15,42362
53450013,15,42362
53460027,15,42379
53470010,15,42367
53480024,15,42368
53490006,15,42355
53500017,15,42343
53510032,15,42356
53520011,15,42367
53530026,15,42374
53540006,15,42357
53550021,15,42365
53560004,15,42365
53570019,15,42365
53580029,15,42372
53590010,15,42372
53600024,15,42355
53610005,15,42360
53620015,15,42357
53630000,15,42355
53640015,15,42394
53650028,15,42368
53660008,15,42369
53670021,15,42364
53680003,15,42373
53690017,15,42366
53700027,15,42386
53710008,15,42372
53720024,15,42364
53730007,15,42375
53740023,15,42379
53750002,15,42364
53760016,15,42376
53770027,15,42376
53780011,15,42391
53790019,15,42371
53800004,15,42379
53810019,15,42374
53820031,15,42377
53830008,15,42390
53840027,15,42390
53850009,15,42358
53860020,15,42354
53870000,15,42371
53880017,15,42368
53890029,15,42368
53900011,15,42375
53910024,15,42372
53920006,15,42383
53930019,15,42376
53939999,15,42355
53950013,15,42373
53960024,15,42373
53970009,15,42372
53980021,15,42367
53990002,15,42378
54000015,15,42372
54010029,15,42354
54020012,15,42364
54030024,15,42381
54040006,15,42393
54050017,15,42391
54060002,15,42363
54070016,15,42368
54080026,15,42359
54090008,15,42361
54100024,15,42367
54110007,15,42379
54120020,15,42379
54130030,15,42348
54140014,15,42362
54150024,15,42361
54160006,15,42361
54170020,15,42365
54180002,15,42357
54190016,15,42373
54200028,15,42374
54210008,15,42390
54220021,15,42363
54230004,15,42363
54240018,15,42368
54250001,15,42357
54260010,15,42371
54270027,15,42372
54280007,15,42397
54290021,15,42388
54300004,15,42364
54310020,15,42371
54320028,15,42373
54330010,15,42373
54340024,15,42373
54350005,15,42376
54360020,15,42360
54370002,15,42373
54380016,15,42390
54390028,15,42385
54400008,15,42376
54410018,15,42391
54420004,15,42370
54430018,15,42368
54440030,15,42386
54450013,15,42381
54460025,15,42371
54470005,15,42358
54480021,15,42367
54490002,15,42369
54500017,15,42375
54510030,15,42394
54520009,15,42372
54530021,15,42373
54540004,15,42366
54550019,15,42383
54559997,15,42386
54570013,15,42375
54580027,15,42382
54590006,15,42379
54600022,15,42376
54610004,15,42370
54620017,15,42380
54630028,15,42386
54640010,15,42394
54650023,15,42385
54660004,15,42372
54670017,15,42380
54680000,15,42377
54690012,15,42371
54700027,15,42365
54710009,15,42368
54720021,15,42369
54730002,15,42386
54740018,15,42386
54750032,15,42380
54760011,15,42367
54770023,15,42383
54780007,15,42382
54790020,15,42370
54800004,15,42369
54810015,15,42392
54820028,15,42385
54830009,15,42381
54840022,15,42364
54850004,15,42371
54860017,15,42383
54870001,15,42379
54880010,15,42398
54890025,15,42389
54900008,15,42400
54910020,15,42389
54920002,15,42374
54930016,15,42387
54940030,15,42392
54950011,15,42380
54960025,15,42389
54970008,15,42393
54980023,15,42369
54990000,15,42375
55000013,15,42392
55010025,15,42367
55020006,15,42397
55030022,15,42373
55040004,15,42354
55050020,15,42375
55060029,15,42391
55070014,15,42356
55080027,15,42391
55090009,15,42372
55100019,15,42378
55110002,15,42379
55120015,15,42375
55130028,15,42370
55140012,15,42381
55150021,15,42375
55160003,15,42384
55170017,15,42413
55179999,15,42415
55190011,15,42374
55200025,15,42356
55210010,15,42384
55220023,15,42368
55230004,15,42390
55240017,15,42408
55250028,15,42382
55260010,15,42372
55270023,15,42370
55280008,15,42390
55290020,15,42366
55300002,15,42389
55310015,15,42390
55320026,15,42380
55330010,15,42382
55340022,15,42388
55350006,15,42387
55360018,15,42379
55370030,15,42403
55380011,15,42363
55390026,15,42389
55400009,15,42373
55410019,15,42390
55420001,15,42404
55430016,15,42380
55440026,15,42384
55450010,15,42386
55460022,15,42388
55470005,15,42365
55480016,15,42377
55490004,15,42383
55500014,15,42387
55510026,15,42364
55520008,15,42399
55530020,15,42393
55540002,15,42374
55550014,15,42394
55560029,15,42404
55570012,15,42386
55580025,15,42378
55590009,15,42378
55600016,15,42370
55610000,15,42389
55620014,15,42372
55630030,15,42399
55640009,15,42391
55650022,15,42370
55660003,15,42389
55670016,15,42379
55680030,15,42395
55690013,15,42386
55700024,15,42381
55710006,15,42408
55720021,15,42380
55730003,15,42372
55740012,15,42392
55750029,15,42391
55760011,15,42394
55770021,15,42380
55780006,15,42382
55790019,15,42383
55800000,15,42370
55810010,15,42375
55820026,15,42384
55830007,15,42390
55840024,15,42391
55850004,15,42381
55860016,15,42382
55870029,15,42396
55880013,15,42383
55890025,15,42378
55900007,15,42384
55910020,15,42389
55920001,15,42389
55930012,15,42381
55940030,15,42391
55950007,15,42395
55960022,15,42375
55970005,15,42384
55980016,15,42380
55990031,15,42388
56000013,15,42387
56010027,15,42377
56020008,15,42385
56030021,15,42392
56040002,15,42382
56050013,15,42402
56060029,15,42392
56070009,15,42384
56080022,15,42393
56090002,15,42391
56100019,15,42403
56109999,15,42392
56120013,15,42383
56130025,15,42395
56140007,15,42402
56150021,15,42390
56160004,15,42385
56170015,15,42383
56180031,15,42400
56190012,15,42399
56200023,15,42389
56210006,15,42387
56220020,15,42374
56230002,15,42398
56240015,15,42381
56250030,15,42381
56260009,15,42410
56270025,15,42403
56280004,15,42382
56290020,15,42389
56300030,15,42408
56310012,15,42396
56320026,15,42386
56330007,15,42379
56340017,15,42387
56350001,15,42384
56360013,15,42399
56370026,15,42391
56380010,15,42398
56390024,15,42378
56400005,15,42390
56410018,15,42383
56420003,15,42402
56430013,15,42381
56440027,15,42396
56450009,15,42385
56460023,15,42394
56470003,15,42397
56480019,15,42400
56490029,15,42404
56500013,15,42393
56510027,15,42400
56520007,15,42380
56530021,15,42393
56540001,15,42398
56550011,15,42390
56560023,15,42394
56570009,15,42396
56580023,15,42392
56590004,15,42389
56600018,15,42391
56610028,15,42395
56620012,15,42399
56630023,15,42406
56640007,15,42392
56650018,15,42382
56660002,15,42405
56670014,15,42394
56680026,15,42372
56690009,15,42389
56700023,15,42400
56710009,15,42378
56720018,15,42380
56730001,15,42404
56740013,15,42387
56750027,15,42401
56760007,15,42389
56770019,15,42393
56780002,15,42375
56790013,15,42418
56800029,15,42394
56810011,15,42407
56820025,15,42384
56830005,15,42412
56840019,15,42413
56850000,15,42386
56860017,15,42392
56870026,15,42402
56880008,15,42386
56890022,15,42410
56900003,15,42396
56910016,15,42393
56920030,15,42405
56930013,15,42400
56940026,15,42379
56950008,15,42387
56960022,15,42395
56969999,15,42401
56980015,15,42392
56990029,15,42367
57000011,15,42409
57010023,15,42380
57020006,15,42401
57030017,15,42402
57039999,15,42395
57050012,15,42380
57060026,15,42405
57070008,15,42402
57080020,15,42385
57090004,15,42404
57100016,15,42406
57110030,15,42412
57120013,15,42389
57130025,15,42389
57140005,15,42394
57150021,15,42391
57160000,15,42415
57170013,15,42398
57180028,15,42409
57190010,15,42400
57200023,15,42391
57210006,15,42387
57220016,15,42398
57230029,15,42384
57240010,15,42393
57250024,15,42374
57260010,15,42391
57270017,15,42397
57279999,15,42389
57290015,15,42407
57300028,15,42397
57310008,15,42404
57320023,15,42382
57330004,15,42424
57340018,15,42405
57349999,15,42416
57360012,15,42380
57370028,15,42390
57380008,15,42404
57390019,15,42380
57400002,15,42389
57410018,15,42413
57420028,15,42406
57430013,15,42406
57440024,15,42384
57450004,15,42385
57460019,15,42384
57469998,15,42396
57480014,15,42388
57490024,15,42404
57500010,15,42402
57510022,15,42403
57520005,15,42403
57530017,15,42405
57540030,15,42412
57550011,15,42410
57560026,15,42392
57570004,15,42409
57580018,15,42404
57590001,15,42415
57600015,15,42389
57610027,15,42418
57620009,15,42416
57630024,15,42392
57640005,15,42395
57650018,15,42399
57660001,15,42413
57670011,15,42407
57680027,15,42384
57690008,15,42410
57700020,15,42404
57710003,15,42402
57720014,15,42411
57730031,15,42366
57740011,15,42414
57750025,15,42417
57760005,15,42408
57770018,15,42411
57780003,15,42408
57790012,15,42416
57800029,15,42406
57810008,15,42415
57820021,15,42403
57830004,15,42395
57840015,15,42405
57850030,15,42399
57860012,15,42401
57870023,15,42408
57880005,15,42414
57890022,15,42397
57900001,15,42405
57910017,15,42390
57920026,15,42406
57930009,15,42409
57940025,15,42409
57950006,15,42394
57960017,15,42414
57970001,15,42394
57980014,15,42390
57990027,15,42402
58000005,15,42424
58010023,15,42424
58020004,15,42409
58030015,15,42419
58040026,15,42410
58050011,15,42411
58060027,15,42432
58070007,15,42401
58080019,15,42413
58090002,15,42434
58100014,15,42400
58110028,15,42398
58120012,15,42405
58130024,15,42401
58140005,15,42409
58150017,15,42404
58160031,15,42391
58170012,15,42412
58180025,15,42397
58190010,15,42421
58200020,15,42398
58210002,15,42386
58220016,15,42424
58230029,15,42422
58240009,15,42419
58250021,15,42420
58260006,15,42420
58270017,15,42396
58279999,15,42409
58290014,15,42406
58300026,15,42401
58310011,15,42433
58320022,15,42407
58330003,15,42404
58340014,15,42406
58350030,15,42403
58360011,15,42415
58370022,15,42404
58380004,15,42401
58390019,15,42416
58400001,15,42408
58410016,15,42394
58420030,15,42411
58430006,15,42393
58440024,15,42413
58450002,15,42409
58460015,15,42421
58470030,15,42419
58480014,15,42404
58490027,15,42406
58500010,15,42379
58510018,15,42420
58519998,15,42419
58530018,15,42393
58540029,15,42391
58550012,15,42403
58560023,15,42402
58570003,15,42411
58580016,15,42432
58589997,15,42412
58600015,15,42421
58610026,15,42405
58620008,15,42415
58630022,15,42412
58640006,15,42403
58650013,15,42391
58660031,15,42404
58670009,15,42419
58680023,15,42407
58690008,15,42427
58700019,15,42375
58710002,15,42425
58720013,15,42398
58730027,15,42413
58740011,15,42412
58750021,15,42408
58760003,15,42432
58770015,15,42423
58780030,15,42412
58790012,15,42404
58800025,15,42408
58810005,15,42402
58820020,15,42406
58829999,15,42406
58840012,15,42426
58850026,15,42420
58860012,15,42429
58870024,15,42414
58880003,15,42431
58890018,15,42413
58899998,15,42413
58910013,15,42408
58920026,15,42399
58930008,15,42415
58940022,15,42411
58950003,15,42405
58960017,15,42402
58970030,15,42413
58980011,15,42433
58990023,15,42423
59000005,15,42407
59010017,15,42409
59020002,15,42408
59030013,15,42416
59040026,15,42403
59050009,15,42404
59060022,15,42409
59070004,15,42412
59080016,15,42416
59090032,15,42405
59100012,15,42417
59110026,15,42435
59120008,15,42430
59130022,15,42402
59140003,15,42401
59150016,15,42425
59160029,15,42409
59170010,15,42407
59180023,15,42428
59190003,15,42413
59200017,15,42416
59209999,15,42417
59220011,15,42416
59230024,15,42423
59240006,15,42425
59250020,15,42414
59260001,15,42416
59270015,15,42422
59280030,15,42423
59290008,15,42414
59300027,15,42428
59310004,15,42407
59320019,15,42460
59330002,15,42422
59340013,15,42426
59350025,15,42412
59360010,15,42414
59370021,15,42419
59380002,15,42399
59390018,15,42416
59400027,15,42423
59410010,15,42408
59420027,15,42414
59430006,15,42414
59440018,15,42415
59450004,15,42420
59460012,15,42429
59470026,15,42409
59480011,15,42422
59490022,15,42411
59500005,15,42416
59510021,15,42431
59519998,15,42431
59530012,15,42412
59540027,15,42417
59550007,15,42423
59560019,15,42410
59570004,15,42402
59580019,15,42412
59590027,15,42407
59600012,15,42419
59610026,15,42401
59620008,15,42425
59630018,15,42422
59639999,15,42391
59650014,15,42415
59660028,15,42399
59670009,15,42408
59680021,15,42411
59690003,15,42405
59700017,15,42411
59710031,15,42407
59720012,15,42426
59730023,15,42411
59740007,15,42420
59750017,15,42407
59760003,15,42423
59770013,15,42401
59780030,15,42407
59790012,15,42412
59800021,15,42414
59810004,15,42439
59820021,15,42416
59830001,15,42431
59840014,15,42429
59850027,15,42429
59860009,15,42414
59870020,15,42414
59880003,15,42409
59890017,15,42402
59900031,15,42423
59910013,15,42423
59920023,15,42411
59930008,15,42409
59940016,15,42423
59950001,15,42408
59960013,15,42416
59970030,15,42441
59980010,15,42391
59990020,15,42412
60000005,15,42424
60010017,15,42397
60020031,15,42422
60030010,15,42425
60040025,15,42422
60050006,15,42421
60060021,15,42410
60070000,15,42429
60080018,15,42441
60090026,15,42414
60100011,15,42413
60110022,15,42428
60120006,15,42408
60130020,15,42418
60139998,15,42432
60150013,15,42426
60160026,15,42421
60170008,15,42423
60180025,15,42433
60190002,15,42434
60200018,15,42420
60210030,15,42411
60220012,15,42430
60230024,15,42432
60240005,15,42420
60250021,15,42418
60260001,15,42396
60270014,15,42432
60280027,15,42419
60290010,15,42431
60300020,15,42421
60310005,15,42433
60320017,15,42430
60330029,15,42394
60340014,15,42413
60350025,15,42427
60360007,15,42432
60370021,15,42410
60380002,15,42424
60390015,15,42448
60400029,15,42420
60410010,15,42406
60420022,15,42446
60430002,15,42400
60440019,15,42442
60450002,15,42411
60460016,15,42443
60470027,15,42440
60480005,15,42431
60490019,15,42405
60500005,15,42427
60510013,15,42408
60520026,15,42429
60530011,15,42428
60540023,15,42419
60550006,15,42430
60560016,15,42427
60570001,15,42424
60580014,15,42429
60590024,15,42415
60600010,15,42405
60610024,15,42442
60620006,15,42390
60630017,15,42395
60640030,15,42424
60650014,15,42434
60660023,15,42403
60670006,15,42421
60680022,15,42413
60690000,15,42421
60700016,15,42428
60710031,15,42429
60720009,15,42413
60730022,15,42446
60740002,15,42435
60750017,15,42429
60760000,15,42409
60770015,15,42418
60780028,15,42457
60790007,15,42422
60800020,15,42438
60810002,15,42406
60820015,15,42418
60830028,15,42414
60840010,15,42417
60850026,15,42429
60860007,15,42432
60870019,15,42407
60880000,15,42424
60890016,15,42410
60900025,15,42407
60910009,15,42427
60920023,15,42452
60930005,15,42431
60940019,15,42417
60950031,15,42409
60960015,15,42417
60970027,15,42438
60980009,15,42426
60990020,15,42446
