t_us,pin,raw
1000000,15,33067
6000020,15,33047
11000008,15,33065
16000029,15,33064
21000020,15,33062
26000012,15,33080
30999997,15,33047
36000019,15,33058
41000012,15,33069
46000000,15,33061
51000022,15,33066
56000011,15,33055
61000002,15,33056
66000023,15,33082
71000013,15,33065
76000003,15,33052
81000022,15,33061
86000015,15,33068
91000007,15,33065
96000024,15,33073
101000012,15,33061
106000004,15,33067
111000027,15,33066
116000014,15,33056
121000006,15,33073
126000027,15,33066
131000018,15,33071
136000009,15,33072
141000028,15,33041
146000019,15,33059
151000009,15,33081
156000030,15,33071
161000017,15,33060
166000011,15,33054
171000030,15,33080
176000020,15,33048
181000010,15,33067
185999999,15,33054
191000021,15,33066
196000011,15,33074
201000001,15,33064
206000022,15,33062
211000014,15,33066
216000004,15,33047
221000022,15,33060
226000013,15,33072
231000003,15,33067
236000024,15,33065
241000015,15,33075
246000004,15,33071
251000024,15,33066
256000015,15,33066
261000004,15,33073
266000026,15,33081
271000016,15,33075
276000008,15,33065
281000029,15,33052
286000017,15,33060
291000006,15,33074
296000028,15,33058
301000020,15,33086
306000009,15,33077
311000029,15,33061
316000018,15,33068
321000009,15,33076
326000033,15,33077
331000022,15,33060
336000010,15,33047
341000000,15,33075
346000019,15,33056
351000012,15,33069
356000002,15,33072
361000022,15,33060
366000012,15,33049
371000001,15,33062
376000024,15,33066
381000012,15,33064
386000003,15,33066
391000025,15,33062
396000016,15,33084
401000002,15,33081
406000026,15,33072
411000015,15,33063
416000004,15,33059
421000026,15,33070
426000016,15,33080
431000005,15,33077
436000027,15,33067
441000017,15,33058
446000009,15,33070
451000026,15,33067
456000016,15,33075
461000009,15,33067
466000027,15,33089
471000019,15,33064
476000009,15,33067
481000031,15,33063
486000020,15,33078
491000010,15,33068
495999999,15,33057
501000023,15,33103
506000011,15,33064
511000003,15,33068
516000019,15,33068
521000012,15,33071
526000003,15,33053
531000025,15,33071
536000012,15,33058
541000003,15,33065
546000024,15,33084
551000012,15,33067
556000006,15,33077
561000025,15,33088
566000014,15,33063
571000005,15,33068
576000026,15,33094
581000015,15,33074
586000005,15,33055
591000028,15,33075
596000018,15,33077
601000008,15,33103
606000025,15,33092
611000019,15,33083
616000009,15,33066
621000029,15,33063
626000016,15,33066
631000011,15,33050
636000033,15,33080
641000020,15,33092
646000007,15,33056
651000000,15,33064
656000019,15,33075
661000011,15,33080
666000000,15,33100
671000020,15,33082
676000009,15,33084
681000002,15,33077
686000025,15,33072
691000013,15,33082
696000003,15,33088
701000023,15,33087
706000016,15,33072
711000003,15,33063
716000027,15,33070
721000014,15,33101
726000006,15,33071
731000026,15,33070
736000015,15,33072
741000006,15,33080
746000025,15,33077
751000018,15,33077
756000008,15,33074
761000031,15,33089
766000017,15,33074
771000007,15,33103
776000029,15,33076
781000017,15,33094
786000009,15,33081
791000029,15,33104
796000021,15,33072
801000010,15,33077
806000000,15,33087
811000020,15,33061
816000012,15,33078
820999999,15,33097
826000023,15,33084
831000009,15,33053
836000004,15,33078
841000024,15,33094
846000015,15,33066
851000004,15,33082
856000024,15,33092
861000013,15,33082
866000006,15,33087
871000024,15,33065
876000015,15,33080
881000005,15,33072
886000024,15,33084
891000014,15,33086
896000006,15,33080
901000028,15,33079
906000017,15,33072
911000008,15,33078
916000025,15,33079
921000017,15,33091
926000008,15,33102
931000030,15,33085
936000018,15,33089
941000011,15,33061
946000032,15,33099
951000019,15,33069
956000010,15,33086
961000003,15,33073
966000021,15,33109
971000011,15,33102
976000000,15,33070
981000022,15,33079
986000014,15,33077
991000002,15,33064
996000025,15,33083
1001000013,15,33071
1006000003,15,33081
1011000024,15,33094
1016000014,15,33066
1021000004,15,33072
1026000024,15,33090
1031000016,15,33090
1036000005,15,33087
1041000026,15,33086
1046000014,15,33094
1051000005,15,33063
1056000026,15,33102
1061000016,15,33091
1066000006,15,33072
1071000032,15,33089
1076000017,15,33078
1081000007,15,33077
1086000027,15,33100
1091000019,15,33093
1096000009,15,33101
1101000030,15,33090
1106000020,15,33085
1111000009,15,33086
1115999998,15,33091
1121000020,15,33069
1126000010,15,33088
1131000000,15,33082
1136000023,15,33078
1141000013,15,33068
1146000001,15,33078
1151000022,15,33094
1156000015,15,33087
1161000003,15,33079
1166000024,15,33094
1171000015,15,33086
1176000004,15,33080
1181000024,15,33091
1186000014,15,33091
1191000006,15,33076
1196000025,15,33092
1201000017,15,33065
1206000006,15,33068
1211000027,15,33102
1216000016,15,33091
1221000007,15,33072
1226000029,15,33083
1231000020,15,33090
1236000013,15,33087
1241000031,15,33083
1246000017,15,33085
1251000008,15,33080
1256000031,15,33083
1261000019,15,33072
1266000010,15,33072
1270999997,15,33091
1276000022,15,33098
1281000009,15,33087
1285999996,15,33095
1291000023,15,33089
1296000011,15,33090
1301000001,15,33087
1306000020,15,33100
1311000012,15,33080
1316000003,15,33070
1321000024,15,33075
1326000012,15,33081
1331000004,15,33075
1336000023,15,33068
1341000016,15,33081
1346000003,15,33071
1351000026,15,33088
1356000015,15,33084
1361000005,15,33081
1366000024,15,33098
1371000017,15,33095
1376000009,15,33091
1381000029,15,33086
1386000018,15,33103
1391000008,15,33071
1396000028,15,33100
1401000019,15,33094
1406000010,15,33089
1411000028,15,33081
1416000021,15,33079
1421000011,15,33097
1426000001,15,33093
1431000023,15,33092
1436000012,15,33089
1441000004,15,33078
1446000024,15,33080
1451000011,15,33085
1456000000,15,33093
1461000021,15,33074
1466000014,15,33088
1471000004,15,33092
1476000026,15,33099
1481000015,15,33087
1486000006,15,33094
1491000025,15,33093
1496000016,15,33106
1501000004,15,33076
1506000022,15,33085
1511000017,15,33090
1516000007,15,33087
1521000029,15,33066
1526000016,15,33094
1531000007,15,33102
1536000026,15,33094
1541000019,15,33089
1546000009,15,33101
1551000025,15,33103
1556000019,15,33096
1561000009,15,33101
1566000031,15,33104
1571000022,15,33100
1576000010,15,33084
1581000000,15,33083
1586000022,15,33070
1591000011,15,33094
1596000002,15,33087
1601000023,15,33076
1606000014,15,33078
1611000000,15,33076
1616000020,15,33089
1621000013,15,33094
1626000003,15,33083
1631000024,15,33078
1636000014,15,33074
1641000004,15,33097
1646000023,15,33075
1651000012,15,33080
1656000006,15,33098
1661000025,15,33082
1666000013,15,33093
1671000006,15,33079
1676000028,15,33091
1681000016,15,33090
1686000009,15,33093
1691000030,15,33072
1696000016,15,33087
1701000009,15,33073
1706000029,15,33097
1711000020,15,33098
1716000012,15,33085
1721000033,15,33103
1726000022,15,33063
1731000010,15,33073
1735999997,15,33076
1741000019,15,33099
1746000008,15,33088
1751000003,15,33086
1756000024,15,33106
1761000013,15,33075
1766000000,15,33093
1771000021,15,33093
1776000014,15,33101
1781000002,15,33071
1786000025,15,33087
1791000016,15,33071
1796000004,15,33097
1801000022,15,33096
1806000015,15,33105
1811000004,15,33081
1816000023,15,33067
1821000017,15,33093
1826000005,15,33102
1831000028,15,33082
1836000018,15,33088
1841000009,15,33111
1846000029,15,33088
1851000018,15,33078
1856000009,15,33073
1861000030,15,33086
1866000017,15,33080
1871000008,15,33083
1876000031,15,33068
1881000018,15,33098
1886000014,15,33080
1891000000,15,33117
1896000021,15,33093
1901000013,15,33094
1906000002,15,33093
1911000020,15,33098
1916000013,15,33105
1921000004,15,33080
1926000025,15,33077
1931000012,15,33094
1936000003,15,33088
1941000025,15,33127
1946000012,15,33089
1951000005,15,33095
1956000026,15,33095
1961000016,15,33100
1966000005,15,33103
1971000025,15,33099
1976000017,15,33112
1981000006,15,33089
1986000027,15,33092
1991000017,15,33098
1996000009,15,33106
2001000031,15,33112
2006000018,15,33106
2011000009,15,33093
2016000029,15,33101
2021000019,15,33100
2026000008,15,33089
2031000028,15,33100
2036000021,15,33104
2041000010,15,33118
2046000002,15,33100
2051000021,15,33114
2056000012,15,33084
2060999999,15,33076
2066000021,15,33090
2071000010,15,33109
2076000001,15,33100
2081000021,15,33061
2086000015,15,33079
2091000004,15,33119
2096000025,15,33088
2101000016,15,33097
2106000002,15,33090
2111000026,15,33094
2116000012,15,33094
2121000003,15,33092
2126000024,15,33097
2131000015,15,33099
2136000002,15,33110
2141000029,15,33102
2146000014,15,33076
2151000011,15,33113
2156000029,15,33086
2161000016,15,33077
2166000009,15,33089
2171000031,15,33082
2176000018,15,33083
2181000010,15,33100
2186000033,15,33106
2191000020,15,33076
2196000011,15,33088
2200999998,15,33115
2206000019,15,33103
2211000012,15,33096
2216000002,15,33093
2221000021,15,33085
2226000012,15,33096
2231000001,15,33101
2236000022,15,33094
2241000013,15,33109
2246000002,15,33105
2251000023,15,33102
2256000014,15,33094
2261000004,15,33105
2266000024,15,33097
2271000014,15,33089
2276000005,15,33092
2281000025,15,33084
2286000015,15,33100
2291000006,15,33109
2296000025,15,33087
2301000016,15,33097
2306000009,15,33087
2311000032,15,33114
2316000019,15,33121
2321000010,15,33070
2326000027,15,33100
2331000020,15,33121
2336000011,15,33091
2341000031,15,33092
2346000019,15,33101
2351000015,15,33107
2355999999,15,33098
2361000020,15,33094
2366000010,15,33089
2371000000,15,33115
2376000019,15,33093
2381000013,15,33102
2386000003,15,33104
2391000022,15,33107
2396000012,15,33101
2401000003,15,33094
2406000025,15,33102
2411000016,15,33113
2416000004,15,33102
2421000023,15,33099
2426000017,15,33093
2431000005,15,33086
2436000025,15,33080
2441000017,15,33094
2446000004,15,33109
2451000025,15,33088
2456000016,15,33107
2461000009,15,33092
2466000029,15,33092
2471000018,15,33123
2476000009,15,33088
2481000028,15,33128
2486000019,15,33082
2491000011,15,33101
2496000033,15,33102
2501000022,15,33109
2506000011,15,33114
2510999996,15,33099
2516000023,15,33106
2521000011,15,33103
2526000000,15,33103
2531000022,15,33098
2536000013,15,33091
2541000003,15,33101
2546000022,15,33103
2551000013,15,33113
2556000004,15,33120
2561000021,15,33087
2566000013,15,33084
2571000006,15,33093
2576000029,15,33112
2581000016,15,33103
2586000005,15,33105
2591000026,15,33093
2596000014,15,33093
2601000005,15,33094
2606000023,15,33077
2611000019,15,33085
2616000007,15,33090
2621000027,15,33106
2626000019,15,33092
2631000009,15,33096
2636000029,15,33087
2641000018,15,33096
2646000008,15,33088
2651000030,15,33095
2656000021,15,33105
2661000012,15,33100
2666000002,15,33088
2671000022,15,33095
2676000012,15,33092
2680999999,15,33104
2686000021,15,33110
2691000012,15,33097
2696000000,15,33090
2701000023,15,33091
2706000012,15,33112
2711000002,15,33112
2716000024,15,33082
2721000015,15,33095
2726000005,15,33094
2731000023,15,33091
2736000015,15,33113
2741000006,15,33084
2746000028,15,33104
2751000016,15,33094
2756000006,15,33105
2761000027,15,33101
2766000016,15,33110
2771000009,15,33104
2776000027,15,33095
2781000017,15,33102
2786000009,15,33103
2791000030,15,33094
2796000019,15,33094
2801000011,15,33096
2806000032,15,33092
2811000020,15,33112
2816000009,15,33118
2821000001,15,33109
2826000019,15,33106
2831000009,15,33108
2836000001,15,33112
2841000020,15,33074
2846000009,15,33103
2851000002,15,33109
2856000025,15,33099
2861000015,15,33094
2866000003,15,33103
2871000021,15,33084
2876000011,15,33107
2881000004,15,33106
2886000025,15,33109
2891000015,15,33103
2896000007,15,33100
2901000024,15,33100
2906000016,15,33107
2911000008,15,33122
2916000028,15,33104
2921000018,15,33104
2926000008,15,33104
2931000027,15,33098
2936000019,15,33094
2941000008,15,33113
2946000028,15,33109
2951000019,15,33124
2956000011,15,33123
2961000030,15,33107
2966000021,15,33100
2971000012,15,33082
2976000001,15,33093
2981000023,15,33095
2986000014,15,33106
2991000002,15,33100
2996000022,15,33090
3001000015,15,33124
3006000002,15,33092
3011000022,15,33114
3016000016,15,33111
3021000003,15,33110
3026000022,15,33108
3031000017,15,33110
3036000003,15,33103
3041000023,15,33104
3046000013,15,33117
3051000005,15,33099
3056000026,15,33097
3061000017,15,33109
3066000005,15,33121
3071000026,15,33095
3076000017,15,33101
3081000007,15,33110
3086000027,15,33108
3091000020,15,33114
3096000007,15,33090
3101000030,15,33101
3106000020,15,33106
3111000009,15,33126
3116000028,15,33109
3121000016,15,33089
3126000010,15,33098
3130999998,15,33104
3136000020,15,33111
3141000010,15,33104
3146000003,15,33101
3151000022,15,33100
3156000013,15,33107
3161000001,15,33102
3166000023,15,33113
3171000015,15,33104
3176000005,15,33124
3181000027,15,33131
3186000013,15,33098
3191000006,15,33105
3196000027,15,33099
3201000013,15,33104
3206000002,15,33127
3211000024,15,33117
3216000014,15,33079
3221000006,15,33092
3226000028,15,33112
3231000015,15,33119
3236000008,15,33116
3241000027,15,33133
3246000016,15,33100
3251000008,15,33111
3256000030,15,33091
3261000017,15,33092
3266000011,15,33098
3271000030,15,33104
3276000022,15,33128
3281000009,15,33102
3286000000,15,33110
3291000021,15,33086
3296000013,15,33083
3300999998,15,33101
3306000021,15,33112
3311000010,15,33100
3316000002,15,33118
3321000021,15,33099
3326000014,15,33111
3331000004,15,33111
3336000022,15,33110
3341000015,15,33096
3346000003,15,33097
3351000025,15,33111
3356000016,15,33104
3361000006,15,33131
3366000025,15,33097
3371000015,15,33111
3376000005,15,33112
3381000030,15,33105
3386000019,15,33098
3391000007,15,33105
3396000027,15,33113
3401000019,15,33113
3406000007,15,33104
3411000030,15,33126
3416000020,15,33111
3421000008,15,33120
3426000028,15,33107
3431000022,15,33110
3436000009,15,33090
3441000001,15,33131
3446000021,15,33118
3451000011,15,33095
3456000000,15,33106
3461000022,15,33101
3466000013,15,33125
3471000001,15,33116
3476000023,15,33097
3481000014,15,33123
3486000003,15,33107
3491000023,15,33105
3496000012,15,33112
3501000004,15,33104
3506000022,15,33091
3511000017,15,33112
3516000004,15,33110
3521000024,15,33112
3526000013,15,33116
3531000008,15,33125
3536000027,15,33111
3541000016,15,33102
3546000009,15,33108
3551000026,15,33100
3556000018,15,33104
3561000007,15,33124
3566000029,15,33109
3571000018,15,33108
3576000009,15,33109
3581000029,15,33095
3586000021,15,33103
3591000007,15,33125
3595999999,15,33104
3601000020,15,33105
3606000010,15,33105
3611000001,15,33101
3616000020,15,33109
3621000012,15,33100
3626000000,15,33089
3631000024,15,33110
3636000011,15,33108
3641000002,15,33124
3646000024,15,33109
3651000014,15,33099
3656000005,15,33126
3661000023,15,33101
3666000014,15,33113
3671000005,15,33102
3676000027,15,33129
3681000015,15,33118
3686000004,15,33108
3691000025,15,33105
3696000017,15,33125
3701000008,15,33116
3706000029,15,33104
3711000015,15,33125
3716000007,15,33113
3721000028,15,33099
3726000019,15,33106
3731000010,15,33105
3736000028,15,33106
3741000020,15,33103
3746000010,15,33111
3751000001,15,33107
3756000023,15,33108
3761000012,15,33117
3766000003,15,33088
3771000023,15,33121
3776000009,15,33112
3781000004,15,33101
3786000024,15,33104
3791000014,15,33109
3796000003,15,33114
3801000023,15,33123
3806000012,15,33098
3811000003,15,33113
3816000025,15,33106
3821000013,15,33103
3826000005,15,33118
3831000027,15,33128
3836000015,15,33103
3841000003,15,33122
3846000026,15,33114
3851000018,15,33116
3856000009,15,33098
3861000028,15,33109
3866000019,15,33108
3871000010,15,33111
3876000031,15,33112
3881000020,15,33119
3886000006,15,33115
3891000032,15,33114
3896000022,15,33104
3901000009,15,33130
3906000000,15,33109
3911000021,15,33126
3916000011,15,33102
3921000000,15,33111
3926000023,15,33133
3931000011,15,33127
3936000006,15,33095
3941000022,15,33105
3946000015,15,33136
3951000004,15,33131
3956000022,15,33097
3961000012,15,33111
3966000005,15,33130
3971000024,15,33120
3976000014,15,33113
3981000003,15,33126
3986000024,15,33111
3991000013,15,33116
3996000007,15,33114
4001000027,15,33123
4006000015,15,33137
4011000007,15,33111
4016000027,15,33100
4021000021,15,33112
4026000008,15,33113
4031000026,15,33123
4036000017,15,33118
4041000009,15,33113
4046000030,15,33110
4051000021,15,33103
4056000011,15,33121
4060999999,15,33126
4066000024,15,33117
4071000009,15,33126
4076000001,15,33119
4081000024,15,33117
4086000012,15,33121
4091000002,15,33102
4096000022,15,33117
4101000010,15,33114
4106000003,15,33131
4111000022,15,33130
4116000012,15,33120
4121000003,15,33140
4126000025,15,33114
4131000015,15,33120
4136000005,15,33094
4141000027,15,33112
4146000015,15,33122
4151000008,15,33106
4156000027,15,33120
4161000018,15,33111
4166000006,15,33100
4171000030,15,33101
4176000018,15,33116
4181000008,15,33141
4186000028,15,33121
4191000015,15,33126
4196000011,15,33116
4201000028,15,33133
4206000020,15,33121
4211000009,15,33125
4216000001,15,33101
4221000022,15,33128
4226000009,15,33115
4231000000,15,33114
4236000021,15,33105
4241000012,15,33098
4246000002,15,33100
4251000025,15,33112
4256000012,15,33119
4261000002,15,33112
4266000025,15,33105
4271000014,15,33105
4276000004,15,33118
4281000026,15,33130
4286000014,15,33099
4291000005,15,33124
4296000024,15,33117
4301000017,15,33115
4306000005,15,33102
4311000027,15,33130
4316000016,15,33118
4321000008,15,33121
4326000031,15,33123
4331000019,15,33140
4336000008,15,33115
4341000029,15,33120
4346000022,15,33115
4351000007,15,33114
4356000033,15,33130
4361000021,15,33115
4366000011,15,33120
4370999999,15,33127
4376000022,15,33129
4381000009,15,33110
4386000000,15,33124
4391000023,15,33117
4396000011,15,33119
4400999999,15,33120
4406000026,15,33115
4411000011,15,33131
4416000001,15,33119
4421000024,15,33114
4426000016,15,33109
4431000002,15,33108
4436000024,15,33114
4441000014,15,33110
4446000005,15,33128
4451000028,15,33129
4456000015,15,33113
4461000006,15,33123
4466000029,15,33125
4471000018,15,33126
4476000007,15,33112
4481000029,15,33103
4486000017,15,33115
4491000006,15,33127
4496000028,15,33113
4501000020,15,33121
4506000009,15,33112
4511000030,15,33133
4516000023,15,33122
4521000010,15,33125
4525999998,15,33131
4531000022,15,33111
4536000009,15,33109
4541000002,15,33131
4546000024,15,33114
4551000010,15,33125
4556000002,15,33124
4561000023,15,33119
4566000014,15,33108
4571000004,15,33137
4576000025,15,33136
4581000013,15,33127
4586000006,15,33112
4591000024,15,33140
4596000012,15,33119
4601000006,15,33116
4606000025,15,33135
4611000018,15,33139
4616000007,15,33117
4621000025,15,33110
4626000019,15,33108
4631000008,15,33112
4636000030,15,33119
4641000015,15,33110
4646000007,15,33115
4651000029,15,33103
4656000019,15,33125
4661000012,15,33122
4666000030,15,33124
4671000024,15,33127
4676000011,15,33118
4681000003,15,33134
4686000023,15,33131
4691000013,15,33139
4696000001,15,33127
4701000020,15,33119
4706000010,15,33137
4711000002,15,33119
4716000023,15,33138
4721000014,15,33125
4726000002,15,33122
4731000027,15,33120
4736000013,15,33147
4741000005,15,33138
4746000027,15,33132
4751000018,15,33107
4756000001,15,33124
4761000024,15,33118
4766000015,15,33105
4771000005,15,33122
4776000027,15,33103
4781000016,15,33110
4786000007,15,33115
4791000025,15,33111
4796000018,15,33090
4801000007,15,33144
4806000029,15,33113
4811000020,15,33134
4816000009,15,33102
4821000032,15,33106
4826000021,15,33130
4831000010,15,33123
4836000000,15,33128
4841000020,15,33114
4846000013,15,33121
4851000001,15,33126
4856000025,15,33107
4861000010,15,33100
4866000001,15,33123
4871000028,15,33101
4876000015,15,33120
4881000006,15,33118
4886000022,15,33110
4891000014,15,33119
4896000004,15,33123
4901000022,15,33120
4906000015,15,33117
4911000005,15,33114
4916000026,15,33129
4921000012,15,33116
4926000005,15,33140
4931000028,15,33130
4936000018,15,33125
4941000005,15,33142
4946000029,15,33134
4951000015,15,33103
4956000008,15,33130
4961000031,15,33120
4966000019,15,33128
4971000007,15,33152
4976000029,15,33133
4981000020,15,33125
4986000013,15,33131
4991000001,15,33114
4996000021,15,33119
5001000015,15,33122
5006000000,15,33131
5011000023,15,33113
5016000014,15,33119
5021000003,15,33110
5026000021,15,33134
5031000014,15,33121
5036000003,15,33127
5041000023,15,33129
5046000011,15,33141
5051000003,15,33139
5056000026,15,33122
5061000013,15,33134
5066000004,15,33129
5071000028,15,33121
5076000016,15,33132
5081000008,15,33123
5086000029,15,33126
5091000019,15,33107
5096000008,15,33137
5101000028,15,33108
5106000017,15,33125
5111000009,15,33116
5116000029,15,33130
5121000020,15,33129
5126000009,15,33107
5131000029,15,33157
5136000019,15,33114
5141000011,15,33122
5145999998,15,33098
5151000020,15,33148
5156000010,15,33123
5160999998,15,33131
5166000022,15,33129
5171000011,15,33116
5176000002,15,33128
5181000023,15,33115
5186000012,15,33127
5191000006,15,33125
5196000024,15,33127
5201000015,15,33135
5206000004,15,33108
5211000026,15,33127
5216000017,15,33144
5221000005,15,33118
5226000026,15,33118
5231000015,15,33118
5236000005,15,33115
5241000026,15,33111
5246000017,15,33129
5251000006,15,33111
5256000029,15,33120
5261000020,15,33121
5266000006,15,33151
5271000028,15,33135
5276000018,15,33132
5281000010,15,33116
5286000028,15,33117
5291000018,15,33115
5296000009,15,33116
5301000001,15,33135
5306000023,15,33140
5311000012,15,33103
5316000000,15,33126
5321000023,15,33134
5326000012,15,33135
5331000002,15,33142
5336000025,15,33134
5341000013,15,33134
5346000003,15,33132
5351000024,15,33124
5356000018,15,33126
5361000002,15,33131
5366000025,15,33136
5371000014,15,33124
5376000008,15,33127
5381000024,15,33126
5386000014,15,33132
5391000005,15,33148
5396000027,15,33138
5401000019,15,33118
5406000005,15,33127
5411000027,15,33152
5416000019,15,33118
5421000009,15,33124
5426000029,15,33118
5431000019,15,33129
5436000008,15,33139
5441000032,15,33106
5446000021,15,33149
5451000009,15,33133
5456000000,15,33146
5461000021,15,33131
5466000012,15,33127
5471000001,15,33141
5476000021,15,33130
5481000012,15,33123
5486000000,15,33134
5491000022,15,33142
5496000014,15,33128
5501000001,15,33135
5506000021,15,33120
5511000012,15,33122
5516000002,15,33116
5521000024,15,33110
5526000017,15,33124
5531000005,15,33118
5536000027,15,33125
5541000016,15,33120
5546000008,15,33132
5551000026,15,33132
5556000017,15,33135
5561000008,15,33136
5566000026,15,33132
5571000018,15,33124
5576000008,15,33146
5581000030,15,33128
5586000020,15,33123
5591000006,15,33130
5596000029,15,33116
5601000019,15,33125
5606000011,15,33134
5611000001,15,33115
5616000020,15,33133
5621000012,15,33126
5626000001,15,33118
5631000024,15,33122
5636000010,15,33129
5641000000,15,33104
5646000023,15,33128
5651000015,15,33131
5656000007,15,33127
5661000024,15,33109
5666000013,15,33118
5671000002,15,33127
5676000026,15,33139
5681000016,15,33111
5686000008,15,33139
5691000024,15,33131
5696000016,15,33116
5701000006,15,33123
5706000027,15,33127
5711000015,15,33147
5716000005,15,33125
5721000029,15,33115
5726000018,15,33124
5731000005,15,33108
5736000028,15,33125
5741000020,15,33136
5746000010,15,33116
5751000035,15,33134
5756000018,15,33118
5761000011,15,33161
5765999999,15,33142
5771000021,15,33151
5776000012,15,33108
5781000001,15,33139
5786000023,15,33120
5791000013,15,33128
5796000003,15,33144
5801000022,15,33135
5806000012,15,33124
5811000005,15,33118
5816000024,15,33116
5821000016,15,33141
5826000003,15,33134
5831000025,15,33151
5836000016,15,33113
5841000006,15,33135
5846000030,15,33123
5851000018,15,33137
5856000006,15,33136
5861000029,15,33158
5866000017,15,33139
5871000007,15,33135
5876000028,15,33147
5881000021,15,33120
5886000009,15,33131
5891000030,15,33138
5896000019,15,33120
5901000007,15,33135
5906000029,15,33121
5911000018,15,33132
5916000010,15,33136
5921000001,15,33131
5926000020,15,33125
5931000008,15,33145
5936000001,15,33128
5941000023,15,33126
5946000013,15,33131
5951000003,15,33126
5956000024,15,33138
5961000014,15,33111
5966000003,15,33120
5971000026,15,33135
5976000012,15,33110
5981000004,15,33131
5986000025,15,33118
5991000016,15,33132
5996000008,15,33113
6001000027,15,33141
6006000019,15,33120
6011000005,15,33138
6016000026,15,33120
6021000018,15,33131
6026000008,15,33141
6031000027,15,33140
6036000019,15,33134
6041000011,15,33138
6046000030,15,33134
6051000018,15,33121
6056000007,15,33153
6061000031,15,33151
6066000021,15,33115
6071000009,15,33113
6075999998,15,33134
6081000020,15,33136
6086000010,15,33135
6091000003,15,33123
6096000022,15,33154
6101000012,15,33119
6105999999,15,33132
6111000022,15,33148
6116000015,15,33131
6121000005,15,33134
6126000023,15,33140
6131000012,15,33121
6136000004,15,33149
6141000021,15,33147
6146000013,15,33121
6151000008,15,33111
6156000025,15,33137
6161000014,15,33133
6166000010,15,33154
6171000027,15,33132
6176000017,15,33136
6181000009,15,33115
6186000028,15,33141
6191000020,15,33127
6196000007,15,33138
6201000031,15,33122
6206000019,15,33109
6211000010,15,33122
6216000029,15,33124
6221000020,15,33151
6226000010,15,33132
6230999999,15,33148
6236000018,15,33142
6241000012,15,33124
6246000002,15,33129
6251000021,15,33142
6256000013,15,33131
6261000002,15,33142
6266000021,15,33141
6271000010,15,33125
6276000000,15,33122
6281000021,15,33131
6286000016,15,33121
6291000002,15,33122
6296000025,15,33144
6301000015,15,33142
6306000005,15,33131
6311000024,15,33127
6316000015,15,33151
6321000007,15,33134
6326000023,15,33130
6331000016,15,33133
6336000006,15,33134
6341000029,15,33131
6346000017,15,33150
6351000010,15,33137
6356000028,15,33134
6361000023,15,33156
6366000010,15,33122
6371000031,15,33125
6376000021,15,33124
6381000011,15,33143
6386000002,15,33129
6391000024,15,33127
6396000011,15,33141
6401000002,15,33159
6406000022,15,33127
6411000010,15,33129
6416000002,15,33136
6421000022,15,33125
6426000012,15,33132
6431000003,15,33127
6436000025,15,33120
6441000015,15,33106
6446000004,15,33147
6451000026,15,33121
6456000015,15,33133
6461000005,15,33135
6466000023,15,33120
6471000016,15,33120
6476000005,15,33144
6481000026,15,33147
6486000018,15,33147
6491000009,15,33119
6496000028,15,33135
6501000016,15,33149
6506000008,15,33134
6511000032,15,33145
6516000019,15,33146
6521000007,15,33131
6526000029,15,33163
6531000020,15,33138
6536000010,15,33125
6541000001,15,33153
6546000023,15,33133
6551000011,15,33135
6556000003,15,33145
6561000023,15,33144
6566000011,15,33133
6571000005,15,33127
6576000023,15,33138
6581000015,15,33133
6586000002,15,33141
6591000026,15,33124
6596000016,15,33119
6601000005,15,33145
6606000024,15,33139
6611000016,15,33131
6616000000,15,33140
6621000025,15,33135
6626000016,15,33113
6631000007,15,33145
6636000027,15,33130
6641000015,15,33130
6646000007,15,33125
6651000026,15,33129
6656000015,15,33126
6661000009,15,33122
6666000028,15,33144
6671000019,15,33136
6676000009,15,33125
6681000033,15,33107
6686000018,15,33129
6691000010,15,33143
6696000000,15,33131
6701000020,15,33134
6706000011,15,33131
6711000001,15,33133
6716000024,15,33139
6721000013,15,33136
6726000001,15,33142
6731000023,15,33127
6736000014,15,33133
6741000003,15,33135
6746000025,15,33133
6751000013,15,33120
6756000005,15,33144
6761000026,15,33152
6766000014,15,33149
6771000003,15,33171
6776000028,15,33140
6781000017,15,33156
6786000006,15,33141
6791000027,15,33146
6796000016,15,33145
6801000009,15,33144
6806000028,15,33132
6811000016,15,33123
6816000008,15,33140
6821000027,15,33143
6826000018,15,33130
6831000008,15,33123
6836000031,15,33132
6841000021,15,33132
6846000011,15,33128
6850999997,15,33156
6856000024,15,33151
6861000010,15,33142
6866000001,15,33139
6871000023,15,33158
6876000013,15,33136
6881000002,15,33120
6886000026,15,33157
6891000013,15,33170
6896000003,15,33120
6901000024,15,33148
6906000012,15,33155
6911000003,15,33129
6916000024,15,33140
6921000017,15,33117
6926000003,15,33145
6931000026,15,33137
6936000016,15,33141
6941000006,15,33125
6946000028,15,33153
6951000015,15,33157
6956000007,15,33142
6961000028,15,33145
6966000015,15,33132
6971000008,15,33141
6976000029,15,33110
6981000020,15,33155
6986000007,15,33135
6991000028,15,33139
6996000018,15,33124
7001000010,15,33139
7006000002,15,33130
7011000021,15,33138
7016000011,15,33146
7021000000,15,33146
7026000022,15,33154
7031000011,15,33160
7036000002,15,33135
7041000023,15,33129
7046000012,15,33125
7051000004,15,33140
7056000024,15,33125
7061000013,15,33141
7066000005,15,33151
7071000023,15,33131
7076000016,15,33116
7081000004,15,33143
7086000025,15,33138
7091000014,15,33127
7096000006,15,33138
7101000030,15,33129
7106000020,15,33137
7111000007,15,33147
7116000028,15,33120
7121000022,15,33134
7126000009,15,33143
7131000030,15,33157
7136000018,15,33148
7141000010,15,33135
7146000031,15,33150
7151000019,15,33137
7156000009,15,33137
7161000002,15,33156
7166000022,15,33158
7171000012,15,33134
7176000001,15,33138
7181000023,15,33148
7186000009,15,33136
7191000002,15,33144
7196000024,15,33159
7201000013,15,33143
7206000002,15,33140
7211000024,15,33147
7216000013,15,33126
7221000006,15,33138
7226000024,15,33148
7231000013,15,33149
7236000008,15,33148
7241000026,15,33147
7246000014,15,33132
7251000005,15,33132
7256000027,15,33147
7261000019,15,33145
7266000006,15,33152
7271000028,15,33131
7276000020,15,33152
7281000011,15,33149
7286000031,15,33145
7291000018,15,33151
7296000010,15,33157
7301000031,15,33142
7306000021,15,33160
7311000008,15,33140
7315999998,15,33141
7321000022,15,33151
7326000012,15,33115
7330999998,15,33157
7336000023,15,33127
7341000010,15,33148
7346000002,15,33147
7351000021,15,33181
7356000015,15,33134
7361000003,15,33144
7366000027,15,33151
7371000013,15,33141
7376000005,15,33150
7381000025,15,33139
7386000018,15,33129
7391000005,15,33136
7396000025,15,33141
7401000016,15,33141
7406000006,15,33165
7411000028,15,33140
7416000018,15,33122
7421000006,15,33144
7426000030,15,33134
7431000020,15,33148
7436000009,15,33138
7441000027,15,33142
7446000022,15,33115
7451000011,15,33148
7456000031,15,33160
7461000018,15,33148
7466000010,15,33146
7470999999,15,33154
7476000020,15,33144
7481000014,15,33126
7486000002,15,33153
7491000022,15,33151
7496000014,15,33152
7501000004,15,33149
7506000022,15,33124
7511000014,15,33154
7516000003,15,33145
7521000022,15,33158
7526000012,15,33113
7531000005,15,33142
7536000026,15,33158
7541000013,15,33146
7546000004,15,33150
7551000026,15,33147
7556000014,15,33129
7561000006,15,33167
7566000029,15,33149
7571000017,15,33135
7576000008,15,33142
7581000027,15,33163
7586000017,15,33155
7591000006,15,33119
7596000030,15,33125
7601000022,15,33152
7606000012,15,33132
7611000029,15,33144
7616000022,15,33128
7621000011,15,33119
7626000001,15,33143
7631000020,15,33141
7636000014,15,33134
7641000001,15,33148
7646000024,15,33161
7651000015,15,33153
7656000003,15,33142
7661000024,15,33130
7666000013,15,33116
7671000003,15,33141
7676000024,15,33141
7681000012,15,33144
7686000004,15,33139
7691000024,15,33119
7696000018,15,33123
7701000007,15,33138
7706000026,15,33131
7711000016,15,33137
7716000005,15,33142
7721000030,15,33155
7726000016,15,33147
7731000007,15,33123
7736000029,15,33118
7741000019,15,33140
7746000007,15,33162
7751000027,15,33130
7756000020,15,33146
7761000009,15,33133
7766000030,15,33130
7771000020,15,33145
7776000010,15,33154
7781000001,15,33136
7786000022,15,33142
7791000013,15,33128
7796000000,15,33153
7801000019,15,33161
7806000014,15,33143
7811000005,15,33143
7816000022,15,33147
7821000013,15,33145
7826000007,15,33133
7831000022,15,33130
7836000017,15,33136
7841000004,15,33128
7846000023,15,33130
7851000014,15,33147
7856000004,15,33133
7861000027,15,33144
7866000016,15,33165
7871000002,15,33152
7876000029,15,33141
7881000015,15,33140
7886000010,15,33153
7891000028,15,33143
7896000017,15,33157
7901000007,15,33149
7906000027,15,33149
7911000017,15,33149
7916000010,15,33158
7921000029,15,33141
7926000019,15,33133
7931000010,15,33147
7936000003,15,33156
7941000020,15,33146
7946000011,15,33141
7951000002,15,33135
7956000020,15,33135
7961000013,15,33163
7966000000,15,33153
7971000021,15,33155
7976000011,15,33149
7981000005,15,33125
7986000024,15,33135
7991000016,15,33131
7996000002,15,33153
8001000026,15,33136
8006000016,15,33157
8011000002,15,33169
8016000026,15,33158
8021000016,15,33138
8026000007,15,33137
8031000024,15,33155
8036000016,15,33141
8041000005,15,33167
8046000027,15,33143
8051000017,15,33161
8056000008,15,33129
8061000029,15,33143
8066000019,15,33138
8071000011,15,33127
8076000027,15,33134
8081000021,15,33149
8086000007,15,33140
8090999998,15,33137
8096000018,15,33146
8101000012,15,33141
8105999999,15,33157
8111000022,15,33150
8116000013,15,33130
8121000004,15,33144
8126000025,15,33152
8131000012,15,33158
8136000002,15,33150
8141000028,15,33130
8146000016,15,33144
8151000003,15,33137
8156000028,15,33152
8161000017,15,33167
8166000006,15,33148
8171000028,15,33148
8176000017,15,33140
8181000006,15,33128
8186000028,15,33141
8191000019,15,33129
8196000006,15,33161
8201000031,15,33146
8206000020,15,33157
8211000007,15,33123
8216000029,15,33137
8221000020,15,33154
8226000012,15,33145
8231000029,15,33157
8236000021,15,33153
8241000009,15,33147
8246000000,15,33146
8251000019,15,33126
8256000010,15,33140
8261000001,15,33145
8266000023,15,33136
8271000012,15,33142
8276000003,15,33153
8281000022,15,33149
8286000013,15,33143
8291000004,15,33152
8296000023,15,33147
8301000016,15,33136
8306000004,15,33142
8311000025,15,33142
8316000018,15,33137
8321000005,15,33132
8326000026,15,33132
8331000018,15,33165
8336000005,15,33143
8341000029,15,33123
8346000019,15,33132
8351000010,15,33158
8356000027,15,33152
8361000019,15,33153
8366000008,15,33131
8371000029,15,33145
8376000021,15,33154
8381000009,15,33171
8386000030,15,33127
8391000021,15,33162
8396000009,15,33145
8400999999,15,33129
8406000020,15,33145
8411000011,15,33158
8416000002,15,33148
8421000022,15,33154
8426000014,15,33169
8431000003,15,33160
8436000024,15,33152
8441000014,15,33133
8446000004,15,33167
8451000022,15,33142
8456000014,15,33151
8461000002,15,33149
8466000025,15,33154
8471000014,15,33150
8476000006,15,33139
8481000027,15,33169
8486000016,15,33148
8491000006,15,33140
8496000027,15,33139
8501000016,15,33141
8506000010,15,33127
8511000028,15,33149
8516000019,15,33158
8521000010,15,33143
8526000027,15,33128
8531000020,15,33156
8536000006,15,33149
8541000031,15,33158
8546000021,15,33163
8551000008,15,33158
8556000001,15,33134
8561000023,15,33139
8566000007,15,33138
8571000000,15,33135
8576000022,15,33136
8581000011,15,33148
8586000000,15,33154
8591000024,15,33154
8596000014,15,33133
8601000003,15,33150
8606000023,15,33157
8611000015,15,33148
8616000006,15,33153
8621000027,15,33162
8626000015,15,33142
8631000004,15,33156
8636000026,15,33113
8641000015,15,33150
8646000004,15,33154
8651000024,15,33146
8656000017,15,33131
8661000011,15,33128
8666000025,15,33168
8671000016,15,33137
8676000010,15,33137
8681000031,15,33148
8686000019,15,33166
8691000010,15,33139
8696000028,15,33147
8701000021,15,33159
8706000013,15,33163
8710999998,15,33145
8716000021,15,33144
8721000011,15,33139
8726000005,15,33141
8731000022,15,33156
8736000012,15,33130
8741000002,15,33117
8746000022,15,33156
8751000014,15,33150
8756000003,15,33164
8761000024,15,33150
8766000012,15,33144
8771000002,15,33148
8776000025,15,33135
8781000018,15,33140
8786000005,15,33134
8791000026,15,33141
8796000019,15,33149
8801000008,15,33130
8806000025,15,33173
8811000014,15,33145
8816000007,15,33147
8821000029,15,33153
8826000017,15,33159
8831000008,15,33155
8836000028,15,33154
8841000020,15,33144
8846000006,15,33129
8851000030,15,33130
8856000022,15,33156
8861000008,15,33161
8866000003,15,33164
8871000022,15,33175
8876000009,15,33170
8881000000,15,33146
8886000024,15,33158
8891000012,15,33137
8896000004,15,33149
8901000022,15,33149
8906000012,15,33138
8911000003,15,33154
8916000023,15,33147
8921000012,15,33151
8926000004,15,33160
8931000023,15,33142
8936000017,15,33149
8941000005,15,33153
8946000028,15,33135
8951000017,15,33126
8956000005,15,33144
8961000031,15,33159
8966000015,15,33166
8971000006,15,33140
8976000028,15,33143
8981000019,15,33124
8986000009,15,33158
8991000029,15,33141
8996000018,15,33151
9001000008,15,33146
9006000029,15,33154
9011000020,15,33150
9016000010,15,33132
9021000000,15,33130
9026000025,15,33128
9031000010,15,33143
9036000002,15,33157
9041000021,15,33147
9046000013,15,33135
9051000003,15,33148
9056000025,15,33145
9061000014,15,33139
9066000003,15,33132
9071000022,15,33141
9076000015,15,33134
9081000006,15,33137
9086000024,15,33154
9091000016,15,33168
9096000004,15,33141
9101000027,15,33150
9106000015,15,33139
9111000009,15,33137
9116000025,15,33146
9121000021,15,33138
9126000007,15,33143
9131000028,15,33153
9136000018,15,33132
9141000005,15,33156
9146000028,15,33142
9151000020,15,33138
9156000008,15,33153
9161000029,15,33151
9166000021,15,33143
9171000007,15,33128
9176000002,15,33136
9181000019,15,33153
9186000010,15,33160
9191000001,15,33145
9196000022,15,33130
9201000015,15,33150
9206000001,15,33146
9211000023,15,33150
9216000012,15,33141
9221000005,15,33174
9226000020,15,33145
9231000013,15,33148
9236000001,15,33129
9241000026,15,33130
9246000015,15,33156
9251000004,15,33138
9256000027,15,33141
9261000016,15,33159
9266000005,15,33136
9271000029,15,33145
9276000017,15,33162
9281000008,15,33149
9286000029,15,33147
9291000017,15,33139
9296000007,15,33172
9301000030,15,33154
9306000019,15,33155
9311000009,15,33143
9316000026,15,33143
9321000016,15,33155
9326000010,15,33146
9331000000,15,33153
9336000021,15,33133
9341000009,15,33127
9346000003,15,33146
9351000020,15,33151
9356000012,15,33134
9361000001,15,33132
9366000023,15,33143
9371000013,15,33147
9376000002,15,33147
9381000025,15,33149
9386000013,15,33158
9391000004,15,33151
9396000027,15,33140
9401000014,15,33129
9406000004,15,33159
9411000025,15,33152
9416000015,15,33143
9421000006,15,33130
9426000028,15,33133
9431000019,15,33140
9436000005,15,33137
9441000029,15,33155
9446000017,15,33139
9451000007,15,33138
9456000030,15,33124
9461000020,15,33156
9466000008,15,33148
9471000032,15,33150
9476000020,15,33164
9481000010,15,33138
9486000003,15,33145
9491000019,15,33153
9496000010,15,33145
9501000002,15,33127
9506000023,15,33174
9511000012,15,33154
9516000000,15,33151
9521000022,15,33146
9526000011,15,33163
9531000006,15,33116
9536000020,15,33142
9541000014,15,33129
9546000004,15,33127
9551000023,15,33175
9556000019,15,33129
9561000004,15,33152
9566000026,15,33146
9571000014,15,33139
9576000008,15,33168
9581000028,15,33139
9586000018,15,33134
9591000009,15,33152
9596000027,15,33136
9601000018,15,33150
9606000009,15,33141
9611000029,15,33141
9616000019,15,33134
9621000011,15,33150
9626000029,15,33142
9631000019,15,33150
9636000013,15,33125
9640999998,15,33156
9646000019,15,33141
9651000011,15,33139
9656000002,15,33124
9661000022,15,33139
9666000012,15,33158
9671000004,15,33155
9676000026,15,33138
9681000010,15,33162
9686000001,15,33159
9691000023,15,33135
9696000014,15,33154
9701000007,15,33116
9706000025,15,33166
9711000016,15,33131
9716000003,15,33168
9721000028,15,33146
9726000018,15,33150
9731000006,15,33151
9736000027,15,33152
9741000018,15,33153
9746000006,15,33159
9751000028,15,33144
9756000018,15,33139
9761000008,15,33160
9766000026,15,33139
9771000019,15,33150
9776000005,15,33139
9781000028,15,33149
9786000022,15,33149
9791000011,15,33157
9796000000,15,33147
9801000022,15,33145
9806000013,15,33136
9811000001,15,33170
9816000022,15,33182
9821000013,15,33161
9826000002,15,33144
9831000020,15,33150
9836000014,15,33149
9841000002,15,33134
9846000026,15,33140
9851000017,15,33156
9856000003,15,33161
9861000022,15,33175
9866000015,15,33167
9871000003,15,33136
9876000026,15,33144
9881000016,15,33143
9886000004,15,33150
9891000026,15,33156
9896000014,15,33159
9901000004,15,33155
9906000030,15,33139
9911000018,15,33137
9916000009,15,33160
9921000030,15,33136
9926000020,15,33150
9931000011,15,33158
9936000030,15,33151
9941000020,15,33147
9946000009,15,33152
9950999999,15,33165
9956000023,15,33163
9961000010,15,33132
9966000004,15,33148
9971000023,15,33146
9976000013,15,33141
9981000002,15,33147
9986000020,15,33141
9991000014,15,33132
9996000003,15,33150
10001000024,15,33148
10006000015,15,33133
10011000003,15,33137
10016000025,15,33147
10021000016,15,33135
10026000007,15,33157
10031000025,15,33144
10036000015,15,33165
10041000008,15,33143
10046000025,15,33144
10051000015,15,33156
10056000007,15,33138
10061000029,15,33124
10066000017,15,33144
10071000010,15,33152
10076000028,15,33148
10081000018,15,33158
10086000007,15,33132
10091000032,15,33147
10096000021,15,33137
10101000012,15,33147
10106000000,15,33162
10111000022,15,33142
10116000014,15,33148
10120999999,15,33157
10126000019,15,33151
10131000013,15,33155
10136000002,15,33156
10141000022,15,33170
10146000013,15,33150
10151000003,15,33151
10156000025,15,33135
10161000015,15,33159
10166000003,15,33144
10171000024,15,33149
10176000014,15,33135
10181000007,15,33170
10186000030,15,33149
10191000016,15,33165
10196000008,15,33153
10201000028,15,33138
10206000017,15,33149
10211000007,15,33147
10216000026,15,33133
10221000016,15,33157
10226000008,15,33144
10231000031,15,33152
10236000023,15,33127
10241000008,15,33151
10246000033,15,33145
10251000020,15,33141
10256000010,15,33135
10260999999,15,33155
10266000020,15,33153
10271000011,15,33128
10276000002,15,33151
10281000022,15,33151
10286000011,15,33135
10291000004,15,33154
10296000024,15,33159
10301000014,15,33146
10306000002,15,33142
10311000025,15,33149
10316000013,15,33135
10321000004,15,33121
10326000026,15,33149
10331000012,15,33138
10336000005,15,33141
10341000027,15,33148
10346000016,15,33138
10351000007,15,33132
10356000023,15,33165
10361000020,15,33132
10366000008,15,33135
10371000027,15,33139
10376000018,15,33140
10381000010,15,33132
10386000029,15,33138
10391000018,15,33144
10396000008,15,33136
10401000028,15,33159
10406000020,15,33160
10411000012,15,33137
10416000001,15,33147
10421000019,15,33146
10426000011,15,33119
10431000000,15,33138
10436000024,15,33157
10441000013,15,33148
10446000001,15,33132
10451000021,15,33147
10456000014,15,33144
10461000005,15,33119
10466000024,15,33155
10471000015,15,33166
10476000006,15,33167
10481000027,15,33139
10486000014,15,33135
10491000007,15,33161
10496000027,15,33138
10501000015,15,33136
10506000003,15,33146
10511000030,15,33152
10516000020,15,33154
10521000007,15,33122
10526000028,15,33152
10531000018,15,33152
10536000007,15,33138
10541000029,15,33148
10546000017,15,33151
10551000009,15,33153
10556000031,15,33150
10561000019,15,33155
10566000010,15,33130
10571000002,15,33149
10576000021,15,33119
10581000011,15,33139
10585999999,15,33141
10591000020,15,33149
10596000014,15,33145
10601000001,15,33142
10606000024,15,33150
10611000015,15,33146
10616000004,15,33148
10621000024,15,33124
10626000015,15,33135
10631000004,15,33140
10636000023,15,33134
10641000018,15,33120
10646000006,15,33129
10651000026,15,33138
10656000016,15,33128
10661000008,15,33150
10666000027,15,33160
10671000019,15,33142
10676000006,15,33109
10681000027,15,33146
10686000016,15,33147
10691000009,15,33146
10696000028,15,33150
10701000018,15,33124
10706000009,15,33142
10711000030,15,33157
10716000020,15,33138
10721000007,15,33146
10726000000,15,33126
10731000021,15,33129
10736000011,15,33142
10741000001,15,33138
10746000022,15,33137
10751000014,15,33149
10755999999,15,33126
10761000025,15,33124
10766000012,15,33143
10771000002,15,33191
10776000024,15,33141
10781000013,15,33134
10786000007,15,33159
10791000027,15,33148
10796000012,15,33143
10801000008,15,33145
10806000025,15,33127
10811000017,15,33134
10816000007,15,33133
10821000026,15,33150
10826000018,15,33143
10831000007,15,33140
10836000028,15,33125
10841000018,15,33144
10846000007,15,33164
10851000026,15,33132
10856000020,15,33134
10861000011,15,33152
10866000030,15,33164
10871000021,15,33135
10876000010,15,33146
10881000000,15,33128
10886000019,15,33133
10891000009,15,33138
10896000003,15,33150
10901000023,15,33142
10906000013,15,33143
10911000002,15,33141
10916000021,15,33130
10921000012,15,33150
10926000002,15,33155
10931000025,15,33144
10936000012,15,33128
10941000007,15,33143
10946000026,15,33161
10951000016,15,33147
10956000007,15,33130
10961000024,15,33146
10966000016,15,33127
10971000008,15,33151
10976000027,15,33132
10981000019,15,33139
10986000005,15,33168
10991000029,15,33153
10996000017,15,33144
11001000006,15,33158
11006000031,15,33142
11011000020,15,33134
11016000009,15,33150
11021000030,15,33131
11026000021,15,33150
11031000012,15,33140
11035999998,15,33151
11041000022,15,33150
11046000010,15,33133
11051000002,15,33146
11056000022,15,33135
11061000012,15,33136
11066000001,15,33142
11071000023,15,33128
11076000013,15,33139
11081000006,15,33139
11086000022,15,33124
11091000012,15,33139
11096000006,15,33135
11101000024,15,33143
11106000013,15,33140
11111000005,15,33144
11116000025,15,33143
11121000015,15,33130
11126000009,15,33153
11131000030,15,33135
11136000016,15,33125
11141000006,15,33129
11146000025,15,33152
11151000017,15,33129
11156000008,15,33141
11161000029,15,33142
11166000018,15,33151
11171000008,15,33129
11176000030,15,33144
11181000021,15,33157
11186000008,15,33145
11190999998,15,33136
11196000022,15,33155
11201000010,15,33142
11205999999,15,33126
11211000022,15,33134
11216000012,15,33135
11221000000,15,33141
11226000023,15,33126
11231000015,15,33131
11236000003,15,33140
11241000024,15,33146
11246000014,15,33145
11251000003,15,33131
11256000025,15,33143
11261000015,15,33144
11266000003,15,33151
11271000027,15,33134
11276000016,15,33132
11281000005,15,33146
11286000026,15,33129
11291000016,15,33149
11296000007,15,33141
11301000028,15,33127
11306000019,15,33131
11311000010,15,33142
11316000027,15,33146
11321000019,15,33127
11326000007,15,33130
11331000031,15,33137
11336000022,15,33139
11341000012,15,33141
11346000001,15,33135
11351000023,15,33138
11356000008,15,33117
11361000002,15,33138
11366000022,15,33127
11371000014,15,33117
11376000002,15,33133
11381000022,15,33139
11386000015,15,33124
11391000005,15,33137
11396000026,15,33119
11401000012,15,33137
11406000005,15,33139
11411000027,15,33118
11416000013,15,33128
11421000007,15,33122
11426000025,15,33133
11431000015,15,33144
11436000007,15,33134
11441000028,15,33116
11446000017,15,33134
11451000007,15,33119
11456000027,15,33121
11461000017,15,33122
11466000007,15,33139
11471000029,15,33149
11476000018,15,33131
11481000009,15,33151
11486000030,15,33147
11491000021,15,33138
11496000010,15,33137
11500999996,15,33133
11506000021,15,33151
11511000013,15,33103
11516000000,15,33139
11521000023,15,33138
11526000014,15,33128
11531000003,15,33124
11536000022,15,33128
11541000014,15,33117
11546000003,15,33142
11551000022,15,33114
11556000016,15,33122
11561000005,15,33135
11566000026,15,33133
11571000015,15,33140
11576000002,15,33126
11581000027,15,33143
11586000017,15,33120
11591000006,15,33141
11596000028,15,33119
11601000018,15,33139
11606000008,15,33143
11611000027,15,33125
11616000016,15,33138
11621000007,15,33136
11626000027,15,33134
11631000022,15,33124
11636000008,15,33098
11641000029,15,33129
11646000019,15,33129
11651000010,15,33140
11656000000,15,33142
11661000020,15,33104
11666000010,15,33117
11671000002,15,33125
11676000021,15,33120
11681000014,15,33114
11686000002,15,33133
11691000023,15,33118
11696000012,15,33141
11701000002,15,33133
11706000022,15,33123
11711000013,15,33139
11716000003,15,33150
11721000025,15,33133
11726000016,15,33142
11731000006,15,33104
11736000027,15,33126
11741000015,15,33130
11746000005,15,33139
11751000024,15,33146
11756000019,15,33128
11761000008,15,33115
11766000030,15,33128
11771000020,15,33132
11776000008,15,33129
11781000031,15,33130
11786000018,15,33144
11791000010,15,33138
11796000030,15,33132
11801000020,15,33141
11806000008,15,33138
11811000000,15,33147
11816000022,15,33139
11821000012,15,33130
11826000004,15,33127
11831000023,15,33134
11836000013,15,33126
11841000002,15,33157
11846000024,15,33151
11851000011,15,33119
11856000003,15,33105
11861000024,15,33140
11866000011,15,33123
11871000005,15,33113
11876000026,15,33131
11881000015,15,33129
11886000004,15,33133
11891000028,15,33140
11896000013,15,33130
11901000004,15,33148
11906000028,15,33126
11911000018,15,33131
11916000007,15,33132
11921000025,15,33128
11926000018,15,33122
11931000010,15,33128
11936000030,15,33118
11941000018,15,33131
11946000006,15,33120
11951000029,15,33125
11956000022,15,33112
11961000008,15,33134
11966000002,15,33131
11971000020,15,33122
11976000011,15,33152
11981000002,15,33128
11986000022,15,33117
11991000011,15,33141
11996000002,15,33127
12001000023,15,33104
12006000014,15,33141
12011000002,15,33132
12016000026,15,33123
12021000014,15,33122
12026000005,15,33117
12031000026,15,33135
12036000016,15,33132
12041000006,15,33149
12046000024,15,33108
12051000016,15,33106
12056000006,15,33124
12061000027,15,33130
12066000015,15,33102
12071000008,15,33143
12076000026,15,33130
12081000019,15,33134
12086000006,15,33124
12091000031,15,33134
12096000017,15,33118
12101000009,15,33121
12106000029,15,33128
12111000023,15,33120
12116000013,15,33132
12121000001,15,33119
12126000025,15,33127
12131000010,15,33135
12136000000,15,33122
12141000023,15,33140
12146000010,15,33128
12150999999,15,33130
12156000020,15,33135
12161000013,15,33133
12166000002,15,33118
12171000024,15,33120
12176000017,15,33141
12181000005,15,33139
12186000022,15,33123
12191000015,15,33120
12196000005,15,33139
12201000027,15,33123
12206000019,15,33134
12211000007,15,33135
12216000028,15,33122
12221000017,15,33139
12226000008,15,33118
12231000027,15,33137
12236000020,15,33139
12241000008,15,33143
12246000030,15,33120
12251000019,15,33138
12256000008,15,33136
12261000030,15,33143
12266000015,15,33139
12271000012,15,33130
12276000000,15,33112
12281000022,15,33118
12286000012,15,33128
12291000000,15,33132
12296000023,15,33134
12301000012,15,33116
12306000003,15,33137
12311000021,15,33132
12316000013,15,33119
12321000006,15,33125
12326000026,15,33132
12331000016,15,33117
12336000005,15,33122
12341000025,15,33124
12346000012,15,33121
12351000005,15,33133
12356000024,15,33122
12361000015,15,33131
12366000006,15,33115
12371000028,15,33133
12376000018,15,33132
12381000008,15,33117
12386000026,15,33119
12391000015,15,33140
12396000010,15,33140
12401000028,15,33129
12406000018,15,33124
12411000009,15,33123
12416000032,15,33147
12421000019,15,33142
12426000010,15,33118
12431000001,15,33139
12436000021,15,33127
12441000013,15,33138
12446000000,15,33129
12451000021,15,33116
12456000012,15,33123
12461000001,15,33128
12466000023,15,33133
12471000012,15,33130
12476000002,15,33122
12481000025,15,33145
12486000017,15,33153
12491000005,15,33120
12496000025,15,33146
12501000014,15,33113
12506000005,15,33120
12511000027,15,33114
12516000015,15,33109
12521000005,15,33123
12526000029,15,33122
12531000019,15,33109
12536000002,15,33125
12541000027,15,33130
12546000019,15,33127
12551000007,15,33118
12556000029,15,33144
12561000019,15,33107
12566000008,15,33140
12571000030,15,33121
12576000018,15,33117
12581000011,15,33119
12586000004,15,33131
12591000021,15,33114
12596000012,15,33109
12601000002,15,33140
12606000019,15,33110
12611000012,15,33130
12615999999,15,33127
12621000024,15,33127
12626000012,15,33116
12631000003,15,33123
12636000025,15,33127
12641000015,15,33142
12646000001,15,33113
12651000025,15,33125
12656000016,15,33146
12661000006,15,33135
12666000028,15,33128
12671000017,15,33130
12676000004,15,33108
12681000028,15,33129
12686000016,15,33136
12691000008,15,33122
12696000029,15,33097
12701000018,15,33138
12706000008,15,33102
12711000027,15,33131
12716000019,15,33115
12721000009,15,33105
12726000031,15,33141
12731000020,15,33135
12736000009,15,33125
12741000002,15,33136
12746000022,15,33117
12751000012,15,33131
12756000001,15,33125
12761000023,15,33117
12766000016,15,33122
12771000003,15,33106
12776000023,15,33136
12781000012,15,33123
12786000002,15,33103
12791000025,15,33142
12796000017,15,33123
12801000004,15,33131
12806000020,15,33112
12811000017,15,33122
12816000007,15,33115
12821000028,15,33135
12826000016,15,33112
12831000005,15,33130
12836000026,15,33136
12841000017,15,33127
12846000009,15,33126
12851000027,15,33130
12856000017,15,33125
12861000009,15,33113
12866000027,15,33148
12871000016,15,33117
12876000008,15,33134
12881000029,15,33119
12886000018,15,33123
12891000012,15,33116
12896000003,15,33118
12901000020,15,33119
12906000012,15,33102
12911000002,15,33100
12916000022,15,33136
12921000013,15,33116
12926000002,15,33125
12931000024,15,33120
12936000013,15,33103
12941000002,15,33122
12946000023,15,33115
12951000012,15,33108
12956000003,15,33119
12961000023,15,33129
12966000017,15,33119
12971000005,15,33104
12976000025,15,33099
12981000017,15,33122
12986000006,15,33109
12991000029,15,33133
12996000016,15,33126
13001000008,15,33150
13006000028,15,33113
13011000019,15,33137
13016000009,15,33133
13021000028,15,33118
13026000017,15,33102
13031000009,15,33114
13036000030,15,33105
13041000019,15,33116
13046000008,15,33110
13050999997,15,33120
13056000019,15,33118
13061000012,15,33094
13065999999,15,33111
13071000022,15,33118
13076000013,15,33112
13081000000,15,33132
13086000023,15,33128
13091000014,15,33129
13096000004,15,33125
13101000027,15,33113
13106000014,15,33127
13111000002,15,33123
13116000027,15,33138
13121000015,15,33121
13126000004,15,33124
13131000028,15,33127
13136000016,15,33114
13141000005,15,33129
13146000029,15,33112
13151000020,15,33119
13156000007,15,33109
13161000029,15,33109
13166000019,15,33122
13171000010,15,33115
13176000031,15,33123
13181000017,15,33123
13186000010,15,33119
13191000029,15,33128
13196000022,15,33116
13201000010,15,33113
13205999997,15,33136
13211000020,15,33112
13216000011,15,33109
13221000001,15,33114
13226000020,15,33132
13231000012,15,33131
13236000002,15,33122
13241000024,15,33109
13246000013,15,33117
13251000002,15,33124
13256000026,15,33110
13261000015,15,33109
13266000004,15,33109
13271000025,15,33127
13276000015,15,33111
13281000002,15,33100
13286000026,15,33111
13291000018,15,33110
13296000007,15,33103
13301000029,15,33127
13306000019,15,33116
13311000007,15,33126
13316000028,15,33101
13321000020,15,33132
13326000008,15,33120
13331000030,15,33128
13336000019,15,33127
13341000007,15,33114
13346000031,15,33093
13351000021,15,33127
13356000010,15,33115
13360999999,15,33123
13366000020,15,33105
13371000010,15,33114
13376000000,15,33113
13381000024,15,33110
13386000010,15,33128
13391000005,15,33122
13396000021,15,33101
13401000014,15,33116
13406000000,15,33107
13411000025,15,33113
13416000015,15,33094
13421000003,15,33084
13426000023,15,33106
13431000013,15,33101
13436000004,15,33108
13441000026,15,33117
13446000019,15,33088
13451000008,15,33124
13456000026,15,33104
13461000017,15,33110
13466000007,15,33120
13471000027,15,33094
13476000014,15,33112
13481000011,15,33118
13486000028,15,33119
13491000018,15,33104
13496000010,15,33117
13501000031,15,33106
13506000018,15,33089
13511000010,15,33122
13515999999,15,33123
13521000020,15,33102
13526000011,15,33114
13531000001,15,33109
13536000023,15,33115
13541000016,15,33120
13546000004,15,33127
13551000024,15,33122
13556000011,15,33110
13561000002,15,33116
13566000023,15,33128
13571000011,15,33110
13576000004,15,33118
13581000023,15,33122
13586000015,15,33127
13591000007,15,33115
13596000028,15,33112
13601000017,15,33117
13606000008,15,33116
13611000030,15,33093
13616000019,15,33117
13621000007,15,33120
13626000029,15,33124
13631000017,15,33086
13636000007,15,33129
13641000029,15,33101
13646000020,15,33111
13651000010,15,33108
13656000028,15,33117
13661000020,15,33096
13666000012,15,33113
13671000001,15,33093
13676000021,15,33122
13681000012,15,33100
13685999998,15,33111
13691000021,15,33104
13696000013,15,33097
13701000002,15,33106
13706000024,15,33098
13711000014,15,33098
13716000004,15,33099
13721000022,15,33102
13726000015,15,33080
13731000003,15,33125
13736000026,15,33112
13741000017,15,33116
13746000005,15,33119
13751000025,15,33111
13756000013,15,33100
13761000001,15,33116
13766000027,15,33098
13771000018,15,33102
13776000009,15,33120
13781000026,15,33112
13786000021,15,33112
13791000005,15,33110
13796000026,15,33112
13801000020,15,33111
13806000008,15,33105
13811000029,15,33105
13816000022,15,33113
13821000011,15,33107
13826000000,15,33108
13831000020,15,33098
13836000010,15,33113
13840999997,15,33108
13846000020,15,33094
13851000011,15,33100
13856000003,15,33097
13861000023,15,33086
13866000011,15,33091
13871000002,15,33123
13876000024,15,33106
13881000014,15,33104
13886000003,15,33111
13891000025,15,33118
13896000016,15,33107
13901000004,15,33096
13906000027,15,33103
13911000016,15,33123
13916000007,15,33105
13921000026,15,33095
13926000019,15,33110
13931000008,15,33142
13936000028,15,33096
13941000020,15,33113
13946000006,15,33103
13951000031,15,33110
13956000022,15,33115
13961000009,15,33113
13966000032,15,33116
13971000019,15,33132
13976000009,15,33087
13981000001,15,33113
13986000021,15,33115
13991000010,15,33108
13995999998,15,33080
14001000022,15,33092
14006000012,15,33103
14011000004,15,33115
14016000024,15,33105
14021000011,15,33097
14026000002,15,33102
14031000025,15,33091
14036000014,15,33105
14041000001,15,33100
14046000026,15,33099
14051000015,15,33106
14056000004,15,33094
14061000025,15,33097
14066000015,15,33120
14071000006,15,33109
14076000028,15,33108
14081000019,15,33108
14086000007,15,33116
14091000028,15,33112
14096000018,15,33121
14101000009,15,33101
14106000031,15,33088
14111000019,15,33099
14116000008,15,33108
14121000030,15,33122
14126000022,15,33087
14131000012,15,33107
14136000001,15,33101
14141000020,15,33101
14146000012,15,33121
14151000001,15,33093
14156000024,15,33105
14161000010,15,33116
14166000000,15,33118
14171000024,15,33123
14176000014,15,33101
14181000001,15,33099
14186000022,15,33092
14191000012,15,33111
14196000005,15,33086
14201000025,15,33110
14206000017,15,33105
14211000005,15,33102
14216000027,15,33097
14221000015,15,33107
14226000008,15,33087
14231000027,15,33097
14236000018,15,33099
14241000007,15,33099
14246000027,15,33101
14251000018,15,33099
14256000008,15,33097
14261000029,15,33109
14266000019,15,33112
14271000008,15,33106
14276000030,15,33096
14281000021,15,33100
14286000011,15,33119
14290999998,15,33106
14296000021,15,33086
14301000012,15,33117
14306000002,15,33103
14311000023,15,33094
14316000012,15,33096
14321000001,15,33103
14326000022,15,33123
14331000013,15,33101
14336000004,15,33089
14341000024,15,33091
14346000014,15,33109
14351000005,15,33121
14356000025,15,33116
14361000013,15,33096
14366000003,15,33111
14371000026,15,33105
14376000015,15,33103
14381000005,15,33109
14386000027,15,33133
14391000017,15,33111
14396000008,15,33091
14401000030,15,33102
14406000019,15,33106
14411000010,15,33098
14416000030,15,33102
14421000016,15,33107
14426000009,15,33123
14431000029,15,33126
14436000019,15,33093
14441000011,15,33100
14445999997,15,33097
14451000020,15,33109
14456000012,15,33102
14460999996,15,33098
14466000021,15,33101
14471000011,15,33085
14476000001,15,33109
14481000024,15,33109
14486000011,15,33109
14491000000,15,33097
14496000026,15,33084
14501000014,15,33099
14506000007,15,33094
14511000026,15,33105
14516000015,15,33093
14521000006,15,33101
14526000024,15,33094
14531000017,15,33102
14536000007,15,33112
14541000030,15,33084
14546000020,15,33099
14551000009,15,33096
14556000029,15,33090
14561000021,15,33108
14566000008,15,33117
14571000028,15,33094
14576000021,15,33110
14581000009,15,33111
14586000028,15,33103
14591000018,15,33095
14596000012,15,33106
14601000004,15,33097
14606000020,15,33096
14611000010,15,33104
14616000001,15,33102
14621000020,15,33094
14626000011,15,33081
14631000000,15,33115
14636000023,15,33098
14641000014,15,33105
14646000001,15,33108
14651000027,15,33101
14656000014,15,33073
14661000001,15,33106
14666000027,15,33096
14671000015,15,33094
14676000004,15,33098
14681000025,15,33104
14686000016,15,33102
14691000005,15,33111
14696000028,15,33116
14701000017,15,33087
14706000005,15,33111
14711000027,15,33087
14716000018,15,33104
14721000005,15,33089
14726000030,15,33099
14731000019,15,33126
14736000010,15,33108
14741000030,15,33091
14746000021,15,33100
14751000011,15,33081
14755999998,15,33100
14761000019,15,33105
14766000011,15,33096
14771000003,15,33103
14776000024,15,33123
14781000015,15,33097
14786000001,15,33097
14791000025,15,33111
14796000012,15,33102
14801000003,15,33095
14806000023,15,33102
14811000014,15,33104
14816000003,15,33093
14821000026,15,33102
14826000017,15,33091
14831000003,15,33085
14836000027,15,33114
14841000016,15,33102
14846000006,15,33087
14851000027,15,33075
14856000016,15,33127
14861000003,15,33116
14866000028,15,33093
14871000019,15,33097
14876000008,15,33096
14881000030,15,33111
14886000016,15,33086
14891000009,15,33105
14896000029,15,33092
14901000018,15,33084
14906000010,15,33085
14911000001,15,33094
14916000019,15,33115
14921000011,15,33086
14925999999,15,33085
14931000022,15,33099
14936000013,15,33096
14940999999,15,33096
14946000023,15,33099
14951000010,15,33105
14956000004,15,33079
14961000027,15,33111
14966000015,15,33099
14971000002,15,33086
14976000026,15,33104
14981000016,15,33090
14986000005,15,33106
14991000029,15,33098
14996000016,15,33090
15001000007,15,33095
15006000028,15,33093
15011000015,15,33071
15016000004,15,33094
15021000030,15,33093
15026000019,15,33087
15031000008,15,33099
15036000029,15,33117
15041000017,15,33107
15046000008,15,33102
15051000032,15,33076
15056000017,15,33070
15061000015,15,33085
15066000002,15,33101
15071000021,15,33088
15076000010,15,33085
15080999997,15,33090
15086000021,15,33104
15091000011,15,33103
15096000002,15,33077
15101000025,15,33087
15106000012,15,33094
15111000002,15,33084
15116000024,15,33108
15121000015,15,33105
15126000002,15,33101
15131000024,15,33113
15136000013,15,33104
15141000005,15,33093
15146000026,15,33113
15151000017,15,33095
15156000003,15,33103
15161000026,15,33105
15166000018,15,33110
15171000006,15,33074
15176000028,15,33103
15181000020,15,33112
15186000008,15,33083
15191000031,15,33079
15196000018,15,33081
15201000007,15,33084
15206000028,15,33092
15211000018,15,33076
15216000009,15,33080
15221000001,15,33082
15226000024,15,33094
15231000011,15,33103
15236000001,15,33097
15241000019,15,33078
15246000011,15,33086
15251000003,15,33097
15256000024,15,33099
15261000011,15,33101
15266000003,15,33094
15271000022,15,33096
15276000015,15,33093
15281000004,15,33092
15286000025,15,33083
15291000015,15,33082
15296000006,15,33104
15301000024,15,33081
15306000018,15,33112
15311000007,15,33093
15316000026,15,33093
15321000017,15,33103
15326000005,15,33091
15331000026,15,33097
15336000017,15,33079
15341000003,15,33106
15346000031,15,33108
15351000018,15,33087
15356000010,15,33102
15361000030,15,33075
15366000022,15,33097
15371000010,15,33089
15376000000,15,33107
15381000021,15,33096
15386000010,15,33096
15390999999,15,33084
15396000021,15,33093
15401000013,15,33095
15406000004,15,33103
15411000023,15,33088
15416000011,15,33094
15421000004,15,33076
15426000027,15,33113
15431000014,15,33086
15436000001,15,33077
15441000025,15,33101
15446000014,15,33087
15451000005,15,33094
15456000028,15,33083
15461000014,15,33107
15466000004,15,33105
15471000028,15,33079
15476000018,15,33083
15481000008,15,33087
15486000028,15,33089
15491000022,15,33080
15496000009,15,33065
15501000029,15,33076
15506000021,15,33075
15511000008,15,33092
15516000031,15,33095
15521000019,15,33100
15526000011,15,33087
15531000000,15,33063
15536000022,15,33069
15541000011,15,33072
15546000000,15,33076
15551000020,15,33084
15556000015,15,33067
15561000003,15,33091
15566000022,15,33078
15571000014,15,33087
15576000004,15,33095
15581000025,15,33079
15586000015,15,33090
15591000004,15,33110
15596000027,15,33083
15601000017,15,33070
15606000004,15,33089
15611000028,15,33092
15616000016,15,33100
15621000005,15,33068
15626000026,15,33059
15631000017,15,33094
15636000008,15,33085
15641000029,15,33088
15646000018,15,33089
15651000008,15,33053
15656000026,15,33102
15661000019,15,33079
15666000007,15,33083
15671000029,15,33087
15676000018,15,33085
15681000011,15,33088
15685999999,15,33082
15691000018,15,33072
15696000010,15,33100
15701000001,15,33073
15706000023,15,33076
15711000013,15,33081
15716000003,15,33099
15721000020,15,33082
15726000012,15,33076
15731000003,15,33074
15736000026,15,33084
15741000015,15,33086
15746000004,15,33097
15751000029,15,33070
15756000015,15,33097
15761000005,15,33081
15766000023,15,33102
15771000017,15,33071
15776000007,15,33073
15781000026,15,33065
15786000018,15,33090
15791000008,15,33092
15796000027,15,33076
15801000021,15,33081
15806000009,15,33058
15811000029,15,33098
15816000021,15,33104
15821000007,15,33095
15826000033,15,33084
15831000020,15,33100
15836000010,15,33086
15840999999,15,33100
15846000022,15,33083
15851000014,15,33088
15856000000,15,33068
15861000022,15,33096
15866000013,15,33089
15871000004,15,33074
15876000026,15,33078
15881000016,15,33070
15886000003,15,33081
15891000024,15,33091
15896000013,15,33067
15901000003,15,33065
15906000024,15,33088
15911000013,15,33070
15916000003,15,33064
15921000024,15,33058
15926000018,15,33062
15931000007,15,33082
15936000024,15,33094
15941000013,15,33089
15946000010,15,33064
15951000028,15,33078
15956000017,15,33086
15961000007,15,33093
15966000027,15,33091
15971000016,15,33085
15976000011,15,33071
15981000028,15,33093
15986000021,15,33077
15991000006,15,33068
15996000000,15,33086
16001000020,15,33099
16006000013,15,33072
16011000001,15,33074
16016000023,15,33065
16021000012,15,33065
16026000004,15,33073
16031000024,15,33080
16036000011,15,33067
16041000003,15,33081
16046000026,15,33095
16051000017,15,33055
16056000004,15,33076
16061000027,15,33053
16066000014,15,33068
16071000005,15,33074
16076000027,15,33090
16081000018,15,33059
16086000007,15,33077
16091000027,15,33059
16096000018,15,33093
16101000007,15,33064
16106000027,15,33071
16111000017,15,33086
16116000005,15,33071
16121000029,15,33059
16126000019,15,33097
16131000008,15,33083
16136000032,15,33098
16141000019,15,33087
16146000010,15,33076
16151000000,15,33063
16156000022,15,33076
16161000011,15,33079
16166000001,15,33056
16171000024,15,33080
16176000014,15,33057
16181000001,15,33066
16186000024,15,33077
16191000013,15,33076
16196000003,15,33070
16201000025,15,33088
16206000016,15,33069
16211000003,15,33085
16216000024,15,33072
16221000016,15,33069
16226000004,15,33088
16231000027,15,33060
16236000016,15,33075
16241000006,15,33065
16246000027,15,33072
16251000018,15,33044
16256000006,15,33082
16261000028,15,33064
16266000018,15,33061
16271000011,15,33062
16276000027,15,33077
16281000021,15,33062
16286000007,15,33058
16291000028,15,33056
16296000018,15,33062
16301000012,15,33051
16306000002,15,33061
16311000021,15,33067
16316000013,15,33068
16321000001,15,33055
16326000023,15,33087
16331000012,15,33050
16336000002,15,33068
16341000023,15,33060
16346000013,15,33077
16351000006,15,33071
16356000026,15,33059
16361000015,15,33083
16366000004,15,33066
16371000026,15,33069
16376000014,15,33059
16381000006,15,33066
16386000026,15,33074
16391000014,15,33070
16396000006,15,33047
16401000025,15,33068
16406000017,15,33077
16411000008,15,33067
16416000027,15,33082
16421000020,15,33076
16426000006,15,33060
16431000029,15,33063
16436000019,15,33078
16441000009,15,33065
16446000031,15,33073
16451000020,15,33087
16456000010,15,33084
16461000001,15,33080
16466000020,15,33071
16471000011,15,33066
16476000001,15,33063
16481000021,15,33077
16486000011,15,33072
16491000003,15,33080
16496000025,15,33088
16501000016,15,33055
16506000001,15,33066
16511000026,15,33055
16516000015,15,33056
16521000004,15,33084
16526000024,15,33076
16531000016,15,33070
16536000003,15,33069
16541000028,15,33073
16546000015,15,33068
16551000008,15,33069
16556000028,15,33073
16561000015,15,33083
16566000008,15,33066
16571000030,15,33062
16576000016,15,33079
16581000008,15,33066
16586000030,15,33053
16591000019,15,33077
16596000009,15,33072
16601000029,15,33081
16606000021,15,33063
16611000009,15,33056
16616000000,15,33074
16621000022,15,33056
16626000009,15,33077
16631000001,15,33074
16636000022,15,33066
16641000011,15,33062
16646000002,15,33070
16651000021,15,33048
16656000012,15,33076
16661000005,15,33054
16666000027,15,33074
16671000015,15,33087
16676000007,15,33049
16681000027,15,33061
16686000015,15,33053
16691000004,15,33056
16696000025,15,33045
16701000015,15,33052
16706000007,15,33059
16711000027,15,33077
16716000015,15,33085
16721000006,15,33055
16726000026,15,33062
16731000018,15,33056
16736000007,15,33064
16741000027,15,33056
16746000019,15,33038
16751000011,15,33067
16756000032,15,33083
16761000021,15,33050
16766000012,15,33064
16771000000,15,33062
16776000019,15,33066
16781000011,15,33072
16786000001,15,33055
16791000023,15,33043
16796000013,15,33053
16801000002,15,33067
16806000023,15,33047
16811000012,15,33049
16816000002,15,33062
16821000025,15,33066
16826000013,15,33063
16831000002,15,33059
16836000026,15,33069
16841000016,15,33073
16846000004,15,33092
16851000026,15,33081
16856000014,15,33066
16861000005,15,33066
16866000026,15,33088
16871000014,15,33062
16876000006,15,33057
16881000030,15,33046
16886000020,15,33058
16891000008,15,33054
16896000030,15,33055
16901000020,15,33064
16906000007,15,33037
16911000029,15,33071
16916000023,15,33053
16921000013,15,33057
16925999999,15,33048
16931000022,15,33042
16936000013,15,33072
16941000003,15,33048
16946000022,15,33061
16951000015,15,33073
16956000004,15,33055
16961000021,15,33055
16966000013,15,33045
16971000001,15,33059
16976000023,15,33057
16981000013,15,33061
16986000003,15,33062
16991000025,15,33047
16996000014,15,33051
17001000006,15,33051
17006000028,15,33058
17011000014,15,33042
17016000007,15,33060
17021000027,15,33052
17026000017,15,33049
17031000009,15,33046
17036000023,15,33042
17041000021,15,33052
17046000006,15,33058
17051000029,15,33054
17056000021,15,33051
17061000007,15,33056
17066000028,15,33054
17071000018,15,33054
17076000008,15,33070
17081000000,15,33070
17086000021,15,33060
17091000012,15,33060
17095999999,15,33068
17101000022,15,33061
17106000013,15,33047
17111000000,15,33064
17116000025,15,33058
17121000014,15,33044
17126000003,15,33052
17131000022,15,33051
17136000013,15,33059
17141000004,15,33065
17146000025,15,33064
17151000016,15,33056
17156000003,15,33060
17161000027,15,33053
17166000015,15,33056
17171000004,15,33055
17176000025,15,33057
17181000018,15,33040
17186000009,15,33052
17191000028,15,33042
17196000018,15,33032
17201000008,15,33069
17206000030,15,33040
17211000021,15,33039
17216000008,15,33056
17221000030,15,33049
17226000019,15,33058
17231000011,15,33058
17235999998,15,33048
17241000021,15,33027
17246000010,15,33046
17251000000,15,33048
17256000021,15,33049
17261000011,15,33040
17266000003,15,33052
17271000024,15,33038
17276000008,15,33035
17281000001,15,33045
17286000025,15,33042
17291000014,15,33057
17296000002,15,33059
17301000025,15,33054
17306000013,15,33047
17311000006,15,33042
17316000028,15,33026
17321000016,15,33043
17326000007,15,33051
17331000027,15,33055
17336000015,15,33047
17341000005,15,33040
17346000028,15,33046
17351000020,15,33056
17356000009,15,33031
17361000032,15,33041
17366000020,15,33040
17371000009,15,33039
17376000032,15,33059
17381000021,15,33037
17386000013,15,33053
17390999999,15,33053
17396000021,15,33053
17401000010,15,33051
17406000000,15,33046
17411000022,15,33042
17416000013,15,33051
17421000003,15,33026
17426000022,15,33043
17431000010,15,33052
17436000003,15,33058
17441000025,15,33051
17446000014,15,33034
17451000004,15,33055
17456000027,15,33051
17461000015,15,33045
17466000005,15,33054
17471000029,15,33063
17476000018,15,33038
17481000008,15,33046
17486000027,15,33045
17491000016,15,33061
17496000009,15,33040
17501000026,15,33051
17506000018,15,33043
17511000009,15,33054
17516000029,15,33041
17521000019,15,33053
17526000008,15,33019
17531000032,15,33078
17536000020,15,33029
17541000006,15,33067
17546000002,15,33058
17551000023,15,33051
17556000010,15,33071
17560999999,15,33043
17566000023,15,33052
17571000014,15,33045
17575999999,15,33048
17581000023,15,33054
17586000012,15,33066
17591000005,15,33050
17596000024,15,33048
17601000014,15,33050
17606000002,15,33040
17611000023,15,33045
17616000015,15,33044
17621000000,15,33089
17626000025,15,33035
17631000013,15,33026
17636000006,15,33046
17641000028,15,33052
17646000017,15,33040
17651000009,15,33047
17656000028,15,33036
17661000019,15,33043
17666000009,15,33032
17671000030,15,33033
17676000019,15,33048
17681000009,15,33037
17686000031,15,33036
17691000020,15,33028
17696000007,15,33037
17701000003,15,33066
17706000019,15,33030
17711000010,15,33050
17716000002,15,33052
17721000024,15,33033
17726000010,15,33054
17731000000,15,33049
17736000024,15,33036
17741000013,15,33042
17746000003,15,33037
17751000023,15,33045
17756000013,15,33048
17761000007,15,33047
17766000024,15,33068
17771000016,15,33039
17776000004,15,33032
17781000027,15,33073
17786000016,15,33022
17791000005,15,33044
17796000028,15,33039
17801000018,15,33043
17806000006,15,33026
17811000026,15,33039
17816000019,15,33031
17821000007,15,33039
17826000029,15,33044
17831000018,15,33031
17836000008,15,33044
17841000032,15,33037
17846000020,15,33036
17851000013,15,33051
17855999998,15,33022
17861000021,15,33043
17866000011,15,33042
17871000000,15,33028
17876000026,15,33031
17881000013,15,33030
17886000000,15,33050
17891000024,15,33041
17896000014,15,33053
17901000006,15,33050
17906000024,15,33035
17911000015,15,33045
17916000004,15,33044
17921000025,15,33046
17926000014,15,33013
17931000004,15,33042
17936000027,15,33032
17941000015,15,33048
17946000007,15,33038
17951000030,15,33051
17956000016,15,33017
17961000005,15,33059
17966000027,15,33045
17971000019,15,33042
17976000007,15,33045
17981000028,15,33037
17986000022,15,33017
17991000005,15,33038
17996000032,15,33044
18001000023,15,33024
18006000011,15,33028
18010999997,15,33047
18016000022,15,33034
18021000009,15,33045
18026000002,15,33011
18031000028,15,33029
18036000009,15,33039
18041000004,15,33023
18046000021,15,33039
18051000013,15,33025
18056000002,15,33043
18061000024,15,33033
18066000013,15,33039
18071000003,15,33049
18076000024,15,33045
18081000016,15,33028
18086000006,15,33020
18091000026,15,33046
18096000015,15,33045
18101000008,15,33016
18106000029,15,33034
18111000017,15,33036
18116000006,15,33033
18121000029,15,33024
18126000018,15,33047
18131000010,15,33043
18136000028,15,33030
18141000018,15,33058
18146000008,15,33022
18151000030,15,33042
18156000019,15,33043
18161000010,15,33029
18166000001,15,33038
18171000021,15,33038
18176000011,15,33029
18181000002,15,33044
18186000021,15,33045
18191000011,15,33030
18196000002,15,33037
18201000022,15,33029
18206000012,15,33045
18211000002,15,33030
18216000024,15,33033
18221000014,15,33019
18226000004,15,33036
18231000027,15,33038
18236000015,15,33023
18241000003,15,33039
18246000028,15,33038
18251000015,15,33042
18256000005,15,33031
18261000028,15,33042
18266000015,15,33022
18271000005,15,33024
18276000026,15,33039
18281000016,15,33035
18286000008,15,33027
18291000026,15,33043
18296000020,15,33023
18301000010,15,33048
18306000029,15,33041
18311000022,15,33052
18316000010,15,33035
18321000000,15,33046
18326000021,15,33033
18331000012,15,33025
18335999999,15,33021
18341000019,15,33040
18346000012,15,33038
18351000002,15,33025
18356000022,15,33024
18361000015,15,33029
18366000003,15,33020
18371000022,15,33052
18376000013,15,33037
18381000003,15,33027
18386000025,15,33020
18391000015,15,33029
18396000003,15,33027
18401000024,15,33020
18406000017,15,33011
18411000009,15,33025
18416000027,15,33033
18421000018,15,33044
18426000010,15,33016
18431000029,15,33026
18436000017,15,33043
18441000009,15,33020
18446000028,15,33036
18451000017,15,33024
18456000011,15,33027
18461000028,15,33028
18466000021,15,33029
18471000008,15,33021
18475999997,15,33022
18481000020,15,33019
18486000012,15,33009
18491000002,15,33042
18496000021,15,33027
18501000013,15,33015
18506000001,15,33011
18511000022,15,33025
18516000015,15,33024
18521000002,15,33017
18526000026,15,33000
18531000011,15,33032
18536000004,15,33021
18541000026,15,33038
18546000014,15,33017
18551000004,15,33029
18556000025,15,33017
18561000017,15,33027
18566000005,15,33041
18571000027,15,33021
18576000017,15,33013
18581000009,15,33044
18586000029,15,33016
18591000019,15,33035
18596000008,15,33008
18601000034,15,33016
18606000015,15,33037
18611000007,15,33020
18616000029,15,33029
18621000022,15,33021
18626000009,15,33005
18631000000,15,33031
18636000021,15,33016
18641000010,15,33017
18646000001,15,33026
18651000022,15,33019
18656000011,15,33008
18661000001,15,33031
18666000023,15,33019
18671000014,15,33024
18676000004,15,33022
18681000024,15,33033
18686000017,15,33012
18691000006,15,33025
18696000025,15,33022
18701000014,15,33026
18706000006,15,33015
18711000027,15,33045
18716000016,15,33022
18721000007,15,33017
18726000027,15,33014
18731000015,15,33029
18736000006,15,33017
18741000028,15,33012
18746000018,15,33042
18751000009,15,33028
18756000028,15,33020
18761000019,15,33010
18766000010,15,33011
18771000032,15,33025
18776000019,15,33010
18781000011,15,32999
18786000002,15,32995
18791000019,15,33019
18796000011,15,33021
18801000001,15,33004
18806000021,15,33018
18811000014,15,33026
18816000003,15,33009
18821000020,15,33030
18826000015,15,33015
18831000003,15,33021
18836000023,15,33016
18841000015,15,33023
18846000006,15,33015
18851000028,15,33029
18856000016,15,33011
18861000005,15,33026
18866000024,15,33024
18871000015,15,33021
18876000004,15,33008
18881000027,15,33035
18886000018,15,33008
18891000006,15,33026
18896000028,15,32998
18901000017,15,33015
18906000008,15,33008
18911000030,15,33018
18916000019,15,33002
18921000007,15,33016
18926000027,15,33002
18931000021,15,33014
18936000008,15,33015
18941000001,15,33006
18946000020,15,33003
18951000009,15,33005
18956000001,15,33021
18961000021,15,33005
18966000011,15,33004
18971000002,15,33030
18976000021,15,33017
18981000013,15,33002
18986000004,15,33019
18991000023,15,33003
18996000013,15,33005
19001000003,15,33020
19006000025,15,33000
19011000016,15,32995
19016000005,15,33002
19021000025,15,33016
19026000017,15,33028
19031000006,15,33005
19036000026,15,33018
19041000018,15,33010
19046000006,15,33004
19051000025,15,33017
19056000017,15,33010
19061000006,15,33016
19066000029,15,33001
19071000018,15,33010
19076000009,15,33027
19081000029,15,33009
19086000019,15,33000
19091000011,15,33021
19096000000,15,32995
19101000023,15,33008
19106000014,15,33013
19111000002,15,32993
19116000025,15,33027
19121000013,15,33019
19126000005,15,33003
19131000024,15,33019
19136000012,15,32992
19141000003,15,33022
19146000023,15,32999
19151000013,15,33004
19156000004,15,33017
19161000025,15,33007
19166000015,15,33004
19171000006,15,33007
19176000025,15,33014
19181000017,15,33006
19186000003,15,33006
19191000030,15,33019
19196000015,15,32988
19201000010,15,33021
19206000027,15,33007
19211000017,15,33013
19216000010,15,32997
19221000031,15,33025
19226000016,15,33005
19231000009,15,33021
19236000027,15,33013
19241000020,15,33010
19246000010,15,33006
19250999999,15,32977
19256000021,15,33010
19261000010,15,32999
19266000001,15,32996
19271000021,15,33020
19276000011,15,32991
19281000000,15,33026
19286000023,15,33021
19291000013,15,33003
19296000004,15,33006
19301000026,15,32999
19306000014,15,32998
19311000006,15,33011
19316000026,15,33009
19321000014,15,33013
19326000003,15,33000
19331000026,15,33002
19336000017,15,33018
19341000006,15,33006
19346000026,15,33000
19351000017,15,33010
19356000008,15,32986
19361000027,15,33018
19366000017,15,33012
19371000008,15,33014
19376000029,15,33012
19381000019,15,33011
19386000008,15,32989
19391000030,15,33025
19396000019,15,33010
19401000009,15,33004
19405999999,15,33012
19411000020,15,33008
19416000009,15,32991
19420999998,15,33010
19426000023,15,33003
19431000010,15,32996
19436000001,15,32998
19441000022,15,33014
19446000014,15,32967
19451000003,15,33006
19456000022,15,33018
19461000013,15,32987
19466000005,15,32992
19471000023,15,32995
19476000014,15,33004
19481000004,15,33003
19486000026,15,32988
19491000016,15,33005
19496000004,15,33012
19501000028,15,33007
19506000017,15,33010
19511000006,15,33013
19516000029,15,33014
19521000017,15,32987
19526000006,15,32987
19531000029,15,33012
19536000022,15,33005
19541000008,15,33010
19546000030,15,33000
19551000021,15,33009
19556000011,15,32996
19561000000,15,32991
19566000019,15,33007
19571000013,15,32981
19575999997,15,32996
19581000023,15,32988
19586000012,15,32988
19591000000,15,32989
19596000021,15,32990
19601000012,15,32988
19606000002,15,32991
19611000023,15,32987
19616000012,15,33016
19621000003,15,33007
19626000025,15,32984
19631000015,15,33013
19636000003,15,33006
19641000024,15,32999
19646000016,15,32988
19651000009,15,33008
19656000026,15,32987
19661000016,15,33005
19666000006,15,32998
19671000028,15,33002
19676000019,15,32989
19681000010,15,33013
19686000027,15,33010
19691000021,15,33023
19696000010,15,33005
19701000030,15,33005
19706000016,15,32969
19711000012,15,32986
19716000000,15,33009
19721000023,15,32993
19726000013,15,32991
19731000001,15,32990
19736000021,15,32972
19741000016,15,32983
19746000004,15,33001
19751000023,15,33002
19756000013,15,32990
19761000001,15,32995
19766000024,15,33001
19771000013,15,32977
19776000005,15,32979
19781000026,15,32984
19786000014,15,32990
19791000006,15,32990
19796000027,15,33000
19801000015,15,32994
19806000008,15,32972
19811000028,15,33001
19816000019,15,32986
19821000007,15,32988
19826000029,15,32994
19831000017,15,32991
19836000009,15,32988
19841000027,15,32968
19846000020,15,32985
19851000010,15,32983
19856000029,15,32997
19861000020,15,32978
19866000012,15,33005
19871000000,15,33000
19876000020,15,32993
19881000010,15,32997
19886000000,15,32982
19891000022,15,32982
19896000011,15,32964
19901000003,15,33010
19906000024,15,32983
19911000012,15,32979
19916000006,15,32998
19921000023,15,32988
19926000015,15,33001
19931000002,15,33000
19936000024,15,33002
19941000013,15,32994
19946000004,15,32994
19951000027,15,32980
19956000015,15,32981
19961000005,15,32979
19966000029,15,32996
19971000014,15,32996
19976000004,15,32985
19981000029,15,32986
19986000020,15,32996
19991000007,15,32985
19996000028,15,32989
20001000020,15,32991
20006000011,15,32991
20011000030,15,32992
20016000022,15,32973
20021000012,15,32990
20026000001,15,32962
20031000021,15,32994
20036000012,15,32991
20040999999,15,32997
20046000022,15,32993
20051000014,15,32981
20056000003,15,32983
20061000024,15,32996
20066000009,15,32982
20071000004,15,32979
20076000023,15,32990
20081000015,15,32990
20086000006,15,32981
20091000026,15,32981
20096000015,15,32989
20101000002,15,32993
20106000024,15,32986
20111000017,15,32974
20116000005,15,32991
20121000029,15,32974
20126000016,15,32989
20131000008,15,32982
20136000027,15,32975
20141000017,15,32987
20146000008,15,32998
20151000031,15,32986
20156000021,15,32975
20161000009,15,32965
20166000030,15,32986
20171000020,15,32980
20176000010,15,32967
20181000000,15,32978
20186000022,15,32978
20191000008,15,32975
20196000000,15,32998
20201000021,15,32972
20206000015,15,33012
20210999999,15,32979
20216000025,15,32991
20221000012,15,32986
20226000001,15,32980
20231000025,15,32964
20236000015,15,32973
20241000004,15,32991
20246000025,15,32979
20251000017,15,32999
20256000005,15,32975
20261000029,15,32994
20266000019,15,32980
20271000005,15,32981
20276000028,15,32972
20281000015,15,32969
20286000006,15,32997
20291000028,15,32990
20296000018,15,32975
20301000007,15,32989
20306000030,15,32977
20311000018,15,32962
20316000010,15,32960
20321000033,15,32996
20326000023,15,32984
20331000011,15,33004
20335999998,15,32976
20341000023,15,32979
20346000013,15,32984
20350999999,15,32985
20356000025,15,32985
20361000010,15,32970
20366000001,15,32975
20371000019,15,32977
20376000013,15,32972
20381000003,15,32979
20386000023,15,32978
20391000012,15,32978
20396000007,15,32977
20401000026,15,32974
20406000018,15,32971
20411000006,15,32953
20416000028,15,32987
20421000016,15,32973
20426000008,15,32980
20431000029,15,32982
20436000017,15,32973
20441000007,15,32969
20446000029,15,32980
20451000016,15,32971
20456000007,15,32993
20461000030,15,32974
20466000020,15,32984
20471000010,15,33003
20476000029,15,32969
20481000019,15,32972
20486000011,15,32973
20490999999,15,32976
20496000020,15,32972
20501000012,15,32967
20506000003,15,32985
20511000022,15,32974
20516000010,15,32984
20520999999,15,32987
20526000026,15,32976
20531000012,15,32972
20536000002,15,32967
20541000027,15,32977
20546000014,15,32973
20551000004,15,32991
20556000024,15,32993
20561000014,15,32968
20566000002,15,32981
20571000027,15,32954
20576000016,15,32960
20581000006,15,32977
20586000029,15,32970
20591000018,15,32962
20596000008,15,32975
20601000026,15,32977
20606000017,15,32996
20611000007,15,32977
20616000030,15,32981
20621000019,15,32955
20626000010,15,32971
20631000028,15,32946
20636000020,15,32982
20641000007,15,32966
20646000000,15,32961
20651000021,15,32967
20656000009,15,32984
20661000000,15,32962
20666000023,15,32964
20671000013,15,32975
20676000004,15,32967
20681000024,15,32967
20686000013,15,32993
20691000001,15,32981
20696000022,15,32973
20701000013,15,32975
20706000001,15,32979
20711000023,15,32978
20716000013,15,32965
20721000004,15,32963
20726000026,15,32978
20731000014,15,32974
20736000005,15,32971
20741000025,15,32968
20746000017,15,32965
20751000008,15,32964
20756000025,15,32985
20761000019,15,32981
20766000010,15,32969
20771000028,15,32976
20776000018,15,32995
20781000011,15,32960
20786000029,15,32967
20791000021,15,32966
20796000011,15,32977
20801000003,15,32966
20806000022,15,32957
20811000013,15,32971
20816000003,15,32979
20821000020,15,32980
20826000010,15,32973
20831000001,15,32961
20836000022,15,32973
20841000013,15,32966
20846000007,15,32955
20851000024,15,32976
20856000015,15,32953
20861000005,15,32962
20866000027,15,32978
20871000014,15,32984
20876000005,15,32984
20881000025,15,32937
20886000017,15,32976
20891000008,15,32984
20896000026,15,32956
20901000017,15,32960
20906000008,15,32985
20911000030,15,32968
20916000019,15,32972
20921000007,15,32963
20926000029,15,32968
20931000021,15,32972
20936000010,15,32974
20941000032,15,32949
20946000020,15,32977
20951000012,15,32955
20955999998,15,32971
20961000021,15,32992
20966000013,15,32962
20971000000,15,32968
20976000023,15,32969
20981000013,15,32948
20986000003,15,32968
20991000023,15,32966
20996000014,15,32974
21001000001,15,32962
21006000021,15,32971
21011000012,15,32972
21016000004,15,32971
21021000023,15,32969
21026000015,15,32980
21031000004,15,32978
21036000026,15,32956
21041000016,15,32971
21046000005,15,32945
21051000027,15,32975
21056000020,15,32951
21061000005,15,32960
21066000027,15,32951
21071000017,15,32972
21076000007,15,32957
21081000028,15,32958
21086000022,15,32944
21091000010,15,32988
21096000030,15,32957
21101000020,15,32959
21106000014,15,32971
21111000000,15,32948
21116000021,15,32976
21121000011,15,32962
21126000002,15,32952
21131000024,15,32954
21136000012,15,32972
21141000001,15,32963
21146000023,15,32947
21151000014,15,32957
21156000002,15,32963
21161000025,15,32956
21166000018,15,32950
21171000004,15,32969
21176000024,15,32944
21181000014,15,32970
21186000003,15,32970
21191000025,15,32951
21196000016,15,32954
21201000006,15,32963
21206000028,15,32953
21211000016,15,32951
21216000005,15,32940
21221000028,15,32968
21226000017,15,32952
21231000006,15,32951
21236000029,15,32962
21241000020,15,32957
21246000009,15,32949
21251000030,15,32967
21256000019,15,32939
21261000014,15,32951
21265999998,15,32964
21271000019,15,32952
21276000011,15,32952
21281000001,15,32958
21286000021,15,32961
21291000013,15,32953
21296000003,15,32975
21301000022,15,32949
21306000014,15,32952
21311000004,15,32943
21316000023,15,32973
21321000016,15,32968
21326000004,15,32935
21331000026,15,32943
21336000015,15,32946
21341000004,15,32943
21346000025,15,32954
21351000014,15,32947
21356000004,15,32954
21361000028,15,32957
21366000017,15,32955
21371000003,15,32937
21376000028,15,32937
21381000016,15,32934
21386000005,15,32960
21391000028,15,32958
21396000020,15,32951
21401000008,15,32947
21406000032,15,32952
21411000020,15,32947
21416000009,15,32961
21421000001,15,32953
21426000022,15,32936
21431000011,15,32945
21436000000,15,32933
21441000023,15,32943
21446000013,15,32959
21450999999,15,32963
21456000025,15,32958
21461000013,15,32957
21466000004,15,32954
21471000024,15,32956
21476000013,15,32941
21481000004,15,32954
21486000024,15,32939
21491000014,15,32952
21496000006,15,32934
21501000027,15,32956
21506000015,15,32946
21511000008,15,32952
21516000025,15,32958
21521000016,15,32948
21526000009,15,32966
21531000026,15,32939
21536000015,15,32944
21541000008,15,32944
21546000029,15,32975
21551000016,15,32955
21556000010,15,32950
21561000031,15,32945
21566000017,15,32958
21571000009,15,32958
21575999999,15,32948
21581000022,15,32940
21586000011,15,32944
21591000000,15,32940
21596000021,15,32961
21601000013,15,32946
21606000001,15,32957
21611000022,15,32937
21616000012,15,32941
21621000004,15,32939
21626000022,15,32943
21631000015,15,32966
21636000004,15,32965
21641000026,15,32947
21646000019,15,32953
21651000006,15,32932
21656000027,15,32942
21661000017,15,32940
21666000003,15,32967
21671000025,15,32963
21676000015,15,32954
21681000011,15,32942
21686000027,15,32935
21691000019,15,32928
21696000006,15,32937
21701000028,15,32939
21706000021,15,32953
21711000010,15,32946
21716000030,15,32949
21721000020,15,32940
21726000012,15,32932
21730999999,15,32939
21736000022,15,32942
21741000011,15,32941
21746000000,15,32942
21751000024,15,32933
21756000011,15,32955
21761000003,15,32947
21766000022,15,32953
21771000013,15,32961
21776000002,15,32958
21781000024,15,32931
21786000014,15,32936
21791000004,15,32951
21796000025,15,32944
21801000018,15,32940
21806000004,15,32946
21811000027,15,32946
21816000016,15,32948
21821000006,15,32953
21826000027,15,32933
21831000016,15,32921
21836000005,15,32944
21841000027,15,32945
21846000016,15,32932
21851000008,15,32948
21856000028,15,32949
21861000018,15,32943
21866000009,15,32942
21871000029,15,32915
21876000021,15,32941
21881000011,15,32947
21886000002,15,32935
21891000023,15,32947
21896000013,15,32937
21901000003,15,32948
21906000022,15,32947
21911000009,15,32953
21916000003,15,32947
21921000024,15,32950
21926000012,15,32946
21931000002,15,32959
21936000022,15,32937
21941000011,15,32936
21946000002,15,32930
21951000026,15,32961
21956000015,15,32955
21961000004,15,32938
21966000025,15,32949
21971000015,15,32936
21976000006,15,32929
21981000029,15,32942
21986000016,15,32944
21991000008,15,32940
21996000028,15,32939
22001000019,15,32948
22006000007,15,32930
22011000029,15,32921
22016000021,15,32950
22021000008,15,32917
22026000033,15,32922
22031000021,15,32934
22036000011,15,32942
22041000003,15,32948
22046000022,15,32945
22051000011,15,32934
22056000004,15,32933
22061000022,15,32929
22066000014,15,32934
22071000003,15,32938
22076000024,15,32948
22081000010,15,32933
22086000003,15,32949
22091000022,15,32944
22096000013,15,32924
22101000005,15,32937
22106000026,15,32939
22111000016,15,32927
22116000003,15,32936
22121000025,15,32947
22126000016,15,32915
22131000004,15,32944
22136000024,15,32935
22141000018,15,32926
22146000009,15,32936
22151000027,15,32953
22156000020,15,32936
22161000010,15,32949
22166000029,15,32963
22171000019,15,32935
22176000008,15,32922
22181000030,15,32925
22186000023,15,32988
22191000008,15,32933
22196000001,15,32949
22201000019,15,32941
22206000010,15,32932
22211000001,15,32932
22216000022,15,32929
22221000009,15,32925
22225999999,15,32938
22231000024,15,32952
22236000014,15,32924
22241000004,15,32924
22246000023,15,32927
22251000011,15,32966
22256000003,15,32926
22261000026,15,32939
22266000015,15,32920
22271000006,15,32937
22276000024,15,32935
22281000017,15,32909
22286000008,15,32908
22291000030,15,32939
22296000016,15,32927
22301000009,15,32935
22306000029,15,32918
22311000020,15,32933
22316000008,15,32933
22321000028,15,32925
22326000020,15,32931
22331000011,15,32921
22336000030,15,32923
22341000020,15,32925
22346000009,15,32908
22351000000,15,32946
22356000022,15,32922
22361000010,15,32932
22366000005,15,32933
22371000023,15,32930
22376000013,15,32938
22381000002,15,32932
22386000024,15,32924
22391000013,15,32922
22396000003,15,32915
22401000024,15,32935
22406000012,15,32913
22411000002,15,32941
22416000025,15,32922
22421000015,15,32911
22426000004,15,32917
22431000026,15,32929
22436000019,15,32922
22441000007,15,32909
22446000026,15,32942
22451000018,15,32958
22456000008,15,32944
22461000026,15,32928
22466000018,15,32925
22471000008,15,32911
22476000029,15,32919
22481000019,15,32915
22486000012,15,32922
22491000029,15,32909
22496000021,15,32909
22501000012,15,32912
22505999997,15,32922
22511000019,15,32917
22516000012,15,32954
22521000002,15,32934
22526000020,15,32948
22531000010,15,32931
22536000001,15,32920
22541000020,15,32933
22546000016,15,32899
22551000003,15,32917
22556000023,15,32917
22561000013,15,32916
22566000005,15,32914
22571000025,15,32919
22576000016,15,32942
22581000004,15,32912
22586000026,15,32920
22591000016,15,32921
22596000005,15,32918
22601000029,15,32922
22606000019,15,32920
22611000007,15,32911
22616000028,15,32912
22621000017,15,32923
22626000009,15,32921
22631000028,15,32910
22636000018,15,32932
22641000011,15,32908
22646000031,15,32906
22651000019,15,32931
22656000009,15,32909
22660999999,15,32938
22666000020,15,32924
22671000012,15,32910
22676000000,15,32918
22681000020,15,32910
22686000011,15,32922
22691000003,15,32919
22696000023,15,32914
22701000012,15,32895
22706000002,15,32923
22711000023,15,32928
22716000013,15,32920
22721000007,15,32927
22726000025,15,32915
22731000017,15,32914
22736000006,15,32915
22741000026,15,32912
22746000017,15,32929
22751000007,15,32918
22756000028,15,32921
22761000016,15,32921
22766000006,15,32922
22771000027,15,32916
22776000017,15,32897
22781000007,15,32920
22786000031,15,32907
22791000020,15,32917
22796000011,15,32919
22801000031,15,32903
22806000021,15,32908
22811000010,15,32923
22816000000,15,32929
22821000021,15,32912
22826000008,15,32937
22831000000,15,32902
22836000024,15,32905
22841000012,15,32906
22845999999,15,32897
22851000022,15,32902
22856000014,15,32891
22861000003,15,32904
22866000024,15,32900
22871000015,15,32907
22876000003,15,32919
22881000023,15,32915
22886000012,15,32904
22891000005,15,32917
22896000028,15,32905
22901000016,15,32909
22906000006,15,32901
22911000027,15,32892
22916000019,15,32904
22921000007,15,32913
22926000026,15,32913
22931000017,15,32913
22936000009,15,32907
22941000031,15,32906
22946000020,15,32920
22951000009,15,32905
22956000031,15,32908
22961000019,15,32915
22966000010,15,32900
22970999998,15,32916
22976000020,15,32901
22981000012,15,32915
22986000001,15,32916
22991000023,15,32908
22996000014,15,32882
23001000000,15,32907
23006000025,15,32889
23011000012,15,32914
23016000003,15,32896
23021000025,15,32923
23026000012,15,32909
23031000004,15,32912
23036000021,15,32915
23041000016,15,32926
23046000004,15,32902
23051000029,15,32920
23056000018,15,32926
23061000005,15,32912
23066000024,15,32901
23071000018,15,32904
23076000008,15,32906
23081000029,15,32913
23086000017,15,32890
23091000010,15,32944
23096000028,15,32919
23101000019,15,32904
23106000008,15,32891
23111000031,15,32899
23116000021,15,32909
23121000008,15,32909
23126000001,15,32897
23131000022,15,32921
23136000012,15,32894
23140999999,15,32922
23146000024,15,32910
23151000011,15,32885
23156000001,15,32895
23161000023,15,32906
23166000012,15,32906
23171000003,15,32910
23176000022,15,32900
23181000015,15,32896
23186000006,15,32888
23191000025,15,32894
23196000017,15,32886
23201000002,15,32908
23206000028,15,32903
23211000019,15,32906
23216000002,15,32904
23221000028,15,32897
23226000014,15,32907
23231000008,15,32908
23236000028,15,32888
23241000016,15,32929
23246000006,15,32904
23251000033,15,32908
23256000019,15,32906
23261000010,15,32904
23266000030,15,32903
23271000017,15,32898
23276000010,15,32910
23281000003,15,32905
23286000021,15,32893
23291000010,15,32902
23296000002,15,32910
23301000021,15,32903
23306000013,15,32904
23311000002,15,32905
23316000025,15,32923
23321000015,15,32892
23326000003,15,32904
23331000026,15,32899
23336000013,15,32896
23341000005,15,32904
23346000026,15,32902
23351000014,15,32897
23356000005,15,32890
23361000027,15,32877
23366000016,15,32889
23371000008,15,32894
23376000028,15,32897
23381000017,15,32889
23386000008,15,32901
23391000026,15,32911
23396000018,15,32899
23401000008,15,32889
23406000028,15,32909
23411000017,15,32904
23416000008,15,32895
23421000029,15,32893
23426000020,15,32886
23431000010,15,32921
23436000000,15,32893
23441000021,15,32897
23446000011,15,32889
23451000003,15,32884
23456000021,15,32887
23461000011,15,32876
23466000002,15,32890
23471000023,15,32910
23476000014,15,32896
23481000003,15,32900
23486000028,15,32902
23491000015,15,32923
23496000006,15,32881
23501000026,15,32916
23506000012,15,32894
23511000006,15,32891
23516000029,15,32892
23521000016,15,32893
23526000006,15,32915
23531000026,15,32894
23536000019,15,32908
23541000005,15,32879
23546000028,15,32904
23551000018,15,32880
23556000008,15,32894
23561000031,15,32914
23566000020,15,32886
23571000010,15,32880
23576000028,15,32880
23581000019,15,32903
23586000009,15,32896
23591000000,15,32898
23596000021,15,32907
23601000014,15,32890
23606000001,15,32904
23611000022,15,32881
23616000012,15,32890
23620999997,15,32903
23626000022,15,32889
23631000014,15,32889
23636000002,15,32876
23641000025,15,32902
23646000016,15,32905
23651000001,15,32890
23656000025,15,32871
23661000016,15,32905
23666000005,15,32898
23671000026,15,32885
23676000015,15,32864
23681000006,15,32901
23686000028,15,32894
23691000016,15,32886
23696000008,15,32876
23701000028,15,32906
23706000016,15,32894
23711000007,15,32884
23716000028,15,32883
23721000020,15,32878
23726000010,15,32895
23731000030,15,32882
23736000021,15,32897
23741000009,15,32887
23746000001,15,32891
23751000021,15,32902
23756000011,15,32887
23761000001,15,32900
23766000022,15,32887
23771000012,15,32890
23776000002,15,32888
23781000025,15,32877
23786000013,15,32890
23791000006,15,32880
23796000023,15,32892
23801000013,15,32871
23806000005,15,32890
23811000023,15,32898
23816000013,15,32902
23821000004,15,32898
23826000024,15,32886
23831000018,15,32883
23836000007,15,32882
23841000027,15,32892
23846000016,15,32878
23851000008,15,32896
23856000029,15,32894
23861000020,15,32890
23866000009,15,32870
23871000031,15,32890
23876000020,15,32885
23881000009,15,32884
23886000028,15,32871
23891000020,15,32902
23896000008,15,32877
23900999997,15,32868
23906000019,15,32893
23911000012,15,32878
23916000001,15,32875
23921000023,15,32885
23926000013,15,32884
23931000001,15,32885
23936000023,15,32901
23941000014,15,32889
23946000004,15,32903
23951000029,15,32868
23956000015,15,32866
23961000006,15,32876
23966000025,15,32863
23971000018,15,32886
23976000003,15,32887
23981000026,15,32892
23986000016,15,32905
23991000005,15,32870
23996000028,15,32883
24001000016,15,32877
24006000011,15,32868
24011000028,15,32882
24016000018,15,32857
24021000009,15,32887
24026000029,15,32857
24031000020,15,32897
24036000008,15,32882
24041000029,15,32889
24046000022,15,32890
24051000011,15,32887
24056000004,15,32902
24061000019,15,32891
24066000012,15,32899
24071000001,15,32881
24076000022,15,32879
24081000012,15,32900
24086000002,15,32895
24091000023,15,32883
24096000014,15,32886
24101000003,15,32882
24106000025,15,32872
24111000018,15,32891
24116000006,15,32882
24121000026,15,32906
24126000014,15,32871
24131000005,15,32882
24136000026,15,32861
24141000015,15,32878
24146000006,15,32870
24151000027,15,32874
24156000016,15,32877
24161000008,15,32882
24166000028,15,32882
24171000019,15,32883
24176000008,15,32884
24181000031,15,32880
24186000015,15,32874
24191000011,15,32852
24196000028,15,32878
24201000018,15,32879
24206000011,15,32893
24210999999,15,32882
24216000021,15,32890
24221000012,15,32853
24226000002,15,32878
24231000023,15,32862
24236000011,15,32892
24241000005,15,32884
24246000024,15,32872
24251000012,15,32863
24256000003,15,32883
24261000025,15,32856
24266000017,15,32875
24271000002,15,32882
24276000026,15,32874
24281000012,15,32858
24286000006,15,32884
24291000024,15,32867
24296000017,15,32894
24301000005,15,32880
24306000028,15,32884
24311000016,15,32881
24316000009,15,32885
24321000025,15,32894
24326000019,15,32898
24331000009,15,32858
24336000028,15,32873
24341000019,15,32885
24346000010,15,32870
24351000031,15,32855
24356000021,15,32867
24361000011,15,32874
24366000000,15,32880
24371000021,15,32863
24376000010,15,32886
24381000002,15,32877
24386000022,15,32873
24391000012,15,32893
24396000004,15,32889
24401000023,15,32876
24406000012,15,32880
24411000001,15,32862
24416000026,15,32875
24421000010,15,32881
24426000004,15,32878
24431000023,15,32869
24436000015,15,32877
24441000005,15,32865
24446000028,15,32879
24451000017,15,32881
24456000004,15,32864
24461000028,15,32872
24466000018,15,32871
24471000008,15,32861
24476000029,15,32873
24481000018,15,32878
24486000006,15,32871
24491000032,15,32869
24496000019,15,32890
24501000007,15,32873
24506000032,15,32862
24511000018,15,32879
24516000011,15,32864
24521000002,15,32871
24526000021,15,32865
24531000011,15,32873
24536000002,15,32867
24541000021,15,32860
24546000012,15,32878
24551000001,15,32857
24556000023,15,32868
24561000010,15,32852
24566000005,15,32874
24571000023,15,32868
24576000016,15,32873
24581000004,15,32860
24586000024,15,32865
24591000014,15,32869
24596000005,15,32865
24601000024,15,32871
24606000016,15,32869
24611000009,15,32863
24616000029,15,32853
24621000018,15,32855
24626000007,15,32878
24631000031,15,32860
24636000019,15,32853
24641000008,15,32862
24646000027,15,32844
24651000021,15,32858
24656000006,15,32855
24661000031,15,32855
24666000023,15,32878
24671000009,15,32861
24675999999,15,32864
24681000019,15,32866
24686000009,15,32855
24691000001,15,32851
24696000021,15,32874
24701000012,15,32857
24706000002,15,32876
24711000022,15,32863
24716000012,15,32853
24721000003,15,32877
24726000026,15,32874
24731000014,15,32866
24736000006,15,32877
24741000024,15,32876
24746000015,15,32875
24751000004,15,32846
24756000024,15,32865
24761000018,15,32856
24766000004,15,32867
24771000028,15,32870
24776000014,15,32856
24781000009,15,32863
24786000028,15,32853
24791000017,15,32857
24796000009,15,32862
24801000028,15,32858
24806000018,15,32846
24811000009,15,32859
24816000030,15,32858
24821000020,15,32882
24826000010,15,32856
24831000001,15,32849
24836000021,15,32873
24841000010,15,32873
24846000002,15,32865
24851000020,15,32853
24856000011,15,32874
24861000003,15,32858
24866000024,15,32850
24871000011,15,32854
24876000004,15,32857
24881000025,15,32876
24886000013,15,32849
24891000001,15,32845
24896000024,15,32860
24901000011,15,32843
24906000004,15,32857
24911000026,15,32842
24916000017,15,32861
24921000004,15,32852
24926000026,15,32842
24931000019,15,32854
24936000010,15,32843
24941000029,15,32858
24946000019,15,32849
24951000008,15,32849
24956000027,15,32852
24961000020,15,32866
24966000009,15,32854
24971000029,15,32839
24976000020,15,32870
24981000006,15,32846
24986000002,15,32857
24991000023,15,32860
24996000011,15,32848
25001000000,15,32855
25006000021,15,32832
25011000010,15,32853
25016000001,15,32843
25021000021,15,32845
25026000011,15,32853
25031000000,15,32848
25036000024,15,32858
25041000013,15,32867
25046000001,15,32843
25051000025,15,32848
25056000016,15,32868
25061000002,15,32870
25066000027,15,32857
25071000013,15,32862
25076000005,15,32863
25081000028,15,32841
25086000017,15,32849
25091000005,15,32860
25096000027,15,32865
25101000020,15,32832
25106000010,15,32856
25111000029,15,32870
25116000021,15,32855
25121000009,15,32859
25126000028,15,32861
25131000019,15,32859
25136000007,15,32849
25141000002,15,32849
25146000023,15,32858
25151000011,15,32857
25156000002,15,32832
25161000023,15,32834
25166000014,15,32844
25171000004,15,32864
25176000024,15,32845
25181000011,15,32851
25186000003,15,32846
25191000022,15,32869
25196000015,15,32851
25201000002,15,32843
25206000025,15,32865
25211000014,15,32870
25216000006,15,32846
25221000026,15,32850
25226000016,15,32848
25231000003,15,32843
25236000027,15,32834
25241000017,15,32858
25246000004,15,32858
25251000027,15,32848
25256000018,15,32845
25261000009,15,32851
25266000026,15,32858
25271000019,15,32841
25276000008,15,32831
25281000030,15,32846
25286000018,15,32856
25291000010,15,32878
25295999998,15,32842
25301000021,15,32862
25306000013,15,32861
25311000003,15,32841
25316000023,15,32857
25321000015,15,32844
25326000003,15,32848
25331000025,15,32848
25336000015,15,32869
25341000005,15,32842
25346000022,15,32850
25351000014,15,32865
25356000009,15,32837
25361000023,15,32863
25366000013,15,32847
25371000004,15,32866
25376000028,15,32840
25381000017,15,32852
25386000004,15,32838
25391000026,15,32844
25396000017,15,32857
25401000008,15,32854
25406000031,15,32850
25411000019,15,32867
25416000009,15,32842
25421000029,15,32837
25426000019,15,32855
25431000006,15,32860
25436000029,15,32843
25441000018,15,32846
25446000011,15,32840
25451000001,15,32844
25456000023,15,32841
25461000013,15,32845
25466000000,15,32831
25471000023,15,32838
25476000013,15,32842
25481000002,15,32833
25486000022,15,32867
25491000011,15,32834
25496000002,15,32855
25501000023,15,32828
25506000014,15,32831
25511000002,15,32820
25516000027,15,32855
25521000014,15,32855
25526000005,15,32841
25531000026,15,32876
25536000016,15,32853
25541000007,15,32858
25546000027,15,32847
25551000016,15,32854
25556000004,15,32834
25561000030,15,32862
25566000017,15,32839
25571000009,15,32837
25576000028,15,32846
25581000020,15,32842
25586000010,15,32844
25591000030,15,32852
25596000020,15,32852
25601000011,15,32840
25606000003,15,32833
25611000020,15,32829
25616000013,15,32824
25621000002,15,32860
25626000023,15,32833
25631000012,15,32862
25636000003,15,32852
25641000021,15,32849
25646000012,15,32828
25651000003,15,32844
25656000022,15,32851
25661000013,15,32839
25666000003,15,32836
25671000028,15,32861
25676000012,15,32827
25681000005,15,32813
25686000026,15,32844
25691000017,15,32847
25696000007,15,32845
25701000031,15,32837
25706000016,15,32834
25711000008,15,32833
25716000028,15,32849
25721000018,15,32827
25726000007,15,32848
25731000030,15,32846
25736000021,15,32847
25741000009,15,32836
25746000029,15,32835
25751000018,15,32836
25756000009,15,32826
25761000000,15,32812
25766000020,15,32836
25771000015,15,32830
25775999999,15,32861
25781000023,15,32849
25786000010,15,32838
25791000002,15,32835
25796000022,15,32830
25801000013,15,32832
25806000002,15,32820
25811000025,15,32836
25816000015,15,32830
25821000002,15,32825
25826000030,15,32817
25831000014,15,32839
25836000004,15,32816
25841000025,15,32832
25846000015,15,32838
25851000005,15,32824
25856000027,15,32830
25861000020,15,32845
25866000008,15,32833
25871000027,15,32830
25876000019,15,32858
25881000008,15,32818
25886000029,15,32828
25891000018,15,32844
25896000010,15,32817
25901000028,15,32827
25906000023,15,32845
25911000010,15,32842
25916000000,15,32835
25921000021,15,32827
25926000008,15,32832
25931000006,15,32845
25936000022,15,32814
25941000014,15,32837
25946000003,15,32826
25951000022,15,32843
25956000015,15,32844
25961000004,15,32833
25966000025,15,32821
25971000014,15,32819
25976000005,15,32830
25981000023,15,32849
25986000014,15,32830
25991000005,15,32832
25996000026,15,32844
26001000016,15,32808
26006000007,15,32818
26011000025,15,32824
26016000015,15,32813
26021000008,15,32829
26026000031,15,32840
26031000021,15,32814
26036000008,15,32808
26041000027,15,32847
26046000019,15,32838
26051000009,15,32832
26056000031,15,32834
26061000020,15,32832
26066000012,15,32830
26070999998,15,32832
26076000021,15,32838
26081000012,15,32834
26086000002,15,32830
26091000022,15,32826
26096000013,15,32829
26101000000,15,32809
26106000023,15,32804
26111000011,15,32830
26116000003,15,32821
26121000024,15,32818
26126000014,15,32837
26131000004,15,32825
26136000027,15,32823
26141000013,15,32811
26146000006,15,32805
26151000026,15,32824
26156000016,15,32817
26161000003,15,32835
26166000029,15,32813
26171000016,15,32826
26176000007,15,32820
26181000028,15,32813
26186000018,15,32811
26191000008,15,32837
26196000027,15,32833
26201000018,15,32822
26206000007,15,32825
26211000031,15,32820
26216000019,15,32814
26221000010,15,32807
26225999998,15,32825
26231000019,15,32833
26236000011,15,32820
26240999999,15,32846
26246000024,15,32816
26251000009,15,32837
26256000003,15,32816
26261000020,15,32820
26266000013,15,32832
26271000001,15,32818
26276000022,15,32832
26281000014,15,32823
26286000007,15,32821
26291000028,15,32818
26296000013,15,32795
26301000006,15,32822
26306000026,15,32799
26311000014,15,32822
26316000003,15,32808
26321000027,15,32807
26326000019,15,32797
26331000007,15,32813
26336000029,15,32827
26341000021,15,32813
26346000007,15,32817
26351000027,15,32807
26356000018,15,32815
26361000009,15,32829
26366000030,15,32793
26371000019,15,32806
26376000013,15,32814
26381000002,15,32822
26386000023,15,32805
26391000012,15,32813
26396000000,15,32834
26401000020,15,32821
26406000012,15,32812
26411000002,15,32830
26416000024,15,32820
26421000015,15,32836
26426000004,15,32818
26431000022,15,32799
26436000015,15,32819
26441000005,15,32810
26446000026,15,32806
26451000014,15,32827
26456000006,15,32807
26461000023,15,32806
26466000013,15,32831
26471000007,15,32815
26476000026,15,32805
26481000014,15,32830
26486000006,15,32819
26491000028,15,32803
26496000020,15,32809
26501000008,15,32805
26506000028,15,32808
26511000020,15,32819
26516000010,15,32807
26521000032,15,32824
26526000019,15,32816
26531000012,15,32799
26535999999,15,32807
26541000021,15,32801
26546000011,15,32816
26551000001,15,32810
26556000023,15,32815
26561000012,15,32792
26566000001,15,32809
26571000025,15,32809
26576000013,15,32807
26581000003,15,32808
26586000025,15,32813
26591000013,15,32802
26596000006,15,32809
26601000025,15,32823
26606000015,15,32824
26611000005,15,32792
26616000024,15,32801
26621000014,15,32808
26626000004,15,32788
26631000028,15,32804
26636000017,15,32809
26641000007,15,32812
26646000027,15,32808
26651000017,15,32788
26656000007,15,32814
26661000029,15,32817
26666000016,15,32800
26671000009,15,32814
26676000031,15,32799
26681000018,15,32804
26686000012,15,32812
26690999997,15,32813
26696000019,15,32821
26701000010,15,32830
26706000002,15,32800
26711000019,15,32810
26716000010,15,32800
26721000001,15,32805
26726000023,15,32788
26731000014,15,32818
26736000001,15,32821
26741000024,15,32785
26746000012,15,32805
26751000002,15,32797
26756000025,15,32797
26761000015,15,32812
26766000005,15,32814
26771000026,15,32816
26776000014,15,32797
26781000007,15,32823
26786000027,15,32800
26791000015,15,32782
26796000007,15,32816
26801000029,15,32796
26806000019,15,32820
26811000006,15,32816
26816000029,15,32830
26821000021,15,32816
26826000006,15,32809
26831000029,15,32819
26836000020,15,32817
26841000010,15,32780
26846000000,15,32806
26851000023,15,32800
26856000011,15,32802
26860999999,15,32825
26866000024,15,32833
26871000011,15,32803
26876000005,15,32799
26881000023,15,32797
26886000013,15,32824
26891000004,15,32791
26896000024,15,32796
26901000017,15,32786
26906000002,15,32804
26911000024,15,32808
26916000016,15,32812
26921000007,15,32811
26926000027,15,32800
26931000019,15,32794
26936000008,15,32811
26941000027,15,32811
26946000017,15,32810
26951000007,15,32793
26956000027,15,32792
26961000020,15,32791
26966000006,15,32792
26971000031,15,32829
26976000018,15,32799
26981000010,15,32801
26986000031,15,32811
26991000018,15,32797
26996000010,15,32788
27000999999,15,32773
27006000021,15,32812
27011000012,15,32790
27016000002,15,32800
27021000022,15,32812
27026000009,15,32782
27031000001,15,32811
27036000022,15,32798
27041000014,15,32806
27046000006,15,32805
27051000026,15,32825
27056000015,15,32797
27061000002,15,32810
27066000022,15,32809
27071000017,15,32796
27076000005,15,32801
27081000024,15,32803
27086000013,15,32786
27091000003,15,32783
27096000029,15,32795
27101000017,15,32783
27106000005,15,32782
27111000025,15,32780
27116000020,15,32820
27121000009,15,32807
27126000029,15,32798
27131000019,15,32792
27136000011,15,32802
27141000030,15,32802
27146000019,15,32799
27151000009,15,32781
27156000000,15,32774
27161000023,15,32791
27166000011,15,32797
27171000004,15,32792
27176000021,15,32810
27181000010,15,32789
27186000001,15,32802
27191000022,15,32811
27196000016,15,32787
27201000004,15,32788
27206000025,15,32783
27211000014,15,32818
27216000003,15,32785
27221000025,15,32794
27226000014,15,32803
27231000007,15,32778
27236000025,15,32787
27241000015,15,32789
27246000004,15,32793
27251000027,15,32785
27256000017,15,32793
27261000006,15,32773
27266000027,15,32795
27271000018,15,32800
27276000006,15,32792
27281000027,15,32785
27286000020,15,32782
27291000006,15,32787
27296000027,15,32801
27301000021,15,32801
27306000011,15,32799
27310999997,15,32780
27316000020,15,32774
27321000012,15,32807
27326000000,15,32788
27331000023,15,32793
27336000009,15,32789
27341000002,15,32794
27346000021,15,32801
27351000015,15,32783
27356000004,15,32794
27361000025,15,32810
27366000015,15,32771
27371000003,15,32786
27376000026,15,32775
27381000016,15,32784
27386000005,15,32789
27391000025,15,32800
27396000016,15,32789
27401000006,15,32779
27406000024,15,32797
27411000015,15,32806
27416000006,15,32797
27421000027,15,32765
27426000018,15,32775
27431000010,15,32770
27436000028,15,32768
27441000020,15,32788
27446000009,15,32778
27451000030,15,32783
27456000020,15,32792
27461000010,15,32790
27465999999,15,32791
27471000021,15,32791
27476000011,15,32787
27481000000,15,32786
27486000023,15,32789
27491000010,15,32778
27496000002,15,32786
27501000025,15,32778
27506000011,15,32781
27511000005,15,32807
27516000024,15,32811
27521000013,15,32773
27526000003,15,32765
27531000023,15,32785
27536000014,15,32791
27541000005,15,32799
27546000026,15,32763
27551000016,15,32778
27556000008,15,32774
27561000028,15,32768
27566000017,15,32777
27571000008,15,32771
27576000028,15,32789
27581000015,15,32768
27586000010,15,32779
27591000027,15,32780
27596000019,15,32804
27601000008,15,32808
27606000030,15,32783
27611000019,15,32758
27616000010,15,32770
27621000000,15,32781
27626000022,15,32786
27631000010,15,32797
27636000000,15,32757
27641000022,15,32753
27646000012,15,32769
27651000003,15,32774
27656000022,15,32777
27661000015,15,32780
27665999999,15,32782
27671000021,15,32781
27676000014,15,32784
27681000003,15,32776
27686000025,15,32764
27691000015,15,32780
27696000006,15,32762
27701000024,15,32787
27706000014,15,32780
27711000006,15,32763
27716000025,15,32761
27721000015,15,32770
27726000005,15,32767
27731000027,15,32778
27736000017,15,32774
27741000011,15,32761
27746000031,15,32766
27751000018,15,32773
27756000007,15,32767
27761000031,15,32766
27766000021,15,32776
27771000010,15,32767
27775999999,15,32790
27781000021,15,32770
27786000010,15,32766
27791000001,15,32789
27796000021,15,32769
27801000014,15,32784
27806000000,15,32758
27811000023,15,32757
27816000015,15,32779
27821000002,15,32800
27826000024,15,32775
27831000011,15,32765
27836000002,15,32764
27841000026,15,32773
27846000017,15,32756
27851000008,15,32769
27856000026,15,32767
27861000015,15,32769
27866000006,15,32748
27871000029,15,32784
27876000018,15,32783
27881000007,15,32755
27886000029,15,32783
27891000018,15,32770
27896000007,15,32784
27901000028,15,32756
27906000022,15,32768
27911000008,15,32769
27916000032,15,32774
27921000020,15,32780
27926000011,15,32779
27931000000,15,32750
27936000020,15,32746
27941000014,15,32765
27946000001,15,32775
27951000024,15,32759
27956000014,15,32770
27961000002,15,32782
27966000020,15,32744
27971000013,15,32748
27976000002,15,32771
27981000024,15,32767
27986000014,15,32768
27991000003,15,32779
27996000023,15,32760
28001000019,15,32753
28006000006,15,32766
28011000025,15,32775
28016000017,15,32754
28021000007,15,32760
28026000027,15,32773
28031000017,15,32767
28036000007,15,32777
28041000027,15,32764
28046000017,15,32763
28051000007,15,32788
28056000028,15,32758
28061000021,15,32763
28066000010,15,32749
28071000029,15,32780
28076000023,15,32778
28081000008,15,32770
28086000002,15,32773
28091000022,15,32773
28096000010,15,32749
28101000002,15,32778
28106000020,15,32758
28111000010,15,32772
28116000004,15,32756
28121000022,15,32763
28126000016,15,32771
28131000002,15,32775
28136000023,15,32774
28141000014,15,32775
28146000004,15,32762
28151000025,15,32744
28156000016,15,32762
28161000005,15,32766
28166000026,15,32757
28171000016,15,32790
28176000005,15,32773
28181000026,15,32767
28186000017,15,32769
28191000007,15,32762
28196000027,15,32773
28201000019,15,32763
28206000009,15,32766
28211000030,15,32764
28216000017,15,32771
28221000009,15,32764
28226000031,15,32757
28231000019,15,32752
28236000012,15,32759
28240999998,15,32752
28246000020,15,32765
28251000012,15,32742
28255999997,15,32770
28261000022,15,32767
28266000012,15,32744
28271000004,15,32755
28276000025,15,32748
28281000011,15,32763
28286000004,15,32785
28291000024,15,32753
28296000014,15,32753
28301000003,15,32748
28306000026,15,32789
28311000012,15,32775
28316000005,15,32768
28321000026,15,32776
28326000018,15,32764
28331000006,15,32759
28336000024,15,32759
28341000016,15,32766
28346000008,15,32770
28351000027,15,32749
28356000018,15,32759
28361000008,15,32761
28366000030,15,32772
28371000020,15,32759
28376000007,15,32770
28381000032,15,32762
28386000020,15,32747
28391000012,15,32756
28395999998,15,32778
28401000019,15,32752
28406000009,15,32767
28411000001,15,32750
28416000023,15,32737
28421000013,15,32757
28426000002,15,32767
28431000024,15,32745
28436000012,15,32746
28441000004,15,32736
28446000022,15,32740
28451000015,15,32748
28456000007,15,32750
28461000026,15,32760
28466000014,15,32771
28471000005,15,32762
28476000027,15,32728
28481000018,15,32728
28486000004,15,32740
28491000028,15,32724
28496000017,15,32738
28501000008,15,32776
28506000026,15,32744
28511000018,15,32752
28516000006,15,32755
28521000028,15,32743
28526000017,15,32743
28531000010,15,32750
28536000030,15,32752
28541000020,15,32768
28546000011,15,32769
28551000000,15,32753
28556000020,15,32763
28561000010,15,32772
28566000001,15,32750
28571000021,15,32742
28576000013,15,32755
28581000000,15,32744
28586000024,15,32746
28591000014,15,32741
28596000000,15,32754
28601000024,15,32763
28606000014,15,32761
28611000005,15,32743
28616000027,15,32735
28621000014,15,32752
28626000007,15,32729
28631000026,15,32740
28636000015,15,32759
28641000006,15,32748
28646000027,15,32743
28651000019,15,32747
28656000007,15,32754
28661000028,15,32756
28666000018,15,32747
28671000008,15,32742
28676000029,15,32736
28681000023,15,32757
28686000009,15,32737
28691000028,15,32761
28696000022,15,32747
28701000007,15,32756
28706000002,15,32747
28711000020,15,32749
28716000010,15,32748
28721000000,15,32745
28726000021,15,32727
28731000010,15,32729
28736000001,15,32747
28741000024,15,32738
28746000014,15,32742
28751000004,15,32740
28756000026,15,32740
28761000014,15,32744
28766000004,15,32748
28771000023,15,32755
28776000016,15,32733
28781000006,15,32727
28786000027,15,32737
28791000016,15,32747
28796000005,15,32750
28801000029,15,32729
28806000017,15,32744
28811000006,15,32760
28816000029,15,32738
28821000017,15,32748
28826000008,15,32748
28831000028,15,32746
28836000015,15,32733
28841000010,15,32731
28846000028,15,32737
28851000022,15,32738
28856000009,15,32758
28861000003,15,32748
28866000021,15,32700
28871000010,15,32745
28876000001,15,32750
28881000024,15,32731
28886000012,15,32728
28891000001,15,32753
28896000023,15,32738
28901000013,15,32757
28906000000,15,32738
28911000022,15,32724
28916000015,15,32735
28921000006,15,32745
28926000025,15,32725
28931000017,15,32755
28936000006,15,32750
28941000028,15,32731
28946000014,15,32728
28951000005,15,32725
28956000026,15,32705
28961000018,15,32741
28966000009,15,32736
28971000029,15,32743
28976000017,15,32742
28981000008,15,32722
28986000031,15,32742
28991000018,15,32762
28996000009,15,32739
29001000031,15,32747
29006000018,15,32740
29011000010,15,32715
29016000000,15,32742
29021000021,15,32751
29026000008,15,32727
29030999999,15,32742
29036000023,15,32737
29041000013,15,32735
29046000000,15,32724
29051000025,15,32741
29056000015,15,32736
29061000004,15,32731
29066000026,15,32716
29071000013,15,32736
29076000004,15,32758
29081000024,15,32726
29086000014,15,32725
29091000006,15,32718
29096000024,15,32722
29101000015,15,32743
29106000005,15,32720
29111000027,15,32748
29116000016,15,32724
29121000009,15,32733
29126000028,15,32739
29131000020,15,32719
29136000009,15,32745
29141000029,15,32743
29146000020,15,32733
29151000008,15,32742
29156000028,15,32726
29161000021,15,32730
29166000013,15,32724
29170999999,15,32706
29176000020,15,32731
29181000010,15,32759
29185999999,15,32732
29191000022,15,32723
29196000010,15,32737
29201000003,15,32743
29206000024,15,32745
29211000014,15,32735
29216000005,15,32719
29221000025,15,32722
29226000012,15,32734
29231000006,15,32739
29236000025,15,32716
29241000015,15,32729
29246000006,15,32728
29251000026,15,32721
29256000019,15,32725
29261000007,15,32708
29266000027,15,32707
29271000017,15,32738
29276000008,15,32714
29281000028,15,32737
29286000019,15,32703
29291000009,15,32726
29296000027,15,32740
29301000019,15,32719
29306000009,15,32735
29311000029,15,32724
29316000023,15,32730
29321000011,15,32737
29326000000,15,32730
29331000023,15,32709
29336000012,15,32711
29341000002,15,32718
29346000023,15,32730
29351000015,15,32721
29356000000,15,32747
29361000024,15,32724
29366000014,15,32739
29371000001,15,32727
29376000023,15,32732
29381000012,15,32734
29386000002,15,32725
29391000026,15,32725
29396000016,15,32731
29401000003,15,32715
29406000027,15,32725
29411000014,15,32728
29416000007,15,32738
29421000026,15,32724
29426000017,15,32732
29431000004,15,32731
29436000029,15,32717
29441000019,15,32727
29446000008,15,32724
29451000030,15,32717
29456000020,15,32714
29461000009,15,32720
29466000030,15,32724
29471000023,15,32712
29476000011,15,32721
29481000001,15,32718
29486000022,15,32722
29491000013,15,32725
29496000000,15,32715
29501000025,15,32707
29506000011,15,32724
29511000001,15,32731
29516000020,15,32730
29521000014,15,32716
29526000003,15,32721
29531000022,15,32719
29536000015,15,32709
29541000002,15,32711
29546000023,15,32712
29551000013,15,32726
29556000006,15,32720
29561000024,15,32711
29566000018,15,32724
29571000006,15,32697
29576000025,15,32723
29581000019,15,32722
29586000005,15,32702
29591000029,15,32718
29596000018,15,32713
29601000006,15,32710
29606000030,15,32720
29611000020,15,32699
29616000008,15,32728
29621000029,15,32699
29626000017,15,32720
29631000009,15,32715
29636000002,15,32717
29641000023,15,32728
29646000015,15,32726
29651000001,15,32712
29656000024,15,32708
29661000011,15,32708
29666000003,15,32716
29671000022,15,32707
29676000015,15,32722
29681000003,15,32711
29686000024,15,32705
29691000013,15,32708
29696000004,15,32686
29701000025,15,32716
29706000016,15,32701
29711000004,15,32712
29716000026,15,32703
29721000017,15,32720
29726000005,15,32713
29731000026,15,32709
29736000018,15,32716
29741000006,15,32726
29746000027,15,32713
29751000018,15,32715
29756000009,15,32712
29761000027,15,32714
29766000019,15,32706
29771000006,15,32706
29776000029,15,32708
29781000021,15,32722
29786000010,15,32703
29791000002,15,32715
29796000019,15,32711
29801000012,15,32704
29806000000,15,32690
29811000021,15,32708
29816000014,15,32718
29820999999,15,32685
29826000022,15,32719
29831000012,15,32688
29836000002,15,32707
29841000024,15,32709
29846000014,15,32711
29851000006,15,32728
29856000021,15,32701
29861000015,15,32714
29866000005,15,32697
29871000026,15,32717
29876000014,15,32702
29881000007,15,32683
29886000027,15,32711
29891000019,15,32696
29896000008,15,32697
29901000027,15,32703
29906000017,15,32711
29911000007,15,32704
29916000028,15,32697
29921000019,15,32718
29926000007,15,32711
29931000031,15,32713
29936000024,15,32708
29941000008,15,32705
29945999999,15,32721
29951000024,15,32712
29956000011,15,32709
29961000002,15,32696
29966000022,15,32734
29971000014,15,32704
29976000001,15,32700
29981000023,15,32700
29986000012,15,32715
29991000003,15,32714
29996000024,15,32686
30001000012,15,32702
30006000001,15,32693
30011000024,15,32701
30016000014,15,32705
30021000007,15,32722
30026000026,15,32692
30031000016,15,32697
30036000007,15,32695
30041000023,15,32702
30046000017,15,32698
30051000006,15,32701
30056000027,15,32702
30061000017,15,32685
30066000009,15,32711
30071000029,15,32693
30076000021,15,32715
30081000008,15,32701
30086000028,15,32695
30091000020,15,32700
30096000013,15,32699
30101000001,15,32700
30106000018,15,32693
30111000010,15,32697
30115999999,15,32698
30121000022,15,32720
30126000013,15,32716
30131000001,15,32697
30136000022,15,32689
30141000011,15,32736
30146000003,15,32691
30151000026,15,32712
30156000012,15,32684
30161000007,15,32691
30166000027,15,32706
30171000015,15,32701
30176000004,15,32708
30181000025,15,32709
30186000017,15,32691
30191000006,15,32724
30196000025,15,32694
30201000018,15,32706
30206000006,15,32700
30211000029,15,32702
30216000021,15,32712
30221000009,15,32701
30226000028,15,32706
30231000017,15,32699
30236000012,15,32696
30241000030,15,32671
30246000019,15,32691
30251000013,15,32717
30256000004,15,32693
30261000023,15,32700
30266000009,15,32687
30271000000,15,32682
30276000022,15,32691
30281000012,15,32681
30286000001,15,32697
30291000023,15,32694
30296000015,15,32713
30301000000,15,32694
30306000024,15,32687
30311000015,15,32676
30316000004,15,32681
30321000026,15,32682
30326000014,15,32708
30331000005,15,32703
30336000026,15,32700
30341000017,15,32687
30346000005,15,32691
30351000026,15,32690
30356000017,15,32685
30361000005,15,32711
30366000029,15,32697
30371000019,15,32680
30376000008,15,32699
30381000027,15,32693
30386000018,15,32679
30391000010,15,32679
30396000028,15,32665
30401000021,15,32696
30406000008,15,32700
30411000000,15,32682
30416000019,15,32688
30421000011,15,32696
30426000000,15,32701
30431000020,15,32685
30436000011,15,32685
30441000000,15,32679
30446000022,15,32698
30451000015,15,32710
30456000003,15,32686
30461000023,15,32688
30466000014,15,32684
30471000005,15,32697
30476000025,15,32676
30481000016,15,32664
30486000009,15,32696
30491000027,15,32677
30496000016,15,32689
30501000005,15,32682
30506000027,15,32692
30511000016,15,32671
30516000008,15,32687
30521000028,15,32704
30526000018,15,32662
30531000009,15,32698
30536000031,15,32674
30541000019,15,32670
30546000009,15,32681
30551000029,15,32680
30556000019,15,32687
30561000009,15,32680
30566000000,15,32669
30571000020,15,32670
30576000011,15,32683
30581000000,15,32679
30586000020,15,32681
30591000013,15,32672
30596000002,15,32678
30601000022,15,32687
30606000012,15,32686
30611000002,15,32712
30616000025,15,32698
30621000015,15,32678
30626000006,15,32665
30631000027,15,32687
30636000013,15,32659
30641000006,15,32693
30646000027,15,32683
30651000017,15,32685
30656000004,15,32688
30661000028,15,32678
30666000019,15,32679
30671000004,15,32680
30676000029,15,32673
30681000019,15,32673
30686000010,15,32677
30691000031,15,32664
30696000022,15,32655
30701000008,15,32672
30706000029,15,32678
30711000019,15,32677
30716000010,15,32678
30721000000,15,32687
30726000019,15,32682
30731000010,15,32686
30736000000,15,32695
30741000022,15,32680
30746000013,15,32689
30751000003,15,32677
30756000022,15,32678
30761000011,15,32685
30766000006,15,32674
30771000024,15,32665
30776000014,15,32666
30781000006,15,32676
30786000026,15,32667
30791000017,15,32684
30796000007,15,32686
30801000030,15,32685
30806000018,15,32677
30811000008,15,32685
30816000028,15,32704
30821000016,15,32686
30826000006,15,32674
30831000028,15,32666
30836000018,15,32660
30841000008,15,32670
30846000026,15,32682
30851000018,15,32664
30856000007,15,32653
30861000030,15,32681
30866000021,15,32681
30871000011,15,32675
30876000001,15,32675
30881000021,15,32682
30886000013,15,32684
30891000000,15,32684
30896000024,15,32673
30901000013,15,32668
30906000003,15,32668
30911000023,15,32661
30916000012,15,32673
30921000004,15,32688
30926000025,15,32669
30931000015,15,32659
30936000005,15,32666
30941000025,15,32665
30946000014,15,32667
30951000005,15,32686
30956000026,15,32687
30961000018,15,32658
30966000003,15,32674
30971000026,15,32684
30976000017,15,32675
30981000005,15,32676
30986000028,15,32664
30991000018,15,32669
30996000007,15,32679
31001000028,15,32697
31006000020,15,32671
31011000010,15,32652
31016000029,15,32656
31021000024,15,32672
31026000010,15,32668
31031000000,15,32666
31036000021,15,32670
31041000012,15,32674
31046000001,15,32674
31051000020,15,32660
31056000011,15,32676
31061000001,15,32666
31066000022,15,32690
31071000013,15,32658
31076000002,15,32653
31081000021,15,32656
31086000014,15,32680
31091000002,15,32676
31096000027,15,32658
31101000016,15,32679
31106000004,15,32643
31111000025,15,32669
31116000018,15,32678
31121000007,15,32676
31126000023,15,32657
31131000016,15,32674
31136000005,15,32646
31141000025,15,32661
31146000017,15,32656
31151000008,15,32659
31156000029,15,32684
31161000022,15,32665
31166000009,15,32673
31171000030,15,32668
31176000021,15,32661
31181000010,15,32660
31185999998,15,32685
31191000020,15,32664
31196000011,15,32656
31200999999,15,32662
31206000020,15,32655
31211000013,15,32654
31216000003,15,32667
31221000023,15,32661
31226000012,15,32659
31231000003,15,32663
31236000025,15,32648
31241000017,15,32649
31246000006,15,32652
31251000024,15,32660
31256000016,15,32657
31261000006,15,32632
31266000026,15,32655
31271000016,15,32658
31276000005,15,32663
31281000025,15,32669
31286000017,15,32667
31291000010,15,32645
31296000027,15,32665
31301000018,15,32662
31306000010,15,32645
31311000028,15,32662
31316000020,15,32658
31321000008,15,32650
31326000031,15,32653
31331000018,15,32645
31336000009,15,32679
31340999998,15,32648
31346000023,15,32658
31351000011,15,32648
31356000000,15,32660
31361000022,15,32662
31366000012,15,32670
31371000003,15,32663
31376000023,15,32644
31381000016,15,32670
31386000006,15,32648
31391000024,15,32645
31396000015,15,32663
31401000001,15,32649
31406000022,15,32643
31411000018,15,32668
31416000005,15,32654
31421000025,15,32650
31426000017,15,32637
31431000009,15,32658
31436000027,15,32656
31441000015,15,32626
31446000006,15,32648
31451000027,15,32641
31456000021,15,32662
31461000009,15,32647
31466000030,15,32645
31471000020,15,32672
31476000011,15,32664
31481000035,15,32639
31486000019,15,32648
31491000009,15,32654
31495999997,15,32656
31501000021,15,32638
31506000010,15,32664
31510999999,15,32644
31516000022,15,32664
31521000013,15,32631
31526000001,15,32645
31531000022,15,32664
31536000012,15,32654
31540999999,15,32656
31546000024,15,32652
31551000014,15,32636
31556000006,15,32659
31561000024,15,32655
31566000015,15,32652
31571000007,15,32639
31576000027,15,32636
31581000014,15,32640
31586000006,15,32648
31591000028,15,32655
31596000018,15,32648
31601000009,15,32629
31606000025,15,32635
31611000017,15,32631
31616000010,15,32661
31621000032,15,32639
31626000018,15,32622
31631000008,15,32640
31636000028,15,32656
31641000018,15,32664
31646000010,15,32662
31651000000,15,32659
31656000021,15,32643
31661000014,15,32639
31666000001,15,32647
31671000023,15,32643
31676000013,15,32617
31680999999,15,32650
31686000022,15,32646
31691000012,15,32655
31696000001,15,32648
31701000023,15,32640
31706000017,15,32633
31711000004,15,32619
31716000025,15,32649
31721000015,15,32634
31726000007,15,32658
31731000024,15,32640
31736000015,15,32658
31741000006,15,32647
31746000026,15,32624
31751000019,15,32654
31756000007,15,32633
31761000030,15,32640
31766000019,15,32640
31771000009,15,32660
31776000030,15,32652
31781000019,15,32646
31786000008,15,32637
31791000026,15,32655
31796000022,15,32627
31801000011,15,32660
31806000001,15,32619
31811000022,15,32630
31816000014,15,32639
31820999999,15,32633
31826000022,15,32631
31831000012,15,32634
31836000002,15,32639
31841000025,15,32637
31846000012,15,32629
31851000005,15,32641
31856000021,15,32648
31861000015,15,32640
31866000005,15,32641
31871000027,15,32640
31876000016,15,32624
31881000005,15,32631
31886000024,15,32622
31891000017,15,32639
31896000005,15,32642
31901000024,15,32621
31906000018,15,32646
31911000008,15,32634
31916000027,15,32634
31921000016,15,32620
31926000007,15,32639
31931000031,15,32628
31936000017,15,32655
31941000010,15,32633
31946000028,15,32646
31951000020,15,32626
31956000011,15,32625
31961000001,15,32643
31966000020,15,32640
31971000012,15,32637
31976000003,15,32633
31981000022,15,32616
31986000011,15,32647
31991000002,15,32651
31996000024,15,32641
32001000013,15,32643
32006000004,15,32649
32011000024,15,32634
32016000012,15,32642
32021000002,15,32644
32026000023,15,32642
32031000015,15,32639
32036000005,15,32636
32041000024,15,32642
32046000017,15,32639
32051000006,15,32636
32056000030,15,32631
32061000017,15,32639
32066000008,15,32640
32071000030,15,32634
32076000018,15,32611
32081000007,15,32615
32086000029,15,32626
32091000018,15,32640
32096000005,15,32644
32101000027,15,32608
32106000019,15,32635
32111000011,15,32625
32116000000,15,32646
32121000019,15,32616
32126000013,15,32633
32130999998,15,32637
32136000019,15,32629
32141000010,15,32615
32146000000,15,32637
32151000020,15,32620
32156000012,15,32633
32161000006,15,32641
32166000025,15,32610
32171000013,15,32643
32176000000,15,32633
32181000027,15,32641
32186000015,15,32646
32191000006,15,32635
32196000025,15,32624
32201000015,15,32635
32206000008,15,32629
32211000027,15,32621
32216000017,15,32618
32221000007,15,32627
32226000029,15,32639
32231000017,15,32635
32236000007,15,32622
32241000031,15,32625
32246000019,15,32640
32251000009,15,32621
32256000029,15,32639
32261000020,15,32631
32266000009,15,32617
32270999999,15,32627
32276000021,15,32632
32281000010,15,32634
32286000003,15,32634
32291000021,15,32617
32296000012,15,32635
32301000004,15,32628
32306000022,15,32621
32311000014,15,32631
32316000004,15,32614
32321000026,15,32610
32326000015,15,32623
32331000004,15,32631
32336000028,15,32619
32341000012,15,32653
32346000008,15,32625
32351000027,15,32626
32356000014,15,32633
32361000006,15,32639
32366000026,15,32632
32371000017,15,32618
32376000009,15,32604
32381000031,15,32625
32386000019,15,32619
32391000010,15,32626
32396000030,15,32615
32401000018,15,32606
32406000006,15,32618
32411000032,15,32607
32416000020,15,32617
32421000007,15,32628
32425999997,15,32614
32431000022,15,32633
32436000008,15,32619
32441000002,15,32627
32446000023,15,32627
32451000011,15,32616
32456000002,15,32627
32461000022,15,32632
32466000014,15,32620
32471000004,15,32641
32476000024,15,32623
32481000013,15,32606
32486000005,15,32611
32491000026,15,32628
32496000016,15,32617
32501000006,15,32605
32506000027,15,32631
32511000016,15,32611
32516000005,15,32630
32521000023,15,32624
32526000018,15,32616
32531000007,15,32622
32536000029,15,32626
32541000020,15,32638
32546000008,15,32612
32551000028,15,32630
32556000019,15,32616
32561000010,15,32615
32566000031,15,32610
32571000020,15,32626
32576000008,15,32613
32581000000,15,32611
32586000018,15,32605
32591000013,15,32587
32596000002,15,32617
32601000020,15,32601
32606000011,15,32632
32611000003,15,32602
32616000024,15,32623
32621000010,15,32629
32626000005,15,32632
32631000023,15,32617
32636000011,15,32607
32641000007,15,32614
32646000025,15,32593
32651000015,15,32622
32656000006,15,32607
32661000025,15,32604
32666000019,15,32616
32671000003,15,32606
32676000028,15,32606
32681000016,15,32620
32686000008,15,32615
32691000026,15,32634
32696000021,15,32624
32701000011,15,32608
32706000028,15,32605
32711000020,15,32612
32716000007,15,32600
32721000028,15,32619
32726000020,15,32604
32731000010,15,32612
32736000003,15,32610
32741000022,15,32595
32746000012,15,32617
32751000002,15,32610
32756000019,15,32619
32761000014,15,32595
32765999999,15,32625
32771000023,15,32597
32776000011,15,32595
32781000002,15,32611
32786000024,15,32600
32791000011,15,32608
32796000005,15,32619
32801000026,15,32594
32806000013,15,32617
32811000002,15,32599
32816000025,15,32589
32821000018,15,32605
32826000005,15,32623
32831000029,15,32622
32836000016,15,32605
32841000008,15,32613
32846000026,15,32609
32851000017,15,32601
32856000007,15,32613
32861000028,15,32607
32866000018,15,32604
32871000010,15,32617
32876000030,15,32609
32881000019,15,32618
32886000009,15,32612
32891000002,15,32598
32896000022,15,32599
32901000012,15,32578
32906000000,15,32607
32911000021,15,32612
32916000013,15,32614
32921000001,15,32604
32926000024,15,32611
32931000012,15,32604
32936000001,15,32597
32941000023,15,32592
32946000014,15,32624
32951000003,15,32596
32956000024,15,32613
32961000015,15,32592
32966000005,15,32611
32971000026,15,32616
32976000016,15,32606
32981000005,15,32595
32986000024,15,32612
32991000016,15,32591
32996000006,15,32607
33001000028,15,32630
33006000016,15,32617
33011000009,15,32588
33016000028,15,32606
33021000022,15,32598
33026000010,15,32585
33031000028,15,32609
33036000020,15,32591
33041000008,15,32596
33046000000,15,32600
33051000020,15,32603
33056000011,15,32620
33060999999,15,32620
33066000025,15,32617
33071000014,15,32588
33076000002,15,32606
33081000023,15,32624
33086000014,15,32619
33091000004,15,32593
33096000022,15,32580
33101000013,15,32614
33106000005,15,32599
33111000025,15,32609
33116000013,15,32595
33121000006,15,32582
33126000026,15,32600
33131000016,15,32591
33136000007,15,32605
33141000028,15,32586
33146000016,15,32614
33151000008,15,32609
33156000027,15,32591
33161000019,15,32602
33166000009,15,32593
33171000029,15,32601
33176000016,15,32602
33181000009,15,32610
33186000029,15,32602
33191000019,15,32614
33196000011,15,32575
33200999999,15,32604
33206000023,15,32597
33211000011,15,32609
33216000003,15,32580
33221000021,15,32599
33226000013,15,32585
33231000002,15,32574
33236000022,15,32599
33241000011,15,32594
33246000000,15,32607
33251000026,15,32576
33256000015,15,32598
33261000003,15,32597
33266000025,15,32591
33271000015,15,32598
33276000006,15,32579
33281000028,15,32582
33286000018,15,32586
33291000005,15,32601
33296000027,15,32606
33301000019,15,32602
33306000004,15,32598
33311000028,15,32592
33316000016,15,32569
33321000007,15,32599
33326000031,15,32603
33331000017,15,32597
33336000009,15,32603
33341000029,15,32583
33346000020,15,32599
33351000009,15,32586
33356000000,15,32603
33361000019,15,32595
33366000009,15,32584
33371000004,15,32597
33376000021,15,32589
33381000012,15,32585
33386000002,15,32591
33391000024,15,32604
33396000013,15,32592
33401000004,15,32578
33406000025,15,32596
33411000014,15,32620
33416000003,15,32579
33421000023,15,32600
33426000016,15,32588
33431000007,15,32591
33436000027,15,32586
33441000017,15,32596
33446000004,15,32588
33451000028,15,32604
33456000016,15,32589
33461000007,15,32587
33466000032,15,32582
33471000017,15,32582
33476000009,15,32589
33481000028,15,32589
33486000019,15,32588
33491000007,15,32596
33496000030,15,32587
33501000020,15,32585
33506000009,15,32605
33510999997,15,32592
33516000022,15,32606
33521000011,15,32597
33526000001,15,32578
33531000023,15,32572
33536000013,15,32613
33541000001,15,32575
33546000020,15,32594
33551000013,15,32600
33556000001,15,32591
33561000021,15,32603
33566000014,15,32586
33571000003,15,32592
33576000025,15,32580
33581000012,15,32565
33586000005,15,32589
33591000026,15,32590
33596000016,15,32567
33601000005,15,32573
33606000029,15,32578
33611000018,15,32589
33616000007,15,32590
33621000028,15,32584
33626000017,15,32583
33631000009,15,32571
33636000027,15,32581
33641000019,15,32585
33646000011,15,32587
33651000030,15,32564
33656000020,15,32580
33661000009,15,32580
33665999999,15,32585
33671000020,15,32591
33676000011,15,32567
33681000000,15,32577
33686000021,15,32576
33691000012,15,32592
33696000005,15,32564
33701000020,15,32568
33706000014,15,32566
33711000004,15,32577
33716000024,15,32585
33721000016,15,32606
33726000004,15,32567
33731000024,15,32593
33736000013,15,32573
33741000004,15,32596
33746000028,15,32573
33751000017,15,32598
33756000005,15,32584
33761000027,15,32584
33766000016,15,32592
33771000007,15,32567
33776000027,15,32578
33781000020,15,32573
33786000006,15,32564
33791000029,15,32574
33796000020,15,32562
33801000007,15,32582
33806000029,15,32583
33811000020,15,32556
33816000011,15,32564
33821000001,15,32582
33826000022,15,32580
33831000013,15,32592
33836000002,15,32581
33841000023,15,32578
33846000013,15,32569
33851000002,15,32571
33856000024,15,32585
33861000012,15,32578
33866000001,15,32599
33871000026,15,32569
33876000015,15,32583
33881000006,15,32597
33886000025,15,32586
33891000017,15,32593
33896000006,15,32561
33901000026,15,32567
33906000016,15,32576
33911000007,15,32575
33916000024,15,32565
33921000017,15,32590
33926000009,15,32570
33931000028,15,32585
33936000019,15,32563
33941000009,15,32590
33946000030,15,32577
33951000018,15,32574
33956000008,15,32582
33961000030,15,32580
33966000022,15,32556
33971000011,15,32577
33975999999,15,32560
33981000022,15,32569
33986000011,15,32564
33991000002,15,32578
33996000024,15,32585
34001000012,15,32558
34006000002,15,32562
34011000024,15,32570
34016000015,15,32569
34021000004,15,32576
34026000026,15,32564
34031000015,15,32574
34036000000,15,32572
34041000024,15,32562
34046000014,15,32570
34051000007,15,32593
34056000026,15,32575
34061000017,15,32578
34066000007,15,32568
34071000027,15,32563
34076000015,15,32564
34081000009,15,32567
34086000030,15,32561
34091000018,15,32570
34096000010,15,32561
34101000028,15,32578
34106000021,15,32563
34111000010,15,32554
34116000030,15,32571
34121000020,15,32554
34126000010,15,32563
34131000001,15,32566
34136000020,15,32568
34141000013,15,32578
34146000000,15,32572
34151000021,15,32563
34156000014,15,32585
34161000001,15,32580
34166000021,15,32581
34171000011,15,32552
34176000004,15,32571
34181000023,15,32568
34186000015,15,32571
34191000002,15,32560
34196000025,15,32564
34201000015,15,32572
34206000008,15,32574
34211000026,15,32561
34216000015,15,32577
34221000006,15,32577
34226000030,15,32571
34231000015,15,32568
34236000008,15,32566
34241000028,15,32566
34246000019,15,32575
34251000008,15,32576
34256000033,15,32556
34261000019,15,32556
34266000009,15,32573
34271000030,15,32556
34276000022,15,32565
34281000009,15,32542
34285999998,15,32560
34291000021,15,32560
34296000011,15,32562
34301000003,15,32548
34306000022,15,32559
34311000011,15,32551
34316000002,15,32547
34321000025,15,32560
34326000010,15,32552
34331000004,15,32580
34336000022,15,32573
34341000014,15,32556
34346000003,15,32573
34351000024,15,32567
34356000015,15,32573
34361000006,15,32582
34366000027,15,32548
34371000015,15,32573
34376000005,15,32557
34381000027,15,32565
34386000017,15,32571
34391000006,15,32540
34396000030,15,32552
34401000018,15,32559
34406000008,15,32568
34411000028,15,32552
34416000018,15,32546
34421000009,15,32537
34426000028,15,32566
34431000017,15,32556
34436000010,15,32565
34441000001,15,32550
34446000022,15,32551
34451000010,15,32532
34455999999,15,32561
34461000021,15,32566
34466000012,15,32556
34471000000,15,32558
34476000022,15,32554
34481000013,15,32565
34486000004,15,32564
34491000025,15,32537
34496000011,15,32569
34501000006,15,32565
34506000025,15,32560
34511000015,15,32571
34516000003,15,32560
34521000026,15,32560
34526000014,15,32569
34531000003,15,32567
34536000027,15,32562
34541000019,15,32547
34546000006,15,32557
34551000028,15,32560
34556000017,15,32543
34561000007,15,32556
34566000028,15,32566
34571000019,15,32545
34576000008,15,32552
34581000031,15,32563
34586000019,15,32553
34591000009,15,32545
34595999999,15,32558
34601000022,15,32550
34606000010,15,32553
34611000001,15,32550
34616000022,15,32534
34621000011,15,32562
34626000001,15,32538
34631000023,15,32547
34636000011,15,32546
34641000001,15,32568
34646000024,15,32559
34651000011,15,32563
34656000006,15,32545
34661000025,15,32556
34666000014,15,32545
34671000005,15,32568
34676000028,15,32554
34681000014,15,32543
34686000006,15,32547
34691000027,15,32548
34696000016,15,32544
34701000006,15,32556
34706000030,15,32552
34711000018,15,32533
34716000006,15,32542
34721000027,15,32544
34726000020,15,32553
34731000010,15,32555
34736000031,15,32555
34741000021,15,32557
34746000008,15,32562
34751000001,15,32570
34756000019,15,32551
34761000013,15,32539
34766000000,15,32551
34771000022,15,32541
34776000012,15,32568
34781000008,15,32540
34786000023,15,32549
34791000014,15,32564
34796000002,15,32575
34801000020,15,32540
34806000013,15,32550
34811000004,15,32552
34816000024,15,32538
34821000015,15,32559
34826000004,15,32549
34831000027,15,32564
34836000017,15,32579
34841000005,15,32536
34846000028,15,32545
34851000014,15,32533
34856000006,15,32531
34861000026,15,32541
34866000015,15,32556
34871000009,15,32558
34876000029,15,32552
34881000018,15,32554
34886000010,15,32567
34891000031,15,32553
34896000018,15,32542
34901000008,15,32543
34905999996,15,32541
34911000023,15,32564
34916000013,15,32547
34921000004,15,32570
34926000021,15,32558
34931000012,15,32555
34936000003,15,32538
34941000025,15,32554
34946000010,15,32539
34951000004,15,32554
34956000023,15,32540
34961000013,15,32540
34966000003,15,32536
34971000023,15,32534
34976000015,15,32558
34981000004,15,32540
34986000025,15,32539
34991000015,15,32540
34996000007,15,32549
35001000027,15,32538
35006000016,15,32543
35011000007,15,32553
35016000028,15,32533
35021000019,15,32543
35026000010,15,32534
35031000028,15,32536
35036000019,15,32533
35041000010,15,32541
35046000031,15,32548
35051000020,15,32546
35056000010,15,32541
35061000002,15,32541
35066000019,15,32528
35071000014,15,32546
35076000001,15,32550
35081000024,15,32542
35086000013,15,32539
35091000005,15,32550
35096000021,15,32539
35101000013,15,32532
35106000001,15,32530
35111000020,15,32550
35116000014,15,32553
35121000004,15,32535
35126000026,15,32542
35131000017,15,32531
35136000002,15,32513
35141000026,15,32549
35146000015,15,32540
35151000005,15,32534
35156000030,15,32528
35161000014,15,32533
35166000008,15,32538
35171000026,15,32519
35176000016,15,32541
35181000007,15,32533
35186000029,15,32543
35191000018,15,32531
35196000011,15,32554
35201000032,15,32543
35206000024,15,32538
35211000007,15,32541
35216000001,15,32535
35221000020,15,32537
35226000010,15,32548
35231000003,15,32540
35236000023,15,32520
35241000013,15,32530
35246000002,15,32543
35251000022,15,32560
35256000017,15,32515
35261000006,15,32525
35266000022,15,32540
35271000012,15,32534
35276000002,15,32534
35281000025,15,32535
35286000017,15,32533
35291000003,15,32529
35296000026,15,32525
35301000017,15,32535
35306000008,15,32538
35311000027,15,32547
35316000020,15,32535
35321000007,15,32550
35326000027,15,32540
35331000019,15,32535
35336000007,15,32525
35341000030,15,32519
35346000017,15,32536
35351000010,15,32522
35356000030,15,32551
35361000021,15,32531
35366000011,15,32526
35371000000,15,32518
35376000020,15,32515
35381000012,15,32526
35385999999,15,32529
35391000022,15,32509
35396000010,15,32539
35401000004,15,32538
35406000022,15,32526
35411000011,15,32513
35416000000,15,32514
35421000022,15,32532
35426000013,15,32536
35431000006,15,32520
35436000024,15,32515
35441000016,15,32546
35446000004,15,32531
35451000025,15,32529
35456000014,15,32538
35461000006,15,32522
35466000027,15,32515
35471000020,15,32520
35476000008,15,32528
35481000028,15,32529
35486000020,15,32535
35491000005,15,32537
35496000031,15,32520
35501000018,15,32549
35506000008,15,32507
35511000029,15,32540
35516000018,15,32533
35521000009,15,32534
35526000001,15,32539
35531000021,15,32525
35536000009,15,32515
35541000004,15,32521
35546000022,15,32521
35551000012,15,32537
35556000004,15,32501
35561000025,15,32524
35566000014,15,32520
35571000002,15,32519
35576000025,15,32514
35581000015,15,32512
35586000004,15,32529
35591000024,15,32538
35596000016,15,32509
35601000006,15,32532
35606000028,15,32516
35611000014,15,32544
35616000006,15,32534
35621000026,15,32538
35626000017,15,32524
35631000006,15,32520
35636000027,15,32529
35641000016,15,32492
35646000008,15,32511
35651000028,15,32530
35656000019,15,32536
35661000009,15,32512
35666000030,15,32521
35671000020,15,32496
35676000009,15,32545
35681000001,15,32512
35686000021,15,32524
35691000013,15,32523
35696000002,15,32534
35701000021,15,32534
35706000013,15,32527
35711000004,15,32499
35716000025,15,32516
35721000016,15,32521
35726000004,15,32518
35731000025,15,32531
35736000018,15,32513
35741000004,15,32505
35746000025,15,32502
35751000013,15,32528
35756000005,15,32521
35761000023,15,32530
35766000016,15,32527
35771000008,15,32525
35776000029,15,32515
35781000016,15,32501
35786000008,15,32524
35791000028,15,32513
35796000020,15,32527
35801000006,15,32513
35806000031,15,32527
35811000018,15,32533
35816000010,15,32533
35821000031,15,32498
35826000021,15,32498
35831000011,15,32520
35836000000,15,32491
35841000019,15,32529
35846000010,15,32525
35851000003,15,32508
35856000022,15,32527
35861000012,15,32502
35866000001,15,32504
35871000024,15,32502
35876000016,15,32527
35880999999,15,32517
35886000024,15,32520
35891000015,15,32517
35896000004,15,32511
35901000024,15,32511
35906000016,15,32524
35911000003,15,32494
35916000026,15,32498
35921000017,15,32504
35926000005,15,32522
35931000026,15,32504
35936000017,15,32500
35941000007,15,32532
35946000028,15,32512
35951000018,15,32519
35956000010,15,32522
35961000030,15,32494
35966000019,15,32527
35971000011,15,32493
35976000030,15,32493
35981000020,15,32512
35986000008,15,32507
35991000002,15,32535
35996000022,15,32507
36001000012,15,32509
36006000001,15,32527
36011000022,15,32527
36016000012,15,32517
36021000002,15,32501
36026000025,15,32501
36031000012,15,32519
36036000005,15,32533
36041000026,15,32496
36046000014,15,32507
36051000006,15,32524
36056000025,15,32505
36061000015,15,32496
36066000003,15,32484
36071000027,15,32526
36076000015,15,32507
36081000005,15,32499
36086000026,15,32521
36091000017,15,32506
36096000005,15,32516
36101000028,15,32520
36106000019,15,32514
36111000007,15,32482
36116000031,15,32510
36121000018,15,32500
36126000008,15,32515
36131000027,15,32505
36136000017,15,32510
36141000012,15,32499
36146000000,15,32508
36151000023,15,32501
36156000010,15,32517
36161000004,15,32508
36166000021,15,32511
36171000013,15,32502
36176000000,15,32511
36181000023,15,32483
36186000012,15,32515
36191000003,15,32499
36196000023,15,32513
36201000015,15,32503
36206000003,15,32485
36211000027,15,32503
36216000012,15,32500
36221000006,15,32509
36226000025,15,32496
36231000017,15,32523
36236000006,15,32484
36241000026,15,32487
36246000018,15,32525
36251000006,15,32518
36256000027,15,32511
36261000018,15,32512
36266000007,15,32502
36271000026,15,32508
36276000017,15,32510
36281000008,15,32514
36286000031,15,32520
36291000018,15,32489
36296000008,15,32515
36301000001,15,32503
36306000021,15,32512
36311000012,15,32507
36315999999,15,32507
36321000024,15,32503
36326000010,15,32490
36331000003,15,32517
36336000024,15,32501
36341000016,15,32503
36346000002,15,32518
36351000024,15,32507
36356000014,15,32505
36361000005,15,32494
36366000023,15,32502
36371000015,15,32494
36376000004,15,32517
36381000024,15,32499
36386000017,15,32503
36391000006,15,32508
36396000025,15,32486
36401000017,15,32486
36406000009,15,32507
36411000027,15,32497
36416000021,15,32503
36421000006,15,32505
36426000029,15,32490
36431000019,15,32512
36436000010,15,32490
36441000029,15,32492
36446000017,15,32502
36451000013,15,32529
36456000002,15,32500
36461000022,15,32487
36466000014,15,32500
36470999999,15,32482
36476000022,15,32483
36481000012,15,32501
36486000001,15,32490
36491000020,15,32499
36496000017,15,32491
36501000004,15,32477
36506000025,15,32500
36511000014,15,32500
36516000003,15,32498
36521000026,15,32503
36526000015,15,32496
36531000004,15,32496
36536000025,15,32499
36541000018,15,32503
36546000004,15,32499
36551000028,15,32513
36556000019,15,32507
36561000005,15,32490
36566000028,15,32510
36571000019,15,32489
36576000008,15,32512
36581000029,15,32512
36586000018,15,32507
36591000009,15,32486
36596000029,15,32504
36601000022,15,32487
36606000009,15,32502
36611000003,15,32478
36616000023,15,32498
36621000012,15,32501
36626000000,15,32484
36631000022,15,32502
36636000013,15,32495
36641000003,15,32492
36646000021,15,32468
36651000013,15,32487
36656000002,15,32500
36661000026,15,32496
36666000015,15,32505
36671000007,15,32490
36676000027,15,32479
36681000015,15,32503
36686000004,15,32493
36691000025,15,32518
36696000015,15,32516
36701000006,15,32484
36706000028,15,32486
36711000017,15,32478
36716000004,15,32490
36721000027,15,32475
36726000020,15,32484
36731000013,15,32505
36736000028,15,32489
36741000019,15,32480
36746000010,15,32480
36751000032,15,32496
36756000018,15,32496
36761000011,15,32494
36765999998,15,32476
36771000020,15,32496
36776000011,15,32498
36781000000,15,32485
36786000023,15,32482
36791000011,15,32497
36796000002,15,32483
36801000023,15,32505
36806000014,15,32489
36811000004,15,32495
36816000023,15,32481
36821000015,15,32487
36826000004,15,32486
36831000024,15,32515
36836000016,15,32501
36841000006,15,32507
36846000025,15,32473
36851000016,15,32464
36856000006,15,32487
36861000025,15,32495
36866000015,15,32474
36871000003,15,32479
36876000028,15,32485
36881000016,15,32492
36886000008,15,32489
36891000026,15,32486
36896000019,15,32473
36901000010,15,32494
36906000030,15,32489
36911000021,15,32486
36916000010,15,32482
36921000003,15,32484
36926000020,15,32480
36931000012,15,32472
36936000002,15,32500
36941000025,15,32490
36946000011,15,32466
36951000002,15,32515
36956000023,15,32491
36961000012,15,32471
36966000003,15,32462
36971000023,15,32470
36976000014,15,32496
36981000006,15,32477
36986000026,15,32500
36991000015,15,32482
36996000006,15,32507
37001000026,15,32487
37006000017,15,32499
37011000007,15,32480
37016000029,15,32493
37021000017,15,32505
37026000006,15,32487
37031000029,15,32499
37036000017,15,32477
37041000007,15,32465
37046000029,15,32477
37051000021,15,32483
37056000009,15,32470
37061000030,15,32480
37066000020,15,32490
37071000010,15,32484
37076000000,15,32508
37081000022,15,32485
37086000012,15,32490
37091000002,15,32511
37096000022,15,32489
37101000011,15,32475
37106000003,15,32477
37111000023,15,32501
37116000013,15,32489
37121000004,15,32483
37126000026,15,32476
37131000015,15,32488
37136000004,15,32478
37141000026,15,32490
37146000015,15,32471
37151000004,15,32506
37156000027,15,32484
37161000016,15,32488
37166000007,15,32470
37171000031,15,32481
37176000017,15,32483
37181000007,15,32507
37186000030,15,32490
37191000017,15,32502
37196000010,15,32488
37201000032,15,32497
37206000017,15,32490
37211000009,15,32478
37216000029,15,32482
37221000021,15,32469
37226000012,15,32478
37230999999,15,32490
37236000020,15,32491
37241000013,15,32476
37246000003,15,32492
37251000024,15,32501
37256000012,15,32492
37261000002,15,32491
37266000021,15,32470
37271000013,15,32486
37276000003,15,32455
37281000025,15,32471
37286000018,15,32475
37291000005,15,32500
37296000025,15,32455
37301000014,15,32463
37306000005,15,32480
37311000023,15,32475
37316000017,15,32477
37321000007,15,32476
37326000028,15,32477
37331000017,15,32481
37336000008,15,32474
37341000027,15,32475
37346000021,15,32485
37351000013,15,32475
37356000028,15,32488
37361000021,15,32478
37366000010,15,32473
37371000029,15,32479
37376000020,15,32486
37381000007,15,32469
37386000002,15,32483
37391000019,15,32467
37396000013,15,32481
37401000000,15,32468
37406000020,15,32478
37411000013,15,32460
37416000000,15,32478
37421000020,15,32492
37426000014,15,32471
37431000004,15,32481
37436000022,15,32489
37441000015,15,32491
37446000004,15,32469
37451000023,15,32461
37456000012,15,32465
37461000005,15,32472
37466000028,15,32457
37471000018,15,32475
37476000004,15,32489
37481000027,15,32471
37486000019,15,32475
37491000006,15,32460
37496000028,15,32463
37501000015,15,32476
37506000009,15,32461
37511000031,15,32493
37516000018,15,32461
37521000007,15,32473
37526000029,15,32470
37531000019,15,32461
37536000012,15,32473
37540999999,15,32457
37546000022,15,32461
37551000011,15,32477
37555999999,15,32459
37561000023,15,32472
37566000012,15,32458
37571000000,15,32461
37576000023,15,32483
37581000013,15,32457
37586000005,15,32461
37591000022,15,32470
37596000013,15,32446
37601000005,15,32471
37606000026,15,32469
37611000016,15,32448
37616000003,15,32461
37621000026,15,32495
37626000017,15,32486
37631000005,15,32465
37636000028,15,32465
37641000019,15,32447
37646000008,15,32464
37651000029,15,32479
37656000016,15,32480
37661000008,15,32458
37666000031,15,32455
37671000020,15,32468
37676000009,15,32456
37681000030,15,32464
37686000019,15,32446
37691000009,15,32474
37696000000,15,32448
37701000019,15,32464
37706000012,15,32462
37711000003,15,32465
37716000022,15,32457
37721000012,15,32449
37726000000,15,32472
37731000025,15,32461
37736000010,15,32457
37741000003,15,32466
37746000025,15,32457
37751000012,15,32476
37756000004,15,32469
37761000024,15,32467
37766000016,15,32457
37771000006,15,32471
37776000024,15,32455
37781000014,15,32432
37786000004,15,32476
37791000028,15,32457
37796000015,15,32453
37801000006,15,32471
37806000028,15,32458
37811000016,15,32459
37816000008,15,32473
37821000027,15,32469
37826000020,15,32462
37831000009,15,32454
37836000028,15,32455
37841000021,15,32486
37846000010,15,32477
37851000001,15,32444
37856000019,15,32467
37861000012,15,32466
37866000002,15,32458
37871000022,15,32452
37876000008,15,32468
37881000001,15,32460
37886000023,15,32467
37891000009,15,32467
37896000003,15,32467
37901000024,15,32471
37906000013,15,32444
37911000003,15,32467
37916000026,15,32457
37921000013,15,32440
37926000006,15,32472
37931000024,15,32448
37936000018,15,32446
37941000004,15,32471
37946000025,15,32465
37951000019,15,32469
37956000009,15,32455
37961000030,15,32475
37966000016,15,32466
37971000007,15,32458
37976000029,15,32470
37981000019,15,32443
37986000007,15,32474
37991000032,15,32460
37996000021,15,32470
38001000010,15,32454
38006000000,15,32442
38011000023,15,32453
38016000010,15,32450
38021000002,15,32457
38026000024,15,32433
38031000012,15,32448
38036000000,15,32466
38041000023,15,32459
38046000013,15,32443
38051000002,15,32476
38056000025,15,32462
38061000014,15,32446
38066000007,15,32442
38071000024,15,32449
38076000018,15,32460
38081000006,15,32465
38086000026,15,32451
38091000016,15,32445
38096000004,15,32443
38101000024,15,32462
38106000018,15,32456
38111000007,15,32474
38116000029,15,32457
38121000016,15,32440
38126000010,15,32460
38131000031,15,32444
38136000018,15,32464
38141000012,15,32460
38146000029,15,32444
38151000019,15,32457
38156000010,15,32448
38160999999,15,32450
38166000023,15,32441
38171000010,15,32456
38175999999,15,32445
38181000021,15,32450
38186000009,15,32445
38191000004,15,32447
38196000024,15,32457
38201000015,15,32476
38206000004,15,32447
38211000025,15,32476
38216000013,15,32453
38221000003,15,32445
38226000027,15,32430
38231000017,15,32437
38236000007,15,32433
38241000023,15,32432
38246000014,15,32459
38251000004,15,32443
38256000027,15,32463
38261000016,15,32457
38266000007,15,32424
38271000029,15,32453
38276000018,15,32466
38281000010,15,32443
38286000026,15,32466
38291000019,15,32458
38296000009,15,32448
38301000029,15,32456
38306000021,15,32444
38311000011,15,32449
38316000002,15,32437
38321000021,15,32452
38326000011,15,32442
38330999999,15,32441
38336000023,15,32445
38341000014,15,32446
38346000002,15,32438
38351000022,15,32451
38356000014,15,32431
38361000004,15,32445
38366000023,15,32444
38371000013,15,32447
38376000006,15,32443
38381000024,15,32449
38386000015,15,32442
38391000007,15,32459
38396000027,15,32450
38401000017,15,32445
38406000007,15,32464
38411000027,15,32423
38416000013,15,32420
38421000002,15,32459
38426000030,15,32432
38431000017,15,32456
38436000005,15,32445
38441000028,15,32481
38446000021,15,32433
38451000007,15,32429
38456000029,15,32456
38461000022,15,32441
38466000012,15,32439
38471000000,15,32436
38476000020,15,32449
38481000013,15,32447
38486000001,15,32437
38491000022,15,32437
38496000011,15,32462
38501000000,15,32425
38506000023,15,32439
38511000010,15,32438
38516000003,15,32435
38521000024,15,32448
38526000012,15,32438
38531000003,15,32447
38536000022,15,32446
38541000017,15,32446
38546000006,15,32430
38551000025,15,32451
38556000016,15,32449
38561000004,15,32432
38566000025,15,32448
38571000019,15,32448
38576000008,15,32427
38581000029,15,32443
38586000019,15,32447
38591000010,15,32430
38596000028,15,32459
38601000019,15,32443
38606000010,15,32432
38611000031,15,32436
38616000019,15,32442
38621000008,15,32436
38626000000,15,32420
38631000021,15,32442
38636000012,15,32445
38641000000,15,32430
38646000025,15,32454
38651000010,15,32453
38656000001,15,32441
38661000026,15,32430
38666000010,15,32442
38670999999,15,32428
38676000026,15,32459
38681000014,15,32443
38686000005,15,32448
38691000025,15,32439
38696000017,15,32431
38701000007,15,32446
38706000025,15,32455
38711000016,15,32462
38716000007,15,32430
38721000027,15,32457
38726000017,15,32436
38731000006,15,32448
38736000029,15,32438
38741000020,15,32428
38746000008,15,32421
38751000031,15,32444
38756000018,15,32433
38761000009,15,32432
38766000030,15,32449
38771000019,15,32439
38776000010,15,32437
38780999999,15,32434
38786000022,15,32453
38791000011,15,32422
38795999999,15,32435
38801000024,15,32434
38806000012,15,32447
38811000001,15,32435
38816000021,15,32454
38821000016,15,32414
38826000002,15,32435
38831000022,15,32440
38836000014,15,32436
38841000004,15,32439
38846000025,15,32438
38851000018,15,32432
38856000004,15,32439
38861000024,15,32438
38866000016,15,32423
38871000007,15,32434
38876000027,15,32429
38881000019,15,32432
38886000008,15,32439
38891000028,15,32428
38896000020,15,32439
38901000010,15,32450
38906000029,15,32441
38911000017,15,32421
38916000009,15,32428
38921000033,15,32435
38926000021,15,32434
38931000010,15,32436
38935999999,15,32439
38941000021,15,32424
38946000011,15,32436
38950999998,15,32419
38956000025,15,32418
38961000013,15,32432
38966000000,15,32406
38971000024,15,32421
38976000017,15,32446
38981000006,15,32429
38986000027,15,32426
38991000016,15,32428
38996000006,15,32433
39001000024,15,32422
39006000015,15,32415
39011000005,15,32416
39016000027,15,32433
39021000015,15,32436
39026000004,15,32424
39031000028,15,32424
39036000017,15,32406
39041000003,15,32424
39046000027,15,32427
39051000017,15,32428
39056000008,15,32425
39061000029,15,32424
39066000020,15,32429
39071000007,15,32435
39076000029,15,32428
39081000019,15,32444
39086000011,15,32409
39091000001,15,32433
39096000020,15,32418
39101000013,15,32427
39105999999,15,32420
39111000022,15,32414
39116000012,15,32428
39121000002,15,32412
39126000023,15,32416
39131000015,15,32429
39136000004,15,32414
39141000023,15,32427
39146000014,15,32449
39151000003,15,32423
39156000025,15,32431
39161000015,15,32437
39166000004,15,32428
39171000025,15,32433
39176000017,15,32430
39181000007,15,32423
39186000031,15,32412
39191000019,15,32421
39196000009,15,32415
39201000031,15,32411
39206000019,15,32422
39211000010,15,32431
39216000030,15,32431
39221000021,15,32430
39226000011,15,32408
39231000031,15,32422
39236000020,15,32428
39241000011,15,32430
39245999998,15,32432
39251000020,15,32429
39256000012,15,32424
39261000001,15,32437
39266000025,15,32431
39271000010,15,32419
39276000002,15,32422
39281000025,15,32424
39286000014,15,32414
39291000004,15,32424
39296000022,15,32429
39301000013,15,32428
39306000002,15,32423
39311000025,15,32424
39316000012,15,32406
39321000006,15,32441
39326000026,15,32425
39331000015,15,32434
39336000006,15,32422
39341000028,15,32434
39346000016,15,32411
39351000005,15,32415
39356000030,15,32419
39361000020,15,32424
39366000005,15,32400
39371000030,15,32426
39376000019,15,32417
39381000009,15,32423
39386000029,15,32439
39391000019,15,32405
39396000010,15,32405
39401000001,15,32423
39406000019,15,32431
39411000012,15,32413
39416000001,15,32428
39421000020,15,32418
39426000011,15,32432
39430999999,15,32411
39436000022,15,32426
39441000012,15,32417
39446000003,15,32413
39451000024,15,32412
39456000017,15,32415
39461000000,15,32412
39466000024,15,32419
39471000017,15,32408
39476000006,15,32427
39481000025,15,32420
39486000016,15,32407
39491000004,15,32422
39496000026,15,32432
39501000017,15,32430
39506000008,15,32400
39511000028,15,32426
39516000016,15,32405
39521000009,15,32401
39526000029,15,32432
39531000018,15,32404
39536000010,15,32424
39541000029,15,32424
39546000020,15,32414
39551000009,15,32419
39555999998,15,32418
39561000022,15,32413
39566000011,15,32422
39571000001,15,32414
39576000022,15,32410
39581000012,15,32423
39586000003,15,32434
39591000023,15,32412
39596000013,15,32409
39601000004,15,32423
39606000025,15,32418
39611000014,15,32416
39616000002,15,32427
39621000022,15,32409
39626000015,15,32392
39631000003,15,32405
39636000027,15,32421
39641000017,15,32407
39646000008,15,32416
39651000029,15,32401
39656000016,15,32402
39661000008,15,32409
39666000028,15,32424
39671000018,15,32416
39676000010,15,32410
39681000028,15,32394
39686000019,15,32414
39691000006,15,32421
39696000029,15,32413
39701000020,15,32398
39706000009,15,32425
39710999999,15,32420
39716000020,15,32410
39721000010,15,32409
39726000001,15,32410
39731000025,15,32412
39736000012,15,32398
39741000002,15,32427
39746000023,15,32417
39751000016,15,32389
39756000005,15,32417
39761000025,15,32411
39766000014,15,32401
39771000003,15,32408
39776000024,15,32413
39781000017,15,32395
39786000006,15,32420
39791000026,15,32388
39796000016,15,32397
39801000007,15,32426
39806000026,15,32417
39811000017,15,32426
39816000003,15,32412
39821000027,15,32421
39826000019,15,32413
39831000005,15,32418
39836000032,15,32416
39841000016,15,32400
39846000008,15,32408
39851000027,15,32421
39856000018,15,32396
39861000010,15,32410
39865999999,15,32402
39871000017,15,32440
39876000009,15,32413
39880999999,15,32421
39886000025,15,32412
39891000010,15,32412
39896000003,15,32409
39901000024,15,32395
39906000010,15,32399
39911000004,15,32412
39916000025,15,32401
39921000014,15,32406
39926000005,15,32389
39931000025,15,32410
39936000015,15,32416
39941000006,15,32411
39946000025,15,32407
39951000015,15,32385
39956000007,15,32405
39961000026,15,32413
39966000016,15,32436
39971000006,15,32402
39976000029,15,32411
39981000019,15,32415
39986000007,15,32394
39991000028,15,32404
39996000017,15,32416
40001000008,15,32413
40006000029,15,32396
40011000020,15,32407
40016000008,15,32414
40021000001,15,32421
40026000020,15,32405
40031000011,15,32420
40036000000,15,32421
40041000021,15,32407
40046000010,15,32421
40051000003,15,32399
40056000022,15,32400
40061000011,15,32384
40066000001,15,32412
40071000026,15,32394
40076000013,15,32380
40081000004,15,32417
40086000026,15,32399
40091000018,15,32421
40096000003,15,32407
40101000028,15,32420
40106000015,15,32395
40111000006,15,32415
40116000028,15,32416
40121000015,15,32394
40126000005,15,32385
40131000028,15,32411
40136000016,15,32392
40141000007,15,32389
40146000029,15,32409
40151000018,15,32406
40156000010,15,32394
40161000029,15,32387
40166000018,15,32399
40171000008,15,32406
40175999999,15,32409
40181000019,15,32398
40186000012,15,32412
40191000000,15,32407
40196000022,15,32402
40201000011,15,32404
40206000001,15,32404
40211000023,15,32409
40216000012,15,32396
40221000000,15,32403
40226000025,15,32399
40231000014,15,32395
40236000002,15,32371
40241000024,15,32418
40246000014,15,32423
40251000005,15,32403
40256000026,15,32411
40261000016,15,32397
40266000007,15,32410
40271000025,15,32401
40276000016,15,32416
40281000008,15,32409
40286000028,15,32407
40291000018,15,32397
40296000004,15,32406
40301000030,15,32393
40306000019,15,32411
40311000007,15,32399
40316000032,15,32383
40321000018,15,32402
40326000010,15,32408
40331000000,15,32401
40336000019,15,32413
40341000011,15,32410
40346000000,15,32401
40351000023,15,32397
40356000010,15,32378
40361000004,15,32371
40366000022,15,32394
40371000013,15,32409
40376000001,15,32397
40381000025,15,32391
40386000013,15,32391
40391000002,15,32389
40396000023,15,32392
40401000014,15,32392
40406000007,15,32383
40411000025,15,32390
40416000017,15,32403
40421000004,15,32395
40426000027,15,32416
40431000014,15,32400
40436000008,15,32379
40441000028,15,32392
40446000017,15,32382
40451000006,15,32389
40456000028,15,32398
40461000016,15,32419
40466000011,15,32398
40471000028,15,32397
40476000021,15,32405
40481000009,15,32398
40485999998,15,32389
40491000021,15,32385
40496000011,15,32423
40501000001,15,32391
40506000022,15,32393
40511000013,15,32403
40516000003,15,32403
40521000026,15,32409
40526000013,15,32381
40531000003,15,32388
40536000025,15,32398
40541000015,15,32392
40546000002,15,32388
40551000024,15,32386
40556000015,15,32419
40561000003,15,32417
40566000026,15,32390
40571000017,15,32397
40576000008,15,32387
40581000028,15,32388
40586000016,15,32411
40591000008,15,32375
40596000028,15,32398
40601000019,15,32395
40606000006,15,32390
40611000026,15,32393
40616000021,15,32390
40621000010,15,32399
40626000030,15,32394
40631000022,15,32385
40636000011,15,32389
40641000001,15,32403
40646000022,15,32383
40651000011,15,32397
40656000000,15,32385
40661000021,15,32389
40666000008,15,32397
40671000000,15,32381
40676000023,15,32394
40681000010,15,32383
40686000002,15,32394
40691000024,15,32382
40696000016,15,32400
40701000006,15,32388
40706000028,15,32382
40711000015,15,32397
40716000004,15,32404
40721000027,15,32403
40726000016,15,32393
40731000004,15,32401
40736000026,15,32396
40741000019,15,32364
40746000006,15,32390
40751000026,15,32394
40756000017,15,32399
40761000008,15,32391
40766000030,15,32411
40771000018,15,32394
40776000007,15,32394
40781000028,15,32400
40786000020,15,32381
40791000012,15,32411
40795999999,15,32388
40801000022,15,32397
40806000012,15,32390
40811000003,15,32381
40816000023,15,32411
40821000011,15,32394
40825999999,15,32400
40831000022,15,32387
40836000014,15,32363
40841000005,15,32394
40846000025,15,32370
40851000013,15,32409
40856000002,15,32391
40861000026,15,32384
40866000014,15,32392
40871000002,15,32391
40876000027,15,32395
40881000014,15,32399
40886000005,15,32389
40891000028,15,32377
40896000017,15,32409
40901000009,15,32405
40906000029,15,32402
40911000019,15,32382
40916000008,15,32404
40921000029,15,32387
40926000019,15,32383
40931000011,15,32386
40936000029,15,32403
40941000020,15,32386
40946000012,15,32386
40951000002,15,32378
40956000021,15,32402
40961000010,15,32396
40965999998,15,32382
40971000022,15,32390
40976000011,15,32382
40981000005,15,32394
40986000023,15,32401
40991000011,15,32382
40996000003,15,32397
41001000025,15,32372
41006000016,15,32388
41011000007,15,32377
41016000022,15,32400
41021000015,15,32394
41026000006,15,32383
41031000027,15,32382
41036000014,15,32377
41041000006,15,32399
41046000030,15,32378
41051000018,15,32379
41056000008,15,32391
41061000027,15,32388
41066000018,15,32368
41071000007,15,32410
41076000029,15,32379
41081000022,15,32389
41086000005,15,32387
41091000032,15,32396
41096000021,15,32383
41101000010,15,32383
41105999999,15,32384
41111000021,15,32365
41116000011,15,32383
41121000000,15,32396
41126000024,15,32380
41131000011,15,32380
41135999999,15,32388
41141000024,15,32389
41146000014,15,32376
41151000003,15,32386
41156000021,15,32391
41161000014,15,32382
41166000003,15,32377
41171000025,15,32391
41176000014,15,32385
41181000004,15,32380
41186000028,15,32368
41191000017,15,32376
41196000007,15,32386
41201000026,15,32394
41206000016,15,32373
41211000005,15,32397
41216000027,15,32357
41221000019,15,32365
41226000007,15,32382
41231000029,15,32381
41236000020,15,32385
41241000010,15,32380
41246000030,15,32385
41251000019,15,32387
41256000009,15,32401
41260999998,15,32392
41266000021,15,32404
41271000009,15,32367
41276000001,15,32372
41281000022,15,32393
41286000012,15,32388
41291000000,15,32384
41296000022,15,32385
41301000016,15,32382
41306000004,15,32390
41311000022,15,32368
41316000011,15,32375
41321000005,15,32385
41326000026,15,32387
41331000017,15,32374
41336000003,15,32380
41341000026,15,32381
41346000017,15,32388
41351000005,15,32358
41356000026,15,32376
41361000016,15,32377
41366000007,15,32392
41371000025,15,32385
41376000018,15,32391
41381000008,15,32379
41386000029,15,32370
41391000017,15,32373
41396000010,15,32395
41401000033,15,32394
41406000019,15,32390
41411000010,15,32374
41415999999,15,32380
41421000019,15,32371
41426000010,15,32359
41431000001,15,32373
41436000021,15,32372
41441000012,15,32367
41446000003,15,32383
41451000022,15,32349
41456000015,15,32382
41461000005,15,32372
41466000023,15,32359
41471000014,15,32375
41476000004,15,32375
41481000025,15,32387
41486000014,15,32378
41491000007,15,32383
41496000026,15,32367
41501000018,15,32392
41506000007,15,32401
41511000028,15,32347
41516000017,15,32382
41521000006,15,32377
41526000026,15,32375
41531000018,15,32387
41536000009,15,32394
41541000029,15,32365
41546000016,15,32350
41551000009,15,32364
41556000030,15,32383
41561000020,15,32377
41566000010,15,32365
41571000000,15,32386
41576000020,15,32359
41581000011,15,32370
41586000000,15,32372
41591000020,15,32372
41596000014,15,32375
41601000001,15,32385
41606000024,15,32356
41611000011,15,32370
41616000003,15,32373
41621000026,15,32363
41626000012,15,32367
41631000004,15,32378
41636000025,15,32363
41641000016,15,32388
41646000005,15,32362
41651000027,15,32371
41656000016,15,32363
41661000004,15,32362
41666000026,15,32361
41671000019,15,32370
41676000009,15,32386
41681000029,15,32379
41686000019,15,32390
41691000009,15,32360
41696000029,15,32376
41701000018,15,32365
41706000008,15,32385
41711000029,15,32379
41716000021,15,32384
41721000009,15,32383
41725999998,15,32376
41731000022,15,32374
41736000010,15,32376
41740999998,15,32354
41746000023,15,32381
41751000010,15,32385
41756000003,15,32368
41761000025,15,32372
41766000012,15,32375
41771000002,15,32383
41776000024,15,32383
41781000012,15,32374
41786000005,15,32364
41791000022,15,32367
41796000013,15,32354
41801000003,15,32373
41806000028,15,32348
41811000017,15,32383
41816000006,15,32355
41821000027,15,32362
41826000018,15,32383
41831000006,15,32362
41836000028,15,32399
41841000018,15,32377
41846000009,15,32376
41851000029,15,32377
41856000017,15,32378
41861000011,15,32372
41866000030,15,32375
41871000021,15,32373
41876000009,15,32383
41880999999,15,32365
41886000020,15,32355
41891000010,15,32370
41895999999,15,32379
41901000022,15,32350
41906000013,15,32370
41911000003,15,32348
41916000024,15,32370
41921000014,15,32363
41926000004,15,32378
41931000024,15,32371
41936000014,15,32373
41941000004,15,32363
41946000023,15,32363
41951000017,15,32348
41956000005,15,32361
41961000022,15,32363
41966000016,15,32371
41971000005,15,32357
41976000029,15,32357
41981000016,15,32349
41986000009,15,32383
41991000027,15,32351
41996000015,15,32375
42001000008,15,32342
42006000029,15,32369
42011000021,15,32372
42016000009,15,32364
42021000032,15,32361
42026000018,15,32349
42031000010,15,32376
42035999999,15,32355
42041000024,15,32368
42046000013,15,32371
42051000003,15,32359
42056000022,15,32375
42061000012,15,32350
42066000001,15,32374
42071000024,15,32365
42076000012,15,32361
42081000003,15,32371
42086000025,15,32367
42091000015,15,32356
42096000006,15,32383
42101000028,15,32369
42106000014,15,32375
42111000006,15,32368
42116000025,15,32392
42121000015,15,32360
42126000006,15,32359
42131000028,15,32377
42136000020,15,32360
42141000006,15,32366
42146000027,15,32364
42151000017,15,32350
42156000008,15,32368
42161000029,15,32337
42166000018,15,32361
42171000010,15,32372
42176000029,15,32364
42181000019,15,32346
42186000009,15,32365
42191000002,15,32355
42196000022,15,32365
42201000009,15,32364
42206000000,15,32364
42211000023,15,32370
42216000010,15,32366
42221000000,15,32359
42226000024,15,32350
42231000012,15,32355
42236000002,15,32378
42241000023,15,32379
42246000014,15,32366
42251000003,15,32367
42256000026,15,32361
42261000018,15,32357
42266000002,15,32364
42271000027,15,32347
42276000012,15,32350
42281000009,15,32371
42286000028,15,32359
42291000018,15,32370
42296000006,15,32338
42301000026,15,32369
42306000017,15,32366
42311000007,15,32358
42316000030,15,32362
42321000019,15,32361
42326000008,15,32350
42331000031,15,32367
42336000018,15,32359
42341000010,15,32345
42345999997,15,32347
42351000024,15,32378
42356000011,15,32365
42361000002,15,32363
42366000022,15,32343
42371000009,15,32344
42376000001,15,32365
42381000018,15,32364
42386000013,15,32346
42391000002,15,32363
42396000026,15,32375
42401000013,15,32353
42406000005,15,32353
42411000024,15,32372
42416000017,15,32370
42421000005,15,32356
42426000027,15,32377
42431000014,15,32362
42436000007,15,32353
42441000026,15,32350
42446000016,15,32346
42451000006,15,32357
42456000027,15,32378
42461000016,15,32362
42466000006,15,32362
42471000028,15,32374
42476000020,15,32363
42481000011,15,32352
42486000030,15,32352
42491000016,15,32339
42496000008,15,32360
42501000000,15,32371
42506000019,15,32352
42511000014,15,32345
42515999999,15,32353
42521000022,15,32367
42526000012,15,32356
42531000003,15,32363
42536000025,15,32356
42541000012,15,32329
42546000005,15,32350
42551000026,15,32352
42556000015,15,32344
42561000006,15,32385
42566000027,15,32349
42571000016,15,32345
42576000004,15,32344
42581000028,15,32345
42586000015,15,32340
42591000008,15,32367
42596000027,15,32348
42601000013,15,32354
42606000005,15,32351
42611000030,15,32345
42616000018,15,32337
42621000010,15,32346
42626000028,15,32343
42631000019,15,32337
42636000009,15,32356
42641000031,15,32360
42646000019,15,32351
42651000011,15,32350
42656000000,15,32344
42661000022,15,32357
42666000014,15,32349
42671000003,15,32360
42676000023,15,32376
42681000012,15,32351
42686000003,15,32353
42691000023,15,32337
42696000014,15,32346
42701000002,15,32355
42706000024,15,32336
42711000014,15,32337
42716000005,15,32361
42721000025,15,32337
42726000012,15,32362
42731000004,15,32345
42736000025,15,32342
42741000014,15,32353
42746000004,15,32323
42751000030,15,32327
42756000015,15,32356
42761000008,15,32348
42766000028,15,32348
42771000018,15,32354
42776000009,15,32337
42781000029,15,32351
42786000020,15,32342
42791000009,15,32354
42796000030,15,32349
42801000019,15,32360
42806000011,15,32349
42810999999,15,32337
42816000021,15,32344
42821000012,15,32333
42826000001,15,32349
42831000021,15,32337
42836000013,15,32349
42841000001,15,32351
42846000023,15,32342
42851000013,15,32358
42856000003,15,32363
42861000024,15,32334
42866000014,15,32354
42871000004,15,32342
42876000025,15,32352
42881000014,15,32356
42886000006,15,32348
42891000025,15,32342
42896000016,15,32356
42901000008,15,32350
42906000025,15,32355
42911000017,15,32323
42916000008,15,32339
42921000029,15,32330
42926000020,15,32340
42931000008,15,32348
42936000028,15,32345
42941000018,15,32328
42946000008,15,32359
42951000029,15,32333
42956000017,15,32342
42961000009,15,32355
42966000000,15,32343
42971000021,15,32354
42976000011,15,32340
42981000004,15,32349
42986000024,15,32353
42991000011,15,32332
42996000002,15,32345
43001000025,15,32353
43006000017,15,32338
43011000004,15,32350
43016000023,15,32343
43021000016,15,32357
43026000004,15,32334
43031000024,15,32341
43036000017,15,32326
43041000006,15,32340
43046000025,15,32360
43051000017,15,32354
43056000006,15,32355
43061000024,15,32340
43066000018,15,32333
43071000006,15,32346
43076000029,15,32344
43081000017,15,32351
43086000008,15,32336
43091000031,15,32365
43096000019,15,32326
43101000011,15,32346
43106000029,15,32340
43111000019,15,32346
43116000013,15,32345
43120999995,15,32346
43126000018,15,32345
43131000011,15,32336
43136000001,15,32326
43141000022,15,32327
43146000013,15,32337
43151000001,15,32351
43156000022,15,32339
43161000012,15,32332
43166000003,15,32342
43171000026,15,32347
43176000014,15,32357
43181000004,15,32336
43186000024,15,32349
43191000012,15,32330
43196000005,15,32354
43201000023,15,32331
43206000016,15,32365
43211000008,15,32340
43216000027,15,32331
43221000018,15,32337
43226000008,15,32328
43231000029,15,32346
43236000017,15,32329
43241000008,15,32344
43246000030,15,32340
43251000020,15,32332
43256000010,15,32333
43261000028,15,32352
43266000022,15,32331
43271000009,15,32329
43275999999,15,32343
43281000021,15,32351
43286000014,15,32323
43291000001,15,32350
43296000022,15,32320
43301000012,15,32333
43306000004,15,32331
43311000022,15,32330
43316000012,15,32346
43321000003,15,32324
43326000024,15,32332
43331000015,15,32350
43336000006,15,32342
43341000025,15,32316
43346000016,15,32344
43351000005,15,32342
43356000026,15,32323
43361000016,15,32344
43366000005,15,32339
43371000028,15,32354
43376000018,15,32344
43381000006,15,32345
43386000029,15,32334
43391000016,15,32333
43396000011,15,32325
43401000030,15,32344
43406000018,15,32342
43411000012,15,32311
43416000031,15,32337
43421000020,15,32339
43426000008,15,32340
43431000001,15,32336
43436000022,15,32320
43441000012,15,32317
43446000003,15,32338
43451000023,15,32334
43456000013,15,32331
43461000005,15,32336
43466000024,15,32349
43471000013,15,32333
43476000001,15,32354
43481000023,15,32324
43486000015,15,32330
43491000004,15,32325
43496000026,15,32343
43501000016,15,32327
43506000005,15,32321
43511000026,15,32324
43516000015,15,32315
43521000005,15,32348
43526000027,15,32345
43531000018,15,32338
43536000005,15,32323
43541000026,15,32338
43546000019,15,32341
43551000007,15,32349
43556000029,15,32350
43561000018,15,32310
43566000009,15,32331
43571000028,15,32332
43576000024,15,32337
43581000012,15,32341
43586000001,15,32357
43591000023,15,32328
43596000010,15,32351
43601000001,15,32331
43606000021,15,32330
43611000011,15,32324
43616000001,15,32330
43621000023,15,32312
43626000015,15,32331
43631000005,15,32347
43636000027,15,32336
43641000014,15,32338
43646000004,15,32362
43651000025,15,32343
43656000013,15,32323
43661000004,15,32341
43666000026,15,32324
43671000015,15,32344
43676000006,15,32331
43681000027,15,32329
43686000018,15,32334
43691000005,15,32344
43696000029,15,32341
43701000021,15,32331
43706000006,15,32320
43711000029,15,32337
43716000020,15,32331
43721000011,15,32332
43726000030,15,32325
43731000019,15,32329
43736000009,15,32352
43740999999,15,32316
43746000021,15,32363
43751000010,15,32338
43756000003,15,32327
43761000024,15,32332
43766000013,15,32323
43771000002,15,32331
43776000023,15,32326
43781000012,15,32320
43786000003,15,32330
43791000028,15,32328
43796000015,15,32321
43801000005,15,32334
43806000027,15,32323
43811000014,15,32315
43816000001,15,32346
43821000027,15,32302
43826000019,15,32337
43831000007,15,32333
43836000027,15,32317
43841000018,15,32363
43846000006,15,32325
43851000030,15,32322
43856000016,15,32338
43861000009,15,32337
43866000032,15,32331
43871000018,15,32330
43876000008,15,32335
43881000030,15,32336
43886000017,15,32333
43891000009,15,32324
43895999999,15,32320
43901000020,15,32312
43906000009,15,32323
43911000003,15,32324
43916000023,15,32334
43921000010,15,32345
43926000003,15,32319
43931000023,15,32330
43936000014,15,32327
43941000003,15,32320
43946000023,15,32316
43951000011,15,32316
43956000001,15,32329
43961000023,15,32328
43966000016,15,32335
43971000004,15,32329
43976000026,15,32330
43981000018,15,32325
43986000007,15,32311
43991000028,15,32325
43996000016,15,32330
44001000008,15,32351
44006000027,15,32319
44011000018,15,32317
44016000008,15,32335
44021000028,15,32316
44026000018,15,32340
44031000007,15,32338
44036000031,15,32310
44041000021,15,32314
44046000009,15,32326
44051000000,15,32339
44056000020,15,32333
44061000010,15,32338
44066000001,15,32335
44071000023,15,32313
44076000013,15,32335
44081000004,15,32326
44086000024,15,32307
44091000015,15,32339
44096000004,15,32329
44101000023,15,32325
44106000013,15,32344
44111000004,15,32297
44116000025,15,32328
44121000015,15,32315
44126000008,15,32321
44131000027,15,32319
44136000015,15,32321
44141000008,15,32319
44146000027,15,32319
44151000016,15,32321
44156000007,15,32305
44161000028,15,32319
44166000016,15,32337
44171000008,15,32326
44176000030,15,32324
44181000019,15,32318
44186000010,15,32340
44191000030,15,32337
44196000022,15,32306
44201000009,15,32316
44206000000,15,32315
44211000022,15,32349
44216000009,15,32330
44221000001,15,32313
44226000023,15,32335
44231000012,15,32318
44236000000,15,32330
44241000024,15,32325
44246000015,15,32325
44251000003,15,32327
44256000025,15,32336
44261000012,15,32327
44266000003,15,32312
44271000025,15,32327
44276000016,15,32333
44281000005,15,32326
44286000028,15,32328
44291000015,15,32318
44296000007,15,32347
44301000027,15,32322
44306000017,15,32328
44311000006,15,32314
44316000027,15,32331
44321000018,15,32297
44326000006,15,32330
44331000028,15,32309
44336000018,15,32318
44341000009,15,32324
44346000030,15,32326
44351000021,15,32330
44356000012,15,32323
44361000000,15,32311
44366000023,15,32328
44371000010,15,32319
44376000001,15,32307
44381000023,15,32321
44386000013,15,32315
44391000003,15,32343
44396000023,15,32318
44401000012,15,32328
44406000003,15,32312
44411000024,15,32326
44416000013,15,32332
44421000006,15,32344
44426000024,15,32337
44431000014,15,32349
44436000004,15,32318
44441000023,15,32330
44446000016,15,32343
44451000008,15,32312
44456000029,15,32311
44461000018,15,32321
44466000005,15,32319
44471000028,15,32315
44476000020,15,32302
44481000007,15,32306
44486000031,15,32324
44491000018,15,32325
44496000011,15,32310
44501000030,15,32326
44506000022,15,32300
44511000010,15,32341
44515999999,15,32319
44521000022,15,32347
44526000011,15,32324
44531000001,15,32314
44536000022,15,32300
44541000011,15,32328
44546000003,15,32318
44551000023,15,32308
44556000015,15,32318
44561000003,15,32313
44566000026,15,32319
44571000013,15,32312
44576000004,15,32324
44581000027,15,32323
44586000014,15,32317
44591000005,15,32327
44596000028,15,32322
44601000015,15,32328
44606000007,15,32338
44611000029,15,32313
44616000016,15,32315
44621000006,15,32313
44626000025,15,32311
44631000017,15,32331
44636000011,15,32336
44641000028,15,32317
44646000020,15,32327
44651000011,15,32308
44656000031,15,32323
44661000019,15,32314
44666000009,15,32312
44671000001,15,32327
44676000020,15,32299
44681000009,15,32329
44686000003,15,32341
44691000022,15,32336
44696000012,15,32323
44701000004,15,32298
44706000024,15,32320
44711000015,15,32324
44716000001,15,32314
44721000024,15,32313
44726000014,15,32321
44731000004,15,32311
44736000026,15,32316
44741000015,15,32309
44746000006,15,32311
44751000029,15,32315
44756000017,15,32322
44761000006,15,32307
44766000026,15,32315
44771000014,15,32311
44776000006,15,32311
44781000028,15,32332
44786000019,15,32297
44791000008,15,32314
44796000029,15,32321
44801000018,15,32325
44806000009,15,32319
44811000029,15,32312
44816000023,15,32325
44821000010,15,32329
44826000000,15,32284
44831000021,15,32303
44836000009,15,32313
44841000002,15,32300
44846000022,15,32325
44851000009,15,32319
44856000002,15,32318
44861000023,15,32335
44866000012,15,32319
44871000004,15,32310
44876000024,15,32325
44881000013,15,32306
44886000004,15,32302
44891000025,15,32328
44896000014,15,32323
44901000004,15,32309
44906000025,15,32319
44911000021,15,32322
44916000008,15,32319
44921000028,15,32323
44926000020,15,32316
44931000010,15,32317
44936000029,15,32300
44941000019,15,32338
44946000005,15,32325
44951000027,15,32322
44956000017,15,32315
44961000009,15,32307
44966000030,15,32333
44971000019,15,32311
44976000009,15,32308
44981000000,15,32320
44986000021,15,32319
44991000009,15,32323
44996000000,15,32319
45001000021,15,32335
45006000012,15,32313
45011000001,15,32321
45016000023,15,32308
45021000015,15,32301
45026000004,15,32318
45031000025,15,32311
45036000015,15,32308
45041000000,15,32313
45046000025,15,32325
45051000014,15,32311
45056000004,15,32318
45061000027,15,32317
45066000015,15,32307
45071000006,15,32307
45076000027,15,32304
45081000016,15,32300
45086000010,15,32308
45091000027,15,32314
45096000018,15,32311
45101000009,15,32319
45106000030,15,32293
45111000020,15,32300
45116000010,15,32317
45121000031,15,32322
45126000018,15,32314
45131000009,15,32309
45135999998,15,32323
45141000024,15,32334
45146000012,15,32327
45151000000,15,32322
45156000022,15,32321
45161000011,15,32310
45166000002,15,32296
45171000020,15,32323
45176000015,15,32310
45181000004,15,32303
45186000024,15,32309
45191000012,15,32303
45196000005,15,32302
45201000024,15,32320
45206000017,15,32318
45211000006,15,32327
45216000025,15,32304
45221000015,15,32314
45226000006,15,32305
45231000026,15,32316
45236000016,15,32305
45241000004,15,32327
45246000029,15,32310
45251000019,15,32305
45256000009,15,32320
45261000029,15,32296
45266000017,15,32300
45271000011,15,32288
45276000030,15,32309
45281000020,15,32309
45286000011,15,32293
45291000001,15,32324
45296000021,15,32288
45301000010,15,32303
45306000003,15,32307
45311000022,15,32306
45316000015,15,32301
45321000001,15,32332
45326000023,15,32314
45331000013,15,32313
45336000003,15,32311
45341000023,15,32310
45346000015,15,32311
45351000001,15,32313
45356000025,15,32314
45361000013,15,32335
45366000005,15,32298
45371000026,15,32309
45376000015,15,32282
45381000007,15,32331
45386000027,15,32297
45391000020,15,32314
45396000007,15,32302
45401000029,15,32306
45406000019,15,32340
45411000008,15,32310
45416000029,15,32312
45421000021,15,32311
45426000009,15,32313
45431000027,15,32296
45436000020,15,32300
45441000007,15,32316
45445999999,15,32319
45451000019,15,32330
45456000010,15,32306
45461000004,15,32307
45466000021,15,32307
45471000009,15,32310
45476000004,15,32291
45481000023,15,32317
45486000012,15,32326
45491000008,15,32316
45496000021,15,32312
45501000013,15,32300
45506000005,15,32311
45511000027,15,32303
45516000015,15,32306
45521000004,15,32304
45526000027,15,32305
45531000018,15,32317
45536000004,15,32303
45541000026,15,32323
45546000017,15,32303
45551000010,15,32315
45556000028,15,32310
45561000018,15,32291
45566000009,15,32319
45571000027,15,32315
45576000018,15,32307
45581000011,15,32323
45586000032,15,32281
45591000020,15,32295
45596000012,15,32301
45601000002,15,32312
45606000022,15,32304
45611000013,15,32313
45616000000,15,32287
45621000023,15,32310
45626000009,15,32306
45631000003,15,32298
45636000024,15,32302
45641000012,15,32295
45646000004,15,32307
45651000022,15,32303
45656000014,15,32296
45661000003,15,32305
45666000023,15,32318
45671000016,15,32298
45676000003,15,32305
45681000028,15,32329
45686000018,15,32302
45691000008,15,32320
45696000026,15,32297
45701000020,15,32293
45706000007,15,32302
45711000026,15,32291
45716000018,15,32293
45721000007,15,32307
45726000029,15,32304
45731000019,15,32313
45736000011,15,32315
45741000028,15,32320
45746000024,15,32307
45751000008,15,32279
45755999999,15,32318
45761000020,15,32273
45766000015,15,32315
45771000002,15,32314
45776000023,15,32320
45781000013,15,32313
45786000005,15,32309
45791000024,15,32287
45796000014,15,32310
45801000002,15,32300
45806000026,15,32305
45811000015,15,32305
45816000004,15,32315
45821000025,15,32305
45826000016,15,32317
45831000005,15,32318
45836000027,15,32318
45841000016,15,32293
45846000007,15,32310
45851000027,15,32312
45856000018,15,32317
45861000006,15,32304
45866000029,15,32294
45871000018,15,32299
45876000010,15,32322
45881000029,15,32289
45886000020,15,32300
45891000009,15,32311
45896000032,15,32312
45901000020,15,32299
45906000007,15,32309
45911000000,15,32303
45916000019,15,32302
45921000010,15,32298
45926000002,15,32319
45931000023,15,32300
45936000010,15,32291
45941000002,15,32296
45946000022,15,32314
45951000012,15,32312
45956000003,15,32305
45961000026,15,32295
45966000011,15,32287
45971000006,15,32309
45976000025,15,32320
45981000015,15,32293
45986000005,15,32304
45991000026,15,32295
45996000016,15,32296
46001000005,15,32296
46006000026,15,32319
46011000019,15,32308
46016000009,15,32319
46021000027,15,32304
46026000018,15,32297
46031000007,15,32301
46036000030,15,32299
46041000019,15,32302
46046000008,15,32304
46051000030,15,32299
46056000021,15,32289
46061000011,15,32308
46065999999,15,32304
46071000023,15,32298
46076000011,15,32311
46081000001,15,32291
46086000021,15,32288
46091000014,15,32305
46096000003,15,32305
46101000020,15,32303
46106000011,15,32305
46111000003,15,32315
46116000024,15,32301
46121000013,15,32301
46126000004,15,32311
46131000028,15,32304
46136000015,15,32295
46141000007,15,32293
46146000026,15,32313
46151000016,15,32296
46156000006,15,32306
46161000027,15,32306
46166000015,15,32321
46171000007,15,32324
46176000029,15,32287
46181000018,15,32287
46186000006,15,32326
46191000030,15,32320
46196000017,15,32315
46201000009,15,32294
46206000031,15,32304
46211000017,15,32290
46216000009,15,32306
46220999998,15,32313
46226000024,15,32300
46231000012,15,32295
46236000002,15,32288
46241000023,15,32314
46246000013,15,32303
46251000001,15,32290
46256000024,15,32301
46261000016,15,32302
46266000004,15,32298
46271000025,15,32311
46276000015,15,32306
46281000002,15,32304
46286000029,15,32290
46291000015,15,32287
46296000006,15,32284
46301000023,15,32297
46306000012,15,32311
46311000004,15,32308
46316000030,15,32295
46321000017,15,32294
46326000007,15,32297
46331000026,15,32305
46336000019,15,32302
46341000009,15,32309
46346000029,15,32310
46351000019,15,32296
46356000008,15,32289
46361000032,15,32292
46366000019,15,32301
46371000009,15,32275
46376000000,15,32315
46381000019,15,32292
46386000009,15,32298
46391000001,15,32320
46396000021,15,32293
46401000014,15,32311
46406000002,15,32297
46411000021,15,32304
46416000015,15,32309
46421000003,15,32279
46426000023,15,32308
46431000016,15,32284
46436000006,15,32303
46441000026,15,32277
46446000012,15,32292
46451000005,15,32296
46456000023,15,32296
46461000014,15,32301
46466000004,15,32311
46471000024,15,32309
46476000018,15,32294
46481000009,15,32311
46486000028,15,32295
46491000018,15,32308
46496000011,15,32309
46501000027,15,32288
46506000019,15,32301
46511000009,15,32297
46516000031,15,32307
46521000020,15,32286
46526000011,15,32315
46530999998,15,32313
46536000023,15,32297
46541000014,15,32290
46546000002,15,32300
46551000023,15,32307
46556000013,15,32285
46561000002,15,32321
46566000023,15,32306
46571000013,15,32270
46576000002,15,32303
46581000023,15,32289
46586000014,15,32299
46591000002,15,32290
46596000024,15,32320
46601000015,15,32299
46606000007,15,32295
46611000026,15,32279
46616000015,15,32301
46621000006,15,32307
46626000026,15,32290
46631000017,15,32299
46636000006,15,32320
46641000029,15,32294
46646000016,15,32316
46651000010,15,32281
46656000029,15,32302
46661000021,15,32308
46666000010,15,32294
46671000033,15,32285
46676000020,15,32287
46681000008,15,32300
46686000001,15,32303
46691000020,15,32270
46696000012,15,32285
46701000002,15,32296
46706000020,15,32302
46711000012,15,32332
46716000000,15,32293
46721000021,15,32287
46726000012,15,32281
46731000002,15,32319
46736000023,15,32290
46741000014,15,32286
46746000003,15,32299
46751000025,15,32318
46756000015,15,32310
46761000005,15,32314
46766000025,15,32301
46771000015,15,32289
46776000007,15,32300
46781000027,15,32284
46786000016,15,32288
46791000007,15,32301
46796000028,15,32286
46801000018,15,32271
46806000007,15,32278
46811000030,15,32299
46816000020,15,32278
46821000008,15,32276
46826000031,15,32307
46831000021,15,32301
46836000010,15,32294
46840999998,15,32296
46846000020,15,32313
46851000012,15,32291
46856000003,15,32270
46861000022,15,32297
46866000013,15,32287
46871000001,15,32309
46876000022,15,32295
46881000012,15,32301
46886000002,15,32303
46891000023,15,32292
46896000014,15,32279
46901000002,15,32289
46906000025,15,32300
46911000014,15,32284
46916000007,15,32293
46921000026,15,32314
46926000016,15,32286
46931000006,15,32272
46936000028,15,32283
46941000017,15,32295
46946000006,15,32297
46951000029,15,32292
46956000019,15,32284
46961000007,15,32301
46966000029,15,32288
46971000021,15,32275
46976000009,15,32288
46981000028,15,32291
46986000023,15,32291
46991000014,15,32288
46996000002,15,32275
47001000023,15,32299
47006000009,15,32288
47011000001,15,32279
47016000023,15,32293
47021000013,15,32306
47026000004,15,32292
47031000024,15,32288
47036000014,15,32322
47041000004,15,32281
47046000022,15,32292
47051000015,15,32276
47056000003,15,32308
47061000026,15,32282
47066000015,15,32292
47071000002,15,32288
47076000024,15,32298
47081000020,15,32290
47086000004,15,32285
47091000025,15,32299
47096000018,15,32278
47101000005,15,32296
47106000030,15,32282
47111000018,15,32297
47116000008,15,32296
47121000030,15,32295
47126000018,15,32293
47131000010,15,32265
47136000031,15,32275
47141000018,15,32287
47146000010,15,32293
47151000001,15,32281
47156000021,15,32269
47161000013,15,32287
47166000003,15,32291
47171000023,15,32284
47176000011,15,32286
47181000003,15,32296
47186000022,15,32295
47191000011,15,32275
47196000004,15,32303
47201000025,15,32279
47206000012,15,32282
47211000003,15,32299
47216000024,15,32281
47221000016,15,32299
47226000004,15,32268
47231000025,15,32288
47236000017,15,32300
47241000010,15,32295
47246000026,15,32278
47251000018,15,32289
47256000009,15,32272
47261000030,15,32289
47266000020,15,32314
47271000007,15,32278
47276000029,15,32285
47281000017,15,32277
47286000007,15,32291
47291000030,15,32281
47296000024,15,32294
47301000012,15,32270
47306000001,15,32292
47311000021,15,32301
47316000013,15,32307
47321000000,15,32284
47326000022,15,32282
47331000011,15,32292
47336000003,15,32290
47341000020,15,32288
47346000012,15,32293
47351000006,15,32300
47356000022,15,32287
47361000015,15,32277
47366000004,15,32291
47371000022,15,32291
47376000016,15,32299
47381000006,15,32305
47386000025,15,32258
47391000015,15,32279
47396000005,15,32308
47401000026,15,32280
47406000020,15,32286
47411000006,15,32303
47416000031,15,32272
47421000020,15,32296
47426000007,15,32290
47431000031,15,32293
47436000018,15,32293
47441000006,15,32274
47446000030,15,32304
47451000019,15,32262
47456000010,15,32277
47461000001,15,32287
47466000021,15,32284
47471000009,15,32295
47476000003,15,32282
47481000019,15,32301
47486000011,15,32297
47491000001,15,32283
47496000022,15,32290
47501000015,15,32290
47506000005,15,32271
47511000024,15,32274
47516000013,15,32277
47521000003,15,32270
47526000026,15,32287
47531000014,15,32293
47536000007,15,32298
47541000024,15,32298
47546000016,15,32282
47551000006,15,32304
47556000024,15,32276
47561000018,15,32277
47566000007,15,32267
47571000030,15,32287
47576000018,15,32284
47581000008,15,32288
47586000030,15,32282
47591000018,15,32277
47596000010,15,32277
47601000029,15,32294
47606000018,15,32281
47611000009,15,32279
47615999998,15,32282
47621000022,15,32276
47626000013,15,32285
47631000002,15,32303
47636000022,15,32274
47641000012,15,32268
47646000000,15,32288
47651000023,15,32258
47656000016,15,32290
47661000005,15,32277
47666000024,15,32282
47671000013,15,32288
47676000003,15,32287
47681000023,15,32278
47686000015,15,32281
47691000005,15,32288
47696000025,15,32286
47701000017,15,32278
47706000006,15,32274
47711000025,15,32287
47716000018,15,32291
47721000008,15,32282
47726000030,15,32286
47731000019,15,32274
47736000007,15,32289
47741000029,15,32274
47746000019,15,32280
47751000009,15,32283
47756000028,15,32269
47761000021,15,32293
47766000010,15,32282
47771000000,15,32281
47776000022,15,32296
47781000010,15,32267
47786000000,15,32281
47791000020,15,32287
47796000011,15,32292
47801000002,15,32286
47806000020,15,32260
47811000015,15,32280
47816000003,15,32293
47821000024,15,32281
47826000014,15,32304
47831000006,15,32270
47836000025,15,32287
47841000017,15,32286
47846000004,15,32277
47851000028,15,32273
47856000017,15,32279
47861000007,15,32277
47866000028,15,32264
47871000017,15,32291
47876000010,15,32292
47881000027,15,32293
47886000018,15,32274
47891000008,15,32281
47896000031,15,32296
47901000019,15,32277
47906000006,15,32273
47911000031,15,32288
47916000020,15,32302
47921000008,15,32292
47926000004,15,32262
47931000022,15,32283
47936000012,15,32287
47940999997,15,32287
47946000022,15,32274
47951000011,15,32258
47956000001,15,32273
47961000023,15,32288
47966000016,15,32299
47971000005,15,32284
47976000026,15,32281
47981000015,15,32275
47986000003,15,32273
47991000025,15,32290
47996000014,15,32271
48001000004,15,32267
48006000026,15,32299
48011000015,15,32267
48016000009,15,32283
48021000027,15,32288
48026000015,15,32271
48031000004,15,32298
48036000027,15,32297
48041000017,15,32292
48046000008,15,32285
48051000027,15,32263
48056000017,15,32288
48061000010,15,32299
48066000028,15,32275
48071000019,15,32286
48076000009,15,32269
48081000000,15,32290
48086000019,15,32278
48091000009,15,32301
48095999999,15,32267
48101000023,15,32301
48106000014,15,32288
48111000002,15,32267
48116000023,15,32296
48121000013,15,32273
48126000004,15,32288
48131000024,15,32264
48136000015,15,32286
48141000003,15,32254
48146000028,15,32273
48151000012,15,32292
48156000003,15,32284
48161000026,15,32292
48166000020,15,32293
48171000008,15,32266
48176000028,15,32293
48181000019,15,32284
48186000005,15,32297
48191000029,15,32274
48196000020,15,32277
48201000009,15,32274
48206000031,15,32276
48211000020,15,32301
48216000006,15,32285
48221000029,15,32276
48226000020,15,32284
48231000010,15,32282
48236000000,15,32283
48241000020,15,32259
48246000011,15,32295
48251000001,15,32292
48256000019,15,32291
48261000013,15,32286
48266000002,15,32270
48271000023,15,32291
48276000011,15,32296
48281000005,15,32287
48286000024,15,32293
48291000014,15,32266
48296000007,15,32291
48301000027,15,32272
48306000017,15,32288
48311000008,15,32275
48316000027,15,32281
48321000015,15,32271
48326000005,15,32293
48331000024,15,32293
48336000017,15,32296
48341000009,15,32273
48346000027,15,32275
48351000019,15,32274
48356000007,15,32275
48361000028,15,32272
48366000022,15,32297
48371000010,15,32297
48376000031,15,32280
48381000020,15,32280
48386000012,15,32283
48391000000,15,32291
48396000020,15,32285
48401000011,15,32281
48406000000,15,32286
48411000019,15,32281
48416000011,15,32289
48421000001,15,32272
48426000019,15,32282
48431000013,15,32281
48436000004,15,32279
48441000023,15,32289
48446000013,15,32283
48451000005,15,32299
48456000025,15,32278
48461000015,15,32261
48466000004,15,32285
48471000028,15,32268
48476000016,15,32280
48481000006,15,32269
48486000028,15,32279
48491000017,15,32282
48496000008,15,32285
48501000031,15,32299
48506000018,15,32278
48511000007,15,32267
48516000029,15,32284
48521000017,15,32267
48526000008,15,32282
48531000031,15,32271
48536000021,15,32271
48541000008,15,32276
48545999999,15,32289
48551000024,15,32275
48556000011,15,32280
48560999999,15,32271
48566000023,15,32273
48571000012,15,32263
48576000001,15,32262
48581000024,15,32287
48586000014,15,32284
48591000005,15,32278
48596000025,15,32295
48601000013,15,32286
48606000006,15,32300
48611000024,15,32276
48616000014,15,32285
48621000003,15,32280
48626000025,15,32271
48631000018,15,32290
48636000005,15,32286
48641000026,15,32271
48646000016,15,32273
48651000007,15,32267
48656000030,15,32282
48661000019,15,32247
48666000008,15,32282
48671000026,15,32289
48676000019,15,32260
48681000011,15,32280
48686000031,15,32292
48691000023,15,32272
48696000010,15,32277
48701000001,15,32277
48706000020,15,32283
48711000011,15,32293
48716000001,15,32280
48721000023,15,32278
48726000010,15,32267
48731000001,15,32260
48736000023,15,32278
48741000011,15,32277
48746000003,15,32295
48751000024,15,32250
48756000015,15,32265
48761000003,15,32271
48766000023,15,32296
48771000015,15,32271
48776000006,15,32272
48781000026,15,32280
48786000017,15,32269
48791000004,15,32267
48796000027,15,32272
48801000017,15,32279
48806000008,15,32275
48811000025,15,32275
48816000015,15,32270
48821000010,15,32267
48826000029,15,32263
48831000022,15,32292
48836000010,15,32292
48841000029,15,32275
48846000021,15,32277
48851000011,15,32282
48855999999,15,32265
48861000023,15,32273
48866000011,15,32252
48871000001,15,32292
48876000024,15,32275
48881000011,15,32269
48886000002,15,32283
48891000026,15,32283
48896000015,15,32274
48901000001,15,32294
48906000023,15,32284
48911000015,15,32277
48916000005,15,32287
48921000021,15,32281
48926000016,15,32281
48931000005,15,32275
48936000026,15,32288
48941000015,15,32276
48946000006,15,32281
48951000028,15,32284
48956000015,15,32275
48961000008,15,32274
48966000027,15,32271
48971000017,15,32289
48976000008,15,32288
48981000026,15,32267
48986000018,15,32263
48991000011,15,32269
48996000033,15,32281
49001000020,15,32281
49006000009,15,32271
49010999997,15,32285
49016000019,15,32276
49021000013,15,32264
49026000000,15,32273
49031000020,15,32279
49036000014,15,32274
49041000001,15,32286
49046000023,15,32270
49051000014,15,32274
49056000002,15,32275
49061000022,15,32259
49066000014,15,32278
49071000003,15,32260
49076000025,15,32283
49081000013,15,32293
49086000007,15,32283
49091000025,15,32280
49096000015,15,32287
49101000008,15,32281
49106000027,15,32273
49111000018,15,32290
49116000008,15,32280
49121000027,15,32278
49126000017,15,32269
49131000007,15,32279
49136000029,15,32269
49141000016,15,32266
49146000009,15,32267
49151000032,15,32264
49156000018,15,32254
49161000010,15,32275
49166000001,15,32272
49171000023,15,32259
49176000012,15,32258
49181000002,15,32264
49186000021,15,32269
49191000011,15,32264
49196000002,15,32257
49201000023,15,32275
49206000013,15,32290
49211000006,15,32267
49216000026,15,32263
49221000011,15,32277
49226000005,15,32278
49231000026,15,32307
49236000017,15,32284
49241000005,15,32271
49246000027,15,32273
49251000015,15,32278
49256000005,15,32267
49261000028,15,32278
49266000017,15,32278
49271000007,15,32278
49276000027,15,32267
49281000016,15,32279
49286000010,15,32274
49291000030,15,32287
49296000017,15,32285
49301000009,15,32285
49306000029,15,32266
49311000022,15,32269
49316000012,15,32283
49321000000,15,32250
49326000022,15,32275
49331000011,15,32284
49336000000,15,32261
49341000022,15,32241
49346000014,15,32270
49351000001,15,32271
49356000020,15,32261
49361000011,15,32286
49366000006,15,32273
49371000027,15,32275
49376000014,15,32272
49381000004,15,32269
49386000025,15,32273
49391000014,15,32282
49396000004,15,32273
49401000026,15,32275
49406000016,15,32264
49411000004,15,32280
49416000028,15,32249
49421000021,15,32274
49426000008,15,32265
49431000026,15,32257
49436000019,15,32271
49441000009,15,32276
49446000028,15,32280
49451000021,15,32278
49456000012,15,32272
49461000031,15,32255
49466000019,15,32295
49471000009,15,32268
49475999998,15,32279
49481000022,15,32264
49486000010,15,32292
49491000000,15,32286
49496000023,15,32268
49501000012,15,32288
49505999999,15,32270
49511000019,15,32266
49516000012,15,32255
49521000001,15,32279
49526000025,15,32267
49531000014,15,32270
49536000004,15,32285
49541000024,15,32276
49546000014,15,32280
49551000004,15,32270
49556000027,15,32271
49561000018,15,32264
49566000007,15,32274
49571000027,15,32283
49576000018,15,32286
49581000010,15,32266
49586000028,15,32270
49591000017,15,32257
49596000008,15,32261
49601000028,15,32289
49606000020,15,32282
49611000009,15,32271
49616000032,15,32261
49621000020,15,32277
49626000010,15,32289
49631000002,15,32277
49636000019,15,32277
49641000014,15,32275
49646000001,15,32285
49651000022,15,32254
49656000012,15,32271
49661000001,15,32273
49666000022,15,32284
49671000011,15,32275
49676000002,15,32277
49681000025,15,32277
49686000017,15,32286
49691000005,15,32266
49696000023,15,32285
49701000015,15,32276
49706000008,15,32256
49711000029,15,32264
49716000018,15,32271
49721000006,15,32283
49726000023,15,32289
49731000018,15,32256
49736000008,15,32270
49741000026,15,32283
49746000018,15,32268
49751000008,15,32257
49756000028,15,32284
49761000021,15,32280
49766000009,15,32279
49771000031,15,32277
49776000020,15,32277
49781000010,15,32289
49786000000,15,32278
49791000022,15,32264
49796000011,15,32295
49801000001,15,32264
49806000022,15,32262
49811000011,15,32282
49816000003,15,32286
49821000025,15,32290
49826000015,15,32270
49831000003,15,32275
49836000023,15,32269
49841000013,15,32281
49846000004,15,32264
49851000023,15,32290
49856000016,15,32266
49861000007,15,32254
49866000024,15,32286
49871000017,15,32276
49876000006,15,32260
49881000028,15,32278
49886000017,15,32280
49891000007,15,32266
49896000030,15,32278
49901000020,15,32288
49906000010,15,32275
49911000030,15,32277
49916000018,15,32281
49921000009,15,32255
49926000033,15,32269
49931000019,15,32273
49936000013,15,32276
49940999999,15,32280
49946000019,15,32290
49951000011,15,32274
49956000001,15,32263
49961000020,15,32246
49966000012,15,32282
49971000003,15,32253
49976000022,15,32289
49981000014,15,32265
49986000003,15,32282
49991000025,15,32284
49996000017,15,32259
50001000005,15,32249
50006000026,15,32260
50011000014,15,32263
50016000007,15,32270
50021000026,15,32294
50026000018,15,32271
50031000008,15,32281
50036000027,15,32275
50041000018,15,32266
50046000009,15,32265
50051000029,15,32259
50056000020,15,32281
50061000006,15,32257
50066000028,15,32284
50071000021,15,32277
50076000010,15,32272
50081000031,15,32269
50086000019,15,32272
50091000011,15,32281
50096000000,15,32264
50101000020,15,32267
50106000008,15,32257
50111000000,15,32267
50116000024,15,32274
50121000012,15,32278
50126000001,15,32262
50131000024,15,32289
50136000016,15,32280
50141000002,15,32297
50146000024,15,32268
50151000011,15,32282
50156000002,15,32268
50161000023,15,32267
50166000014,15,32269
50171000004,15,32258
50176000023,15,32280
50181000016,15,32269
50186000006,15,32255
50191000029,15,32277
50196000015,15,32266
50201000006,15,32268
50206000028,15,32253
50211000016,15,32262
50216000009,15,32267
50221000029,15,32260
50226000018,15,32277
50231000009,15,32273
50236000029,15,32281
50241000019,15,32278
50246000011,15,32277
50251000000,15,32283
50256000019,15,32252
50261000011,15,32272
50266000001,15,32251
50271000021,15,32268
50276000010,15,32280
50281000000,15,32266
50286000021,15,32271
50291000014,15,32301
50296000002,15,32282
50301000025,15,32280
50306000013,15,32289
50311000004,15,32261
50316000023,15,32266
50321000016,15,32282
50326000003,15,32280
50331000026,15,32273
50336000015,15,32273
50341000001,15,32262
50346000026,15,32264
50351000016,15,32259
50356000008,15,32282
50361000029,15,32257
50366000015,15,32266
50371000006,15,32260
50376000027,15,32279
50381000021,15,32262
50386000008,15,32264
50391000030,15,32282
50396000021,15,32259
50401000010,15,32260
50405999999,15,32292
50411000022,15,32277
50416000013,15,32273
50421000000,15,32279
50426000024,15,32282
50431000012,15,32266
50436000003,15,32274
50441000021,15,32274
50446000014,15,32276
50451000003,15,32270
50456000027,15,32274
50461000015,15,32268
50466000003,15,32268
50471000024,15,32273
50476000018,15,32252
50481000008,15,32276
50486000025,15,32266
50491000014,15,32263
50496000007,15,32262
50501000027,15,32267
50506000017,15,32254
50511000008,15,32263
50516000026,15,32259
50521000017,15,32263
50526000008,15,32271
50531000029,15,32280
50536000020,15,32260
50541000008,15,32275
50546000030,15,32277
50551000019,15,32264
50556000006,15,32264
50560999998,15,32281
50566000023,15,32266
50571000011,15,32263
50576000002,15,32252
50581000026,15,32296
50586000013,15,32251
50591000003,15,32255
50596000023,15,32268
50601000011,15,32268
50606000003,15,32262
50611000025,15,32273
50616000014,15,32272
50621000005,15,32278
50626000026,15,32275
50631000016,15,32277
50636000007,15,32276
50641000025,15,32261
50646000018,15,32281
50651000003,15,32269
50656000027,15,32282
50661000018,15,32261
50666000007,15,32267
50671000030,15,32261
50676000020,15,32276
50681000008,15,32269
50686000030,15,32256
50691000023,15,32279
50696000008,15,32263
50701000031,15,32238
50706000022,15,32271
50711000009,15,32258
50716000000,15,32266
50721000022,15,32274
50726000011,15,32264
50731000001,15,32267
50736000021,15,32273
50741000012,15,32287
50746000004,15,32260
50751000024,15,32267
50756000011,15,32272
50761000006,15,32245
50766000022,15,32283
50771000014,15,32265
50776000005,15,32283
50781000021,15,32290
50786000017,15,32259
50791000006,15,32246
50796000026,15,32287
50801000013,15,32252
50806000004,15,32274
50811000026,15,32279
50816000019,15,32259
50821000010,15,32250
50826000028,15,32282
50831000017,15,32293
50836000008,15,32259
50841000027,15,32274
50846000019,15,32269
50851000007,15,32263
50856000031,15,32248
50861000020,15,32288
50866000010,15,32282
50871000001,15,32265
50876000021,15,32279
50881000010,15,32266
50886000001,15,32271
50891000021,15,32260
50896000012,15,32273
50901000003,15,32263
50906000023,15,32281
50911000013,15,32275
50916000002,15,32264
50921000020,15,32248
50926000014,15,32269
50931000004,15,32274
50936000027,15,32279
50941000016,15,32271
50946000006,15,32259
50951000030,15,32259
50956000014,15,32281
50961000006,15,32263
50966000025,15,32269
50971000015,15,32284
50976000005,15,32267
50981000028,15,32276
50986000019,15,32241
50991000009,15,32265
50996000029,15,32287
51001000020,15,32275
51006000008,15,32263
51011000031,15,32270
51016000022,15,32270
51021000009,15,32250
51026000000,15,32270
51031000021,15,32270
51036000010,15,32270
51041000000,15,32278
51046000023,15,32269
51051000014,15,32273
51056000002,15,32281
51061000025,15,32284
51066000009,15,32261
51071000004,15,32276
51076000025,15,32266
51081000016,15,32280
51086000005,15,32253
51091000024,15,32263
51096000017,15,32279
51101000007,15,32262
51106000026,15,32261
51111000016,15,32260
51116000006,15,32261
51121000026,15,32271
51126000017,15,32248
51131000007,15,32254
51136000028,15,32282
51141000020,15,32268
51146000007,15,32263
51151000030,15,32239
51156000019,15,32268
51161000010,15,32279
51166000027,15,32260
51171000021,15,32264
51176000010,15,32274
51181000000,15,32269
51186000021,15,32277
51191000013,15,32265
51196000001,15,32257
51201000023,15,32262
51206000012,15,32264
51211000003,15,32253
51216000022,15,32271
51221000014,15,32271
51226000003,15,32259
51231000026,15,32273
51236000013,15,32249
51241000005,15,32251
51246000025,15,32277
51251000018,15,32248
51256000005,15,32278
51261000026,15,32261
51266000016,15,32267
51271000008,15,32297
51276000026,15,32271
51281000017,15,32286
51286000007,15,32272
51291000028,15,32255
51296000018,15,32258
51301000011,15,32288
51306000029,15,32258
51311000019,15,32279
51316000008,15,32263
51321000031,15,32263
51326000019,15,32259
51331000009,15,32276
51335999999,15,32249
51341000019,15,32276
51346000011,15,32271
51351000000,15,32260
51356000018,15,32255
51361000011,15,32286
51366000002,15,32255
51371000024,15,32272
51376000012,15,32273
51381000003,15,32261
51386000021,15,32262
51391000011,15,32264
51396000004,15,32271
51401000027,15,32265
51406000014,15,32267
51411000007,15,32252
51416000026,15,32272
51421000016,15,32268
51426000006,15,32255
51431000026,15,32271
51436000014,15,32264
51441000006,15,32288
51446000029,15,32269
51451000018,15,32250
51456000010,15,32260
51461000030,15,32276
51466000020,15,32264
51471000010,15,32276
51476000029,15,32270
51481000019,15,32293
51486000010,15,32273
51491000000,15,32253
51496000022,15,32265
51501000011,15,32274
51506000002,15,32258
51511000020,15,32272
51516000013,15,32274
51521000003,15,32264
51526000024,15,32249
51531000012,15,32281
51536000001,15,32245
51541000023,15,32279
51546000014,15,32278
51551000004,15,32260
51556000028,15,32260
51561000016,15,32258
51566000005,15,32239
51571000026,15,32267
51576000015,15,32276
51581000003,15,32256
51586000028,15,32269
51591000017,15,32269
51596000008,15,32270
51601000028,15,32274
51606000018,15,32273
51611000006,15,32262
51616000027,15,32282
51621000016,15,32284
51626000008,15,32265
51631000032,15,32293
51636000022,15,32281
51641000009,15,32291
51645999999,15,32275
51651000022,15,32252
51656000011,15,32263
51661000003,15,32253
51666000024,15,32277
51671000011,15,32274
51676000004,15,32261
51681000022,15,32261
51686000016,15,32265
51691000005,15,32261
51696000024,15,32258
51701000014,15,32257
51706000004,15,32258
51711000024,15,32273
51716000016,15,32270
51721000004,15,32279
51726000028,15,32259
51731000017,15,32285
51736000007,15,32267
51741000025,15,32268
51746000018,15,32261
51751000007,15,32273
51756000028,15,32287
51761000019,15,32284
51766000011,15,32267
51771000030,15,32264
51776000015,15,32280
51781000009,15,32254
51786000032,15,32248
51791000020,15,32260
51796000010,15,32276
51801000000,15,32257
51806000020,15,32267
51811000012,15,32257
51816000001,15,32281
51821000021,15,32270
51826000013,15,32251
51831000003,15,32259
51836000024,15,32261
51841000014,15,32299
51846000004,15,32272
51851000026,15,32292
51856000015,15,32263
51861000004,15,32267
51866000024,15,32265
51871000014,15,32259
51876000007,15,32276
51881000024,15,32262
51886000017,15,32285
51891000004,15,32259
51896000027,15,32268
51901000017,15,32266
51906000009,15,32263
51911000028,15,32258
51916000017,15,32265
51921000006,15,32264
51926000027,15,32292
51931000018,15,32275
51936000009,15,32271
51941000030,15,32272
51946000017,15,32258
51951000010,15,32289
51956000002,15,32260
51961000022,15,32275
51966000012,15,32242
51971000002,15,32276
51976000021,15,32275
51981000011,15,32275
51986000004,15,32260
51991000023,15,32250
51996000013,15,32253
52001000002,15,32271
52006000025,15,32273
52011000015,15,32264
52016000005,15,32298
52021000026,15,32274
52026000014,15,32270
52031000003,15,32290
52036000027,15,32274
52041000016,15,32259
52046000002,15,32288
52051000028,15,32261
52056000019,15,32261
52061000008,15,32262
52066000031,15,32280
52071000020,15,32276
52076000008,15,32262
52081000029,15,32237
52086000020,15,32267
52091000010,15,32277
52096000028,15,32274
52101000023,15,32261
52106000009,15,32270
52111000001,15,32275
52116000021,15,32269
52121000010,15,32264
52126000002,15,32290
52131000020,15,32263
52136000008,15,32254
52141000001,15,32283
52146000023,15,32267
52151000015,15,32277
52156000002,15,32272
52161000024,15,32278
52166000014,15,32283
52171000004,15,32256
52176000022,15,32274
52181000015,15,32280
52186000004,15,32277
52191000025,15,32257
52196000016,15,32273
52201000005,15,32283
52206000026,15,32274
52211000017,15,32257
52216000008,15,32267
52221000028,15,32249
52226000017,15,32270
52231000009,15,32268
52236000029,15,32295
52241000017,15,32284
52246000010,15,32265
52251000030,15,32273
52256000023,15,32277
52261000009,15,32259
52265999998,15,32252
52271000022,15,32283
52276000010,15,32264
52281000000,15,32265
52286000022,15,32274
52291000012,15,32252
52296000001,15,32255
52301000023,15,32259
52306000014,15,32253
52311000002,15,32283
52316000022,15,32262
52321000016,15,32276
52326000005,15,32270
52331000023,15,32244
52336000016,15,32264
52341000003,15,32270
52346000026,15,32302
52351000016,15,32291
52356000008,15,32280
52361000029,15,32278
52366000017,15,32287
52371000007,15,32269
52376000026,15,32281
52381000015,15,32278
52386000006,15,32268
52391000027,15,32263
52396000019,15,32244
52401000008,15,32261
52406000029,15,32265
52411000018,15,32273
52416000009,15,32263
52420999998,15,32252
52426000023,15,32257
52431000010,15,32269
52436000001,15,32274
52441000024,15,32263
52446000009,15,32258
52451000001,15,32260
52456000023,15,32259
52461000014,15,32268
52466000005,15,32275
52471000026,15,32270
52476000012,15,32257
52481000004,15,32260
52486000027,15,32293
52491000017,15,32289
52496000008,15,32291
52501000022,15,32263
52506000020,15,32268
52511000008,15,32287
52516000026,15,32269
52521000014,15,32260
52526000007,15,32259
52531000028,15,32279
52536000016,15,32292
52541000008,15,32268
52546000029,15,32260
52551000018,15,32280
52556000007,15,32272
52561000031,15,32271
52566000020,15,32258
52571000008,15,32280
52576000001,15,32285
52581000020,15,32262
52586000010,15,32265
52591000002,15,32284
52596000021,15,32275
52601000009,15,32279
52606000000,15,32282
52611000021,15,32266
52616000014,15,32263
52621000006,15,32293
52626000024,15,32264
52631000016,15,32253
52636000006,15,32259
52641000024,15,32298
52646000016,15,32282
52651000007,15,32265
52656000027,15,32270
52661000017,15,32269
52666000008,15,32274
52671000026,15,32273
52676000019,15,32276
52681000007,15,32279
52686000028,15,32267
52691000017,15,32283
52696000007,15,32262
52701000031,15,32275
52706000018,15,32276
52711000012,15,32262
52716000027,15,32271
52721000019,15,32260
52726000008,15,32263
52730999999,15,32275
52736000021,15,32257
52741000010,15,32278
52745999999,15,32281
52751000021,15,32266
52756000014,15,32253
52761000003,15,32274
52766000022,15,32272
52771000013,15,32279
52776000003,15,32277
52781000026,15,32270
52786000010,15,32269
52791000007,15,32265
52796000024,15,32272
52801000013,15,32257
52806000001,15,32264
52811000026,15,32301
52816000016,15,32245
52821000006,15,32266
52826000026,15,32277
52831000015,15,32248
52836000007,15,32264
52841000028,15,32270
52846000018,15,32268
52851000010,15,32281
52856000029,15,32271
52861000016,15,32279
52866000011,15,32266
52871000031,15,32294
52876000022,15,32265
52881000010,15,32266
52886000000,15,32251
52891000022,15,32261
52896000011,15,32300
52901000004,15,32256
52906000022,15,32264
52911000014,15,32249
52916000001,15,32263
52921000024,15,32270
52926000013,15,32261
52931000002,15,32247
52936000024,15,32258
52941000014,15,32271
52946000003,15,32262
52951000027,15,32254
52956000015,15,32263
52961000006,15,32256
52966000026,15,32262
52971000016,15,32277
52976000007,15,32267
52981000027,15,32274
52986000017,15,32271
52991000006,15,32272
52996000028,15,32253
53001000017,15,32286
53006000008,15,32258
53011000031,15,32270
53016000019,15,32285
53021000009,15,32278
53026000029,15,32265
53031000020,15,32269
53036000009,15,32268
53040999999,15,32293
53046000019,15,32257
53051000012,15,32288
53056000002,15,32267
53061000023,15,32272
53066000012,15,32274
53071000001,15,32273
53076000022,15,32293
53081000011,15,32283
53086000003,15,32256
53091000026,15,32264
53096000015,15,32288
53101000002,15,32263
53106000024,15,32272
53111000016,15,32271
53116000006,15,32261
53121000027,15,32286
53126000015,15,32246
53131000006,15,32266
53136000025,15,32277
53141000017,15,32277
53146000007,15,32287
53151000025,15,32269
53156000020,15,32263
53161000008,15,32282
53166000029,15,32285
53171000018,15,32285
53176000009,15,32274
53181000028,15,32268
53186000022,15,32254
53191000006,15,32261
53195999999,15,32252
53201000021,15,32277
53206000009,15,32286
53211000000,15,32266
53216000022,15,32287
53221000013,15,32279
53226000003,15,32278
53231000024,15,32271
53236000013,15,32258
53241000003,15,32285
53246000025,15,32263
53251000013,15,32280
53256000005,15,32281
53261000025,15,32272
53266000014,15,32263
53271000005,15,32274
53276000023,15,32269
53281000015,15,32286
53286000005,15,32272
53291000028,15,32278
53296000015,15,32284
53301000010,15,32272
53306000028,15,32299
53311000017,15,32285
53316000008,15,32276
53321000029,15,32275
53326000018,15,32270
53331000011,15,32273
53336000031,15,32261
53341000019,15,32262
53346000013,15,32272
53351000000,15,32273
53356000021,15,32281
53361000010,15,32278
53366000001,15,32268
53371000022,15,32269
53376000012,15,32243
53381000000,15,32276
53386000022,15,32293
53391000011,15,32245
53396000002,15,32270
53401000023,15,32277
53406000013,15,32279
53411000005,15,32273
53416000026,15,32270
53421000014,15,32259
53426000007,15,32281
53431000024,15,32288
53436000018,15,32303
53441000007,15,32291
53446000027,15,32271
53451000017,15,32285
53456000007,15,32260
53461000029,15,32267
53466000017,15,32254
53471000011,15,32261
53476000029,15,32254
53481000017,15,32273
53486000011,15,32276
53491000030,15,32260
53496000021,15,32280
53501000008,15,32260
53505999997,15,32270
53511000022,15,32279
53516000013,15,32275
53521000000,15,32261
53526000022,15,32266
53531000011,15,32281
53536000002,15,32272
53541000022,15,32282
53546000013,15,32258
53551000004,15,32289
53556000022,15,32257
53561000015,15,32284
53566000005,15,32268
53571000024,15,32257
53576000017,15,32273
53581000002,15,32277
53586000026,15,32275
53591000015,15,32269
53596000005,15,32283
53601000026,15,32278
53606000015,15,32276
53611000006,15,32263
53616000032,15,32263
53621000016,15,32261
53626000009,15,32288
53631000029,15,32283
53636000019,15,32293
53641000009,15,32259
53646000031,15,32247
53651000019,15,32288
53656000009,15,32284
53661000001,15,32269
53666000021,15,32263
53671000010,15,32266
53676000000,15,32266
53681000021,15,32274
53686000012,15,32276
53691000001,15,32278
53696000023,15,32266
53701000014,15,32270
53706000000,15,32269
53711000023,15,32271
53716000012,15,32284
53721000002,15,32261
53726000025,15,32273
53731000016,15,32273
53736000005,15,32272
53741000025,15,32305
53746000015,15,32263
53751000005,15,32276
53756000023,15,32282
53761000017,15,32273
53766000006,15,32263
53771000030,15,32285
53776000018,15,32263
53781000008,15,32276
53786000028,15,32283
53791000019,15,32269
53796000008,15,32266
53801000029,15,32273
53806000021,15,32279
53811000009,15,32276
53816000000,15,32269
53821000019,15,32265
53826000012,15,32263
53831000001,15,32291
53836000022,15,32282
53841000009,15,32273
53846000002,15,32298
53851000023,15,32272
53856000015,15,32259
53861000003,15,32274
53866000024,15,32279
53871000016,15,32269
53876000004,15,32275
53881000026,15,32283
53886000016,15,32287
53891000005,15,32275
53896000027,15,32270
53901000017,15,32293
53906000007,15,32276
53911000026,15,32288
53916000015,15,32283
53921000007,15,32298
53926000027,15,32276
53931000017,15,32280
53936000010,15,32273
53941000027,15,32275
53946000018,15,32297
53951000009,15,32279
53956000032,15,32289
53961000018,15,32274
53966000007,15,32281
53970999999,15,32275
53976000023,15,32281
53981000011,15,32287
53985999999,15,32268
53991000022,15,32287
53996000014,15,32274
54001000002,15,32271
54006000026,15,32282
54011000014,15,32257
54016000004,15,32276
54021000023,15,32259
54026000011,15,32296
54031000004,15,32268
54036000027,15,32279
54041000014,15,32312
54046000004,15,32277
54051000027,15,32269
54056000015,15,32264
54061000006,15,32271
54066000027,15,32273
54071000016,15,32295
54076000008,15,32264
54081000030,15,32285
54086000018,15,32256
54091000006,15,32282
54096000031,15,32290
54101000016,15,32272
54106000010,15,32271
54111000028,15,32269
54116000020,15,32285
54121000009,15,32263
54126000000,15,32274
54131000021,15,32294
54136000014,15,32284
54140999998,15,32276
54146000027,15,32279
54151000011,15,32294
54156000000,15,32270
54161000019,15,32276
54166000013,15,32272
54171000000,15,32284
54176000025,15,32283
54181000014,15,32282
54186000005,15,32274
54191000025,15,32282
54196000015,15,32271
54201000005,15,32261
54206000028,15,32280
54211000015,15,32284
54216000005,15,32270
54221000026,15,32286
54226000017,15,32283
54231000007,15,32269
54236000029,15,32282
54241000019,15,32285
54246000009,15,32294
54251000032,15,32267
54256000017,15,32279
54261000009,15,32266
54266000029,15,32301
54271000020,15,32294
54276000009,15,32294
54281000003,15,32276
54286000024,15,32295
54291000014,15,32258
54295999999,15,32279
54301000021,15,32287
54306000012,15,32288
54311000003,15,32289
54316000020,15,32283
54321000012,15,32289
54326000005,15,32285
54331000022,15,32269
54336000013,15,32275
54341000007,15,32281
54346000026,15,32275
54351000014,15,32280
54356000006,15,32287
54361000027,15,32282
54366000015,15,32302
54371000006,15,32275
54376000023,15,32278
54381000018,15,32285
54386000007,15,32285
54391000028,15,32290
54396000018,15,32293
54401000009,15,32267
54406000030,15,32294
54411000019,15,32286
54416000011,15,32283
54421000032,15,32274
54426000022,15,32278
54431000012,15,32286
54436000003,15,32279
54441000021,15,32283
54446000011,15,32289
54451000000,15,32274
54456000024,15,32309
54461000011,15,32281
54466000000,15,32283
54471000023,15,32287
54476000012,15,32302
54481000004,15,32266
54486000025,15,32290
54491000013,15,32290
54496000004,15,32283
54501000026,15,32283
54506000018,15,32293
54511000004,15,32273
54516000026,15,32288
54521000017,15,32277
54526000005,15,32278
54531000029,15,32282
54536000017,15,32287
54541000005,15,32277
54546000026,15,32270
54551000017,15,32268
54556000007,15,32285
54561000029,15,32292
54566000019,15,32273
54571000012,15,32286
54576000033,15,32298
54581000022,15,32291
54586000011,15,32268
54590999999,15,32300
54596000020,15,32286
54601000010,15,32278
54606000004,15,32278
54611000022,15,32287
54616000011,15,32269
54621000002,15,32282
54626000020,15,32295
54631000013,15,32292
54636000002,15,32282
54641000026,15,32271
54646000018,15,32284
54651000006,15,32304
54656000024,15,32274
54661000016,15,32286
54666000004,15,32300
54671000025,15,32286
54676000017,15,32284
54681000004,15,32263
54686000027,15,32291
54691000016,15,32268
54696000005,15,32301
54701000028,15,32293
54706000016,15,32274
54711000006,15,32290
54716000030,15,32269
54721000019,15,32279
54726000009,15,32270
54731000028,15,32277
54736000017,15,32278
54741000010,15,32267
54745999999,15,32280
54751000020,15,32277
54756000011,15,32290
54761000004,15,32274
54766000023,15,32266
54771000010,15,32284
54776000001,15,32306
54781000025,15,32291
54786000010,15,32273
54791000003,15,32298
54796000025,15,32284
54801000015,15,32291
54806000005,15,32265
54811000024,15,32269
54816000014,15,32285
54821000005,15,32279
54826000023,15,32273
54831000014,15,32282
54836000004,15,32303
54841000024,15,32290
54846000017,15,32269
54851000007,15,32275
54856000029,15,32286
54861000017,15,32296
54866000007,15,32279
54871000029,15,32277
54876000018,15,32295
54881000010,15,32282
54886000032,15,32290
54891000020,15,32280
54896000009,15,32282
54901000001,15,32278
54906000024,15,32281
54911000013,15,32290
54915999998,15,32280
54921000022,15,32278
54926000011,15,32287
54931000002,15,32291
54936000022,15,32291
54941000011,15,32278
54946000003,15,32300
54951000023,15,32288
54956000012,15,32275
54961000004,15,32260
54966000021,15,32300
54971000013,15,32269
54976000005,15,32290
54981000025,15,32270
54986000019,15,32285
54991000006,15,32281
54996000028,15,32279
55001000017,15,32289
55006000008,15,32275
55011000029,15,32276
55016000018,15,32268
55021000009,15,32291
55026000030,15,32278
55031000019,15,32301
55036000009,15,32280
55041000030,15,32289
55046000018,15,32277
55051000009,15,32277
55056000000,15,32287
55061000020,15,32285
55066000006,15,32290
55071000001,15,32277
55076000026,15,32298
55081000012,15,32292
55086000001,15,32283
55091000025,15,32288
55096000016,15,32298
55101000002,15,32285
55106000027,15,32277
55111000013,15,32285
55116000006,15,32254
55121000024,15,32294
55126000014,15,32279
55131000007,15,32293
55136000024,15,32280
55141000017,15,32282
55146000005,15,32284
55151000027,15,32280
55156000018,15,32289
55161000006,15,32277
55166000029,15,32297
55171000016,15,32275
55176000009,15,32272
55181000027,15,32289
55186000021,15,32273
55191000011,15,32296
55196000030,15,32290
55201000021,15,32296
55206000011,15,32284
55210999999,15,32264
55216000021,15,32275
55221000010,15,32294
55226000001,15,32290
55231000023,15,32267
55236000013,15,32299
55241000005,15,32278
55246000025,15,32300
55251000011,15,32275
55256000005,15,32282
55261000024,15,32311
55266000015,15,32266
55271000002,15,32289
55276000024,15,32294
55281000015,15,32283
55286000005,15,32278
55291000028,15,32276
55296000016,15,32312
55301000007,15,32293
55306000028,15,32281
55311000016,15,32268
55316000006,15,32273
55321000029,15,32272
55326000018,15,32299
55331000008,15,32277
55336000028,15,32258
55341000020,15,32310
55346000009,15,32271
55351000033,15,32285
55356000019,15,32277
55361000012,15,32291
55366000000,15,32285
55371000021,15,32300
55376000012,15,32283
55381000002,15,32286
55386000022,15,32299
55391000013,15,32287
55396000002,15,32280
55401000022,15,32270
55406000008,15,32301
55411000005,15,32278
55416000023,15,32279
55421000013,15,32297
55426000004,15,32309
55431000027,15,32302
55436000017,15,32264
55441000004,15,32315
55446000026,15,32287
55451000016,15,32291
55456000006,15,32293
55461000030,15,32291
55466000015,15,32273
55471000007,15,32291
55476000026,15,32289
55481000017,15,32271
55486000007,15,32305
55491000027,15,32289
55496000018,15,32302
55501000011,15,32293
55506000031,15,32288
55511000023,15,32297
55516000010,15,32277
55521000002,15,32287
55526000022,15,32276
55531000013,15,32279
55535999999,15,32285
55541000021,15,32280
55546000013,15,32280
55551000005,15,32283
55556000023,15,32293
55561000015,15,32300
55566000002,15,32269
55571000024,15,32276
55576000016,15,32288
55581000004,15,32287
55586000026,15,32288
55591000014,15,32280
55596000006,15,32284
55601000025,15,32281
55606000015,15,32296
55611000004,15,32292
55616000027,15,32284
55621000016,15,32298
55626000006,15,32286
55631000026,15,32304
55636000018,15,32288
55641000008,15,32284
55646000031,15,32297
55651000019,15,32298
55656000009,15,32296
55661000031,15,32276
55666000021,15,32295
55671000010,15,32280
55676000004,15,32292
55681000018,15,32293
55686000008,15,32285
55690999999,15,32295
55696000021,15,32294
55701000016,15,32308
55706000004,15,32299
55711000024,15,32300
55716000016,15,32290
55721000004,15,32277
55726000024,15,32315
55731000013,15,32309
55736000005,15,32298
55741000027,15,32294
55746000014,15,32308
55751000005,15,32287
55756000024,15,32297
55761000016,15,32274
55766000003,15,32286
55771000026,15,32282
55776000018,15,32297
55781000008,15,32293
55786000028,15,32285
55791000017,15,32284
55796000009,15,32295
55801000026,15,32292
55806000021,15,32266
55811000008,15,32269
55816000031,15,32308
55821000019,15,32297
55826000008,15,32277
55831000000,15,32302
55836000020,15,32292
55841000009,15,32292
55846000002,15,32281
55851000023,15,32282
55856000012,15,32310
55861000000,15,32286
55866000024,15,32294
55871000014,15,32278
55876000005,15,32314
55881000023,15,32296
55886000012,15,32307
55891000002,15,32289
55896000027,15,32309
55901000013,15,32303
55906000005,15,32289
55911000028,15,32269
55916000018,15,32315
55921000007,15,32285
55926000029,15,32301
55931000014,15,32304
55936000005,15,32300
55941000023,15,32306
55946000018,15,32299
55951000010,15,32290
55956000029,15,32290
55961000018,15,32310
55966000010,15,32300
55971000031,15,32297
55976000019,15,32309
55981000010,15,32285
55985999996,15,32301
55991000022,15,32316
55996000010,15,32290
56001000000,15,32278
56006000023,15,32297
56011000011,15,32290
56016000000,15,32287
56021000025,15,32302
56026000012,15,32299
56031000001,15,32314
56036000021,15,32290
56041000013,15,32302
56046000004,15,32292
56051000024,15,32299
56056000015,15,32300
56061000006,15,32307
56066000029,15,32293
56071000015,15,32303
56076000004,15,32283
56081000026,15,32281
56086000020,15,32293
56091000006,15,32301
56096000028,15,32302
56101000019,15,32327
56106000008,15,32301
56111000029,15,32306
56116000022,15,32286
56121000005,15,32298
56126000030,15,32304
56131000019,15,32301
56136000011,15,32307
56141000002,15,32283
56146000024,15,32303
56151000010,15,32296
56156000002,15,32305
56161000021,15,32287
56166000013,15,32286
56171000002,15,32304
56176000022,15,32292
56181000014,15,32300
56186000004,15,32303
56191000024,15,32306
56196000013,15,32290
56201000003,15,32296
56206000026,15,32312
56211000012,15,32303
56216000006,15,32315
56221000024,15,32302
56226000017,15,32313
56231000010,15,32296
56236000027,15,32285
56241000018,15,32300
56246000006,15,32275
56251000029,15,32310
56256000018,15,32312
56261000007,15,32295
56266000028,15,32311
56271000019,15,32304
56276000009,15,32307
56281000032,15,32304
56286000020,15,32297
56291000009,15,32317
56296000002,15,32300
56301000021,15,32311
56306000013,15,32287
56311000001,15,32299
56316000023,15,32305
56321000011,15,32304
56326000006,15,32280
56331000023,15,32289
56336000013,15,32302
56341000004,15,32301
56346000025,15,32305
56351000015,15,32284
56356000007,15,32311
56361000027,15,32293
56366000019,15,32292
56371000008,15,32300
56376000026,15,32301
56381000017,15,32281
56386000008,15,32299
56391000025,15,32280
56396000017,15,32305
56401000006,15,32301
56406000028,15,32324
56411000018,15,32282
56416000008,15,32302
56421000028,15,32305
56426000019,15,32308
56431000008,15,32302
56436000029,15,32291
56441000018,15,32304
56446000008,15,32320
56450999999,15,32307
56456000023,15,32310
56461000014,15,32303
56466000003,15,32311
56471000024,15,32300
56476000012,15,32291
56481000001,15,32305
56486000023,15,32299
56491000016,15,32327
56496000003,15,32308
56501000023,15,32310
56506000013,15,32308
56511000002,15,32316
56516000026,15,32288
56521000013,15,32325
56526000004,15,32304
56531000026,15,32304
56536000016,15,32293
56541000005,15,32301
56546000025,15,32301
56551000015,15,32313
56556000011,15,32284
56561000028,15,32323
56566000017,15,32291
56571000008,15,32308
56576000030,15,32298
56581000016,15,32325
56586000007,15,32311
56591000030,15,32290
56596000021,15,32293
56601000010,15,32302
56605999999,15,32324
56611000021,15,32287
56616000011,15,32305
56621000003,15,32310
56626000021,15,32291
56631000010,15,32290
56636000004,15,32295
56641000025,15,32304
56646000012,15,32314
56651000005,15,32306
56656000026,15,32298
56661000013,15,32294
56666000003,15,32310
56671000028,15,32329
56676000014,15,32310
56681000002,15,32300
56686000027,15,32304
56691000016,15,32307
56696000004,15,32297
56701000028,15,32309
56706000016,15,32296
56711000006,15,32285
56716000029,15,32319
56721000017,15,32310
56726000005,15,32308
56731000028,15,32308
56736000017,15,32316
56741000010,15,32322
56746000031,15,32297
56751000021,15,32300
56756000011,15,32311
56761000001,15,32301
56766000020,15,32331
56771000010,15,32290
56776000001,15,32300
56781000023,15,32325
56786000013,15,32309
56791000000,15,32326
56796000025,15,32304
56801000014,15,32305
56806000002,15,32308
56811000026,15,32325
56816000014,15,32316
56821000002,15,32303
56826000024,15,32326
56831000016,15,32318
56836000004,15,32300
56841000027,15,32304
56846000015,15,32305
56851000008,15,32310
56856000029,15,32286
56861000015,15,32306
56866000009,15,32305
56871000030,15,32292
56876000019,15,32325
56881000008,15,32298
56886000028,15,32281
56891000020,15,32299
56896000006,15,32312
56901000031,15,32310
56906000019,15,32319
56911000011,15,32312
56916000003,15,32289
56921000018,15,32312
56926000012,15,32312
56931000001,15,32300
56936000023,15,32299
56941000012,15,32313
56946000002,15,32317
56951000026,15,32327
56956000016,15,32316
56961000004,15,32300
56966000023,15,32318
56971000013,15,32304
56976000005,15,32319
56981000024,15,32299
56986000015,15,32287
56991000005,15,32307
56996000025,15,32313
57001000015,15,32312
57006000006,15,32311
57011000030,15,32312
57016000017,15,32304
57021000010,15,32314
57026000028,15,32319
57031000019,15,32300
57036000007,15,32305
57041000028,15,32294
57046000019,15,32285
57051000005,15,32312
57056000030,15,32317
57061000018,15,32322
57066000010,15,32317
57070999998,15,32306
57076000020,15,32321
57081000013,15,32319
57086000000,15,32314
57091000021,15,32313
57096000011,15,32313
57101000001,15,32318
57106000023,15,32298
57111000014,15,32304
57116000004,15,32324
57121000022,15,32311
57126000018,15,32297
57131000003,15,32307
57136000023,15,32318
57141000015,15,32328
57146000006,15,32314
57151000028,15,32318
57156000016,15,32312
57161000008,15,32320
57166000027,15,32319
57171000014,15,32312
57176000009,15,32330
57181000024,15,32327
57186000018,15,32316
57191000011,15,32324
57196000030,15,32300
57201000019,15,32320
57206000012,15,32315
57211000030,15,32325
57216000021,15,32320
57221000010,15,32336
57226000001,15,32336
57231000021,15,32311
57236000012,15,32290
57241000000,15,32322
57246000024,15,32321
57251000010,15,32331
57256000001,15,32294
57261000023,15,32305
57266000013,15,32316
57271000005,15,32315
57276000027,15,32292
57281000013,15,32307
57286000004,15,32317
57291000025,15,32316
57296000014,15,32297
57301000004,15,32320
57306000026,15,32293
57311000017,15,32330
57316000007,15,32305
57321000027,15,32306
57326000018,15,32321
57331000008,15,32300
57336000025,15,32317
57341000020,15,32310
57346000007,15,32329
57351000025,15,32315
57356000019,15,32315
57361000009,15,32302
57366000028,15,32311
57371000021,15,32332
57376000011,15,32328
57381000002,15,32294
57386000022,15,32324
57391000009,15,32321
57396000003,15,32307
57401000023,15,32312
57406000011,15,32283
57411000003,15,32328
57416000023,15,32305
57421000013,15,32342
57426000006,15,32313
57431000025,15,32318
57436000014,15,32303
57441000005,15,32324
57446000025,15,32313
57451000015,15,32307
57456000003,15,32316
57461000026,15,32325
57466000017,15,32309
57471000005,15,32309
57476000029,15,32314
57481000017,15,32327
57486000007,15,32328
57491000027,15,32334
57496000018,15,32309
57501000008,15,32301
57506000028,15,32314
57511000019,15,32310
57516000009,15,32325
57521000030,15,32330
57526000018,15,32344
57531000014,15,32323
57536000001,15,32302
57541000019,15,32332
57546000010,15,32310
57551000002,15,32329
57556000022,15,32315
57561000014,15,32325
57566000003,15,32318
57571000023,15,32335
57576000014,15,32324
57581000001,15,32304
57586000023,15,32315
57591000013,15,32309
57596000005,15,32322
57601000026,15,32301
57606000016,15,32311
57611000004,15,32328
57616000026,15,32327
57621000018,15,32301
57626000006,15,32320
57631000027,15,32327
57636000016,15,32331
57641000006,15,32318
57646000029,15,32320
57651000018,15,32342
57656000006,15,32323
57661000028,15,32319
57666000017,15,32318
57671000010,15,32314
57676000030,15,32318
57681000018,15,32331
57686000011,15,32308
57690999999,15,32339
57696000019,15,32313
57701000012,15,32307
57706000001,15,32320
57711000021,15,32327
57716000011,15,32312
57721000002,15,32307
57726000022,15,32314
57731000013,15,32312
57736000001,15,32314
57741000023,15,32326
57746000015,15,32329
57751000004,15,32315
57756000024,15,32323
57761000016,15,32319
57766000005,15,32312
57771000025,15,32310
57776000015,15,32338
57781000005,15,32322
57786000030,15,32334
57791000020,15,32333
57796000008,15,32312
57801000026,15,32312
57806000017,15,32305
57811000008,15,32328
57816000033,15,32326
57821000019,15,32317
57826000009,15,32331
57831000030,15,32300
57836000020,15,32324
57841000011,15,32327
57846000001,15,32327
57851000021,15,32319
57856000011,15,32332
57861000003,15,32343
57866000023,15,32303
57871000014,15,32308
57876000004,15,32322
57881000024,15,32323
57886000010,15,32324
57891000005,15,32327
57896000024,15,32320
57901000016,15,32305
57906000006,15,32334
57911000026,15,32331
57916000014,15,32341
57921000007,15,32321
57926000026,15,32321
57931000016,15,32312
57936000010,15,32325
57941000027,15,32323
57946000015,15,32315
57951000008,15,32337
57956000026,15,32321
57961000019,15,32332
57966000009,15,32322
57971000028,15,32338
57976000018,15,32327
57981000011,15,32346
57986000029,15,32331
57991000021,15,32315
57996000011,15,32305
58001000002,15,32330
58006000021,15,32334
58011000011,15,32335
58016000001,15,32325
58021000021,15,32316
58026000010,15,32330
58031000001,15,32299
58036000023,15,32333
58041000014,15,32322
58046000002,15,32338
58051000025,15,32334
58056000014,15,32324
58061000004,15,32335
58066000025,15,32322
58071000016,15,32314
58076000004,15,32314
58081000026,15,32342
58086000015,15,32325
58091000006,15,32316
58096000027,15,32323
58101000017,15,32327
58106000006,15,32328
58111000028,15,32333
58116000016,15,32333
58121000011,15,32319
58126000029,15,32325
58131000020,15,32325
58136000010,15,32351
58141000028,15,32322
58146000018,15,32317
58151000011,15,32324
58156000000,15,32345
58161000021,15,32348
58166000010,15,32301
58171000003,15,32320
58176000023,15,32313
58181000014,15,32335
58186000004,15,32319
58191000023,15,32337
58196000012,15,32341
58201000004,15,32325
58206000026,15,32319
58211000013,15,32341
58216000004,15,32318
58221000024,15,32331
58226000015,15,32335
58231000007,15,32313
58236000024,15,32333
58241000019,15,32341
58246000005,15,32331
58251000025,15,32348
58256000019,15,32343
58261000007,15,32334
58266000029,15,32307
58271000016,15,32353
58276000010,15,32326
58281000029,15,32320
58286000021,15,32346
58291000009,15,32336
58296000028,15,32335
58301000021,15,32326
58306000008,15,32350
58310999997,15,32314
58316000021,15,32357
58321000010,15,32345
58326000002,15,32346
58331000020,15,32331
58336000014,15,32319
58340999997,15,32333
58346000023,15,32322
58351000012,15,32323
58356000005,15,32331
58361000023,15,32325
58366000013,15,32331
58371000004,15,32323
58376000025,15,32311
58381000016,15,32327
58386000002,15,32318
58391000027,15,32327
58396000014,15,32329
58401000006,15,32340
58406000031,15,32333
58411000016,15,32332
58416000006,15,32326
58421000027,15,32332
58426000016,15,32334
58431000009,15,32314
58436000030,15,32335
58441000018,15,32340
58446000010,15,32334
58451000028,15,32327
58456000018,15,32343
58461000009,15,32327
58466000000,15,32322
58471000020,15,32339
58476000011,15,32323
58481000002,15,32337
58486000021,15,32338
58491000013,15,32347
58496000001,15,32340
58501000020,15,32340
58506000014,15,32328
58511000004,15,32319
58516000022,15,32321
58521000011,15,32310
58526000004,15,32333
58531000027,15,32330
58536000015,15,32344
58541000004,15,32309
58546000023,15,32344
58551000015,15,32340
58556000007,15,32326
58561000026,15,32332
58566000017,15,32342
58571000008,15,32337
58576000028,15,32313
58581000017,15,32319
58586000007,15,32331
58591000027,15,32338
58596000021,15,32318
58601000012,15,32337
58606000030,15,32308
58611000020,15,32344
58616000011,15,32329
58620999997,15,32333
58626000020,15,32338
58631000011,15,32333
58636000002,15,32313
58641000023,15,32325
58646000010,15,32323
58651000001,15,32337
58656000024,15,32298
58661000015,15,32348
58666000002,15,32327
58671000024,15,32342
58676000013,15,32335
58681000004,15,32340
58686000021,15,32346
58691000014,15,32336
58696000005,15,32331
58701000025,15,32339
58706000016,15,32313
58711000006,15,32335
58716000029,15,32326
58721000014,15,32337
58726000006,15,32336
58731000029,15,32337
58736000015,15,32343
58741000009,15,32334
58746000028,15,32329
58751000020,15,32338
58756000008,15,32336
58761000026,15,32333
58766000018,15,32338
58771000010,15,32333
58775999998,15,32342
58781000021,15,32341
58786000011,15,32342
58791000000,15,32332
58796000020,15,32316
58801000011,15,32341
58806000002,15,32331
58811000024,15,32344
58816000013,15,32344
58821000003,15,32325
58826000025,15,32349
58831000015,15,32326
58836000007,15,32337
58841000028,15,32334
58846000014,15,32335
58851000003,15,32348
58856000028,15,32328
58861000016,15,32336
58866000008,15,32316
58871000026,15,32328
58876000019,15,32337
58881000007,15,32339
58886000028,15,32358
58891000019,15,32341
58896000005,15,32340
58901000030,15,32337
58906000022,15,32342
58911000008,15,32336
58916000031,15,32338
58921000017,15,32362
58926000010,15,32345
58930999998,15,32351
58936000021,15,32343
58941000010,15,32310
58945999999,15,32326
58951000021,15,32340
58956000010,15,32369
58961000003,15,32318
58966000023,15,32342
58971000013,15,32336
58976000003,15,32332
58981000024,15,32344
58986000015,15,32332
58991000006,15,32353
58996000027,15,32333
59001000014,15,32354
59006000007,15,32334
59011000026,15,32372
59016000017,15,32352
59021000007,15,32342
59026000026,15,32345
59031000015,15,32359
59036000010,15,32341
59041000028,15,32337
59046000020,15,32346
59051000008,15,32334
59056000028,15,32355
59061000020,15,32353
59066000010,15,32336
59071000030,15,32335
59076000019,15,32347
59081000009,15,32361
59086000001,15,32347
59091000022,15,32322
59096000010,15,32336
59101000002,15,32349
59106000024,15,32363
59111000012,15,32336
59116000002,15,32331
59121000023,15,32341
59126000014,15,32331
59131000004,15,32349
59136000024,15,32327
59141000013,15,32354
59146000005,15,32348
59151000024,15,32342
59156000016,15,32354
59161000004,15,32361
59166000028,15,32347
59171000016,15,32365
59176000007,15,32342
59181000026,15,32340
59186000018,15,32343
59191000007,15,32356
59196000028,15,32338
59201000020,15,32345
59206000011,15,32342
59211000030,15,32316
59216000020,15,32343
59221000009,15,32363
59226000031,15,32350
59231000020,15,32355
59236000011,15,32335
59240999997,15,32354
59246000022,15,32338
59251000013,15,32333
59256000001,15,32359
59261000023,15,32343
59266000013,15,32361
59271000001,15,32344
59276000027,15,32347
59281000014,15,32344
59286000003,15,32346
59291000026,15,32336
59296000013,15,32360
59301000003,15,32352
59306000024,15,32341
59311000018,15,32349
59316000004,15,32367
59321000026,15,32336
59326000013,15,32349
59331000007,15,32357
59336000028,15,32346
59341000017,15,32337
59346000007,15,32351
59351000028,15,32326
59356000018,15,32332
59361000010,15,32340
59366000027,15,32352
59371000019,15,32355
59376000006,15,32335
59381000030,15,32326
59386000024,15,32337
59391000010,15,32342
59395999999,15,32352
59401000019,15,32346
59406000011,15,32340
59411000002,15,32361
59416000022,15,32361
59421000013,15,32348
59426000002,15,32326
59431000022,15,32351
59436000014,15,32345
59441000005,15,32354
59446000025,15,32339
59451000015,15,32343
59456000002,15,32368
59461000025,15,32341
59466000014,15,32343
59471000007,15,32359
59476000026,15,32353
59481000016,15,32341
59486000010,15,32340
59491000027,15,32369
59496000017,15,32347
59501000005,15,32343
59506000027,15,32366
59511000019,15,32356
59516000007,15,32346
59521000031,15,32363
59526000020,15,32356
59531000010,15,32352
59536000030,15,32346
59541000020,15,32355
59546000011,15,32327
59550999999,15,32360
59556000021,15,32363
59561000013,15,32327
59565999999,15,32351
59571000024,15,32360
59576000013,15,32339
59581000001,15,32348
59586000023,15,32353
59591000015,15,32346
59596000004,15,32362
59601000026,15,32362
59606000015,15,32357
59611000004,15,32352
59616000025,15,32340
59621000016,15,32360
59626000004,15,32364
59631000028,15,32369
59636000016,15,32371
59641000004,15,32354
59646000028,15,32365
59651000014,15,32350
59656000008,15,32351
59661000027,15,32359
59666000019,15,32351
59671000008,15,32356
59676000030,15,32339
59681000022,15,32351
59686000009,15,32361
59691000029,15,32359
59696000020,15,32345
59701000009,15,32360
59706000000,15,32343
59711000021,15,32343
59716000013,15,32352
59721000000,15,32344
59726000023,15,32361
59731000012,15,32359
59736000003,15,32352
59741000023,15,32369
59746000011,15,32350
59751000004,15,32344
59756000025,15,32354
59761000014,15,32343
59766000006,15,32357
59771000024,15,32357
59776000015,15,32361
59781000002,15,32320
59786000026,15,32356
59791000017,15,32366
59796000007,15,32385
59801000026,15,32341
59806000018,15,32355
59811000010,15,32357
59816000026,15,32328
59821000017,15,32340
59826000007,15,32353
59831000032,15,32354
59836000018,15,32363
59841000008,15,32364
59846000030,15,32342
59851000019,15,32349
59856000011,15,32353
59860999999,15,32344
59866000020,15,32359
59871000011,15,32358
59876000000,15,32352
59881000021,15,32348
59886000012,15,32358
59891000002,15,32360
59896000027,15,32365
59901000014,15,32335
59906000004,15,32347
59911000025,15,32350
59916000015,15,32351
59921000006,15,32358
59926000023,15,32344
59931000016,15,32361
59936000005,15,32349
59941000026,15,32373
59946000015,15,32357
59951000008,15,32364
59956000027,15,32372
59961000015,15,32373
59966000007,15,32357
59971000030,15,32359
59976000020,15,32351
59981000009,15,32374
59986000027,15,32331
59991000018,15,32340
59996000008,15,32357
60001000031,15,32366
60006000021,15,32358
60011000010,15,32363
60016000002,15,32370
60021000023,15,32363
60026000009,15,32343
60031000002,15,32371
60036000024,15,32356
60041000014,15,32369
60045999999,15,32365
60051000022,15,32357
60056000013,15,32362
60061000004,15,32371
60066000023,15,32348
60071000015,15,32355
60076000003,15,32347
60081000023,15,32365
60086000015,15,32368
60091000006,15,32345
60096000025,15,32370
60101000017,15,32352
60106000007,15,32374
60111000028,15,32356
60116000016,15,32362
60121000008,15,32364
60126000028,15,32350
60131000019,15,32354
60136000007,15,32359
60141000029,15,32369
60146000021,15,32377
60151000007,15,32361
60156000030,15,32371
60161000021,15,32352
60166000009,15,32375
60171000000,15,32380
60176000021,15,32367
60181000011,15,32369
60185999999,15,32398
60191000022,15,32380
60196000013,15,32373
60201000000,15,32385
60206000023,15,32369
60211000013,15,32360
60216000003,15,32379
60221000023,15,32369
60226000012,15,32366
60231000007,15,32360
60236000023,15,32381
60241000015,15,32356
60246000002,15,32364
60251000024,15,32382
60256000013,15,32348
60261000007,15,32362
60266000027,15,32373
60271000017,15,32368
60276000009,15,32376
60281000027,15,32396
60286000016,15,32381
60291000007,15,32358
60296000030,15,32363
60301000018,15,32344
60306000011,15,32361
60311000030,15,32366
60316000018,15,32374
60321000007,15,32379
60326000002,15,32364
60331000023,15,32361
60336000009,15,32359
60341000000,15,32356
60346000022,15,32355
60351000010,15,32365
60356000001,15,32384
60361000023,15,32367
60366000013,15,32358
60371000002,15,32370
60376000022,15,32362
60381000013,15,32377
60386000006,15,32373
60391000027,15,32368
60396000015,15,32375
60401000003,15,32357
60406000024,15,32372
60411000016,15,32371
60416000006,15,32365
60421000029,15,32373
60426000016,15,32357
60431000007,15,32386
60436000028,15,32357
60441000016,15,32375
60446000008,15,32363
60451000029,15,32382
60456000021,15,32389
60461000007,15,32367
60466000030,15,32376
60471000019,15,32360
60476000011,15,32378
60481000000,15,32374
60486000019,15,32377
60491000012,15,32389
60496000002,15,32393
60501000023,15,32358
60506000010,15,32381
60511000001,15,32365
60516000024,15,32343
60521000012,15,32358
60526000004,15,32372
60531000022,15,32377
60536000013,15,32379
60541000002,15,32375
60546000024,15,32379
60551000016,15,32378
60556000005,15,32376
60561000028,15,32380
60566000018,15,32374
60571000007,15,32373
60576000029,15,32370
60581000017,15,32385
60586000007,15,32379
60591000026,15,32372
60596000018,15,32372
60601000011,15,32368
60606000033,15,32363
60611000019,15,32382
60616000007,15,32369
60621000030,15,32374
60626000020,15,32367
60631000013,15,32399
60635999998,15,32372
60641000020,15,32367
60646000011,15,32375
60651000000,15,32369
60656000023,15,32389
60661000010,15,32376
60666000001,15,32366
60671000025,15,32365
60676000013,15,32381
60681000003,15,32368
60686000024,15,32389
60691000012,15,32373
60696000002,15,32376
60701000027,15,32381
60706000014,15,32375
60711000006,15,32373
60716000026,15,32371
60721000016,15,32394
60726000006,15,32366
60731000028,15,32347
60736000017,15,32378
60741000007,15,32388
60746000029,15,32371
60751000019,15,32372
60756000008,15,32382
60761000030,15,32377
60766000017,15,32377
60771000009,15,32373
60776000030,15,32385
60781000020,15,32379
60786000011,15,32382
60790999998,15,32402
60796000020,15,32364
60801000010,15,32390
60806000001,15,32383
60811000022,15,32387
60816000013,15,32379
60821000004,15,32389
60826000024,15,32358
60831000009,15,32413
60836000003,15,32382
60841000025,15,32387
60846000015,15,32372
60851000006,15,32376
60856000023,15,32377
60861000013,15,32379
60866000006,15,32384
60871000025,15,32361
60876000017,15,32380
60881000008,15,32379
60886000027,15,32377
60891000019,15,32399
60896000006,15,32379
60901000026,15,32381
60906000018,15,32388
60911000009,15,32352
60916000029,15,32377
60921000017,15,32364
60926000008,15,32367
60931000030,15,32369
60936000019,15,32361
60941000010,15,32361
60946000001,15,32376
60951000021,15,32386
60956000009,15,32398
60961000001,15,32376
60966000023,15,32385
60971000014,15,32386
60976000002,15,32384
60981000020,15,32383
60986000013,15,32391
60991000003,15,32392
60996000026,15,32364
61001000014,15,32402
61006000001,15,32374
61011000023,15,32377
61016000014,15,32369
61021000005,15,32398
61026000027,15,32384
61031000016,15,32382
61036000007,15,32380
61041000026,15,32385
61046000014,15,32380
61051000009,15,32386
61056000030,15,32363
61061000018,15,32379
61066000007,15,32387
61071000031,15,32385
61076000017,15,32388
61081000008,15,32383
61086000029,15,32392
61091000019,15,32393
61096000009,15,32393
61101000003,15,32374
61106000022,15,32392
61111000011,15,32377
61116000003,15,32377
61121000022,15,32400
61126000012,15,32362
61131000002,15,32371
61136000025,15,32397
61141000014,15,32370
61146000000,15,32394
61151000025,15,32384
61156000015,15,32394
61161000006,15,32392
61166000028,15,32386
61171000017,15,32399
61176000008,15,32388
61181000024,15,32388
61186000015,15,32372
61191000008,15,32400
61196000029,15,32381
61201000019,15,32415
61206000008,15,32403
61211000027,15,32384
61216000016,15,32387
61221000008,15,32392
61226000028,15,32368
61231000019,15,32380
61236000009,15,32387
61241000031,15,32382
61246000020,15,32391
61251000012,15,32405
61256000001,15,32376
61261000022,15,32402
61266000011,15,32382
61271000002,15,32380
61276000021,15,32385
61281000015,15,32391
61286000000,15,32388
61291000021,15,32391
61296000014,15,32410
61301000005,15,32410
61306000023,15,32400
61311000010,15,32388
61316000006,15,32389
61321000023,15,32398
61326000014,15,32404
61331000005,15,32419
61336000027,15,32373
61341000017,15,32387
61346000008,15,32402
61351000026,15,32396
61356000018,15,32403
61361000008,15,32408
61366000026,15,32408
61371000020,15,32383
61376000008,15,32409
61381000030,15,32394
61386000016,15,32390
61391000008,15,32404
61396000028,15,32382
61401000021,15,32415
61406000009,15,32409
61411000002,15,32393
61416000020,15,32380
61421000012,15,32400
61426000001,15,32389
61431000023,15,32393
61436000010,15,32389
61441000004,15,32378
61446000024,15,32372
61451000012,15,32392
61456000002,15,32413
61461000024,15,32393
61466000013,15,32404
61471000005,15,32391
61476000025,15,32401
61481000015,15,32412
61486000006,15,32408
61491000030,15,32401
61496000015,15,32398
61501000008,15,32405
61506000026,15,32393
61511000018,15,32399
61516000007,15,32416
61521000028,15,32399
61526000018,15,32407
61531000009,15,32403
61536000029,15,32381
61541000020,15,32394
61546000005,15,32401
61551000030,15,32405
61556000021,15,32402
61561000015,15,32390
61566000002,15,32373
61571000021,15,32386
61576000011,15,32396
61581000000,15,32394
61586000023,15,32391
61591000010,15,32395
61596000001,15,32386
61601000023,15,32393
61606000013,15,32401
61611000002,15,32399
61616000024,15,32391
61621000014,15,32393
61626000003,15,32384
61631000028,15,32413
61636000016,15,32393
61641000006,15,32382
61646000025,15,32411
61651000017,15,32387
61656000008,15,32398
61661000028,15,32404
61666000017,15,32377
61671000005,15,32414
61676000029,15,32388
61681000015,15,32384
61686000008,15,32396
61691000029,15,32405
61696000019,15,32395
61701000010,15,32394
61706000030,15,32387
61711000019,15,32387
61716000009,15,32412
61721000001,15,32384
61726000021,15,32383
61731000011,15,32378
61736000002,15,32379
61741000019,15,32391
61746000014,15,32389
61751000000,15,32401
61756000019,15,32409
61761000012,15,32406
61766000003,15,32408
61771000026,15,32403
61776000015,15,32409
61781000003,15,32406
61786000025,15,32402
61791000015,15,32408
61796000007,15,32407
61801000028,15,32389
61806000016,15,32397
61811000007,15,32407
61816000030,15,32404
61821000019,15,32411
61826000006,15,32409
61831000028,15,32389
61836000019,15,32392
61841000009,15,32417
61846000031,15,32410
61851000017,15,32373
61856000009,15,32399
61861000031,15,32402
61866000019,15,32417
61871000010,15,32411
61876000002,15,32400
61881000021,15,32402
61886000010,15,32414
61891000003,15,32396
61896000020,15,32421
61901000010,15,32400
61906000004,15,32403
61911000024,15,32398
61916000012,15,32419
61921000003,15,32416
61926000025,15,32382
61931000013,15,32407
61936000005,15,32404
61941000024,15,32384
61946000016,15,32403
61951000004,15,32393
61956000025,15,32382
61961000014,15,32390
61966000008,15,32415
61971000027,15,32403
61976000018,15,32401
61981000009,15,32384
61986000028,15,32405
61991000015,15,32384
61996000006,15,32416
62001000029,15,32406
62006000020,15,32402
62011000009,15,32408
62016000031,15,32414
62021000020,15,32396
62026000010,15,32392
62031000004,15,32400
62036000020,15,32404
62041000013,15,32415
62045999998,15,32397
62051000022,15,32407
62056000014,15,32376
62061000001,15,32417
62066000021,15,32406
62071000013,15,32390
62076000006,15,32401
62081000025,15,32409
62086000015,15,32381
62091000004,15,32412
62096000024,15,32391
62101000018,15,32407
62106000004,15,32388
62111000026,15,32393
62116000017,15,32402
62121000004,15,32399
62126000027,15,32437
62131000019,15,32420
62136000006,15,32408
62141000028,15,32405
62146000020,15,32416
62151000009,15,32398
62156000030,15,32411
62161000021,15,32412
62166000007,15,32413
62171000032,15,32406
62176000022,15,32389
62181000011,15,32413
62186000002,15,32418
62191000022,15,32404
62196000010,15,32408
62201000002,15,32407
62206000022,15,32408
62211000014,15,32391
62216000003,15,32420
62221000021,15,32404
62226000013,15,32413
62231000003,15,32387
62236000025,15,32418
62241000011,15,32412
62246000005,15,32402
62251000024,15,32418
62256000015,15,32410
62261000004,15,32408
62266000026,15,32386
62271000018,15,32415
62276000007,15,32431
62281000031,15,32393
62286000018,15,32428
62291000007,15,32395
62296000027,15,32401
62301000017,15,32434
62306000009,15,32429
62311000029,15,32413
62316000020,15,32416
62321000009,15,32430
62326000029,15,32388
62331000018,15,32420
62336000009,15,32387
62341000000,15,32408
62346000022,15,32398
62351000011,15,32420
62356000003,15,32394
62361000022,15,32404
62366000009,15,32393
62371000002,15,32386
62376000026,15,32409
62381000010,15,32428
62386000003,15,32418
62391000022,15,32397
62396000010,15,32418
62401000003,15,32416
62406000022,15,32413
62411000015,15,32406
62416000005,15,32403
62421000027,15,32405
62426000016,15,32430
62431000006,15,32419
62436000028,15,32411
62441000017,15,32421
62446000006,15,32412
62451000030,15,32410
62456000016,15,32417
62461000007,15,32417
62466000030,15,32412
62471000017,15,32428
62476000009,15,32415
62481000030,15,32403
62486000016,15,32398
62491000010,15,32422
62496000000,15,32407
62501000018,15,32406
62506000010,15,32428
62510999997,15,32424
62516000023,15,32405
62521000009,15,32420
62526000005,15,32402
62531000022,15,32436
62536000011,15,32404
62541000002,15,32426
62546000025,15,32416
62551000015,15,32412
62556000004,15,32423
62561000025,15,32416
62566000016,15,32428
62571000007,15,32421
62576000027,15,32428
62581000016,15,32405
62586000005,15,32418
62591000024,15,32404
62596000017,15,32416
62601000007,15,32418
62606000029,15,32409
62611000017,15,32427
62616000007,15,32437
62621000027,15,32421
62626000022,15,32405
62631000009,15,32436
62636000029,15,32430
62641000019,15,32420
62646000009,15,32416
62651000002,15,32405
62656000023,15,32433
62661000011,15,32419
62666000002,15,32415
62671000021,15,32414
62676000010,15,32417
62681000002,15,32413
62686000021,15,32420
62691000012,15,32407
62696000004,15,32426
62701000023,15,32415
62706000013,15,32421
62711000002,15,32428
62716000023,15,32418
62721000017,15,32412
62726000005,15,32404
62731000025,15,32426
62736000017,15,32414
62741000007,15,32416
62746000028,15,32434
62751000018,15,32404
62756000008,15,32414
62761000025,15,32437
62766000018,15,32421
62771000009,15,32430
62776000029,15,32444
62781000019,15,32413
62786000007,15,32419
62791000030,15,32421
62796000022,15,32423
62801000012,15,32421
62806000000,15,32403
62811000025,15,32446
62816000012,15,32414
62820999999,15,32418
62826000021,15,32399
62831000011,15,32417
62836000003,15,32422
62841000026,15,32418
62846000012,15,32419
62851000002,15,32421
62856000025,15,32433
62861000011,15,32436
62866000005,15,32429
62871000026,15,32423
62876000015,15,32429
62881000003,15,32412
62886000024,15,32422
62891000015,15,32440
62896000004,15,32401
62901000025,15,32405
62906000016,15,32435
62911000009,15,32431
62916000029,15,32419
62921000019,15,32416
62926000007,15,32439
62931000027,15,32407
62936000022,15,32406
62941000009,15,32417
62946000030,15,32442
62951000022,15,32443
62956000010,15,32417
62961000000,15,32428
62966000019,15,32436
62971000012,15,32416
62976000000,15,32432
62981000020,15,32410
62986000011,15,32420
62991000002,15,32411
62996000026,15,32428
63001000011,15,32419
63006000000,15,32410
63011000023,15,32409
63016000014,15,32424
63021000001,15,32415
63026000026,15,32408
63031000016,15,32414
63036000006,15,32427
63041000025,15,32421
63046000016,15,32431
63051000006,15,32428
63056000024,15,32439
63061000016,15,32438
63066000009,15,32432
63071000025,15,32412
63076000016,15,32410
63081000006,15,32400
63086000030,15,32419
63091000019,15,32424
63096000010,15,32417
63101000030,15,32409
63106000021,15,32441
63111000011,15,32449
63115999999,15,32444
63121000021,15,32424
63126000012,15,32423
63131000001,15,32426
63136000021,15,32431
63141000012,15,32424
63146000000,15,32423
63151000023,15,32404
63156000016,15,32429
63161000003,15,32412
63166000023,15,32405
63171000012,15,32432
63176000007,15,32407
63181000025,15,32437
63186000020,15,32421
63191000004,15,32428
63196000024,15,32421
63201000015,15,32422
63206000007,15,32434
63211000027,15,32437
63216000018,15,32430
63221000009,15,32426
63226000025,15,32436
63231000019,15,32424
63236000008,15,32433
63241000030,15,32407
63246000020,15,32417
63251000010,15,32412
63256000029,15,32415
63261000024,15,32443
63266000011,15,32416
63271000001,15,32428
63276000021,15,32429
63281000012,15,32434
63286000001,15,32424
63291000018,15,32435
63296000009,15,32419
63301000002,15,32423
63306000023,15,32437
63311000013,15,32421
63316000002,15,32430
63321000026,15,32430
63326000014,15,32435
63331000003,15,32418
63336000026,15,32404
63341000016,15,32428
63346000007,15,32436
63351000029,15,32429
63356000017,15,32421
63361000006,15,32427
63366000026,15,32437
63371000017,15,32445
63376000010,15,32451
63381000028,15,32428
63386000019,15,32427
63391000008,15,32427
63396000026,15,32445
63401000019,15,32427
63406000008,15,32430
63411000030,15,32425
63416000023,15,32428
63421000012,15,32434
63425999998,15,32422
63431000019,15,32440
63436000010,15,32429
63441000003,15,32436
63446000022,15,32414
63451000014,15,32445
63456000002,15,32432
63461000022,15,32421
63466000014,15,32436
63471000002,15,32449
63476000024,15,32443
63481000012,15,32426
63486000008,15,32425
63491000027,15,32436
63496000013,15,32442
63501000005,15,32427
63506000026,15,32449
63511000017,15,32432
63516000007,15,32437
63521000025,15,32435
63526000019,15,32449
63531000008,15,32433
63536000029,15,32434
63541000019,15,32449
63546000007,15,32439
63551000030,15,32442
63556000018,15,32452
63561000009,15,32445
63566000028,15,32430
63571000018,15,32444
63576000011,15,32435
63580999999,15,32438
63586000023,15,32430
63591000013,15,32437
63596000003,15,32418
63601000021,15,32459
63606000010,15,32462
63611000002,15,32443
63616000022,15,32442
63621000013,15,32444
63626000001,15,32423
63631000022,15,32421
63636000012,15,32449
63641000001,15,32420
63646000026,15,32449
63651000017,15,32434
63656000007,15,32440
63661000027,15,32444
63666000016,15,32448
63671000005,15,32458
63676000030,15,32450
63681000017,15,32442
63686000006,15,32444
63691000027,15,32440
63696000019,15,32433
63701000009,15,32447
63706000029,15,32440
63711000018,15,32442
63716000012,15,32439
63721000030,15,32455
63726000019,15,32425
63731000012,15,32441
63735999999,15,32435
63741000022,15,32435
63746000012,15,32429
63751000002,15,32446
63756000024,15,32449
63761000011,15,32438
63766000002,15,32449
63771000020,15,32448
63776000013,15,32451
63781000002,15,32457
63786000024,15,32450
63791000015,15,32419
63796000005,15,32435
63801000026,15,32438
63806000014,15,32430
63811000004,15,32440
63816000027,15,32424
63821000017,15,32440
63826000006,15,32436
63831000026,15,32460
63836000020,15,32446
63841000008,15,32435
63846000032,15,32443
63851000017,15,32433
63856000009,15,32447
63861000029,15,32446
63866000019,15,32436
63871000010,15,32453
63876000028,15,32461
63881000021,15,32450
63886000009,15,32431
63891000001,15,32428
63896000019,15,32452
63901000007,15,32437
63906000002,15,32437
63911000021,15,32472
63916000011,15,32439
63921000001,15,32442
63926000024,15,32430
63931000013,15,32431
63936000003,15,32472
63941000023,15,32457
63946000010,15,32435
63951000004,15,32453
63956000027,15,32427
63961000017,15,32435
63966000005,15,32440
63971000023,15,32453
63976000014,15,32456
63981000005,15,32449
63986000028,15,32462
63991000016,15,32472
63996000006,15,32432
64001000029,15,32442
64006000017,15,32459
64011000007,15,32444
64016000028,15,32459
64021000021,15,32438
64026000010,15,32451
64031000027,15,32419
64036000017,15,32455
64041000009,15,32427
64045999996,15,32452
64051000021,15,32466
64056000010,15,32435
64060999997,15,32449
64066000023,15,32444
64071000008,15,32439
64076000000,15,32454
64081000022,15,32429
64086000013,15,32447
64091000002,15,32450
64096000023,15,32428
64101000014,15,32459
64106000005,15,32446
64111000026,15,32440
64116000015,15,32460
64121000006,15,32447
64126000027,15,32463
64131000014,15,32443
64136000008,15,32470
64141000027,15,32457
64146000016,15,32431
64151000008,15,32464
64156000027,15,32434
64161000016,15,32454
64166000007,15,32448
64171000028,15,32450
64176000019,15,32451
64181000008,15,32458
64186000033,15,32437
64191000020,15,32462
64196000010,15,32452
64201000000,15,32456
64206000022,15,32441
64211000008,15,32436
64216000002,15,32441
64221000025,15,32449
64226000011,15,32452
64231000003,15,32461
64236000023,15,32481
64241000015,15,32466
64246000005,15,32453
64251000023,15,32441
64256000014,15,32468
64261000002,15,32458
64266000026,15,32443
64271000015,15,32453
64276000004,15,32450
64281000029,15,32447
64286000017,15,32459
64291000005,15,32468
64296000026,15,32462
64301000018,15,32467
64306000006,15,32464
64311000029,15,32452
64316000017,15,32459
64321000005,15,32462
64326000030,15,32451
64331000017,15,32461
64336000005,15,32458
64341000032,15,32460
64346000019,15,32447
64351000012,15,32457
64355999999,15,32462
64361000019,15,32458
64366000012,15,32462
64371000000,15,32458
64376000020,15,32440
64381000010,15,32455
64386000001,15,32458
64391000024,15,32437
64396000009,15,32460
64401000003,15,32458
64406000024,15,32452
64411000014,15,32447
64416000005,15,32449
64421000023,15,32457
64426000016,15,32458
64431000004,15,32443
64436000027,15,32447
64441000015,15,32471
64446000007,15,32451
64451000027,15,32452
64456000016,15,32438
64461000009,15,32447
64466000026,15,32445
64471000020,15,32466
64476000010,15,32456
64481000029,15,32472
64486000020,15,32467
64491000011,15,32465
64496000030,15,32445
64501000020,15,32473
64506000009,15,32484
64511000001,15,32453
64516000020,15,32480
64521000011,15,32468
64526000001,15,32459
64531000023,15,32466
64536000010,15,32459
64541000002,15,32467
64546000025,15,32465
64551000011,15,32451
64556000001,15,32472
64561000025,15,32456
64566000015,15,32454
64571000002,15,32464
64576000022,15,32464
64581000016,15,32466
64586000007,15,32453
64591000026,15,32476
64596000016,15,32445
64601000006,15,32463
64606000026,15,32470
64611000016,15,32464
64616000008,15,32482
64621000026,15,32466
64626000018,15,32478
64631000009,15,32466
64636000029,15,32469
64641000018,15,32460
64646000009,15,32465
64651000030,15,32474
64656000022,15,32459
64661000011,15,32460
64666000001,15,32460
64671000020,15,32468
64676000010,15,32459
64681000000,15,32478
64686000023,15,32466
64691000011,15,32471
64696000000,15,32456
64701000026,15,32465
64706000014,15,32460
64711000002,15,32457
64716000023,15,32465
64721000015,15,32458
64726000004,15,32460
64731000025,15,32460
64736000017,15,32490
64741000004,15,32459
64746000024,15,32469
64751000016,15,32483
64756000008,15,32466
64761000023,15,32462
64766000016,15,32455
64771000009,15,32456
64776000029,15,32466
64781000018,15,32472
64786000009,15,32457
64791000027,15,32480
64796000019,15,32469
64801000008,15,32459
64806000031,15,32471
64811000020,15,32461
64816000011,15,32461
64821000002,15,32481
64826000022,15,32473
64831000010,15,32471
64836000005,15,32482
64841000020,15,32478
64846000013,15,32477
64851000004,15,32472
64856000023,15,32475
64861000011,15,32457
64866000004,15,32490
64871000026,15,32479
64876000014,15,32488
64881000003,15,32486
64886000025,15,32491
64891000014,15,32485
64896000005,15,32488
64901000024,15,32474
64906000016,15,32473
64911000006,15,32486
64916000028,15,32471
64921000019,15,32483
64926000008,15,32489
64931000030,15,32476
64936000019,15,32491
64941000009,15,32484
64946000030,15,32483
64951000021,15,32464
64956000005,15,32480
64961000029,15,32472
64966000019,15,32481
64971000009,15,32485
64976000000,15,32488
64981000024,15,32484
64986000010,15,32478
64991000001,15,32470
64996000025,15,32492
65001000012,15,32482
65006000003,15,32489
65011000028,15,32476
65016000013,15,32473
65021000003,15,32484
65026000024,15,32463
65031000012,15,32462
65036000005,15,32482
65041000023,15,32475
65046000015,15,32481
65051000004,15,32485
65056000029,15,32484
65061000015,15,32489
65066000006,15,32494
65071000028,15,32484
65076000017,15,32468
65081000006,15,32485
65086000029,15,32478
65091000015,15,32465
65096000008,15,32465
65101000027,15,32476
65106000017,15,32491
65111000005,15,32473
65116000033,15,32488
65121000022,15,32492
65126000008,15,32483
65131000001,15,32485
65136000023,15,32486
65141000011,15,32500
65145999999,15,32475
65151000022,15,32495
65156000011,15,32492
65161000001,15,32488
65166000023,15,32483
65171000012,15,32488
65176000005,15,32498
65181000023,15,32480
65186000013,15,32460
65191000003,15,32475
65196000027,15,32482
65201000016,15,32499
65206000003,15,32490
65211000023,15,32490
65216000019,15,32509
65221000005,15,32505
65226000028,15,32500
65231000014,15,32491
65236000007,15,32482
65241000025,15,32478
65246000017,15,32478
65251000011,15,32465
65256000028,15,32485
65261000021,15,32482
65266000010,15,32473
65271000029,15,32487
65276000022,15,32497
65281000009,15,32468
65285999998,15,32481
65291000022,15,32481
65296000013,15,32505
65301000003,15,32487
65306000020,15,32489
65311000011,15,32476
65316000001,15,32482
65321000025,15,32508
65326000013,15,32496
65331000001,15,32510
65336000025,15,32502
65341000014,15,32466
65346000006,15,32508
65351000023,15,32464
65356000013,15,32482
65361000004,15,32492
65366000026,15,32500
65371000016,15,32481
65376000004,15,32477
65381000027,15,32482
65386000018,15,32479
65391000009,15,32485
65396000030,15,32501
65401000019,15,32485
65406000008,15,32495
65411000027,15,32490
65416000017,15,32504
65421000009,15,32481
65426000031,15,32484
65431000019,15,32471
65436000013,15,32495
65440999998,15,32488
65446000018,15,32492
65451000008,15,32506
65456000001,15,32495
65461000020,15,32501
65466000014,15,32484
65471000003,15,32509
65476000024,15,32484
65481000009,15,32487
65486000004,15,32482
65491000025,15,32496
65496000013,15,32466
65501000003,15,32497
65506000027,15,32471
65511000016,15,32487
65516000005,15,32505
65521000027,15,32503
65526000015,15,32488
65531000007,15,32501
65536000024,15,32487
65541000021,15,32476
65546000008,15,32508
65551000026,15,32503
65556000019,15,32508
65561000006,15,32479
65566000030,15,32479
65571000018,15,32504
65576000010,15,32505
65581000032,15,32501
65586000019,15,32503
65591000010,15,32499
65596000002,15,32506
65601000021,15,32501
65606000011,15,32512
65610999999,15,32496
65616000023,15,32495
65621000012,15,32506
65626000000,15,32494
65631000022,15,32492
65636000014,15,32501
65641000005,15,32503
65646000023,15,32501
65651000016,15,32501
65656000004,15,32518
65661000025,15,32494
65666000012,15,32489
65671000006,15,32492
65676000025,15,32499
65681000015,15,32508
65686000006,15,32491
65691000026,15,32480
65696000014,15,32489
65701000006,15,32489
65706000026,15,32520
65711000018,15,32505
65716000010,15,32507
65721000029,15,32495
65726000019,15,32500
65731000006,15,32483
65736000029,15,32495
65741000020,15,32508
65746000010,15,32494
65751000000,15,32503
65756000021,15,32508
65761000008,15,32492
65766000002,15,32493
65771000021,15,32503
65776000011,15,32484
65781000003,15,32501
65786000020,15,32503
65791000013,15,32510
65796000002,15,32518
65801000024,15,32525
65806000014,15,32518
65811000003,15,32498
65816000025,15,32489
65821000015,15,32496
65826000007,15,32496
65831000025,15,32529
65836000015,15,32512
65841000006,15,32499
65846000028,15,32507
65851000019,15,32507
65856000007,15,32511
65861000027,15,32503
65866000018,15,32499
65871000007,15,32508
65876000028,15,32523
65881000017,15,32499
65886000011,15,32493
65891000030,15,32508
65896000020,15,32504
65901000011,15,32497
65905999998,15,32505
65911000019,15,32491
65916000010,15,32503
65921000003,15,32487
65926000024,15,32501
65931000012,15,32494
65936000002,15,32495
65941000023,15,32497
65946000012,15,32512
65951000001,15,32503
65956000025,15,32514
65961000012,15,32518
65966000002,15,32509
65971000024,15,32505
65976000015,15,32500
65981000005,15,32497
65986000026,15,32498
65991000018,15,32500
65996000009,15,32503
66001000027,15,32517
66006000020,15,32514
66011000007,15,32507
66016000027,15,32493
66021000020,15,32509
66026000007,15,32510
66031000029,15,32516
66036000020,15,32510
66041000008,15,32503
66046000030,15,32514
66051000018,15,32532
66056000010,15,32514
66060999998,15,32526
66066000020,15,32521
66071000012,15,32514
66076000001,15,32525
66081000022,15,32509
66086000012,15,32508
66091000001,15,32523
66096000023,15,32513
66101000012,15,32511
66106000004,15,32531
66111000025,15,32512
66116000011,15,32511
66121000002,15,32494
66126000024,15,32505
66131000011,15,32511
66136000006,15,32505
66141000026,15,32526
66146000015,15,32497
66151000006,15,32520
66156000029,15,32515
66161000017,15,32505
66166000004,15,32489
66171000029,15,32506
66176000018,15,32512
66181000010,15,32516
66186000028,15,32519
66191000021,15,32534
66196000009,15,32496
66201000030,15,32524
66206000019,15,32504
66211000009,15,32521
66215999999,15,32513
66221000023,15,32535
66226000013,15,32503
66231000000,15,32506
66236000023,15,32512
66241000013,15,32504
66246000002,15,32511
66251000021,15,32499
66256000012,15,32523
66261000004,15,32547
66266000024,15,32523
66271000016,15,32539
66276000005,15,32528
66281000026,15,32512
66286000015,15,32511
66291000005,15,32512
66296000027,15,32512
66301000016,15,32520
66306000004,15,32513
66311000028,15,32507
66316000017,15,32506
66321000006,15,32506
66326000029,15,32534
66331000019,15,32518
66336000009,15,32512
66341000030,15,32526
66346000019,15,32510
66351000006,15,32524
66356000031,15,32532
66361000022,15,32535
66366000010,15,32523
66371000002,15,32515
66376000020,15,32547
66381000010,15,32518
66386000001,15,32518
66391000017,15,32526
66396000011,15,32518
66400999999,15,32514
66406000023,15,32526
66411000014,15,32519
66416000003,15,32522
66421000024,15,32535
66426000013,15,32521
66431000003,15,32516
66436000023,15,32512
66441000016,15,32529
66446000006,15,32507
66451000028,15,32532
66456000013,15,32511
66461000006,15,32541
66466000027,15,32503
66471000019,15,32507
66476000007,15,32530
66481000029,15,32516
66486000017,15,32525
66491000010,15,32520
66496000025,15,32535
66501000018,15,32528
66506000010,15,32518
66511000029,15,32526
66516000019,15,32526
66521000010,15,32517
66526000000,15,32542
66531000023,15,32505
66536000010,15,32529
66541000001,15,32530
66546000020,15,32525
66551000012,15,32534
66555999999,15,32507
66561000021,15,32533
66566000015,15,32512
66571000002,15,32521
66576000021,15,32532
66581000013,15,32523
66586000004,15,32540
66591000024,15,32519
66596000013,15,32526
66601000004,15,32533
66606000026,15,32539
66611000015,15,32523
66616000006,15,32539
66621000026,15,32522
66626000017,15,32535
66631000008,15,32542
66636000028,15,32521
66641000015,15,32548
66646000007,15,32539
66651000029,15,32529
66656000020,15,32515
66661000008,15,32509
66666000030,15,32517
66671000023,15,32537
66676000011,15,32522
66680999997,15,32521
66686000022,15,32562
66691000011,15,32532
66696000002,15,32544
66701000022,15,32507
66706000011,15,32531
66711000000,15,32513
66716000024,15,32546
66721000018,15,32522
66726000003,15,32542
66731000025,15,32519
66736000013,15,32520
66741000006,15,32527
66746000022,15,32542
66751000016,15,32553
66756000005,15,32539
66761000026,15,32509
66766000016,15,32545
66771000007,15,32544
66776000026,15,32541
66781000016,15,32537
66786000007,15,32532
66791000030,15,32546
66796000018,15,32544
66801000010,15,32533
66806000030,15,32537
66811000019,15,32533
66816000007,15,32521
66821000031,15,32544
66826000019,15,32544
66831000011,15,32548
66835999999,15,32529
66841000020,15,32534
66846000011,15,32548
66851000003,15,32530
66856000020,15,32527
66861000012,15,32533
66866000003,15,32548
66871000025,15,32528
66876000011,15,32532
66881000002,15,32526
66886000024,15,32528
66891000013,15,32523
66896000006,15,32548
66901000024,15,32547
66906000018,15,32515
66911000005,15,32531
66916000025,15,32547
66921000017,15,32527
66926000008,15,32550
66931000028,15,32523
66936000018,15,32536
66941000010,15,32529
66946000029,15,32538
66951000018,15,32536
66956000008,15,32544
66961000030,15,32538
66966000018,15,32561
66971000010,15,32533
66976000030,15,32562
66981000020,15,32536
66986000012,15,32552
66990999998,15,32550
66996000019,15,32543
67001000013,15,32550
67006000000,15,32546
67011000026,15,32542
67016000011,15,32540
67021000000,15,32568
67026000021,15,32540
67031000014,15,32531
67036000001,15,32537
67041000023,15,32541
67046000014,15,32570
67051000005,15,32540
67056000023,15,32547
67061000016,15,32560
67066000005,15,32545
67071000026,15,32532
67076000016,15,32542
67081000005,15,32543
67086000026,15,32539
67091000018,15,32554
67096000007,15,32560
67101000029,15,32554
67106000019,15,32550
67111000007,15,32545
67116000033,15,32563
67121000019,15,32558
67126000011,15,32551
67131000030,15,32554
67136000019,15,32542
67141000008,15,32539
67146000000,15,32539
67151000023,15,32542
67156000011,15,32554
67161000001,15,32546
67166000024,15,32551
67171000012,15,32559
67176000001,15,32557
67181000025,15,32551
67186000014,15,32543
67191000004,15,32555
67196000024,15,32537
67201000014,15,32548
67206000002,15,32549
67211000029,15,32560
67216000013,15,32537
67221000005,15,32532
67226000027,15,32529
67231000017,15,32551
67236000006,15,32565
67241000027,15,32558
67246000016,15,32554
67251000006,15,32556
67256000029,15,32544
67261000017,15,32529
67266000008,15,32559
67271000033,15,32550
67276000019,15,32555
67281000010,15,32549
67286000027,15,32548
67291000019,15,32549
67296000009,15,32547
67301000002,15,32559
67306000019,15,32545
67311000009,15,32543
67316000000,15,32552
67321000022,15,32554
67326000012,15,32559
67331000002,15,32547
67336000024,15,32545
67341000016,15,32542
67346000003,15,32559
67351000025,15,32552
67356000015,15,32549
67361000004,15,32534
67366000025,15,32553
67371000016,15,32550
67376000007,15,32554
67381000028,15,32537
67386000015,15,32551
67391000005,15,32552
67396000029,15,32552
67401000016,15,32558
67406000008,15,32555
67411000029,15,32544
67416000015,15,32544
67421000007,15,32551
67426000028,15,32544
67431000020,15,32557
67436000009,15,32554
67441000033,15,32563
67446000016,15,32565
67451000008,15,32542
67456000001,15,32545
67461000021,15,32547
67466000012,15,32567
67471000000,15,32581
67476000024,15,32559
67481000012,15,32537
67486000003,15,32556
67491000021,15,32543
67496000014,15,32537
67501000002,15,32557
67506000023,15,32560
67511000013,15,32552
67516000005,15,32557
67521000025,15,32575
67526000015,15,32554
67531000005,15,32532
67536000026,15,32560
67541000014,15,32550
67546000003,15,32525
67551000027,15,32539
67556000018,15,32565
67561000007,15,32547
67566000031,15,32562
67571000019,15,32565
67576000009,15,32566
67581000028,15,32568
67586000018,15,32556
67591000013,15,32558
67596000030,15,32565
67601000022,15,32567
67606000011,15,32559
67611000001,15,32578
67616000020,15,32555
67621000011,15,32558
67625999999,15,32564
67631000021,15,32542
67636000011,15,32565
67641000001,15,32549
67646000025,15,32568
67651000011,15,32560
67656000004,15,32576
67661000023,15,32566
67666000013,15,32550
67671000006,15,32561
67676000026,15,32572
67681000016,15,32572
67686000003,15,32576
67691000027,15,32571
67696000015,15,32573
67701000004,15,32555
67706000030,15,32556
67711000020,15,32560
67716000008,15,32564
67721000029,15,32569
67726000019,15,32573
67731000009,15,32563
67736000026,15,32567
67741000017,15,32559
67746000008,15,32590
67751000030,15,32563
67756000019,15,32558
67761000007,15,32580
67766000000,15,32581
67771000022,15,32574
67776000008,15,32585
67780999999,15,32582
67786000024,15,32573
67791000013,15,32571
67795999999,15,32564
67801000023,15,32557
67806000012,15,32560
67811000001,15,32565
67816000025,15,32579
67821000012,15,32567
67826000004,15,32572
67831000027,15,32573
67836000017,15,32579
67841000007,15,32581
67846000022,15,32580
67851000016,15,32578
67856000006,15,32565
67861000029,15,32560
67866000017,15,32576
67871000006,15,32560
67876000028,15,32563
67881000017,15,32583
67886000007,15,32557
67891000028,15,32557
67896000018,15,32593
67901000009,15,32568
67906000030,15,32572
67911000022,15,32586
67916000011,15,32560
67921000000,15,32556
67926000020,15,32585
67931000008,15,32576
67936000002,15,32586
67941000021,15,32565
67946000014,15,32587
67951000003,15,32559
67956000023,15,32565
67961000011,15,32574
67966000005,15,32564
67971000022,15,32591
67976000017,15,32583
67981000008,15,32581
67986000025,15,32581
67991000017,15,32583
67996000005,15,32561
68001000028,15,32579
68006000017,15,32585
68011000005,15,32579
68016000027,15,32571
68021000015,15,32569
68026000006,15,32582
68031000031,15,32560
68036000020,15,32572
68041000009,15,32584
68046000029,15,32583
68051000021,15,32579
68056000007,15,32577
68061000029,15,32545
68066000021,15,32574
68071000008,15,32583
68076000002,15,32571
68081000022,15,32581
68086000011,15,32564
68091000002,15,32581
68096000020,15,32581
68101000012,15,32566
68105999998,15,32576
68111000023,15,32583
68116000012,15,32571
68121000002,15,32599
68126000025,15,32584
68131000013,15,32587
68136000008,15,32567
68141000024,15,32565
68146000015,15,32579
68151000004,15,32580
68156000028,15,32581
68161000017,15,32587
68166000005,15,32581
68171000029,15,32560
68176000021,15,32587
68181000008,15,32571
68186000028,15,32576
68191000015,15,32598
68196000009,15,32581
68201000029,15,32597
68206000020,15,32593
68211000008,15,32568
68216000031,15,32574
68221000020,15,32581
68226000010,15,32602
68230999998,15,32582
68236000021,15,32566
68241000011,15,32593
68246000002,15,32589
68251000021,15,32571
68256000012,15,32584
68261000003,15,32579
68266000023,15,32548
68271000015,15,32583
68276000004,15,32591
68281000023,15,32582
68286000015,15,32570
68291000005,15,32591
68296000026,15,32590
68301000015,15,32601
68306000006,15,32571
68311000025,15,32591
68316000014,15,32569
68321000008,15,32591
68326000027,15,32581
68331000015,15,32589
68336000007,15,32581
68341000026,15,32594
68346000017,15,32582
68351000010,15,32585
68356000028,15,32597
68361000022,15,32579
68366000010,15,32590
68371000033,15,32591
68376000023,15,32570
68381000010,15,32580
68385999999,15,32597
68391000021,15,32588
68396000008,15,32588
68401000001,15,32588
68406000022,15,32594
68411000009,15,32594
68416000002,15,32587
68421000024,15,32591
68426000014,15,32592
68431000005,15,32589
68436001232,15,32581
68441001255,15,32590
68446001242,15,32598
68451001236,15,32591
68456001255,15,32583
68461001243,15,32574
68466001233,15,32590
68471001255,15,32598
68476001247,15,32584
68481001235,15,32587
68486001258,15,32588
68491001248,15,32601
68496001236,15,32596
68501001258,15,32597
68506001250,15,32592
68511001241,15,32593
68516001258,15,32593
68521001250,15,32590
68526001238,15,32590
68531001261,15,32587
68536001247,15,32586
68541001236,15,32606
68546001261,15,32596
68551001250,15,32584
68556001241,15,32591
68561001262,15,32600
68566001252,15,32601
68571001244,15,32585
68576001262,15,32603
68581001250,15,32607
68586001243,15,32583
68591001232,15,32596
68596001256,15,32606
68601001243,15,32595
68606001236,15,32589
68611001258,15,32596
68616001248,15,32605
68621001232,15,32573
68626001256,15,32583
68631001246,15,32575
68636001237,15,32598
68641001259,15,32603
68646001245,15,32620
68651001234,15,32581
68656001259,15,32606
68661001249,15,32603
68666001238,15,32576
68671001259,15,32598
68676001248,15,32609
68681001241,15,32602
68686001259,15,32581
68691001250,15,32584
68696001240,15,32607
68701001262,15,32624
68706001251,15,32622
68711001240,15,32603
68716001260,15,32602
68721001254,15,32581
68726001244,15,32594
68731001262,15,32608
68736001253,15,32602
68741001241,15,32596
68746001231,15,32584
68751001252,15,32591
68756001245,15,32579
68761001235,15,32594
68766001256,15,32599
68771001245,15,32590
68776001236,15,32602
68781001259,15,32607
68786001245,15,32606
68791001238,15,32611
68796001256,15,32584
68801001248,15,32597
68806001237,15,32611
68811001256,15,32608
68816001249,15,32605
68821001240,15,32598
68826001255,15,32610
68831001249,15,32606
68836001238,15,32620
68841001258,15,32625
68846001248,15,32608
68851001240,15,32593
68856001260,15,32598
68861001250,15,32613
68866001242,15,32601
68871001261,15,32600
68876001253,15,32599
68881001241,15,32592
68886001264,15,32611
68891001252,15,32621
68896001243,15,32622
68901001235,15,32602
68906001254,15,32620
68911001242,15,32619
68916001232,15,32595
68921001257,15,32618
68926001245,15,32606
68931001235,15,32601
68936001257,15,32612
68941001247,15,32600
68946001236,15,32603
68951001255,15,32598
68956001246,15,32587
68961001236,15,32614
68966001257,15,32602
68971001248,15,32596
68976001239,15,32608
68981001259,15,32617
68986001248,15,32608
68991001239,15,32617
68996001259,15,32605
69001001249,15,32615
69006001242,15,32597
69011001263,15,32621
69016001251,15,32615
69021001242,15,32630
69026001260,15,32586
69031001251,15,32623
69036001240,15,32608
69041001264,15,32591
69046001255,15,32606
69051001243,15,32610
69056001235,15,32612
69061001253,15,32616
69066001242,15,32590
69071001233,15,32619
69076001254,15,32626
69081001243,15,32608
69086001234,15,32607
69091001253,15,32637
69096001246,15,32606
69101001236,15,32614
69106001257,15,32618
69111001247,15,32610
69116001235,15,32612
69121001257,15,32614
69126001246,15,32633
69131001235,15,32608
69136001258,15,32599
69141001253,15,32626
69146001237,15,32616
69151001262,15,32619
69156001250,15,32620
69161001240,15,32631
69166001261,15,32622
69171001252,15,32605
69176001241,15,32615
69181001262,15,32616
69186001251,15,32620
69191001241,15,32606
69196001259,15,32630
69201001255,15,32602
69206001243,15,32600
69211001233,15,32622
69216001256,15,32616
69221001245,15,32615
69226001233,15,32626
69231001254,15,32593
69236001247,15,32616
69241001234,15,32629
69246001254,15,32617
69251001246,15,32626
69256001237,15,32622
69261001259,15,32629
69266001245,15,32605
69271001237,15,32614
69276001258,15,32625
69281001247,15,32622
69286001240,15,32620
69291001256,15,32626
69296001250,15,32610
69301001239,15,32619
69306001260,15,32622
69311001251,15,32605
69316001238,15,32632
69321001260,15,32612
69326001251,15,32629
69331001240,15,32627
69336001264,15,32614
69341001252,15,32623
69346001242,15,32622
69351001264,15,32630
69356001252,15,32611
69361001243,15,32616
69366001233,15,32608
69371001255,15,32629
69376001246,15,32587
69381001235,15,32625
69386001254,15,32616
69391001245,15,32630
69396001236,15,32600
69401001255,15,32623
69406001247,15,32623
69411001239,15,32617
69416001256,15,32627
69421001247,15,32605
69426001235,15,32620
69431001257,15,32622
69436001251,15,32638
69441001239,15,32637
69446001257,15,32617
69451001248,15,32598
69456001238,15,32613
69461001261,15,32622
69466001249,15,32635
69471001240,15,32622
69476001263,15,32611
69481001250,15,32624
69486001241,15,32628
69491001262,15,32625
69496001252,15,32621
69501001243,15,32623
69506001263,15,32627
69511001251,15,32634
69516001246,15,32635
69521001232,15,32609
69526001255,15,32631
69531001244,15,32638
69536001234,15,32638
69541001253,15,32643
69546001245,15,32622
69551001238,15,32636
69556001255,15,32623
69561001243,15,32645
69566001234,15,32629
69571001257,15,32630
69576001248,15,32645
69581001239,15,32648
69586001260,15,32630
69591001250,15,32636
69596001238,15,32638
69601001259,15,32626
69606001249,15,32630
69611001237,15,32638
69616001261,15,32632
69621001248,15,32630
69626001241,15,32630
69631001262,15,32633
69636001252,15,32623
69641001238,15,32614
69646001259,15,32630
69651001253,15,32632
69656001244,15,32630
69661001261,15,32637
69666001252,15,32631
69671001244,15,32637
69676001234,15,32615
69681001254,15,32634
69686001244,15,32636
69691001235,15,32648
69696001255,15,32645
69701001245,15,32617
69706001234,15,32629
69711001256,15,32622
69716001248,15,32630
69721001238,15,32627
69726001256,15,32635
69731001248,15,32631
69736001236,15,32630
69741001259,15,32611
69746001247,15,32628
69751001237,15,32638
69756001258,15,32625
69761001251,15,32627
69766001238,15,32633
69771001261,15,32631
69776001251,15,32643
69781001239,15,32632
69786001263,15,32638
69791001251,15,32620
69796001239,15,32631
69801001261,15,32628
69806001250,15,32643
69811001240,15,32622
69816001263,15,32636
69821001254,15,32626
69826001244,15,32619
69831001234,15,32618
69836001255,15,32648
69841001242,15,32629
69846001232,15,32649
69851001258,15,32621
69856001244,15,32653
69861001235,15,32646
69866001255,15,32640
69871001246,15,32642
69876001237,15,32625
69881001257,15,32620
69886001248,15,32644
69891001235,15,32648
69896001258,15,32641
69901001251,15,32631
69906001238,15,32646
69911001258,15,32658
69916001248,15,32621
69921001237,15,32659
69926001261,15,32659
69931001249,15,32634
69936001242,15,32640
69941001261,15,32648
69946001252,15,32636
69951001245,15,32629
69956001261,15,32651
69961001250,15,32636
69966001242,15,32644
69971001265,15,32643
69976001254,15,32632
69981001244,15,32632
69986001233,15,32643
69991001256,15,32661
69996001244,15,32648
70001001235,15,32623
70006001252,15,32659
70011001247,15,32648
70016001236,15,32650
70021001251,15,32648
70026001244,15,32632
70031001235,15,32650
70036001257,15,32632
70041001248,15,32619
70046001239,15,32641
70051001258,15,32616
70056001247,15,32631
70061001239,15,32649
70066001260,15,32639
70071001247,15,32643
70076001236,15,32654
70081001259,15,32659
70086001252,15,32656
70091001241,15,32648
70096001264,15,32655
70101001251,15,32675
70106001240,15,32626
70111001262,15,32648
70116001249,15,32654
70121001244,15,32641
70126001259,15,32640
70131001252,15,32628
70136001245,15,32645
70141001235,15,32637
70146001253,15,32638
70151001244,15,32649
70156001234,15,32661
70161001254,15,32648
70166001245,15,32640
70171001234,15,32645
70176001255,15,32632
70181001249,15,32640
70186001234,15,32649
70191001257,15,32646
70196001245,15,32629
70201001239,15,32648
70206001261,15,32644
70211001249,15,32643
70216001236,15,32665
70221001259,15,32657
70226001251,15,32631
70231001242,15,32655
70236001261,15,32650
70241001249,15,32641
70246001240,15,32656
70251001259,15,32663
70256001252,15,32651
70261001241,15,32636
70266001260,15,32673
70271001252,15,32656
70276001243,15,32653
70281001262,15,32644
70286001251,15,32648
70291001243,15,32648
70296001234,15,32647
70301001256,15,32639
70306001245,15,32663
70311001234,15,32648
70316001258,15,32648
70321001242,15,32668
70326001233,15,32652
70331001254,15,32630
70336001245,15,32664
70341001237,15,32648
70346001258,15,32647
70351001245,15,32646
70356001236,15,32640
70361001259,15,32656
70366001249,15,32645
70371001237,15,32657
70376001261,15,32645
70381001249,15,32659
70386001238,15,32653
70391001260,15,32677
70396001250,15,32664
70401001242,15,32643
70406001261,15,32662
70411001249,15,32660
70416001238,15,32654
70421001260,15,32648
70426001252,15,32666
70431001243,15,32647
70436001261,15,32683
70441001251,15,32661
70446001243,15,32657
70451001234,15,32656
70456001255,15,32654
70461001247,15,32634
70466001239,15,32663
70471001257,15,32655
70476001246,15,32673
70481001235,15,32674
70486001254,15,32662
70491001249,15,32647
70496001237,15,32670
70501001256,15,32641
70506001246,15,32661
70511001237,15,32660
70516001259,15,32674
70521001249,15,32664
70526001239,15,32664
70531001259,15,32654
70536001249,15,32684
70541001240,15,32658
70546001260,15,32662
70551001250,15,32676
70556001238,15,32676
70561001260,15,32657
70566001251,15,32658
70571001244,15,32661
70576001260,15,32660
70581001250,15,32657
70586001243,15,32681
70591001262,15,32646
70596001255,15,32666
70601001244,15,32666
70606001234,15,32669
70611001253,15,32667
70616001241,15,32662
70621001233,15,32658
70626001254,15,32663
70631001247,15,32668
70636001237,15,32663
70641001257,15,32650
70646001248,15,32670
70651001235,15,32665
70656001257,15,32661
70661001248,15,32667
70666001236,15,32674
70671001257,15,32655
70676001249,15,32690
70681001234,15,32677
70686001259,15,32654
70691001249,15,32664
70696001237,15,32659
70701001258,15,32650
70706001249,15,32649
70711001238,15,32678
70716001262,15,32645
70721001249,15,32667
70726001241,15,32672
70731001263,15,32654
70736001253,15,32668
70741001241,15,32680
70746001263,15,32660
70751001250,15,32684
70756001245,15,32676
70761001234,15,32677
70766001252,15,32694
70771001246,15,32677
70776001234,15,32669
70781001256,15,32662
70786001245,15,32666
70791001235,15,32682
70796001257,15,32660
70801001245,15,32639
70806001237,15,32651
70811001256,15,32651
70816001248,15,32665
70821001236,15,32654
70826001256,15,32668
70831001250,15,32663
70836001236,15,32675
70841001260,15,32674
70846001246,15,32678
70851001239,15,32679
70856001260,15,32673
70861001252,15,32671
70866001242,15,32665
70871001260,15,32648
70876001249,15,32679
70881001243,15,32657
70886001265,15,32662
70891001252,15,32671
70896001243,15,32664
70901001262,15,32706
70906001253,15,32671
70911001243,15,32678
70916001232,15,32677
70921001253,15,32672
70926001245,15,32689
70931001234,15,32674
70936001256,15,32662
70941001245,15,32700
70946001238,15,32669
70951001258,15,32673
70956001245,15,32677
70961001235,15,32668
70966001258,15,32672
70971001248,15,32667
70976001235,15,32674
70981001260,15,32675
70986001249,15,32670
70991001239,15,32683
70996001259,15,32675
71001001246,15,32673
71006001238,15,32686
71011001262,15,32687
71016001252,15,32685
71021001239,15,32670
71026001262,15,32681
71031001249,15,32669
71036001242,15,32679
71041001264,15,32661
71046001251,15,32680
71051001245,15,32643
71056001268,15,32651
71061001251,15,32697
71066001240,15,32678
71071001235,15,32669
71076001255,15,32656
71081001246,15,32683
71086001232,15,32659
71091001256,15,32675
71096001243,15,32672
71101001235,15,32663
71106001255,15,32674
71111001247,15,32681
71116001236,15,32695
71121001255,15,32677
71126001242,15,32688
71131001237,15,32667
71136001257,15,32673
71141001248,15,32660
71146001238,15,32669
71151001261,15,32672
71156001249,15,32676
71161001239,15,32689
71166001259,15,32683
71171001250,15,32689
71176001239,15,32683
71181001261,15,32684
71186001250,15,32672
71191001241,15,32656
71196001264,15,32693
71201001252,15,32687
71206001242,15,32676
71211001263,15,32679
71216001253,15,32687
71221001246,15,32674
71226001233,15,32706
71231001255,15,32690
71236001244,15,32683
71241001232,15,32682
71246001255,15,32684
71251001248,15,32689
71256001236,15,32684
71261001255,15,32690
71266001247,15,32686
71271001235,15,32689
71276001256,15,32676
71281001244,15,32682
71286001237,15,32683
71291001255,15,32676
71296001248,15,32682
71301001239,15,32682
71306001258,15,32680
71311001248,15,32703
71316001240,15,32706
71321001261,15,32677
71326001249,15,32693
71331001241,15,32682
71336001260,15,32695
71341001252,15,32686
71346001242,15,32709
71351001260,15,32705
71356001252,15,32692
71361001242,15,32666
71366001265,15,32684
71371001253,15,32677
71376001242,15,32693
71381001234,15,32680
71386001253,15,32694
71391001244,15,32676
71396001235,15,32706
71401001255,15,32689
71406001243,15,32715
71411001234,15,32691
71416001254,15,32698
71421001246,15,32719
71426001235,15,32679
71431001257,15,32678
71436001246,15,32696
71441001238,15,32669
71446001256,15,32697
71451001247,15,32713
71456001237,15,32692
71461001260,15,32678
71466001250,15,32686
71471001240,15,32695
71476001259,15,32675
71481001251,15,32695
71486001242,15,32689
71491001262,15,32691
71496001253,15,32685
71501001240,15,32680
71506001263,15,32686
71511001253,15,32690
71516001241,15,32694
71521001264,15,32703
71526001251,15,32682
71531001241,15,32696
71536001231,15,32710
71541001257,15,32698
71546001246,15,32677
71551001235,15,32686
71556001255,15,32687
71561001245,15,32702
71566001233,15,32666
71571001257,15,32684
71576001247,15,32706
71581001238,15,32695
71586001257,15,32688
71591001246,15,32700
71596001238,15,32693
71601001260,15,32698
71606001249,15,32700
71611001241,15,32702
71616001256,15,32702
71621001249,15,32689
71626001238,15,32691
71631001259,15,32700
71636001249,15,32700
71641001241,15,32703
71646001263,15,32705
71651001249,15,32701
71656001240,15,32698
71661001264,15,32686
71666001253,15,32679
71671001244,15,32703
71676001263,15,32701
71681001253,15,32697
71686001244,15,32693
71691001232,15,32703
71696001253,15,32719
71701001245,15,32681
71706001233,15,32708
71711001254,15,32696
71716001245,15,32697
71721001238,15,32719
71726001256,15,32690
71731001243,15,32698
71736001237,15,32708
71741001256,15,32722
71746001247,15,32689
71751001238,15,32704
71756001257,15,32715
71761001245,15,32691
71766001241,15,32694
71771001257,15,32699
71776001249,15,32693
71781001240,15,32711
71786001260,15,32701
71791001251,15,32709
71796001242,15,32713
71801001261,15,32717
71806001251,15,32691
71811001242,15,32710
71816001262,15,32692
71821001251,15,32696
71826001240,15,32706
71831001264,15,32714
71836001252,15,32713
71841001243,15,32717
71846001232,15,32716
71851001255,15,32714
71856001244,15,32706
71861001233,15,32710
71866001254,15,32707
71871001249,15,32693
71876001233,15,32707
71881001256,15,32698
71886001248,15,32706
71891001235,15,32693
71896001255,15,32689
71901001247,15,32709
71906001235,15,32698
71911001256,15,32704
71916001248,15,32711
71921001239,15,32695
71926001259,15,32694
71931001248,15,32713
71936001237,15,32699
71941001260,15,32705
71946001247,15,32685
71951001241,15,32708
71956001262,15,32709
71961001251,15,32718
71966001244,15,32729
71971001263,15,32700
71976001249,15,32706
71981001242,15,32708
71986001261,15,32707
71991001254,15,32692
71996001242,15,32713
72001001233,15,32714
72006001252,15,32712
72011001242,15,32704
72016001234,15,32710
72021001253,15,32709
72026001246,15,32712
72031001233,15,32703
72036001257,15,32697
72041001245,15,32707
72046001238,15,32716
72051001259,15,32706
72056001246,15,32713
72061001239,15,32717
72066001257,15,32712
72071001249,15,32704
72076001237,15,32696
72081001258,15,32699
72086001248,15,32713
72091001239,15,32701
72096001260,15,32722
72101001251,15,32715
72106001239,15,32724
72111001261,15,32696
72116001251,15,32702
72121001244,15,32723
72126001261,15,32703
72131001252,15,32706
72136001242,15,32734
72141001263,15,32725
72146001254,15,32711
72151001244,15,32731
72156001234,15,32698
72161001252,15,32715
72166001243,15,32693
72171001234,15,32699
72176001251,15,32708
72181001247,15,32718
72186001234,15,32713
72191001258,15,32709
72196001247,15,32714
72201001237,15,32719
72206001258,15,32710
72211001244,15,32708
72216001237,15,32715
72221001258,15,32721
72226001252,15,32703
72231001238,15,32694
72236001262,15,32716
72241001252,15,32733
72246001239,15,32715
72251001258,15,32704
72256001250,15,32701
72261001237,15,32719
72266001262,15,32724
72271001253,15,32723
72276001240,15,32714
72281001261,15,32714
72286001251,15,32704
72291001241,15,32725
72296001261,15,32722
72301001252,15,32723
72306001244,15,32732
72311001232,15,32720
72316001256,15,32746
72321001247,15,32714
72326001235,15,32738
72331001254,15,32703
72336001246,15,32702
72341001233,15,32711
72346001255,15,32725
72351001246,15,32710
72356001240,15,32719
72361001256,15,32751
72366001245,15,32727
72371001237,15,32733
72376001258,15,32720
72381001248,15,32736
72386001236,15,32730
72391001259,15,32738
72396001245,15,32718
72401001240,15,32716
72406001261,15,32709
72411001247,15,32715
72416001240,15,32715
72421001265,15,32713
72426001254,15,32691
72431001239,15,32705
72436001262,15,32708
72441001252,15,32718
72446001241,15,32715
72451001264,15,32734
72456001252,15,32718
72461001243,15,32742
72466001231,15,32712
72471001257,15,32724
72476001245,15,32720
72481001233,15,32722
72486001256,15,32712
72491001246,15,32715
72496001236,15,32727
72501001256,15,32724
72506001248,15,32717
72511001235,15,32728
72516001258,15,32714
72521001247,15,32723
72526001238,15,32727
72531001257,15,32733
72536001249,15,32740
72541001241,15,32713
72546001255,15,32724
72551001251,15,32729
72556001241,15,32743
72561001263,15,32737
72566001251,15,32713
72571001242,15,32758
72576001260,15,32731
72581001249,15,32729
72586001241,15,32732
72591001261,15,32740
72596001251,15,32737
72601001242,15,32728
72606001265,15,32716
72611001253,15,32737
72616001243,15,32723
72621001234,15,32734
72626001253,15,32727
72631001244,15,32743
72636001234,15,32732
72641001257,15,32725
72646001247,15,32732
72651001235,15,32720
72656001258,15,32735
72661001245,15,32698
72666001237,15,32715
72671001257,15,32723
72676001247,15,32738
72681001238,15,32721
72686001259,15,32749
72691001249,15,32727
72696001236,15,32732
72701001257,15,32731
72706001250,15,32719
72711001238,15,32741
72716001261,15,32745
72721001249,15,32729
72726001241,15,32743
72731001264,15,32747
72736001252,15,32752
72741001241,15,32731
72746001260,15,32748
72751001253,15,32721
72756001242,15,32760
72761001262,15,32734
72766001253,15,32746
72771001244,15,32722
72776001233,15,32722
72781001255,15,32719
72786001242,15,32719
72791001235,15,32708
72796001257,15,32730
72801001245,15,32752
72806001235,15,32735
72811001257,15,32742
72816001244,15,32759
72821001237,15,32746
72826001258,15,32743
72831001247,15,32731
72836001241,15,32755
72841001258,15,32744
72846001250,15,32742
72851001239,15,32741
72856001258,15,32735
72861001249,15,32752
72866001239,15,32722
72871001258,15,32740
72876001250,15,32749
72881001241,15,32727
72886001258,15,32746
72891001248,15,32753
72896001240,15,32748
72901001258,15,32716
72906001255,15,32743
72911001243,15,32745
72916001262,15,32729
72921001250,15,32739
72926001243,15,32734
72931001234,15,32736
72936001253,15,32735
72941001243,15,32731
72946001232,15,32751
72951001256,15,32752
72956001244,15,32732
72961001235,15,32733
72966001258,15,32740
72971001248,15,32726
72976001233,15,32736
72981001257,15,32750
72986001247,15,32737
72991001236,15,32742
72996001260,15,32753
73001001248,15,32769
73006001238,15,32756
73011001258,15,32737
73016001248,15,32735
73021001238,15,32736
73026001260,15,32730
73031001252,15,32752
73036001243,15,32732
73041001262,15,32731
73046001249,15,32731
73051001239,15,32733
73056001263,15,32738
73061001252,15,32760
73066001241,15,32735
73071001261,15,32751
73076001252,15,32750
73081001245,15,32738
73086001230,15,32739
73091001256,15,32735
73096001245,15,32729
73101001235,15,32738
73106001254,15,32732
73111001246,15,32746
73116001235,15,32738
73121001254,15,32727
73126001247,15,32745
73131001237,15,32766
73136001257,15,32739
73141001249,15,32751
73146001237,15,32747
73151001258,15,32750
73156001249,15,32731
73161001237,15,32740
73166001260,15,32744
73171001250,15,32749
73176001240,15,32747
73181001261,15,32745
73186001250,15,32768
73191001240,15,32746
73196001261,15,32745
73201001253,15,32738
73206001241,15,32722
73211001260,15,32732
73216001253,15,32742
73221001245,15,32746
73226001261,15,32737
73231001251,15,32727
73236001242,15,32749
73241001232,15,32743
73246001254,15,32755
73251001244,15,32734
73256001233,15,32736
73261001256,15,32758
73266001249,15,32746
73271001236,15,32752
73276001255,15,32744
73281001245,15,32741
73286001238,15,32726
73291001256,15,32750
73296001250,15,32736
73301001238,15,32762
73306001261,15,32755
73311001249,15,32739
73316001238,15,32751
73321001259,15,32761
73326001249,15,32759
73331001238,15,32752
73336001260,15,32723
73341001250,15,32749
73346001241,15,32769
73351001261,15,32738
73356001253,15,32750
73361001241,15,32743
73366001261,15,32769
73371001253,15,32750
73376001244,15,32745
73381001266,15,32735
73386001252,15,32743
73391001243,15,32752
73396001233,15,32753
73401001253,15,32745
73406001244,15,32763
73411001233,15,32770
73416001254,15,32761
73421001247,15,32740
73426001234,15,32739
73431001255,15,32728
73436001245,15,32762
73441001237,15,32763
73446001257,15,32742
73451001248,15,32747
73456001234,15,32748
73461001256,15,32744
73466001247,15,32746
73471001235,15,32749
73476001256,15,32728
73481001250,15,32769
73486001237,15,32764
73491001262,15,32785
73496001249,15,32745
73501001238,15,32758
73506001262,15,32741
73511001254,15,32757
73516001242,15,32742
73521001262,15,32750
73526001249,15,32748
73531001242,15,32756
73536001263,15,32768
73541001252,15,32752
73546001243,15,32771
73551001232,15,32748
73556001251,15,32757
73561001243,15,32773
73566001233,15,32741
73571001254,15,32755
73576001244,15,32754
73581001235,15,32763
73586001259,15,32764
73591001244,15,32775
73596001234,15,32789
73601001257,15,32760
73606001247,15,32763
73611001238,15,32765
73616001257,15,32750
73621001247,15,32762
73626001239,15,32761
73631001258,15,32772
73636001252,15,32745
73641001240,15,32744
73646001259,15,32765
73651001251,15,32745
73656001237,15,32756
73661001261,15,32760
73666001251,15,32743
73671001243,15,32778
73676001262,15,32767
73681001252,15,32732
73686001243,15,32755
73691001264,15,32757
73696001251,15,32749
73701001245,15,32765
73706001231,15,32757
73711001253,15,32770
73716001244,15,32756
73721001234,15,32771
73726001256,15,32750
73731001246,15,32759
73736001238,15,32758
73741001257,15,32749
73746001246,15,32772
73751001236,15,32759
73756001254,15,32751
73761001246,15,32747
73766001236,15,32779
73771001258,15,32761
73776001249,15,32758
73781001237,15,32771
73786001259,15,32761
73791001248,15,32770
73796001238,15,32759
73801001260,15,32795
73806001250,15,32764
73811001237,15,32760
73816001262,15,32763
73821001250,15,32780
73826001242,15,32764
73831001264,15,32758
73836001252,15,32765
73841001242,15,32756
73846001262,15,32773
73851001252,15,32763
73856001243,15,32790
73861001230,15,32768
73866001254,15,32778
73871001245,15,32775
73876001234,15,32767
73881001254,15,32780
73886001246,15,32795
73891001236,15,32760
73896001253,15,32778
73901001243,15,32771
73906001235,15,32763
73911001259,15,32761
73916001249,15,32772
73921001235,15,32763
73926001259,15,32785
73931001248,15,32753
73936001238,15,32765
73941001259,15,32781
73946001250,15,32782
73951001238,15,32771
73956001258,15,32775
73961001249,15,32782
73966001240,15,32782
73971001265,15,32798
73976001251,15,32764
73981001241,15,32784
73986001262,15,32768
73991001249,15,32766
73996001240,15,32800
74001001262,15,32755
74006001255,15,32766
74011001244,15,32753
74016001235,15,32752
74021001254,15,32766
74026001245,15,32777
74031001234,15,32776
74036001257,15,32765
74041001244,15,32769
74046001233,15,32795
74051001256,15,32775
74056001246,15,32777
74061001236,15,32767
74066001256,15,32783
74071001245,15,32792
74076001236,15,32763
74081001260,15,32751
74086001248,15,32761
74091001237,15,32759
74096001262,15,32756
74101001249,15,32765
74106001237,15,32773
74111001260,15,32778
74116001249,15,32798
74121001241,15,32791
74126001260,15,32750
74131001251,15,32746
74136001238,15,32781
74141001262,15,32801
74146001251,15,32778
74151001244,15,32775
74156001263,15,32785
74161001255,15,32783
74166001241,15,32770
74171001232,15,32774
74176001256,15,32794
74181001245,15,32793
74186001236,15,32779
74191001255,15,32771
74196001244,15,32764
74201001234,15,32767
74206001257,15,32769
74211001246,15,32796
74216001234,15,32782
74221001257,15,32777
74226001247,15,32763
74231001237,15,32768
74236001259,15,32804
74241001248,15,32768
74246001238,15,32785
74251001258,15,32800
74256001250,15,32807
74261001242,15,32779
74266001257,15,32776
74271001250,15,32784
74276001242,15,32763
74281001260,15,32771
74286001250,15,32781
74291001243,15,32782
74296001263,15,32775
74301001251,15,32786
74306001242,15,32767
74311001264,15,32782
74316001252,15,32781
74321001244,15,32784
74326001234,15,32780
74331001253,15,32795
74336001247,15,32785
74341001234,15,32795
74346001256,15,32786
74351001244,15,32777
74356001235,15,32795
74361001254,15,32789
74366001246,15,32792
74371001237,15,32780
74376001257,15,32787
74381001247,15,32786
74386001235,15,32765
74391001257,15,32778
74396001247,15,32806
74401001239,15,32802
74406001259,15,32796
74411001249,15,32791
74416001238,15,32779
74421001259,15,32772
74426001247,15,32778
74431001240,15,32778
74436001258,15,32788
74441001251,15,32782
74446001243,15,32776
74451001259,15,32778
74456001254,15,32791
74461001243,15,32774
74466001266,15,32763
74471001252,15,32784
74476001243,15,32797
74481001232,15,32819
74486001254,15,32778
74491001244,15,32776
74496001233,15,32780
74501001251,15,32780
74506001242,15,32779
74511001233,15,32781
74516001255,15,32793
74521001250,15,32772
74526001233,15,32785
74531001256,15,32795
74536001248,15,32790
74541001237,15,32797
74546001259,15,32788
74551001252,15,32783
74556001237,15,32793
74561001259,15,32779
74566001247,15,32796
74571001242,15,32782
74576001261,15,32784
74581001249,15,32797
74586001237,15,32785
74591001262,15,32790
74596001251,15,32801
74601001242,15,32789
74606001262,15,32786
74611001251,15,32783
74616001244,15,32781
74621001264,15,32793
74626001254,15,32766
74631001243,15,32808
74636001234,15,32790
74641001253,15,32790
74646001244,15,32776
74651001234,15,32799
74656001254,15,32787
74661001244,15,32782
74666001236,15,32795
74671001255,15,32795
74676001249,15,32809
74681001237,15,32789
74686001256,15,32804
74691001248,15,32791
74696001239,15,32793
74701001256,15,32798
74706001247,15,32799
74711001237,15,32813
74716001259,15,32773
74721001249,15,32793
74726001238,15,32791
74731001262,15,32792
74736001249,15,32790
74741001240,15,32775
74746001264,15,32800
74751001251,15,32795
74756001241,15,32791
74761001261,15,32813
74766001251,15,32797
74771001240,15,32800
74776001263,15,32792
74781001253,15,32806
74786001246,15,32809
74791001236,15,32803
74796001252,15,32784
74801001246,15,32792
74806001234,15,32796
74811001256,15,32792
74816001243,15,32795
74821001236,15,32783
74826001258,15,32819
74831001246,15,32782
74836001232,15,32810
74841001257,15,32790
74846001246,15,32797
74851001238,15,32806
74856001257,15,32805
74861001249,15,32790
74866001239,15,32820
74871001261,15,32796
74876001248,15,32798
74881001242,15,32799
74886001258,15,32800
74891001251,15,32804
74896001239,15,32820
74901001264,15,32787
74906001254,15,32806
74911001240,15,32792
74916001264,15,32795
74921001254,15,32828
74926001241,15,32791
74931001262,15,32807
74936001255,15,32804
74941001242,15,32806
74946001233,15,32794
74951001255,15,32810
74956001241,15,32810
74961001236,15,32795
74966001255,15,32811
74971001244,15,32795
74976001234,15,32801
74981001255,15,32819
74986001245,15,32794
74991001238,15,32814
74996001256,15,32811
75001001244,15,32811
75006001238,15,32811
75011001256,15,32801
75016001250,15,32803
75021001239,15,32815
75026001259,15,32804
75031001250,15,32794
75036001239,15,32799
75041001262,15,32829
75046001250,15,32809
75051001239,15,32813
75056001259,15,32805
75061001252,15,32808
75066001241,15,32795
75071001260,15,32794
75076001252,15,32815
75081001239,15,32823
75086001262,15,32802
75091001251,15,32817
75096001243,15,32819
75101001233,15,32807
75106001254,15,32799
75111001243,15,32816
75116001235,15,32823
75121001256,15,32814
75126001243,15,32801
75131001234,15,32818
75136001257,15,32798
75141001244,15,32812
75146001238,15,32812
75151001255,15,32794
75156001246,15,32803
75161001239,15,32813
75166001256,15,32806
75171001248,15,32808
75176001239,15,32813
75181001260,15,32829
75186001247,15,32804
75191001240,15,32799
75196001260,15,32808
75201001250,15,32797
75206001242,15,32792
75211001259,15,32814
75216001253,15,32821
75221001240,15,32810
75226001262,15,32822
75231001252,15,32799
75236001241,15,32811
75241001263,15,32824
75246001252,15,32819
75251001241,15,32824
75256001233,15,32817
75261001256,15,32811
75266001245,15,32827
75271001235,15,32824
75276001255,15,32802
75281001245,15,32823
75286001234,15,32819
75291001253,15,32821
75296001249,15,32804
75301001234,15,32821
75306001255,15,32818
75311001249,15,32810
75316001239,15,32814
75321001260,15,32819
75326001249,15,32821
75331001240,15,32818
75336001263,15,32815
75341001249,15,32826
75346001239,15,32801
75351001262,15,32806
75356001252,15,32827
75361001238,15,32815
75366001263,15,32807
75371001251,15,32807
75376001241,15,32811
75381001262,15,32813
75386001253,15,32804
75391001239,15,32810
75396001263,15,32819
75401001254,15,32824
75406001244,15,32788
75411001234,15,32802
75416001252,15,32816
75421001245,15,32827
75426001235,15,32813
75431001257,15,32825
75436001245,15,32809
75441001235,15,32815
75446001256,15,32838
75451001247,15,32817
75456001234,15,32817
75461001258,15,32831
75466001248,15,32804
75471001236,15,32844
75476001259,15,32815
75481001247,15,32829
75486001236,15,32824
75491001258,15,32805
75496001248,15,32819
75501001237,15,32837
75506001260,15,32828
75511001252,15,32814
75516001240,15,32832
75521001262,15,32832
75526001250,15,32832
75531001239,15,32824
75536001264,15,32834
75541001254,15,32835
75546001242,15,32818
75551001262,15,32822
75556001255,15,32825
75561001243,15,32836
75566001233,15,32827
75571001254,15,32827
75576001245,15,32844
75581001234,15,32831
75586001256,15,32839
75591001246,15,32827
75596001235,15,32827
75601001254,15,32828
75606001246,15,32833
75611001236,15,32829
75616001255,15,32838
75621001247,15,32809
75626001238,15,32828
75631001259,15,32816
75636001247,15,32818
75641001238,15,32840
75646001258,15,32823
75651001250,15,32820
75656001240,15,32830
75661001259,15,32831
75666001249,15,32845
75671001239,15,32822
75676001262,15,32813
75681001252,15,32815
75686001241,15,32813
75691001266,15,32844
75696001253,15,32825
75701001240,15,32824
75706001263,15,32820
75711001250,15,32836
75716001242,15,32817
75721001233,15,32832
75726001254,15,32830
75731001241,15,32833
75736001237,15,32825
75741001255,15,32847
75746001244,15,32832
75751001235,15,32834
75756001256,15,32839
75761001249,15,32819
75766001238,15,32849
75771001256,15,32843
75776001246,15,32829
75781001238,15,32816
75786001256,15,32838
75791001247,15,32859
75796001240,15,32841
75801001258,15,32848
75806001248,15,32840
75811001241,15,32826
75816001259,15,32817
75821001254,15,32840
75826001240,15,32844
75831001260,15,32850
75836001251,15,32829
75841001240,15,32849
75846001262,15,32834
75851001253,15,32839
75856001241,15,32853
75861001264,15,32842
75866001252,15,32844
75871001241,15,32857
75876001234,15,32865
75881001256,15,32835
75886001242,15,32852
75891001232,15,32833
75896001254,15,32844
75901001245,15,32837
75906001236,15,32876
75911001256,15,32846
75916001248,15,32839
75921001236,15,32836
75926001255,15,32843
75931001247,15,32830
75936001235,15,32853
75941001256,15,32837
75946001247,15,32849
75951001237,15,32844
75956001260,15,32836
75961001253,15,32829
75966001238,15,32836
75971001262,15,32836
75976001250,15,32849
75981001240,15,32839
75986001259,15,32830
75991001254,15,32854
75996001240,15,32843
76001001263,15,32830
76006001250,15,32826
76011001239,15,32840
76016001264,15,32827
76021001254,15,32847
76026001242,15,32842
76031001233,15,32825
76036001254,15,32843
76041001243,15,32844
76046001232,15,32816
76051001255,15,32859
76056001244,15,32832
76061001236,15,32845
76066001254,15,32837
76071001247,15,32856
76076001236,15,32865
76081001256,15,32848
76086001246,15,32852
76091001236,15,32846
76096001256,15,32858
76101001250,15,32856
76106001236,15,32859
76111001258,15,32873
76116001250,15,32861
76121001239,15,32850
76126001260,15,32839
76131001249,15,32859
76136001239,15,32830
76141001260,15,32831
76146001251,15,32859
76151001243,15,32853
76156001262,15,32841
76161001251,15,32818
76166001241,15,32870
76171001262,15,32858
76176001253,15,32840
76181001243,15,32847
76186001231,15,32854
76191001258,15,32868
76196001245,15,32841
76201001234,15,32845
76206001257,15,32861
76211001246,15,32858
76216001237,15,32852
76221001255,15,32849
76226001245,15,32850
76231001234,15,32855
76236001255,15,32853
76241001247,15,32847
76246001239,15,32846
76251001260,15,32869
76256001248,15,32870
76261001239,15,32853
76266001260,15,32849
76271001248,15,32825
76276001238,15,32865
76281001260,15,32833
76286001250,15,32852
76291001242,15,32844
76296001261,15,32846
76301001248,15,32849
76306001240,15,32860
76311001263,15,32849
76316001252,15,32863
76321001243,15,32864
76326001265,15,32874
76331001253,15,32863
76336001247,15,32850
76341001236,15,32840
76346001252,15,32864
76351001244,15,32856
76356001235,15,32862
76361001255,15,32879
76366001245,15,32861
76371001236,15,32865
76376001254,15,32835
76381001245,15,32852
76386001238,15,32859
76391001256,15,32840
76396001248,15,32877
76401001239,15,32851
76406001258,15,32871
76411001248,15,32864
76416001238,15,32862
76421001259,15,32858
76426001244,15,32864
76431001238,15,32856
76436001260,15,32846
76441001248,15,32861
76446001240,15,32857
76451001263,15,32864
76456001249,15,32860
76461001242,15,32885
76466001262,15,32840
76471001252,15,32872
76476001242,15,32865
76481001261,15,32861
76486001253,15,32860
76491001242,15,32868
76496001230,15,32873
76501001254,15,32854
76506001242,15,32847
76511001234,15,32871
76516001254,15,32864
76521001243,15,32841
76526001234,15,32848
76531001255,15,32859
76536001245,15,32851
76541001238,15,32851
76546001256,15,32856
76551001246,15,32851
76556001236,15,32841
76561001259,15,32865
76566001248,15,32866
76571001236,15,32862
76576001257,15,32850
76581001248,15,32842
76586001235,15,32860
76591001260,15,32856
76596001250,15,32873
76601001240,15,32847
76606001264,15,32869
76611001249,15,32859
76616001237,15,32862
76621001262,15,32845
76626001252,15,32841
76631001244,15,32834
76636001262,15,32859
76641001254,15,32866
76646001242,15,32855
76651001229,15,32853
76656001254,15,32839
76661001244,15,32865
76666001232,15,32869
76671001254,15,32854
76676001244,15,32861
76681001233,15,32876
76686001256,15,32862
76691001245,15,32859
76696001240,15,32859
76701001257,15,32869
76706001248,15,32872
76711001237,15,32855
76716001258,15,32875
76721001248,15,32856
76726001238,15,32859
76731001261,15,32863
76736001250,15,32849
76741001242,15,32863
76746001262,15,32871
76751001248,15,32867
76756001241,15,32869
76761001260,15,32861
76766001252,15,32865
76771001240,15,32866
76776001260,15,32867
76781001250,15,32863
76786001244,15,32870
76791001260,15,32857
76796001254,15,32862
76801001244,15,32857
76806001234,15,32873
76811001254,15,32886
76816001243,15,32851
76821001235,15,32877
76826001253,15,32865
76831001245,15,32876
76836001234,15,32860
76841001259,15,32870
76846001248,15,32874
76851001237,15,32880
76856001255,15,32874
76861001250,15,32876
76866001236,15,32876
76871001260,15,32882
76876001248,15,32887
76881001239,15,32864
76886001259,15,32878
76891001250,15,32858
76896001240,15,32879
76901001260,15,32866
76906001248,15,32869
76911001239,15,32877
76916001261,15,32888
76921001251,15,32871
76926001242,15,32872
76931001264,15,32871
76936001252,15,32881
76941001244,15,32876
76946001264,15,32882
76951001254,15,32858
76956001241,15,32863
76961001234,15,32847
76966001254,15,32876
76971001245,15,32888
76976001233,15,32882
76981001256,15,32878
76986001245,15,32871
76991001237,15,32877
76996001257,15,32856
77001001246,15,32872
77006001233,15,32887
77011001256,15,32860
77016001250,15,32870
77021001239,15,32894
77026001258,15,32891
77031001251,15,32891
77036001236,15,32864
77041001258,15,32878
77046001250,15,32901
77051001239,15,32865
77056001258,15,32877
77061001249,15,32869
77066001241,15,32874
77071001262,15,32879
77076001251,15,32872
77081001240,15,32874
77086001261,15,32883
77091001253,15,32872
77096001244,15,32868
77101001262,15,32885
77106001254,15,32893
77111001241,15,32866
77116001233,15,32874
77121001255,15,32887
77126001246,15,32888
77131001232,15,32886
77136001253,15,32874
77141001244,15,32870
77146001235,15,32879
77151001257,15,32873
77156001249,15,32872
77161001237,15,32867
77166001254,15,32870
77171001247,15,32888
77176001237,15,32877
77181001254,15,32857
77186001249,15,32863
77191001237,15,32849
77196001260,15,32879
77201001249,15,32864
77206001240,15,32872
77211001260,15,32893
77216001250,15,32872
77221001240,15,32891
77226001262,15,32898
77231001249,15,32876
77236001241,15,32882
77241001263,15,32891
77246001253,15,32888
77251001242,15,32887
77256001262,15,32886
77261001256,15,32894
77266001244,15,32899
77271001234,15,32873
77276001254,15,32874
77281001242,15,32882
77286001232,15,32870
77291001256,15,32881
77296001245,15,32879
77301001235,15,32904
77306001258,15,32881
77311001248,15,32896
77316001235,15,32888
77321001257,15,32891
77326001248,15,32891
77331001236,15,32886
77336001259,15,32866
77341001246,15,32885
77346001238,15,32896
77351001260,15,32877
77356001248,15,32875
77361001241,15,32900
77366001259,15,32892
77371001252,15,32866
77376001241,15,32878
77381001261,15,32873
77386001250,15,32882
77391001242,15,32876
77396001262,15,32879
77401001249,15,32880
77406001242,15,32886
77411001261,15,32884
77416001250,15,32891
77421001245,15,32883
77426001233,15,32918
77431001256,15,32874
77436001246,15,32898
77441001236,15,32881
77446001257,15,32900
77451001244,15,32880
77456001236,15,32898
77461001257,15,32905
77466001246,15,32908
77471001238,15,32874
77476001257,15,32896
77481001247,15,32893
77486001237,15,32898
77491001258,15,32893
77496001250,15,32899
77501001236,15,32913
77506001259,15,32885
77511001247,15,32879
77516001240,15,32883
77521001260,15,32881
77526001251,15,32878
77531001240,15,32897
77536001260,15,32902
77541001251,15,32880
77546001240,15,32904
77551001260,15,32879
77556001253,15,32891
77561001243,15,32883
77566001264,15,32887
77571001256,15,32892
77576001240,15,32880
77581001234,15,32898
77586001252,15,32891
77591001246,15,32899
77596001234,15,32905
77601001258,15,32902
77606001247,15,32878
77611001234,15,32893
77616001256,15,32895
77621001244,15,32895
77626001236,15,32901
77631001252,15,32900
77636001249,15,32905
77641001236,15,32900
77646001260,15,32888
77651001250,15,32890
77656001238,15,32892
77661001260,15,32906
77666001248,15,32911
77671001241,15,32915
77676001259,15,32909
77681001247,15,32884
77686001240,15,32897
77691001261,15,32892
77696001251,15,32899
77701001240,15,32906
77706001260,15,32910
77711001251,15,32903
77716001242,15,32904
77721001260,15,32902
77726001254,15,32910
77731001244,15,32893
77736001232,15,32888
77741001252,15,32885
77746001245,15,32878
77751001233,15,32909
77756001255,15,32905
77761001244,15,32901
77766001234,15,32913
77771001256,15,32901
77776001246,15,32906
77781001238,15,32889
77786001257,15,32912
77791001246,15,32892
77796001239,15,32914
77801001256,15,32908
77806001247,15,32896
77811001240,15,32917
77816001262,15,32919
77821001249,15,32890
77826001238,15,32883
77831001259,15,32906
77836001250,15,32889
77841001241,15,32901
77846001261,15,32898
77851001252,15,32902
77856001243,15,32906
77861001262,15,32898
77866001251,15,32907
77871001243,15,32895
77876001263,15,32909
77881001256,15,32911
77886001244,15,32894
77891001234,15,32904
77896001254,15,32913
77901001244,15,32910
77906001230,15,32899
77911001256,15,32908
77916001247,15,32896
77921001235,15,32906
77926001258,15,32892
77931001243,15,32900
77936001237,15,32893
77941001255,15,32886
77946001246,15,32895
77951001236,15,32896
77956001259,15,32908
77961001249,15,32925
77966001239,15,32916
77971001257,15,32913
77976001247,15,32925
77981001238,15,32917
77986001262,15,32902
77991001251,15,32902
77996001241,15,32915
78001001262,15,32906
78006001250,15,32953
78011001241,15,32901
78016001263,15,32909
78021001254,15,32916
78026001245,15,32906
78031001265,15,32932
78036001253,15,32930
78041001241,15,32915
78046001236,15,32905
78051001254,15,32906
78056001240,15,32921
78061001237,15,32928
78066001253,15,32905
78071001245,15,32891
78076001233,15,32909
78081001255,15,32897
78086001246,15,32912
78091001235,15,32909
78096001257,15,32924
78101001247,15,32908
78106001239,15,32917
78111001256,15,32913
78116001249,15,32921
78121001239,15,32907
78126001258,15,32907
78131001248,15,32909
78136001235,15,32909
78141001257,15,32913
78146001252,15,32921
78151001243,15,32917
78156001258,15,32921
78161001251,15,32920
78166001241,15,32913
78171001264,15,32887
78176001252,15,32898
78181001242,15,32906
78186001262,15,32918
78191001252,15,32923
78196001242,15,32930
78201001233,15,32908
78206001252,15,32928
78211001244,15,32932
78216001237,15,32916
78221001256,15,32917
78226001243,15,32919
78231001234,15,32913
78236001254,15,32908
78241001246,15,32897
78246001236,15,32900
78251001257,15,32904
78256001247,15,32902
78261001238,15,32901
78266001259,15,32912
78271001248,15,32915
78276001236,15,32914
78281001262,15,32898
78286001251,15,32919
78291001240,15,32928
78296001259,15,32911
78301001250,15,32918
78306001242,15,32904
78311001262,15,32916
78316001251,15,32920
78321001241,15,32905
78326001262,15,32905
78331001253,15,32924
78336001241,15,32909
78341001261,15,32929
78346001252,15,32919
78351001245,15,32930
78356001234,15,32908
78361001252,15,32928
78366001245,15,32920
78371001233,15,32923
78376001257,15,32916
78381001246,15,32910
78386001235,15,32920
78391001256,15,32925
78396001247,15,32912
78401001235,15,32904
78406001257,15,32923
78411001246,15,32913
78416001235,15,32903
78421001257,15,32915
78426001247,15,32925
78431001235,15,32908
78436001259,15,32904
78441001250,15,32935
78446001240,15,32926
78451001259,15,32919
78456001251,15,32930
78461001241,15,32921
78466001261,15,32919
78471001251,15,32905
78476001240,15,32921
78481001265,15,32924
78486001252,15,32930
78491001243,15,32928
78496001264,15,32941
78501001251,15,32929
78506001244,15,32915
78511001232,15,32936
78516001253,15,32934
78521001243,15,32909
78526001233,15,32909
78531001255,15,32909
78536001246,15,32931
78541001235,15,32915
78546001254,15,32915
78551001247,15,32923
78556001236,15,32941
78561001258,15,32946
78566001247,15,32918
78571001237,15,32931
78576001258,15,32894
78581001248,15,32917
78586001237,15,32919
78591001261,15,32940
78596001248,15,32916
78601001240,15,32934
78606001261,15,32907
78611001252,15,32928
78616001240,15,32919
78621001259,15,32937
78626001252,15,32937
78631001242,15,32940
78636001262,15,32911
78641001253,15,32923
78646001243,15,32932
78651001263,15,32920
78656001253,15,32922
78661001242,15,32926
78666001234,15,32916
78671001254,15,32928
78676001245,15,32945
78681001233,15,32928
78686001253,15,32918
78691001246,15,32922
78696001235,15,32937
78701001256,15,32919
78706001246,15,32936
78711001235,15,32945
78716001255,15,32937
78721001248,15,32969
78726001238,15,32930
78731001257,15,32935
78736001251,15,32930
78741001239,15,32936
78746001257,15,32929
78751001252,15,32943
78756001239,15,32914
78761001258,15,32929
78766001249,15,32955
78771001240,15,32935
78776001260,15,32923
78781001252,15,32920
78786001242,15,32941
78791001260,15,32919
78796001252,15,32936
78801001241,15,32918
78806001262,15,32927
78811001250,15,32927
78816001241,15,32941
78821001236,15,32934
78826001253,15,32928
78831001242,15,32926
78836001235,15,32926
78841001254,15,32936
78846001244,15,32917
78851001234,15,32946
78856001255,15,32937
78861001244,15,32947
78866001238,15,32915
78871001258,15,32941
78876001246,15,32954
78881001238,15,32964
78886001259,15,32938
78891001247,15,32931
78896001235,15,32923
78901001258,15,32938
78906001248,15,32931
78911001237,15,32933
78916001263,15,32944
78921001249,15,32941
78926001238,15,32917
78931001261,15,32928
78936001253,15,32926
78941001240,15,32927
78946001262,15,32934
78951001249,15,32927
78956001245,15,32925
78961001263,15,32941
78966001251,15,32932
78971001243,15,32930
78976001233,15,32944
78981001253,15,32935
78986001242,15,32950
78991001235,15,32910
78996001256,15,32939
79001001244,15,32948
79006001236,15,32924
79011001260,15,32944
79016001246,15,32931
79021001235,15,32922
79026001258,15,32929
79031001247,15,32940
79036001239,15,32941
79041001259,15,32946
79046001250,15,32938
79051001237,15,32937
79056001261,15,32946
79061001249,15,32945
79066001239,15,32962
79071001262,15,32927
79076001247,15,32934
79081001237,15,32941
79086001260,15,32951
79091001251,15,32926
79096001242,15,32937
79101001263,15,32928
79106001251,15,32936
79111001242,15,32938
79116001264,15,32931
79121001253,15,32958
79126001244,15,32948
79131001232,15,32930
79136001251,15,32939
79141001244,15,32928
79146001234,15,32924
79151001253,15,32945
79156001243,15,32947
79161001236,15,32936
79166001254,15,32943
79171001245,15,32949
79176001237,15,32954
79181001256,15,32932
79186001247,15,32952
79191001236,15,32935
79196001255,15,32955
79201001251,15,32943
79206001239,15,32942
79211001258,15,32953
79216001247,15,32931
79221001240,15,32947
79226001261,15,32962
79231001248,15,32955
79236001238,15,32939
79241001263,15,32919
79246001251,15,32934
79251001240,15,32936
79256001264,15,32942
79261001253,15,32938
79266001241,15,32952
79271001263,15,32955
79276001254,15,32945
79281001243,15,32942
79286001234,15,32943
79291001255,15,32947
79296001247,15,32956
79301001236,15,32930
79306001257,15,32956
79311001247,15,32932
79316001231,15,32940
79321001256,15,32933
79326001245,15,32929
79331001236,15,32966
79336001256,15,32941
79341001246,15,32948
79346001238,15,32954
79351001261,15,32936
79356001248,15,32941
79361001238,15,32940
79366001262,15,32952
79371001250,15,32941
79376001240,15,32946
79381001261,15,32955
79386001249,15,32952
79391001238,15,32936
79396001264,15,32954
79401001253,15,32945
79406001242,15,32944
79411001262,15,32933
79416001254,15,32950
79421001239,15,32929
79426001263,15,32953
79431001255,15,32937
79436001243,15,32951
79441001234,15,32933
79446001254,15,32949
79451001246,15,32944
79456001234,15,32961
79461001255,15,32934
79466001245,15,32967
79471001235,15,32944
79476001257,15,32952
79481001247,15,32927
79486001241,15,32948
79491001259,15,32945
79496001248,15,32946
79501001235,15,32951
79506001258,15,32945
79511001245,15,32939
79516001238,15,32944
79521001261,15,32950
79526001248,15,32950
79531001239,15,32958
79536001257,15,32958
79541001251,15,32936
79546001238,15,32930
79551001260,15,32937
79556001248,15,32920
79561001241,15,32961
79566001259,15,32957
79571001253,15,32943
79576001242,15,32959
79581001263,15,32945
79586001250,15,32957
79591001245,15,32950
79596001231,15,32955
79601001253,15,32948
79606001245,15,32952
79611001237,15,32954
79616001254,15,32940
79621001244,15,32945
79626001233,15,32965
79631001255,15,32942
79636001245,15,32962
79641001236,15,32969
79646001257,15,32957
79651001248,15,32939
79656001238,15,32952
79661001257,15,32954
79666001248,15,32966
79671001238,15,32939
79676001259,15,32957
79681001250,15,32933
79686001240,15,32946
79691001259,15,32943
79696001249,15,32949
79701001237,15,32969
79706001263,15,32955
79711001252,15,32949
79716001240,15,32964
79721001263,15,32940
79726001254,15,32956
79731001239,15,32968
79736001262,15,32964
79741001254,15,32918
79746001243,15,32942
79751001237,15,32948
79756001253,15,32962
79761001246,15,32936
79766001231,15,32945
79771001255,15,32946
79776001245,15,32937
79781001235,15,32963
79786001256,15,32958
79791001245,15,32953
79796001236,15,32960
79801001259,15,32945
79806001245,15,32964
79811001236,15,32973
79816001259,15,32968
79821001250,15,32938
79826001240,15,32934
79831001255,15,32958
79836001249,15,32951
79841001241,15,32970
79846001259,15,32946
79851001250,15,32952
79856001241,15,32949
79861001260,15,32959
79866001250,15,32959
79871001243,15,32950
79876001263,15,32950
79881001252,15,32948
79886001245,15,32971
79891001264,15,32964
79896001254,15,32952
79901001243,15,32974
79906001232,15,32938
79911001255,15,32962
79916001244,15,32935
79921001233,15,32949
79926001259,15,32973
79931001244,15,32965
79936001235,15,32966
79941001256,15,32938
79946001242,15,32961
79951001234,15,32978
79956001257,15,32976
79961001246,15,32948
79966001239,15,32957
79971001259,15,32950
79976001248,15,32957
79981001238,15,32953
79986001259,15,32976
79991001247,15,32952
79996001239,15,32974
80001001261,15,32962
80006001250,15,32946
80011001240,15,32955
80016001262,15,32966
80021001253,15,32954
80026001238,15,32955
80031001262,15,32949
80036001248,15,32956
80041001243,15,32971
80046001262,15,32972
80051001255,15,32962
80056001243,15,32957
80061001235,15,32959
80066001255,15,32977
80071001246,15,32960
80076001233,15,32974
80081001254,15,32982
80086001243,15,32960
80091001235,15,32948
80096001258,15,32957
80101001245,15,32964
80106001235,15,32941
80111001259,15,32958
80116001248,15,32972
80121001238,15,32974
80126001257,15,32966
80131001247,15,32949
80136001237,15,32975
80141001258,15,32967
80146001246,15,32952
80151001243,15,32966
80156001258,15,32953
80161001253,15,32981
80166001242,15,32945
80171001261,15,32968
80176001252,15,32955
80181001242,15,32981
80186001263,15,32971
80191001253,15,32961
80196001243,15,32969
80201001264,15,32955
80206001254,15,32953
80211001242,15,32959
80216001235,15,32978
80221001255,15,32978
80226001245,15,32969
80231001232,15,32952
80236001256,15,32987
80241001247,15,32955
80246001233,15,32959
80251001257,15,32963
80256001243,15,32955
80261001238,15,32951
80266001257,15,32981
80271001248,15,32969
80276001236,15,32956
80281001257,15,32974
80286001248,15,32958
80291001238,15,32958
80296001257,15,32968
80301001245,15,32964
80306001240,15,32969
80311001260,15,32976
80316001250,15,32965
80321001240,15,32962
80326001258,15,32976
80331001250,15,32970
80336001243,15,32977
80341001262,15,32963
80346001250,15,32976
80351001242,15,32961
80356001264,15,32988
80361001253,15,32958
80366001243,15,32962
80371001234,15,32969
80376001254,15,32981
80381001245,15,32969
80386001234,15,32978
80391001257,15,32975
80396001245,15,32964
80401001235,15,32962
80406001257,15,32957
80411001245,15,32972
80416001237,15,32992
80421001257,15,32956
80426001247,15,32985
80431001236,15,32962
80436001259,15,32986
80441001250,15,32973
80446001239,15,32990
80451001257,15,32970
80456001249,15,32961
80461001239,15,32979
80466001261,15,32982
80471001248,15,32978
80476001240,15,32981
80481001262,15,32988
80486001251,15,32979
80491001240,15,32979
80496001261,15,32972
80501001251,15,32975
80506001241,15,32985
80511001263,15,32976
80516001254,15,33004
80521001242,15,32966
80526001233,15,32974
80531001255,15,32991
80536001244,15,32968
80541001231,15,32976
80546001256,15,32967
80551001244,15,32968
80556001235,15,32970
80561001257,15,32971
80566001246,15,32986
80571001236,15,32967
80576001255,15,32987
80581001247,15,32975
80586001237,15,32979
80591001258,15,32970
80596001247,15,32970
80601001241,15,32977
80606001257,15,32979
80611001250,15,33000
80616001241,15,32979
80621001259,15,32973
80626001248,15,32985
80631001242,15,32990
80636001260,15,32986
80641001251,15,32976
80646001239,15,32975
80651001263,15,32975
80656001251,15,32970
80661001243,15,32994
80666001261,15,33004
80671001254,15,32964
80676001244,15,32991
80681001233,15,32984
80686001253,15,32984
80691001244,15,32984
80696001234,15,32971
80701001254,15,32973
80706001246,15,32983
80711001233,15,32980
80716001256,15,32990
80721001247,15,32951
80726001235,15,32970
80731001255,15,32981
80736001249,15,32978
80741001237,15,32976
80746001254,15,32975
80751001247,15,32994
80756001239,15,32991
80761001259,15,32969
80766001251,15,32979
80771001237,15,32976
80776001260,15,32964
80781001251,15,32970
80786001240,15,32973
80791001262,15,32967
80796001253,15,32992
80801001242,15,32956
80806001262,15,32963
80811001253,15,32983
80816001243,15,32988
80821001262,15,32986
80826001256,15,32991
80831001240,15,32978
80836001234,15,32964
80841001253,15,32986
80846001243,15,32979
80851001234,15,32973
80856001255,15,32980
80861001246,15,32987
80866001236,15,32981
80871001258,15,32988
80876001245,15,32991
80881001238,15,32961
80886001258,15,32971
80891001246,15,32983
80896001238,15,32979
80901001260,15,32957
80906001248,15,32984
80911001238,15,32998
80916001259,15,32981
80921001251,15,32991
80926001240,15,32990
80931001262,15,32992
80936001251,15,32977
80941001240,15,32977
80946001260,15,32984
80951001248,15,32979
80956001242,15,32970
80961001262,15,32977
80966001254,15,32986
80971001243,15,32980
80976001264,15,32970
80981001253,15,32974
80986001241,15,32970
80991001234,15,32984
80996001254,15,33005
81001001244,15,32992
81006001236,15,32980
81011001254,15,32976
81016001243,15,32983
81021001235,15,33009
81026001256,15,32997
81031001246,15,32974
81036001237,15,32990
81041001256,15,32979
81046001245,15,32991
81051001239,15,32987
81056001258,15,32999
81061001249,15,32994
81066001239,15,33009
81071001260,15,32987
81076001249,15,33003
81081001241,15,32978
81086001262,15,33011
81091001247,15,32969
81096001240,15,32987
81101001261,15,32989
81106001252,15,33015
81111001244,15,33012
81116001262,15,32986
81121001251,15,32994
81126001243,15,33002
81131001261,15,32991
81136001254,15,32987
81141001245,15,33007
81146001233,15,32995
81151001254,15,33003
81156001244,15,32996
81161001234,15,33008
81166001256,15,32988
81171001245,15,32993
81176001235,15,32968
81181001254,15,32997
81186001247,15,33012
81191001235,15,32986
81196001259,15,32999
81201001247,15,33005
81206001235,15,33017
81211001257,15,33018
81216001250,15,32994
81221001237,15,32993
81226001260,15,32977
81231001247,15,33010
81236001237,15,32997
81241001261,15,32998
81246001251,15,32969
81251001243,15,33007
81256001262,15,33013
81261001252,15,33001
81266001242,15,32974
81271001260,15,33002
81276001253,15,32999
81281001241,15,32995
81286001264,15,32977
81291001250,15,32985
81296001243,15,32994
81301001234,15,33003
81306001257,15,32998
81311001243,15,32976
81316001232,15,32990
81321001253,15,32987
81326001245,15,33001
81331001236,15,32980
81336001256,15,32994
81341001244,15,33003
81346001236,15,33015
81351001255,15,33004
81356001247,15,32999
81361001235,15,33013
81366001257,15,32990
81371001251,15,32990
81376001238,15,33005
81381001258,15,32996
81386001252,15,32989
81391001240,15,32998
81396001260,15,33010
81401001247,15,32998
81406001237,15,33004
81411001259,15,33003
81416001252,15,33011
81421001240,15,32995
81426001262,15,32990
81431001252,15,33023
81436001242,15,33011
81441001262,15,32971
81446001254,15,33023
81451001244,15,33013
81456001233,15,32995
81461001255,15,32998
81466001245,15,33009
81471001231,15,33009
81476001256,15,33013
81481001244,15,32997
81486001235,15,32993
81491001257,15,33006
81496001248,15,33001
81501001236,15,33000
81506001259,15,33005
81511001249,15,33014
81516001235,15,33017
81521001258,15,32996
81526001246,15,33013
81531001239,15,33017
81536001257,15,32990
81541001250,15,33020
81546001236,15,32994
81551001261,15,33002
81556001250,15,33010
81561001240,15,33022
81566001260,15,33002
81571001252,15,33005
81576001242,15,32981
81581001264,15,33003
81586001251,15,33001
81591001242,15,32985
81596001262,15,32997
81601001254,15,32995
81606001242,15,32998
81611001232,15,33001
81616001254,15,33011
81621001242,15,33020
81626001236,15,33012
81631001255,15,33017
81636001245,15,33009
81641001234,15,33015
81646001255,15,33029
81651001246,15,33009
81656001234,15,33007
81661001258,15,33016
81666001245,15,33009
81671001239,15,33003
81676001258,15,33008
81681001248,15,33017
81686001238,15,33005
81691001256,15,33011
81696001250,15,32998
81701001239,15,33027
81706001261,15,33010
81711001252,15,32999
81716001241,15,33006
81721001264,15,33016
81726001252,15,32996
81731001243,15,33014
81736001264,15,33005
81741001252,15,33003
81746001240,15,33008
81751001262,15,33013
81756001251,15,33001
81761001242,15,33012
81766001235,15,33016
81771001254,15,33018
81776001241,15,33004
81781001234,15,32998
81786001257,15,33015
81791001246,15,33011
81796001234,15,33015
81801001259,15,33007
81806001247,15,33003
81811001235,15,33002
81816001256,15,33015
81821001246,15,33011
81826001235,15,33010
81831001258,15,32995
81836001247,15,32998
81841001240,15,33005
81846001257,15,33021
81851001250,15,33004
81856001239,15,33015
81861001258,15,32998
81866001252,15,33019
81871001240,15,33016
81876001260,15,33035
81881001252,15,32995
81886001241,15,33009
81891001260,15,33033
81896001252,15,33013
81901001240,15,32987
81906001262,15,33028
81911001254,15,33005
81916001241,15,33021
81921001231,15,33026
81926001255,15,33004
81931001245,15,33020
81936001233,15,33012
81941001255,15,33001
81946001246,15,33018
81951001236,15,33007
81956001256,15,33017
81961001246,15,33000
81966001236,15,33010
81971001255,15,33032
81976001247,15,33021
81981001237,15,33013
81986001257,15,33017
81991001247,15,33012
81996001238,15,33020
82001001259,15,33007
82006001249,15,33024
82011001240,15,33010
82016001262,15,33023
82021001254,15,33033
82026001239,15,33008
82031001261,15,33021
82036001246,15,33025
82041001241,15,33010
82046001263,15,33012
82051001250,15,33007
82056001240,15,33027
82061001264,15,33012
82066001252,15,33030
82071001244,15,32996
82076001234,15,33013
82081001252,15,33021
82086001243,15,33011
82091001234,15,33020
82096001256,15,33005
82101001246,15,33014
82106001234,15,33009
82111001257,15,33024
82116001245,15,33023
82121001235,15,33001
82126001257,15,33021
82131001247,15,33002
82136001238,15,33014
82141001257,15,33007
82146001251,15,33013
82151001239,15,33006
82156001262,15,33011
82161001248,15,33014
82166001238,15,33022
82171001260,15,33010
82176001251,15,33012
82181001240,15,33009
82186001260,15,33025
82191001251,15,33003
82196001242,15,33021
82201001263,15,33025
82206001253,15,33008
82211001245,15,32999
82216001264,15,33023
82221001254,15,33019
82226001241,15,33013
82231001232,15,33029
82236001250,15,33003
82241001244,15,33024
82246001232,15,32979
82251001254,15,33009
82256001247,15,33010
82261001239,15,33026
82266001255,15,33029
82271001247,15,33008
82276001234,15,33010
82281001255,15,33028
82286001245,15,33011
82291001234,15,33008
82296001260,15,32994
82301001250,15,33016
82306001237,15,33025
82311001260,15,33013
82316001251,15,33025
82321001233,15,33024
82326001263,15,33011
82331001250,15,33009
82336001239,15,33002
82341001261,15,33023
82346001252,15,33020
82351001243,15,33022
82356001261,15,33021
82361001251,15,33009
82366001243,15,33019
82371001262,15,33014
82376001255,15,33020
82381001242,15,33035
82386001232,15,33033
82391001255,15,33012
82396001245,15,33016
82401001234,15,33029
82406001257,15,33022
82411001246,15,33012
82416001236,15,33032
82421001255,15,33027
82426001247,15,33023
82431001237,15,33009
82436001256,15,33005
82441001246,15,33023
82446001238,15,33005
82451001256,15,33020
82456001249,15,33021
82461001238,15,33014
82466001258,15,32993
82471001247,15,33019
82476001239,15,33019
82481001256,15,33022
82486001252,15,33008
82491001242,15,32999
82496001262,15,33029
82501001249,15,33036
82506001243,15,33035
82511001263,15,33021
82516001250,15,33028
82521001244,15,33015
82526001263,15,33034
82531001253,15,33034
82536001244,15,33019
82541001232,15,33024
82546001254,15,33021
82551001243,15,33005
82556001233,15,33031
82561001256,15,33018
82566001246,15,33014
82571001238,15,33018
82576002186,15,33017
82581002206,15,33015
82586002197,15,33028
82591002187,15,33027
82596002209,15,33025
82601002199,15,33011
82606002189,15,33013
82611002209,15,33014
82616002197,15,33024
82621002188,15,33024
82626002210,15,33024
82631002201,15,33043
82636002191,15,33027
82641002210,15,33028
82646002201,15,33022
82651002189,15,33024
82656002210,15,33027
82661002201,15,33043
82666002192,15,33012
82671002211,15,33018
82676002204,15,33031
82681002197,15,33011
82686002211,15,33031
82691002203,15,33028
82696002194,15,33043
82701002215,15,32999
82706002205,15,33030
82711002195,15,33033
82716002217,15,33022
82721002207,15,33041
82726002199,15,33033
82731002186,15,33034
82736002208,15,33035
82741002198,15,33019
82746002188,15,33010
82751002209,15,33007
82756002199,15,33025
82761002187,15,33028
82766002209,15,33029
82771002201,15,33032
82776002189,15,33029
82781002210,15,33032
82786002200,15,33031
82791002188,15,33023
82796002212,15,33033
82801002199,15,33036
82806002190,15,33023
82811002211,15,33047
82816002203,15,33029
82821002193,15,33039
82826002212,15,33012
82831002204,15,33002
82836002196,15,33026
82841002211,15,33038
82846002204,15,33028
82851002195,15,33016
82856002215,15,33018
82861002207,15,33031
82866002195,15,33027
82871002216,15,33041
82876002207,15,33034
82881002193,15,33035
82886002189,15,33025
82891002208,15,33043
82896002197,15,33022
82901002188,15,33041
82906002209,15,33027
82911002195,15,33044
82916002192,15,33029
82921002210,15,33023
82926002199,15,33036
82931002190,15,33025
82936002212,15,33025
82941002201,15,33023
82946002189,15,33004
82951002213,15,33045
82956002201,15,33023
82961002191,15,33040
82966002214,15,33027
82971002201,15,33023
82976002190,15,33013
82981002213,15,33046
82986002206,15,33018
82991002196,15,33030
82996002213,15,33051
83001002205,15,33004
83006002192,15,33042
83011002215,15,33037
83016002204,15,33028
83021002197,15,33025
83026002218,15,33019
83031002207,15,33026
83036002195,15,33014
83041002187,15,32997
83046002207,15,33028
83051002196,15,33046
83056002186,15,33027
83061002207,15,33035
83066002196,15,33025
83071002188,15,33026
83076002208,15,33043
83081002199,15,33044
83086002188,15,33002
83091002209,15,33033
83096002199,15,33019
83101002191,15,33024
83106002210,15,33042
83111002201,15,33024
83116002189,15,33028
83121002212,15,33044
83126002201,15,33038
83131002192,15,33032
83136002213,15,33030
83141002203,15,33031
83146002192,15,33020
83151002214,15,33035
83156002204,15,33048
83161002197,15,33030
83166002212,15,33039
83171002205,15,33058
83176002196,15,33052
83181002216,15,33059
83186002205,15,33047
83191002195,15,33025
83196002189,15,33042
83201002206,15,33043
83206002197,15,33027
83211002188,15,33023
83216002209,15,33053
83221002194,15,33033
83226002188,15,33047
83231002209,15,33039
83236002201,15,33029
83241002188,15,33043
83246002210,15,33039
83251002200,15,33032
83256002188,15,33049
83261002211,15,33015
83266002201,15,33032
83271002192,15,33048
83276002207,15,33045
83281002200,15,33029
83286002192,15,33019
83291002212,15,33034
83296002204,15,33052
83301002194,15,33028
83306002212,15,33047
83311002204,15,33032
83316002195,15,33023
83321002214,15,33041
83326002207,15,33045
83331002196,15,33010
83336002215,15,33040
83341002208,15,33034
83346002194,15,33036
83351002186,15,33049
83356002206,15,33033
83361002198,15,33047
83366002189,15,33050
83371002210,15,33072
83376002196,15,33063
83381002187,15,33038
83386002208,15,33040
83391002199,15,33045
83396002189,15,33008
83401002209,15,33022
83406002199,15,33034
83411002191,15,33042
83416002208,15,33035
83421002201,15,33034
83426002192,15,33040
83431002213,15,33026
83436002200,15,33044
83441002190,15,33040
83446002215,15,33047
83451002204,15,33037
83456002194,15,33048
83461002213,15,33048
83466002204,15,33055
83471002193,15,33049
83476002217,15,33048
83481002205,15,33040
83486002195,15,33045
83491002212,15,33034
83496002206,15,33036
83501002195,15,33050
83506002185,15,33042
83511002209,15,33045
83516002195,15,33044
83521002186,15,33047
83526002209,15,33046
83531002195,15,33032
83536002187,15,33055
83541002207,15,33038
83546002198,15,33042
83551002188,15,33043
83556002211,15,33035
83561002199,15,33046
83566002190,15,33047
83571002211,15,33040
83576002203,15,33060
83581002190,15,33046
83586002211,15,33049
83591002203,15,33063
83596002191,15,33038
83601002212,15,33045
83606002203,15,33047
83611002194,15,33028
83616002213,15,33033
83621002203,15,33038
83626002194,15,33059
83631002216,15,33035
83636002204,15,33037
83641002194,15,33047
83646002218,15,33047
83651002205,15,33030
83656002194,15,33037
83661002185,15,33031
83666002207,15,33040
83671002198,15,33039
83676002184,15,33029
83681002207,15,33051
83686002200,15,33052
83691002190,15,33043
83696002209,15,33060
83701002201,15,33052
83706002187,15,33053
83711002211,15,33051
83716002201,15,33052
83721002195,15,33072
83726002213,15,33036
83731002203,15,33049
83736002193,15,33045
83741002211,15,33044
83746002202,15,33046
83751002193,15,33038
83756002212,15,33059
83761002202,15,33034
83766002193,15,33065
83771002211,15,33033
83776002207,15,33052
83781002194,15,33059
83786002214,15,33064
83791002203,15,33070
83796002193,15,33061
83801002218,15,33062
83806002204,15,33052
83811002197,15,33043
83816002187,15,33070
83821002206,15,33061
83826002198,15,33044
83831002186,15,33060
83836002208,15,33055
83841002199,15,33039
83846002186,15,33061
83851002208,15,33040
83856002198,15,33049
83861002191,15,33039
83866002209,15,33047
83871002199,15,33030
83876002189,15,33057
83881002211,15,33066
83886002201,15,33056
83891002194,15,33050
83896002211,15,33037
83901002200,15,33033
83906002191,15,33072
83911002213,15,33037
83916002202,15,33041
83921002193,15,33062
83926002214,15,33054
83931002204,15,33059
83936002194,15,33061
83941002216,15,33019
83946002204,15,33042
83951002194,15,33050
83956002217,15,33046
83961002204,15,33064
83966002195,15,33043
83971002187,15,33041
83976002209,15,33039
83981002197,15,33070
83986002188,15,33067
83991002205,15,33044
83996002199,15,33041
84001002188,15,33055
84006002207,15,33035
84011002200,15,33060
84016002189,15,33069
84021002210,15,33064
84026002202,15,33066
84031002192,15,33060
84036002213,15,33055
84041002199,15,33048
84046002191,15,33080
84051002210,15,33047
84056002202,15,33033
84061002193,15,33062
84066002215,15,33062
84071002205,15,33050
84076002195,15,33073
84081002212,15,33054
84086002203,15,33059
84091002194,15,33072
84096002215,15,33072
84101002204,15,33082
84106002196,15,33058
84111002217,15,33047
84116002207,15,33061
84121002195,15,33065
84126002188,15,33064
84131002205,15,33072
84136002198,15,33053
84141002187,15,33065
84146002208,15,33065
84151002197,15,33058
84156002189,15,33058
84161002207,15,33054
84166002197,15,33072
84171002190,15,33056
84176002209,15,33058
84181002201,15,33060
84186002190,15,33077
84191002210,15,33056
84196002202,15,33063
84201002193,15,33049
84206002212,15,33060
84211002202,15,33064
84216002190,15,33046
84221002213,15,33063
84226002204,15,33063
84231002196,15,33061
84236002214,15,33048
84241002204,15,33066
84246002191,15,33052
84251002213,15,33067
84256002205,15,33079
84261002194,15,33069
84266002216,15,33059
84271002207,15,33054
84276002195,15,33066
84281002187,15,33075
84286002206,15,33068
84291002201,15,33068
84296002185,15,33066
84301002207,15,33071
84306002199,15,33073
84311002188,15,33060
84316002206,15,33064
84321002196,15,33059
84326002190,15,33064
84331002211,15,33067
84336002200,15,33051
84341002191,15,33061
84346002212,15,33066
84351002201,15,33052
84356002190,15,33063
84361002214,15,33066
84366002200,15,33047
84371002193,15,33059
84376002212,15,33056
84381002203,15,33074
84386002192,15,33071
84391002214,15,33044
84396002204,15,33058
84401002195,15,33077
84406002217,15,33081
84411002205,15,33083
84416002195,15,33067
84421002216,15,33044
84426002206,15,33057
84431002197,15,33067
84436002185,15,33064
84441002209,15,33067
84446002198,15,33072
84451002189,15,33062
84456002208,15,33074
84461002201,15,33072
84466002189,15,33058
84471002209,15,33062
84476002200,15,33065
84481002188,15,33073
84486002210,15,33077
84491002199,15,33067
84496002189,15,33058
84501002213,15,33060
84506002201,15,33074
84511002187,15,33046
84516002213,15,33070
84521002202,15,33088
84526002193,15,33081
84531002211,15,33070
84536002203,15,33061
84541002191,15,33057
84546002215,15,33067
84551002203,15,33066
84556002194,15,33077
84561002216,15,33066
84566002204,15,33079
84571002193,15,33069
84576002214,15,33091
84581002206,15,33060
84586002197,15,33061
84591002183,15,33084
84596002209,15,33053
84601002197,15,33059
84606002187,15,33051
84611002206,15,33071
84616002200,15,33062
84621002192,15,33089
84626002210,15,33077
84631002200,15,33071
84636002188,15,33089
84641002211,15,33069
84646002199,15,33057
84651002191,15,33063
84656002211,15,33066
84661002199,15,33084
84666002190,15,33072
84671002213,15,33071
84676002201,15,33072
84681002193,15,33078
84686002213,15,33052
84691002202,15,33075
84696002196,15,33073
84701002214,15,33082
84706002206,15,33096
84711002193,15,33080
84716002214,15,33068
84721002204,15,33064
84726002195,15,33065
84731002216,15,33057
84736002205,15,33070
84741002196,15,33083
84746002185,15,33074
84751002206,15,33039
84756002196,15,33062
84761002187,15,33081
84766002205,15,33060
84771002198,15,33079
84776002187,15,33074
84781002209,15,33066
84786002200,15,33074
84791002189,15,33074
84796002208,15,33071
84801002198,15,33070
84806002192,15,33066
84811002213,15,33075
84816002198,15,33070
84821002189,15,33065
84826002212,15,33091
84831002202,15,33062
84836002194,15,33076
84841002213,15,33070
84846002205,15,33074
84851002192,15,33077
84856002214,15,33084
84861002204,15,33090
84866002193,15,33071
84871002215,15,33066
84876002206,15,33092
84881002196,15,33055
84886002216,15,33079
84891002206,15,33092
84896002197,15,33090
84901002185,15,33068
84906002209,15,33066
84911002197,15,33062
84916002187,15,33060
84921002208,15,33083
84926002198,15,33074
84931002187,15,33078
84936002208,15,33072
84941002198,15,33074
84946002189,15,33074
84951002210,15,33079
84956002201,15,33087
84961002188,15,33063
84966002210,15,33088
84971002202,15,33065
84976002191,15,33084
84981002212,15,33059
84986002202,15,33063
84991002194,15,33067
84996002212,15,33071
85001002203,15,33068
85006002193,15,33072
85011002215,15,33069
85016002201,15,33069
85021002195,15,33081
85026002216,15,33090
85031002205,15,33066
85036002195,15,33070
85041002219,15,33073
85046002206,15,33068
85051002195,15,33071
85056002185,15,33067
85061002208,15,33083
85066002200,15,33075
85071002186,15,33083
85076002208,15,33044
85081002198,15,33081
85086002187,15,33081
85091002212,15,33081
85096002196,15,33086
85101002190,15,33079
85106002209,15,33082
85111002201,15,33080
85116002190,15,33081
85121002212,15,33076
85126002201,15,33079
85131002190,15,33073
85136002212,15,33072
85141002201,15,33074
85146002191,15,33080
85151002214,15,33067
85156002202,15,33092
85161002194,15,33060
85166002214,15,33081
85171002203,15,33077
85176002193,15,33101
85181002214,15,33075
85186002203,15,33092
85191002195,15,33073
85196002214,15,33061
85201002207,15,33078
85206002196,15,33086
85211002185,15,33082
85216002210,15,33093
85221002197,15,33079
85226002187,15,33080
85231002209,15,33076
85236002196,15,33078
85241002188,15,33093
85246002211,15,33065
85251002195,15,33079
85256002187,15,33076
85261002209,15,33083
85266002199,15,33076
85271002186,15,33086
85276002210,15,33079
85281002201,15,33069
85286002189,15,33072
85291002211,15,33083
85296002204,15,33076
85301002194,15,33065
85306002213,15,33087
85311002203,15,33088
85316002193,15,33086
85321002215,15,33084
85326002202,15,33076
85331002197,15,33062
85336002215,15,33077
85341002205,15,33075
85346002196,15,33119
85351002216,15,33107
85356002207,15,33080
85361002197,15,33104
85366002186,15,33084
85371002208,15,33059
85376002197,15,33072
85381002187,15,33112
85386002208,15,33086
85391002196,15,33063
85396002188,15,33091
85401002211,15,33088
85406002201,15,33101
85411002188,15,33096
85416002209,15,33091
85421002200,15,33076
85426002189,15,33054
85431002211,15,33076
85436002201,15,33085
85441002189,15,33094
85446002210,15,33086
85451002202,15,33074
85456002193,15,33085
85461002212,15,33086
85466002202,15,33095
85471002190,15,33072
85476002214,15,33091
85481002204,15,33076
85486002195,15,33073
85491002215,15,33097
85496002203,15,33086
85501002195,15,33100
85506002219,15,33096
85511002207,15,33085
85516002194,15,33093
85521002185,15,33072
85526002208,15,33093
85531002199,15,33098
85536002188,15,33080
85541002207,15,33077
85546002198,15,33096
85551002187,15,33087
85556002210,15,33099
85561002198,15,33073
85566002188,15,33101
85571002211,15,33086
85576002200,15,33087
85581002191,15,33078
85586002210,15,33090
85591002201,15,33075
85596002190,15,33092
85601002214,15,33075
85606002202,15,33088
85611002192,15,33098
85616002214,15,33100
85621002203,15,33077
85626002194,15,33101
85631002215,15,33084
85636002202,15,33073
85641002191,15,33091
85646002219,15,33110
85651002207,15,33074
85656002194,15,33086
85661002217,15,33115
85666002205,15,33085
85671002198,15,33073
85676002188,15,33094
85681002208,15,33086
85686002194,15,33080
85691002188,15,33074
85696002207,15,33084
85701002199,15,33084
85706002185,15,33077
85711002210,15,33092
85716002202,15,33110
85721002189,15,33075
85726002210,15,33096
85731002198,15,33096
85736002192,15,33088
85741002212,15,33086
85746002202,15,33092
85751002193,15,33092
85756002211,15,33097
85761002206,15,33089
85766002191,15,33083
85771002213,15,33106
85776002204,15,33074
85781002192,15,33083
85786002213,15,33075
85791002202,15,33092
85796002194,15,33106
85801002215,15,33108
85806002207,15,33081
85811002194,15,33089
85816002215,15,33092
85821002207,15,33098
85826002196,15,33081
85831002187,15,33087
85836002209,15,33088
85841002197,15,33099
85846002186,15,33087
85851002208,15,33083
85856002199,15,33099
85861002189,15,33095
85866002208,15,33064
85871002199,15,33095
85876002191,15,33077
85881002210,15,33088
85886002200,15,33088
85891002189,15,33086
85896002211,15,33099
85901002199,15,33091
85906002192,15,33103
85911002213,15,33095
85916002203,15,33103
85921002194,15,33089
85926002213,15,33084
85931002202,15,33109
85936002195,15,33092
85941002212,15,33101
85946002205,15,33087
85951002194,15,33092
85956002218,15,33072
85961002205,15,33096
85966002196,15,33080
85971002217,15,33111
85976002207,15,33108
85981002194,15,33090
85986002187,15,33094
85991002208,15,33088
85996002196,15,33066
86001002187,15,33105
86006002206,15,33074
86011002197,15,33086
86016002186,15,33114
86021002211,15,33105
86026002199,15,33101
86031002191,15,33087
86036002211,15,33091
86041002200,15,33108
86046002190,15,33110
86051002210,15,33098
86056002202,15,33103
86061002191,15,33096
86066002212,15,33114
86071002202,15,33091
86076002193,15,33096
86081002215,15,33110
86086002204,15,33098
86091002192,15,33110
86096002215,15,33117
86101002203,15,33107
86106002198,15,33090
86111002215,15,33088
86116002204,15,33107
86121002197,15,33093
86126002218,15,33116
86131002208,15,33095
86136002198,15,33095
86141002185,15,33075
86146002205,15,33072
86151002198,15,33093
86156002188,15,33104
86161002208,15,33085
86166002197,15,33104
86171002190,15,33098
86176002208,15,33094
86181002198,15,33110
86186002189,15,33098
86191002208,15,33070
86196002200,15,33107
86201002187,15,33095
86206002209,15,33097
86211002203,15,33078
86216002192,15,33077
86221002212,15,33114
86226002202,15,33097
86231002191,15,33123
86236002211,15,33115
86241002203,15,33096
86246002194,15,33107
86251002213,15,33103
86256002204,15,33108
86261002195,15,33098
86266002216,15,33099
86271002206,15,33092
86276002195,15,33111
86281002214,15,33111
86286002207,15,33114
86291002198,15,33096
86296002185,15,33089
86301002206,15,33091
86306002197,15,33099
86311002186,15,33111
86316002209,15,33095
86321002198,15,33092
86326002187,15,33106
86331002210,15,33125
86336002201,15,33109
86341002188,15,33108
86346002209,15,33115
86351002200,15,33103
86356002188,15,33121
86361002213,15,33099
86366002201,15,33121
86371002190,15,33103
86376002210,15,33101
86381002201,15,33112
86386002193,15,33108
86391002211,15,33093
86396002202,15,33101
